scope,model,context,device,hbm_scale,batch,weight_bytes,kv_bytes,flops,memory_ps,compute_ps,tpot_ps,rational_floor_ps,serial_ceiling_ps,bound
sweep,dense7b-tp1,1,a100,0.5,1,15009316864,131072,15009316864,14722361879,48106784,14722361879,14722361879,14770468665,memory
sweep,dense7b-tp1,1,a100,0.5,2,15009316864,262144,30018633728,14722490444,96213569,14722490444,14722490444,14818704014,memory
sweep,dense7b-tp1,1,a100,0.5,4,15009316864,524288,60037267456,14722747574,192427139,14722747574,14722747574,14915174714,memory
sweep,dense7b-tp1,1,a100,0.5,8,15009316864,1048576,120074534912,14723261834,384854278,14723261834,14723261834,15108116113,memory
sweep,dense7b-tp1,1,a100,0.5,16,15009316864,2097152,240149069824,14724290354,769708557,14724290354,14724290354,15493998912,memory
sweep,dense7b-tp1,1,a100,0.5,32,15009316864,4194304,480298139648,14726347393,1539417114,14726347393,14726347393,16265764509,memory
sweep,dense7b-tp1,1,a100,0.5,64,15009316864,8388608,960596279296,14730461473,3078834228,14730461473,14730461473,17809295702,memory
sweep,dense7b-tp1,1,a100,0.5,128,15009316864,16777216,1921192558592,14738689632,6157668457,14738689632,14738689632,20896358090,memory
sweep,dense7b-tp1,1,a100,0.5,256,15009316864,33554432,3842385117184,14755145949,12315336914,14755145949,14755145949,27070482865,memory
knee,dense7b-tp1,1,a100,0.5,306,15009316864,40108032,4592850960384,14761574199,14720676155,14761574199,14761574199,29482250355,memory
knee,dense7b-tp1,1,a100,0.5,307,15009316864,40239104,4607860277248,14761702764,14768782939,14768782939,14768782939,29530485704,compute
sweep,dense7b-tp1,1,a100,1,1,15009316864,131072,15009316864,7361180939,48106784,7361180939,7361180939,7409287725,memory
sweep,dense7b-tp1,1,a100,1,2,15009316864,262144,30018633728,7361245222,96213569,7361245222,7361245222,7457458792,memory
sweep,dense7b-tp1,1,a100,1,4,15009316864,524288,60037267456,7361373787,192427139,7361373787,7361373787,7553800927,memory
sweep,dense7b-tp1,1,a100,1,8,15009316864,1048576,120074534912,7361630917,384854278,7361630917,7361630917,7746485196,memory
sweep,dense7b-tp1,1,a100,1,16,15009316864,2097152,240149069824,7362145177,769708557,7362145177,7362145177,8131853735,memory
sweep,dense7b-tp1,1,a100,1,32,15009316864,4194304,480298139648,7363173696,1539417114,7363173696,7363173696,8902590812,memory
sweep,dense7b-tp1,1,a100,1,64,15009316864,8388608,960596279296,7365230736,3078834228,7365230736,7365230736,10444064966,memory
sweep,dense7b-tp1,1,a100,1,128,15009316864,16777216,1921192558592,7369344816,6157668457,7369344816,7369344816,13527013274,memory
knee,dense7b-tp1,1,a100,1,153,15009316864,20054016,2296425480192,7370951878,7360338077,7370951878,7370951878,14731289956,memory
knee,dense7b-tp1,1,a100,1,154,15009316864,20185088,2311434797056,7371016160,7408444862,7408444862,7408444862,14779461024,compute
sweep,dense7b-tp1,1,a100,1,256,15009316864,33554432,3842385117184,7377572974,12315336914,12315336914,12315336914,19692909890,compute
sweep,dense7b-tp1,1,a100,2,1,15009316864,131072,15009316864,3680590469,48106784,3680590469,3680590469,3728697255,memory
sweep,dense7b-tp1,1,a100,2,2,15009316864,262144,30018633728,3680622611,96213569,3680622611,3680622611,3776836181,memory
sweep,dense7b-tp1,1,a100,2,4,15009316864,524288,60037267456,3680686893,192427139,3680686893,3680686893,3873114033,memory
sweep,dense7b-tp1,1,a100,2,8,15009316864,1048576,120074534912,3680815458,384854278,3680815458,3680815458,4065669738,memory
sweep,dense7b-tp1,1,a100,2,16,15009316864,2097152,240149069824,3681072588,769708557,3681072588,3681072588,4450781146,memory
sweep,dense7b-tp1,1,a100,2,32,15009316864,4194304,480298139648,3681586848,1539417114,3681586848,3681586848,5221003963,memory
sweep,dense7b-tp1,1,a100,2,64,15009316864,8388608,960596279296,3682615368,3078834228,3682615368,3682615368,6761449597,memory
knee,dense7b-tp1,1,a100,2,76,15009316864,9961472,1140708081664,3683001063,3656115646,3683001063,3683001063,7339116710,memory
knee,dense7b-tp1,1,a100,2,77,15009316864,10092544,1155717398528,3683033204,3704222431,3704222431,3704222431,7387255636,compute
sweep,dense7b-tp1,1,a100,2,128,15009316864,16777216,1921192558592,3684672408,6157668457,6157668457,6157668457,9842340866,compute
sweep,dense7b-tp1,1,a100,2,256,15009316864,33554432,3842385117184,3688786487,12315336914,12315336914,12315336914,16004123402,compute
sweep,dense7b-tp1,1,h100,0.5,1,15009316864,131072,15009316864,8960864439,15168587,8960864439,8960864439,8976033027,memory
sweep,dense7b-tp1,1,h100,0.5,2,15009316864,262144,30018633728,8960942691,30337174,8960942691,8960942691,8991279866,memory
sweep,dense7b-tp1,1,h100,0.5,4,15009316864,524288,60037267456,8961099195,60674348,8961099195,8961099195,9021773544,memory
sweep,dense7b-tp1,1,h100,0.5,8,15009316864,1048576,120074534912,8961412202,121348696,8961412202,8961412202,9082760900,memory
sweep,dense7b-tp1,1,h100,0.5,16,15009316864,2097152,240149069824,8962038218,242697392,8962038218,8962038218,9204735611,memory
sweep,dense7b-tp1,1,h100,0.5,32,15009316864,4194304,480298139648,8963290249,485394784,8963290249,8963290249,9448685035,memory
sweep,dense7b-tp1,1,h100,0.5,64,15009316864,8388608,960596279296,8965794311,970789569,8965794311,8965794311,9936583882,memory
sweep,dense7b-tp1,1,h100,0.5,128,15009316864,16777216,1921192558592,8970802435,1941579139,8970802435,8970802435,10912381576,memory
sweep,dense7b-tp1,1,h100,0.5,256,15009316864,33554432,3842385117184,8980818684,3883158279,8980818684,8980818684,12863976964,memory
knee,dense7b-tp1,1,h100,0.5,593,15009316864,77725696,8900524900352,9007189588,8994972107,9007189588,9007189588,18002161696,memory
knee,dense7b-tp1,1,h100,0.5,594,15009316864,77856768,8915534217216,9007267840,9010140694,9010140694,9010140694,18017408535,compute
sweep,dense7b-tp1,1,h100,1,1,15009316864,131072,15009316864,4480432219,15168587,4480432219,4480432219,4495600807,memory
sweep,dense7b-tp1,1,h100,1,2,15009316864,262144,30018633728,4480471345,30337174,4480471345,4480471345,4510808520,memory
sweep,dense7b-tp1,1,h100,1,4,15009316864,524288,60037267456,4480549597,60674348,4480549597,4480549597,4541223946,memory
sweep,dense7b-tp1,1,h100,1,8,15009316864,1048576,120074534912,4480706101,121348696,4480706101,4480706101,4602054798,memory
sweep,dense7b-tp1,1,h100,1,16,15009316864,2097152,240149069824,4481019109,242697392,4481019109,4481019109,4723716502,memory
sweep,dense7b-tp1,1,h100,1,32,15009316864,4194304,480298139648,4481645124,485394784,4481645124,4481645124,4967039910,memory
sweep,dense7b-tp1,1,h100,1,64,15009316864,8388608,960596279296,4482897155,970789569,4482897155,4482897155,5453686726,memory
sweep,dense7b-tp1,1,h100,1,128,15009316864,16777216,1921192558592,4485401217,1941579139,4485401217,4485401217,6426980358,memory
sweep,dense7b-tp1,1,h100,1,256,15009316864,33554432,3842385117184,4490409342,3883158279,4490409342,4490409342,8373567622,memory
knee,dense7b-tp1,1,h100,1,296,15009316864,38797312,4442757791744,4491974380,4489901760,4491974380,4491974380,8981876142,memory
knee,dense7b-tp1,1,h100,1,297,15009316864,38928384,4457767108608,4492013506,4505070347,4505070347,4505070347,8997083855,compute
sweep,dense7b-tp1,1,h100,2,1,15009316864,131072,15009316864,2240216109,15168587,2240216109,2240216109,2255384697,memory
sweep,dense7b-tp1,1,h100,2,2,15009316864,262144,30018633728,2240235672,30337174,2240235672,2240235672,2270572847,memory
sweep,dense7b-tp1,1,h100,2,4,15009316864,524288,60037267456,2240274798,60674348,2240274798,2240274798,2300949147,memory
sweep,dense7b-tp1,1,h100,2,8,15009316864,1048576,120074534912,2240353050,121348696,2240353050,2240353050,2361701747,memory
sweep,dense7b-tp1,1,h100,2,16,15009316864,2097152,240149069824,2240509554,242697392,2240509554,2240509554,2483206948,memory
sweep,dense7b-tp1,1,h100,2,32,15009316864,4194304,480298139648,2240822562,485394784,2240822562,2240822562,2726217348,memory
sweep,dense7b-tp1,1,h100,2,64,15009316864,8388608,960596279296,2241448577,970789569,2241448577,2241448577,3212238148,memory
sweep,dense7b-tp1,1,h100,2,128,15009316864,16777216,1921192558592,2242700608,1941579139,2242700608,2242700608,4184279749,memory
knee,dense7b-tp1,1,h100,2,147,15009316864,19267584,2206369579008,2243072305,2229782293,2243072305,2243072305,4472854599,memory
knee,dense7b-tp1,1,h100,2,148,15009316864,19398656,2221378895872,2243091868,2244950880,2244950880,2244950880,4488042749,compute
sweep,dense7b-tp1,1,h100,2,256,15009316864,33554432,3842385117184,2245204671,3883158279,3883158279,3883158279,6128362951,compute
sweep,dense7b-tp1,1,h200,0.5,1,15009316864,131072,15009316864,6253936640,15168587,6253936640,6253936640,6269105228,memory
sweep,dense7b-tp1,1,h200,0.5,2,15009316864,262144,30018633728,6253991253,30337174,6253991253,6253991253,6284328428,memory
sweep,dense7b-tp1,1,h200,0.5,4,15009316864,524288,60037267456,6254100480,60674348,6254100480,6254100480,6314774829,memory
sweep,dense7b-tp1,1,h200,0.5,8,15009316864,1048576,120074534912,6254318933,121348696,6254318933,6254318933,6375667630,memory
sweep,dense7b-tp1,1,h200,0.5,16,15009316864,2097152,240149069824,6254755840,242697392,6254755840,6254755840,6497453233,memory
sweep,dense7b-tp1,1,h200,0.5,32,15009316864,4194304,480298139648,6255629653,485394784,6255629653,6255629653,6741024439,memory
sweep,dense7b-tp1,1,h200,0.5,64,15009316864,8388608,960596279296,6257377280,970789569,6257377280,6257377280,7228166850,memory
sweep,dense7b-tp1,1,h200,0.5,128,15009316864,16777216,1921192558592,6260872533,1941579139,6260872533,6260872533,8202451673,memory
sweep,dense7b-tp1,1,h200,0.5,256,15009316864,33554432,3842385117184,6267863040,3883158279,6267863040,6267863040,10151021320,memory
knee,dense7b-tp1,1,h200,0.5,413,15009316864,54132736,6198847864832,6276437333,6264626442,6276437333,6276437333,12541063776,memory
knee,dense7b-tp1,1,h200,0.5,414,15009316864,54263808,6213857181696,6276491946,6279795029,6279795029,6279795029,12556286977,compute
sweep,dense7b-tp1,1,h200,1,1,15009316864,131072,15009316864,3126968320,15168587,3126968320,3126968320,3142136908,memory
sweep,dense7b-tp1,1,h200,1,2,15009316864,262144,30018633728,3126995626,30337174,3126995626,3126995626,3157332801,memory
sweep,dense7b-tp1,1,h200,1,4,15009316864,524288,60037267456,3127050240,60674348,3127050240,3127050240,3187724589,memory
sweep,dense7b-tp1,1,h200,1,8,15009316864,1048576,120074534912,3127159466,121348696,3127159466,3127159466,3248508163,memory
sweep,dense7b-tp1,1,h200,1,16,15009316864,2097152,240149069824,3127377920,242697392,3127377920,3127377920,3370075313,memory
sweep,dense7b-tp1,1,h200,1,32,15009316864,4194304,480298139648,3127814826,485394784,3127814826,3127814826,3613209612,memory
sweep,dense7b-tp1,1,h200,1,64,15009316864,8388608,960596279296,3128688640,970789569,3128688640,3128688640,4099478210,memory
sweep,dense7b-tp1,1,h200,1,128,15009316864,16777216,1921192558592,3130436266,1941579139,3130436266,3130436266,5072015407,memory
knee,dense7b-tp1,1,h200,1,206,15009316864,27000832,3091919273984,3132566186,3124728927,3132566186,3132566186,6257295115,memory
knee,dense7b-tp1,1,h200,1,207,15009316864,27131904,3106928590848,3132593493,3139897514,3139897514,3139897514,6272491009,compute
sweep,dense7b-tp1,1,h200,1,256,15009316864,33554432,3842385117184,3133931520,3883158279,3883158279,3883158279,7017089800,compute
sweep,dense7b-tp1,1,h200,2,1,15009316864,131072,15009316864,1563484160,15168587,1563484160,1563484160,1578652748,memory
sweep,dense7b-tp1,1,h200,2,2,15009316864,262144,30018633728,1563497813,30337174,1563497813,1563497813,1593834988,memory
sweep,dense7b-tp1,1,h200,2,4,15009316864,524288,60037267456,1563525120,60674348,1563525120,1563525120,1624199469,memory
sweep,dense7b-tp1,1,h200,2,8,15009316864,1048576,120074534912,1563579733,121348696,1563579733,1563579733,1684928430,memory
sweep,dense7b-tp1,1,h200,2,16,15009316864,2097152,240149069824,1563688960,242697392,1563688960,1563688960,1806386353,memory
sweep,dense7b-tp1,1,h200,2,32,15009316864,4194304,480298139648,1563907413,485394784,1563907413,1563907413,2049302199,memory
sweep,dense7b-tp1,1,h200,2,64,15009316864,8388608,960596279296,1564344320,970789569,1564344320,1564344320,2535133890,memory
knee,dense7b-tp1,1,h200,2,103,15009316864,13500416,1545959636992,1564876800,1562364463,1564876800,1564876800,3127241264,memory
knee,dense7b-tp1,1,h200,2,104,15009316864,13631488,1560968953856,1564890453,1577533050,1577533050,1577533050,3142423505,compute
sweep,dense7b-tp1,1,h200,2,128,15009316864,16777216,1921192558592,1565218133,1941579139,1941579139,1941579139,3506797273,compute
sweep,dense7b-tp1,1,h200,2,256,15009316864,33554432,3842385117184,1566965760,3883158279,3883158279,3883158279,5450124040,compute
sweep,dense7b-tp1,1,b100,0.5,1,15009316864,131072,15009316864,3752361984,8338509,3752361984,3752361984,3760700494,memory
sweep,dense7b-tp1,1,b100,0.5,2,15009316864,262144,30018633728,3752394752,16677018,3752394752,3752394752,3769071771,memory
sweep,dense7b-tp1,1,b100,0.5,4,15009316864,524288,60037267456,3752460288,33354037,3752460288,3752460288,3785814326,memory
sweep,dense7b-tp1,1,b100,0.5,8,15009316864,1048576,120074534912,3752591360,66708074,3752591360,3752591360,3819299435,memory
sweep,dense7b-tp1,1,b100,0.5,16,15009316864,2097152,240149069824,3752853504,133416149,3752853504,3752853504,3886269654,memory
sweep,dense7b-tp1,1,b100,0.5,32,15009316864,4194304,480298139648,3753377792,266832299,3753377792,3753377792,4020210092,memory
sweep,dense7b-tp1,1,b100,0.5,64,15009316864,8388608,960596279296,3754426368,533664599,3754426368,3754426368,4288090968,memory
sweep,dense7b-tp1,1,b100,0.5,128,15009316864,16777216,1921192558592,3756523520,1067329199,3756523520,3756523520,4823852720,memory
sweep,dense7b-tp1,1,b100,0.5,256,15009316864,33554432,3842385117184,3760717824,2134658398,3760717824,3760717824,5895376223,memory
knee,dense7b-tp1,1,b100,0.5,451,15009316864,59113472,6769201905664,3767107584,3760667725,3767107584,3767107584,7527775310,memory
knee,dense7b-tp1,1,b100,0.5,452,15009316864,59244544,6784211222528,3767140352,3769006234,3769006234,3769006234,7536146587,compute
sweep,dense7b-tp1,1,b100,1,1,15009316864,131072,15009316864,1876180992,8338509,1876180992,1876180992,1884519502,memory
sweep,dense7b-tp1,1,b100,1,2,15009316864,262144,30018633728,1876197376,16677018,1876197376,1876197376,1892874395,memory
sweep,dense7b-tp1,1,b100,1,4,15009316864,524288,60037267456,1876230144,33354037,1876230144,1876230144,1909584182,memory
sweep,dense7b-tp1,1,b100,1,8,15009316864,1048576,120074534912,1876295680,66708074,1876295680,1876295680,1943003755,memory
sweep,dense7b-tp1,1,b100,1,16,15009316864,2097152,240149069824,1876426752,133416149,1876426752,1876426752,2009842902,memory
sweep,dense7b-tp1,1,b100,1,32,15009316864,4194304,480298139648,1876688896,266832299,1876688896,1876688896,2143521196,memory
sweep,dense7b-tp1,1,b100,1,64,15009316864,8388608,960596279296,1877213184,533664599,1877213184,1877213184,2410877784,memory
sweep,dense7b-tp1,1,b100,1,128,15009316864,16777216,1921192558592,1878261760,1067329199,1878261760,1878261760,2945590960,memory
knee,dense7b-tp1,1,b100,1,225,15009316864,29491200,3377096294400,1879851008,1876164608,1879851008,1879851008,3756015616,memory
knee,dense7b-tp1,1,b100,1,226,15009316864,29622272,3392105611264,1879867392,1884503117,1884503117,1884503117,3764370510,compute
sweep,dense7b-tp1,1,b100,1,256,15009316864,33554432,3842385117184,1880358912,2134658398,2134658398,2134658398,4015017311,compute
sweep,dense7b-tp1,1,b100,2,1,15009316864,131072,15009316864,938090496,8338509,938090496,938090496,946429006,memory
sweep,dense7b-tp1,1,b100,2,2,15009316864,262144,30018633728,938098688,16677018,938098688,938098688,954775707,memory
sweep,dense7b-tp1,1,b100,2,4,15009316864,524288,60037267456,938115072,33354037,938115072,938115072,971469110,memory
sweep,dense7b-tp1,1,b100,2,8,15009316864,1048576,120074534912,938147840,66708074,938147840,938147840,1004855915,memory
sweep,dense7b-tp1,1,b100,2,16,15009316864,2097152,240149069824,938213376,133416149,938213376,938213376,1071629526,memory
sweep,dense7b-tp1,1,b100,2,32,15009316864,4194304,480298139648,938344448,266832299,938344448,938344448,1205176748,memory
sweep,dense7b-tp1,1,b100,2,64,15009316864,8388608,960596279296,938606592,533664599,938606592,938606592,1472271192,memory
knee,dense7b-tp1,1,b100,2,112,15009316864,14680064,1681043488768,938999808,933913049,938999808,938999808,1872912858,memory
knee,dense7b-tp1,1,b100,2,113,15009316864,14811136,1696052805632,939008000,942251558,942251558,942251558,1881259559,compute
sweep,dense7b-tp1,1,b100,2,128,15009316864,16777216,1921192558592,939130880,1067329199,1067329199,1067329199,2006460080,compute
sweep,dense7b-tp1,1,b100,2,256,15009316864,33554432,3842385117184,940179456,2134658398,2134658398,2134658398,3074837855,compute
sweep,dense7b-tp1,1,b200,0.5,1,15009316864,131072,15009316864,3752361984,6670807,3752361984,3752361984,3759032792,memory
sweep,dense7b-tp1,1,b200,0.5,2,15009316864,262144,30018633728,3752394752,13341614,3752394752,3752394752,3765736367,memory
sweep,dense7b-tp1,1,b200,0.5,4,15009316864,524288,60037267456,3752460288,26683229,3752460288,3752460288,3779143518,memory
sweep,dense7b-tp1,1,b200,0.5,8,15009316864,1048576,120074534912,3752591360,53366459,3752591360,3752591360,3805957820,memory
sweep,dense7b-tp1,1,b200,0.5,16,15009316864,2097152,240149069824,3752853504,106732919,3752853504,3752853504,3859586424,memory
sweep,dense7b-tp1,1,b200,0.5,32,15009316864,4194304,480298139648,3753377792,213465839,3753377792,3753377792,3966843632,memory
sweep,dense7b-tp1,1,b200,0.5,64,15009316864,8388608,960596279296,3754426368,426931679,3754426368,3754426368,4181358048,memory
sweep,dense7b-tp1,1,b200,0.5,128,15009316864,16777216,1921192558592,3756523520,853863359,3756523520,3756523520,4610386880,memory
sweep,dense7b-tp1,1,b200,0.5,256,15009316864,33554432,3842385117184,3760717824,1707726718,3760717824,3760717824,5468444543,memory
knee,dense7b-tp1,1,b200,0.5,565,15009316864,74055680,8480264028160,3770843136,3769006234,3770843136,3770843136,7539849371,memory
knee,dense7b-tp1,1,b200,0.5,566,15009316864,74186752,8495273345024,3770875904,3775677042,3775677042,3775677042,7546552947,compute
sweep,dense7b-tp1,1,b200,1,1,15009316864,131072,15009316864,1876180992,6670807,1876180992,1876180992,1882851800,memory
sweep,dense7b-tp1,1,b200,1,2,15009316864,262144,30018633728,1876197376,13341614,1876197376,1876197376,1889538991,memory
sweep,dense7b-tp1,1,b200,1,4,15009316864,524288,60037267456,1876230144,26683229,1876230144,1876230144,1902913374,memory
sweep,dense7b-tp1,1,b200,1,8,15009316864,1048576,120074534912,1876295680,53366459,1876295680,1876295680,1929662140,memory
sweep,dense7b-tp1,1,b200,1,16,15009316864,2097152,240149069824,1876426752,106732919,1876426752,1876426752,1983159672,memory
sweep,dense7b-tp1,1,b200,1,32,15009316864,4194304,480298139648,1876688896,213465839,1876688896,1876688896,2090154736,memory
sweep,dense7b-tp1,1,b200,1,64,15009316864,8388608,960596279296,1877213184,426931679,1877213184,1877213184,2304144864,memory
sweep,dense7b-tp1,1,b200,1,128,15009316864,16777216,1921192558592,1878261760,853863359,1878261760,1878261760,2732125120,memory
sweep,dense7b-tp1,1,b200,1,256,15009316864,33554432,3842385117184,1880358912,1707726718,1880358912,1880358912,3588085631,memory
knee,dense7b-tp1,1,b200,1,281,15009316864,36831232,4217618038784,1880768512,1874496906,1880768512,1880768512,3755265419,memory
knee,dense7b-tp1,1,b200,1,282,15009316864,36962304,4232627355648,1880784896,1881167713,1881167713,1881167713,3761952610,compute
sweep,dense7b-tp1,1,b200,2,1,15009316864,131072,15009316864,938090496,6670807,938090496,938090496,944761304,memory
sweep,dense7b-tp1,1,b200,2,2,15009316864,262144,30018633728,938098688,13341614,938098688,938098688,951440303,memory
sweep,dense7b-tp1,1,b200,2,4,15009316864,524288,60037267456,938115072,26683229,938115072,938115072,964798302,memory
sweep,dense7b-tp1,1,b200,2,8,15009316864,1048576,120074534912,938147840,53366459,938147840,938147840,991514300,memory
sweep,dense7b-tp1,1,b200,2,16,15009316864,2097152,240149069824,938213376,106732919,938213376,938213376,1044946296,memory
sweep,dense7b-tp1,1,b200,2,32,15009316864,4194304,480298139648,938344448,213465839,938344448,938344448,1151810288,memory
sweep,dense7b-tp1,1,b200,2,64,15009316864,8388608,960596279296,938606592,426931679,938606592,938606592,1365538272,memory
sweep,dense7b-tp1,1,b200,2,128,15009316864,16777216,1921192558592,939130880,853863359,939130880,939130880,1792994240,memory
knee,dense7b-tp1,1,b200,2,140,15009316864,18350080,2101304360960,939229184,933913049,939229184,939229184,1873142234,memory
knee,dense7b-tp1,1,b200,2,141,15009316864,18481152,2116313677824,939237376,940583856,940583856,940583856,1879821233,compute
sweep,dense7b-tp1,1,b200,2,256,15009316864,33554432,3842385117184,940179456,1707726718,1707726718,1707726718,2647906175,compute
sweep,dense7b-tp1,2048,a100,0.5,1,15009316864,268435456,16082534400,14985534399,51546584,14985534399,14985534399,15037080984,memory
sweep,dense7b-tp1,2048,a100,0.5,2,15009316864,536870912,32165068800,15248835484,103093169,15248835484,15248835484,15351928654,memory
sweep,dense7b-tp1,2048,a100,0.5,4,15009316864,1073741824,64330137600,15775437653,206186338,15775437653,15775437653,15981623993,memory
sweep,dense7b-tp1,2048,a100,0.5,8,15009316864,2147483648,128660275200,16828641993,412372676,16828641993,16828641993,17241014671,memory
sweep,dense7b-tp1,2048,a100,0.5,16,15009316864,4294967296,257320550400,18935050671,824745353,18935050671,18935050671,19759796026,memory
sweep,dense7b-tp1,2048,a100,0.5,32,15009316864,8589934592,514641100800,23147868029,1649490707,23147868029,23147868029,24797358738,memory
sweep,dense7b-tp1,2048,a100,0.5,64,15009316864,17179869184,1029282201600,31573502744,3298981415,31573502744,31573502744,34872484160,memory
sweep,dense7b-tp1,2048,a100,0.5,128,15009316864,34359738368,2058564403200,48424772174,6597962830,48424772174,48424772174,55022735006,memory
sweep,dense7b-tp1,2048,a100,0.5,256,15009316864,68719476736,4117128806400,82127311034,13195925661,82127311034,82127311034,95323236697,memory
sweep,dense7b-tp1,2048,a100,1,1,15009316864,268435456,16082534400,7492767199,51546584,7492767199,7492767199,7544313785,memory
sweep,dense7b-tp1,2048,a100,1,2,15009316864,536870912,32165068800,7624417742,103093169,7624417742,7624417742,7727510912,memory
sweep,dense7b-tp1,2048,a100,1,4,15009316864,1073741824,64330137600,7887718826,206186338,7887718826,7887718826,8093905166,memory
sweep,dense7b-tp1,2048,a100,1,8,15009316864,2147483648,128660275200,8414320996,412372676,8414320996,8414320996,8826693674,memory
sweep,dense7b-tp1,2048,a100,1,16,15009316864,4294967296,257320550400,9467525335,824745353,9467525335,9467525335,10292270690,memory
sweep,dense7b-tp1,2048,a100,1,32,15009316864,8589934592,514641100800,11573934014,1649490707,11573934014,11573934014,13223424723,memory
sweep,dense7b-tp1,2048,a100,1,64,15009316864,17179869184,1029282201600,15786751372,3298981415,15786751372,15786751372,19085732788,memory
sweep,dense7b-tp1,2048,a100,1,128,15009316864,34359738368,2058564403200,24212386087,6597962830,24212386087,24212386087,30810348919,memory
sweep,dense7b-tp1,2048,a100,1,256,15009316864,68719476736,4117128806400,41063655517,13195925661,41063655517,41063655517,54259581179,memory
sweep,dense7b-tp1,2048,a100,2,1,15009316864,268435456,16082534400,3746383599,51546584,3746383599,3746383599,3797930185,memory
sweep,dense7b-tp1,2048,a100,2,2,15009316864,536870912,32165068800,3812208871,103093169,3812208871,3812208871,3915302041,memory
sweep,dense7b-tp1,2048,a100,2,4,15009316864,1073741824,64330137600,3943859413,206186338,3943859413,3943859413,4150045752,memory
sweep,dense7b-tp1,2048,a100,2,8,15009316864,2147483648,128660275200,4207160498,412372676,4207160498,4207160498,4619533176,memory
sweep,dense7b-tp1,2048,a100,2,16,15009316864,4294967296,257320550400,4733762667,824745353,4733762667,4733762667,5558508022,memory
sweep,dense7b-tp1,2048,a100,2,32,15009316864,8589934592,514641100800,5786967007,1649490707,5786967007,5786967007,7436457716,memory
sweep,dense7b-tp1,2048,a100,2,64,15009316864,17179869184,1029282201600,7893375686,3298981415,7893375686,7893375686,11192357102,memory
sweep,dense7b-tp1,2048,a100,2,128,15009316864,34359738368,2058564403200,12106193043,6597962830,12106193043,12106193043,18704155875,memory
sweep,dense7b-tp1,2048,a100,2,256,15009316864,68719476736,4117128806400,20531827758,13195925661,20531827758,20531827758,33727753421,memory
sweep,dense7b-tp1,2048,h100,0.5,1,15009316864,268435456,16082534400,9121046161,16253192,9121046161,9121046161,9137299355,memory
sweep,dense7b-tp1,2048,h100,0.5,2,15009316864,536870912,32165068800,9281306134,32506385,9281306134,9281306134,9313812521,memory
sweep,dense7b-tp1,2048,h100,0.5,4,15009316864,1073741824,64330137600,9601826082,65012771,9601826082,9601826082,9666838855,memory
sweep,dense7b-tp1,2048,h100,0.5,8,15009316864,2147483648,128660275200,10242865977,130025543,10242865977,10242865977,10372891521,memory
sweep,dense7b-tp1,2048,h100,0.5,16,15009316864,4294967296,257320550400,11524945767,260051086,11524945767,11524945767,11784996854,memory
sweep,dense7b-tp1,2048,h100,0.5,32,15009316864,8589934592,514641100800,14089105346,520102173,14089105346,14089105346,14609207521,memory
sweep,dense7b-tp1,2048,h100,0.5,64,15009316864,17179869184,1029282201600,19217424506,1040204347,19217424506,19217424506,20257628854,memory
sweep,dense7b-tp1,2048,h100,0.5,128,15009316864,34359738368,2058564403200,29474062825,2080408694,29474062825,29474062825,31554471520,memory
sweep,dense7b-tp1,2048,h100,0.5,256,15009316864,68719476736,4117128806400,49987339462,4160817388,49987339462,49987339462,54148156852,memory
sweep,dense7b-tp1,2048,h100,1,1,15009316864,268435456,16082534400,4560523080,16253192,4560523080,4560523080,4576776274,memory
sweep,dense7b-tp1,2048,h100,1,2,15009316864,536870912,32165068800,4640653067,32506385,4640653067,4640653067,4673159454,memory
sweep,dense7b-tp1,2048,h100,1,4,15009316864,1073741824,64330137600,4800913041,65012771,4800913041,4800913041,4865925813,memory
sweep,dense7b-tp1,2048,h100,1,8,15009316864,2147483648,128660275200,5121432988,130025543,5121432988,5121432988,5251458533,memory
sweep,dense7b-tp1,2048,h100,1,16,15009316864,4294967296,257320550400,5762472883,260051086,5762472883,5762472883,6022523971,memory
sweep,dense7b-tp1,2048,h100,1,32,15009316864,8589934592,514641100800,7044552673,520102173,7044552673,7044552673,7564654848,memory
sweep,dense7b-tp1,2048,h100,1,64,15009316864,17179869184,1029282201600,9608712253,1040204347,9608712253,9608712253,10648916601,memory
sweep,dense7b-tp1,2048,h100,1,128,15009316864,34359738368,2058564403200,14737031412,2080408694,14737031412,14737031412,16817440108,memory
sweep,dense7b-tp1,2048,h100,1,256,15009316864,68719476736,4117128806400,24993669731,4160817388,24993669731,24993669731,29154487121,memory
sweep,dense7b-tp1,2048,h100,2,1,15009316864,268435456,16082534400,2280261540,16253192,2280261540,2280261540,2296514734,memory
sweep,dense7b-tp1,2048,h100,2,2,15009316864,536870912,32165068800,2320326533,32506385,2320326533,2320326533,2352832920,memory
sweep,dense7b-tp1,2048,h100,2,4,15009316864,1073741824,64330137600,2400456520,65012771,2400456520,2400456520,2465469293,memory
sweep,dense7b-tp1,2048,h100,2,8,15009316864,2147483648,128660275200,2560716494,130025543,2560716494,2560716494,2690742038,memory
sweep,dense7b-tp1,2048,h100,2,16,15009316864,4294967296,257320550400,2881236441,260051086,2881236441,2881236441,3141287529,memory
sweep,dense7b-tp1,2048,h100,2,32,15009316864,8589934592,514641100800,3522276336,520102173,3522276336,3522276336,4042378511,memory
sweep,dense7b-tp1,2048,h100,2,64,15009316864,17179869184,1029282201600,4804356126,1040204347,4804356126,4804356126,5844560474,memory
sweep,dense7b-tp1,2048,h100,2,128,15009316864,34359738368,2058564403200,7368515706,2080408694,7368515706,7368515706,9448924401,memory
sweep,dense7b-tp1,2048,h100,2,256,15009316864,68719476736,4117128806400,12496834865,4160817388,12496834865,12496834865,16657652255,memory
sweep,dense7b-tp1,2048,h200,0.5,1,15009316864,268435456,16082534400,6365730133,16253192,6365730133,6365730133,6381983327,memory
sweep,dense7b-tp1,2048,h200,0.5,2,15009316864,536870912,32165068800,6477578240,32506385,6477578240,6477578240,6510084626,memory
sweep,dense7b-tp1,2048,h200,0.5,4,15009316864,1073741824,64330137600,6701274453,65012771,6701274453,6701274453,6766287226,memory
sweep,dense7b-tp1,2048,h200,0.5,8,15009316864,2147483648,128660275200,7148666880,130025543,7148666880,7148666880,7278692424,memory
sweep,dense7b-tp1,2048,h200,0.5,16,15009316864,4294967296,257320550400,8043451733,260051086,8043451733,8043451733,8303502821,memory
sweep,dense7b-tp1,2048,h200,0.5,32,15009316864,8589934592,514641100800,9833021440,520102173,9833021440,9833021440,10353123614,memory
sweep,dense7b-tp1,2048,h200,0.5,64,15009316864,17179869184,1029282201600,13412160853,1040204347,13412160853,13412160853,14452365201,memory
sweep,dense7b-tp1,2048,h200,0.5,128,15009316864,34359738368,2058564403200,20570439680,2080408694,20570439680,20570439680,22650848375,memory
sweep,dense7b-tp1,2048,h200,0.5,256,15009316864,68719476736,4117128806400,34886997333,4160817388,34886997333,34886997333,39047814723,memory
sweep,dense7b-tp1,2048,h200,1,1,15009316864,268435456,16082534400,3182865066,16253192,3182865066,3182865066,3199118260,memory
sweep,dense7b-tp1,2048,h200,1,2,15009316864,536870912,32165068800,3238789120,32506385,3238789120,3238789120,3271295506,memory
sweep,dense7b-tp1,2048,h200,1,4,15009316864,1073741824,64330137600,3350637226,65012771,3350637226,3350637226,3415649999,memory
sweep,dense7b-tp1,2048,h200,1,8,15009316864,2147483648,128660275200,3574333440,130025543,3574333440,3574333440,3704358984,memory
sweep,dense7b-tp1,2048,h200,1,16,15009316864,4294967296,257320550400,4021725866,260051086,4021725866,4021725866,4281776954,memory
sweep,dense7b-tp1,2048,h200,1,32,15009316864,8589934592,514641100800,4916510720,520102173,4916510720,4916510720,5436612894,memory
sweep,dense7b-tp1,2048,h200,1,64,15009316864,17179869184,1029282201600,6706080426,1040204347,6706080426,6706080426,7746284774,memory
sweep,dense7b-tp1,2048,h200,1,128,15009316864,34359738368,2058564403200,10285219840,2080408694,10285219840,10285219840,12365628535,memory
sweep,dense7b-tp1,2048,h200,1,256,15009316864,68719476736,4117128806400,17443498666,4160817388,17443498666,17443498666,21604316056,memory
sweep,dense7b-tp1,2048,h200,2,1,15009316864,268435456,16082534400,1591432533,16253192,1591432533,1591432533,1607685727,memory
sweep,dense7b-tp1,2048,h200,2,2,15009316864,536870912,32165068800,1619394560,32506385,1619394560,1619394560,1651900946,memory
sweep,dense7b-tp1,2048,h200,2,4,15009316864,1073741824,64330137600,1675318613,65012771,1675318613,1675318613,1740331386,memory
sweep,dense7b-tp1,2048,h200,2,8,15009316864,2147483648,128660275200,1787166720,130025543,1787166720,1787166720,1917192264,memory
sweep,dense7b-tp1,2048,h200,2,16,15009316864,4294967296,257320550400,2010862933,260051086,2010862933,2010862933,2270914021,memory
sweep,dense7b-tp1,2048,h200,2,32,15009316864,8589934592,514641100800,2458255360,520102173,2458255360,2458255360,2978357534,memory
sweep,dense7b-tp1,2048,h200,2,64,15009316864,17179869184,1029282201600,3353040213,1040204347,3353040213,3353040213,4393244561,memory
sweep,dense7b-tp1,2048,h200,2,128,15009316864,34359738368,2058564403200,5142609920,2080408694,5142609920,5142609920,7223018615,memory
sweep,dense7b-tp1,2048,h200,2,256,15009316864,68719476736,4117128806400,8721749333,4160817388,8721749333,8721749333,12882566723,memory
sweep,dense7b-tp1,2048,b100,0.5,1,15009316864,268435456,16082534400,3819438080,8934741,3819438080,3819438080,3828372822,memory
sweep,dense7b-tp1,2048,b100,0.5,2,15009316864,536870912,32165068800,3886546944,17869482,3886546944,3886546944,3904416427,memory
sweep,dense7b-tp1,2048,b100,0.5,4,15009316864,1073741824,64330137600,4020764672,35738965,4020764672,4020764672,4056503638,memory
sweep,dense7b-tp1,2048,b100,0.5,8,15009316864,2147483648,128660275200,4289200128,71477930,4289200128,4289200128,4360678059,memory
sweep,dense7b-tp1,2048,b100,0.5,16,15009316864,4294967296,257320550400,4826071040,142955861,4826071040,4826071040,4969026902,memory
sweep,dense7b-tp1,2048,b100,0.5,32,15009316864,8589934592,514641100800,5899812864,285911722,5899812864,5899812864,6185724587,memory
sweep,dense7b-tp1,2048,b100,0.5,64,15009316864,17179869184,1029282201600,8047296512,571823445,8047296512,8047296512,8619119958,memory
sweep,dense7b-tp1,2048,b100,0.5,128,15009316864,34359738368,2058564403200,12342263808,1143646890,12342263808,12342263808,13485910699,memory
sweep,dense7b-tp1,2048,b100,0.5,256,15009316864,68719476736,4117128806400,20932198400,2287293781,20932198400,20932198400,23219492182,memory
sweep,dense7b-tp1,2048,b100,1,1,15009316864,268435456,16082534400,1909719040,8934741,1909719040,1909719040,1918653782,memory
sweep,dense7b-tp1,2048,b100,1,2,15009316864,536870912,32165068800,1943273472,17869482,1943273472,1943273472,1961142955,memory
sweep,dense7b-tp1,2048,b100,1,4,15009316864,1073741824,64330137600,2010382336,35738965,2010382336,2010382336,2046121302,memory
sweep,dense7b-tp1,2048,b100,1,8,15009316864,2147483648,128660275200,2144600064,71477930,2144600064,2144600064,2216077995,memory
sweep,dense7b-tp1,2048,b100,1,16,15009316864,4294967296,257320550400,2413035520,142955861,2413035520,2413035520,2555991382,memory
sweep,dense7b-tp1,2048,b100,1,32,15009316864,8589934592,514641100800,2949906432,285911722,2949906432,2949906432,3235818155,memory
sweep,dense7b-tp1,2048,b100,1,64,15009316864,17179869184,1029282201600,4023648256,571823445,4023648256,4023648256,4595471702,memory
sweep,dense7b-tp1,2048,b100,1,128,15009316864,34359738368,2058564403200,6171131904,1143646890,6171131904,6171131904,7314778795,memory
sweep,dense7b-tp1,2048,b100,1,256,15009316864,68719476736,4117128806400,10466099200,2287293781,10466099200,10466099200,12753392982,memory
sweep,dense7b-tp1,2048,b100,2,1,15009316864,268435456,16082534400,954859520,8934741,954859520,954859520,963794262,memory
sweep,dense7b-tp1,2048,b100,2,2,15009316864,536870912,32165068800,971636736,17869482,971636736,971636736,989506219,memory
sweep,dense7b-tp1,2048,b100,2,4,15009316864,1073741824,64330137600,1005191168,35738965,1005191168,1005191168,1040930134,memory
sweep,dense7b-tp1,2048,b100,2,8,15009316864,2147483648,128660275200,1072300032,71477930,1072300032,1072300032,1143777963,memory
sweep,dense7b-tp1,2048,b100,2,16,15009316864,4294967296,257320550400,1206517760,142955861,1206517760,1206517760,1349473622,memory
sweep,dense7b-tp1,2048,b100,2,32,15009316864,8589934592,514641100800,1474953216,285911722,1474953216,1474953216,1760864939,memory
sweep,dense7b-tp1,2048,b100,2,64,15009316864,17179869184,1029282201600,2011824128,571823445,2011824128,2011824128,2583647574,memory
sweep,dense7b-tp1,2048,b100,2,128,15009316864,34359738368,2058564403200,3085565952,1143646890,3085565952,3085565952,4229212843,memory
sweep,dense7b-tp1,2048,b100,2,256,15009316864,68719476736,4117128806400,5233049600,2287293781,5233049600,5233049600,7520343382,memory
sweep,dense7b-tp1,2048,b200,0.5,1,15009316864,268435456,16082534400,3819438080,7147793,3819438080,3819438080,3826585874,memory
sweep,dense7b-tp1,2048,b200,0.5,2,15009316864,536870912,32165068800,3886546944,14295586,3886546944,3886546944,3900842531,memory
sweep,dense7b-tp1,2048,b200,0.5,4,15009316864,1073741824,64330137600,4020764672,28591172,4020764672,4020764672,4049355845,memory
sweep,dense7b-tp1,2048,b200,0.5,8,15009316864,2147483648,128660275200,4289200128,57182344,4289200128,4289200128,4346382473,memory
sweep,dense7b-tp1,2048,b200,0.5,16,15009316864,4294967296,257320550400,4826071040,114364689,4826071040,4826071040,4940435730,memory
sweep,dense7b-tp1,2048,b200,0.5,32,15009316864,8589934592,514641100800,5899812864,228729378,5899812864,5899812864,6128542243,memory
sweep,dense7b-tp1,2048,b200,0.5,64,15009316864,17179869184,1029282201600,8047296512,457458756,8047296512,8047296512,8504755269,memory
sweep,dense7b-tp1,2048,b200,0.5,128,15009316864,34359738368,2058564403200,12342263808,914917512,12342263808,12342263808,13257181321,memory
sweep,dense7b-tp1,2048,b200,0.5,256,15009316864,68719476736,4117128806400,20932198400,1829835025,20932198400,20932198400,22762033426,memory
sweep,dense7b-tp1,2048,b200,1,1,15009316864,268435456,16082534400,1909719040,7147793,1909719040,1909719040,1916866834,memory
sweep,dense7b-tp1,2048,b200,1,2,15009316864,536870912,32165068800,1943273472,14295586,1943273472,1943273472,1957569059,memory
sweep,dense7b-tp1,2048,b200,1,4,15009316864,1073741824,64330137600,2010382336,28591172,2010382336,2010382336,2038973509,memory
sweep,dense7b-tp1,2048,b200,1,8,15009316864,2147483648,128660275200,2144600064,57182344,2144600064,2144600064,2201782409,memory
sweep,dense7b-tp1,2048,b200,1,16,15009316864,4294967296,257320550400,2413035520,114364689,2413035520,2413035520,2527400210,memory
sweep,dense7b-tp1,2048,b200,1,32,15009316864,8589934592,514641100800,2949906432,228729378,2949906432,2949906432,3178635811,memory
sweep,dense7b-tp1,2048,b200,1,64,15009316864,17179869184,1029282201600,4023648256,457458756,4023648256,4023648256,4481107013,memory
sweep,dense7b-tp1,2048,b200,1,128,15009316864,34359738368,2058564403200,6171131904,914917512,6171131904,6171131904,7086049417,memory
sweep,dense7b-tp1,2048,b200,1,256,15009316864,68719476736,4117128806400,10466099200,1829835025,10466099200,10466099200,12295934226,memory
sweep,dense7b-tp1,2048,b200,2,1,15009316864,268435456,16082534400,954859520,7147793,954859520,954859520,962007314,memory
sweep,dense7b-tp1,2048,b200,2,2,15009316864,536870912,32165068800,971636736,14295586,971636736,971636736,985932323,memory
sweep,dense7b-tp1,2048,b200,2,4,15009316864,1073741824,64330137600,1005191168,28591172,1005191168,1005191168,1033782341,memory
sweep,dense7b-tp1,2048,b200,2,8,15009316864,2147483648,128660275200,1072300032,57182344,1072300032,1072300032,1129482377,memory
sweep,dense7b-tp1,2048,b200,2,16,15009316864,4294967296,257320550400,1206517760,114364689,1206517760,1206517760,1320882450,memory
sweep,dense7b-tp1,2048,b200,2,32,15009316864,8589934592,514641100800,1474953216,228729378,1474953216,1474953216,1703682595,memory
sweep,dense7b-tp1,2048,b200,2,64,15009316864,17179869184,1029282201600,2011824128,457458756,2011824128,2011824128,2469282885,memory
sweep,dense7b-tp1,2048,b200,2,128,15009316864,34359738368,2058564403200,3085565952,914917512,3085565952,3085565952,4000483465,memory
sweep,dense7b-tp1,2048,b200,2,256,15009316864,68719476736,4117128806400,5233049600,1829835025,5233049600,5233049600,7062884626,memory
sweep,dense70b-tp8,1,a100,0.5,1,19214106624,40960,19214106624,18846638140,61583675,18846638140,18846638140,18908221816,memory
sweep,dense70b-tp8,1,a100,0.5,2,19214106624,81920,38428213248,18846678316,123167350,18846678316,18846678316,18969845667,memory
sweep,dense70b-tp8,1,a100,0.5,4,19214106624,163840,76856426496,18846758669,246334700,18846758669,18846758669,19093093371,memory
sweep,dense70b-tp8,1,a100,0.5,8,19214106624,327680,153712852992,18846919376,492669400,18846919376,18846919376,19339588777,memory
sweep,dense70b-tp8,1,a100,0.5,16,19214106624,655360,307425705984,18847240788,985338801,18847240788,18847240788,19832579590,memory
sweep,dense70b-tp8,1,a100,0.5,32,19214106624,1310720,614851411968,18847883613,1970677602,18847883613,18847883613,20818561216,memory
sweep,dense70b-tp8,1,a100,0.5,64,19214106624,2621440,1229702823936,18849169263,3941355204,18849169263,18849169263,22790524469,memory
sweep,dense70b-tp8,1,a100,0.5,128,19214106624,5242880,2459405647872,18851740563,7882710409,18851740563,18851740563,26734450973,memory
sweep,dense70b-tp8,1,a100,0.5,256,19214106624,10485760,4918811295744,18856883162,15765420819,18856883162,18856883162,34622303983,memory
knee,dense70b-tp8,1,a100,0.5,306,19214106624,12533760,5879516626944,18858891990,18844604573,18858891990,18858891990,37703496564,memory
knee,dense70b-tp8,1,a100,0.5,307,19214106624,12574720,5898730733568,18858932166,18906188248,18906188248,18906188248,37765120416,compute
sweep,dense70b-tp8,1,a100,1,1,19214106624,40960,19214106624,9423319070,61583675,9423319070,9423319070,9484902746,memory
sweep,dense70b-tp8,1,a100,1,2,19214106624,81920,38428213248,9423339158,123167350,9423339158,9423339158,9546506509,memory
sweep,dense70b-tp8,1,a100,1,4,19214106624,163840,76856426496,9423379334,246334700,9423379334,9423379334,9669714036,memory
sweep,dense70b-tp8,1,a100,1,8,19214106624,327680,153712852992,9423459688,492669400,9423459688,9423459688,9916129089,memory
sweep,dense70b-tp8,1,a100,1,16,19214106624,655360,307425705984,9423620394,985338801,9423620394,9423620394,10408959196,memory
sweep,dense70b-tp8,1,a100,1,32,19214106624,1310720,614851411968,9423941806,1970677602,9423941806,9423941806,11394619410,memory
sweep,dense70b-tp8,1,a100,1,64,19214106624,2621440,1229702823936,9424584631,3941355204,9424584631,9424584631,13365939837,memory
sweep,dense70b-tp8,1,a100,1,128,19214106624,5242880,2459405647872,9425870281,7882710409,9425870281,9425870281,17308580692,memory
knee,dense70b-tp8,1,a100,1,153,19214106624,6266880,2939758313472,9426372488,9422302286,9426372488,9426372488,18848674776,memory
knee,dense70b-tp8,1,a100,1,154,19214106624,6307840,2958972420096,9426392576,9483885961,9483885961,9483885961,18910278539,compute
sweep,dense70b-tp8,1,a100,1,256,19214106624,10485760,4918811295744,9428441581,15765420819,15765420819,15765420819,25193862401,compute
sweep,dense70b-tp8,1,a100,2,1,19214106624,40960,19214106624,4711659535,61583675,4711659535,4711659535,4773243211,memory
sweep,dense70b-tp8,1,a100,2,2,19214106624,81920,38428213248,4711669579,123167350,4711669579,4711669579,4834836930,memory
sweep,dense70b-tp8,1,a100,2,4,19214106624,163840,76856426496,4711689667,246334700,4711689667,4711689667,4958024368,memory
sweep,dense70b-tp8,1,a100,2,8,19214106624,327680,153712852992,4711729844,492669400,4711729844,4711729844,5204399245,memory
sweep,dense70b-tp8,1,a100,2,16,19214106624,655360,307425705984,4711810197,985338801,4711810197,4711810197,5697148999,memory
sweep,dense70b-tp8,1,a100,2,32,19214106624,1310720,614851411968,4711970903,1970677602,4711970903,4711970903,6682648506,memory
sweep,dense70b-tp8,1,a100,2,64,19214106624,2621440,1229702823936,4712292315,3941355204,4712292315,4712292315,8653647521,memory
knee,dense70b-tp8,1,a100,2,76,19214106624,3112960,1460272103424,4712412845,4680359305,4712412845,4712412845,9392772152,memory
knee,dense70b-tp8,1,a100,2,77,19214106624,3153920,1479486210048,4712422889,4741942980,4741942980,4741942980,9454365871,compute
sweep,dense70b-tp8,1,a100,2,128,19214106624,5242880,2459405647872,4712935140,7882710409,7882710409,7882710409,12595645551,compute
sweep,dense70b-tp8,1,a100,2,256,19214106624,10485760,4918811295744,4714220790,15765420819,15765420819,15765420819,20479641611,compute
sweep,dense70b-tp8,1,h100,0.5,1,19214106624,40960,19214106624,11471132885,19417995,11471132885,11471132885,11490550882,memory
sweep,dense70b-tp8,1,h100,0.5,2,19214106624,81920,38428213248,11471157339,38835991,11471157339,11471157339,11509993331,memory
sweep,dense70b-tp8,1,h100,0.5,4,19214106624,163840,76856426496,11471206247,77671982,11471206247,11471206247,11548878230,memory
sweep,dense70b-tp8,1,h100,0.5,8,19214106624,327680,153712852992,11471304062,155343964,11471304062,11471304062,11626648027,memory
sweep,dense70b-tp8,1,h100,0.5,16,19214106624,655360,307425705984,11471499691,310687929,11471499691,11471499691,11782187622,memory
sweep,dense70b-tp8,1,h100,0.5,32,19214106624,1310720,614851411968,11471890951,621375858,11471890951,11471890951,12093266811,memory
sweep,dense70b-tp8,1,h100,0.5,64,19214106624,2621440,1229702823936,11472673471,1242751716,11472673471,11472673471,12715425189,memory
sweep,dense70b-tp8,1,h100,0.5,128,19214106624,5242880,2459405647872,11474238509,2485503433,11474238509,11474238509,13959741944,memory
sweep,dense70b-tp8,1,h100,0.5,256,19214106624,10485760,4918811295744,11477368587,4971006867,11477368587,11477368587,16448375456,memory
knee,dense70b-tp8,1,h100,0.5,591,19214106624,24207360,11355537014784,11485560587,11476035386,11485560587,11485560587,22961595974,memory
knee,dense70b-tp8,1,h100,0.5,592,19214106624,24248320,11374751121408,11485585041,11495453381,11495453381,11495453381,22981038424,compute
sweep,dense70b-tp8,1,h100,1,1,19214106624,40960,19214106624,5735566442,19417995,5735566442,5735566442,5754984439,memory
sweep,dense70b-tp8,1,h100,1,2,19214106624,81920,38428213248,5735578669,38835991,5735578669,5735578669,5774414662,memory
sweep,dense70b-tp8,1,h100,1,4,19214106624,163840,76856426496,5735603123,77671982,5735603123,5735603123,5813275106,memory
sweep,dense70b-tp8,1,h100,1,8,19214106624,327680,153712852992,5735652031,155343964,5735652031,5735652031,5890995996,memory
sweep,dense70b-tp8,1,h100,1,16,19214106624,655360,307425705984,5735749845,310687929,5735749845,5735749845,6046437776,memory
sweep,dense70b-tp8,1,h100,1,32,19214106624,1310720,614851411968,5735945475,621375858,5735945475,5735945475,6357321335,memory
sweep,dense70b-tp8,1,h100,1,64,19214106624,2621440,1229702823936,5736336735,1242751716,5736336735,5736336735,6979088453,memory
sweep,dense70b-tp8,1,h100,1,128,19214106624,5242880,2459405647872,5737119254,2485503433,5737119254,5737119254,8222622689,memory
sweep,dense70b-tp8,1,h100,1,256,19214106624,10485760,4918811295744,5738684293,4971006867,5738684293,5738684293,10709691162,memory
knee,dense70b-tp8,1,h100,1,295,19214106624,12083200,5668161454080,5739161141,5728308695,5739161141,5739161141,11467469837,memory
knee,dense70b-tp8,1,h100,1,296,19214106624,12124160,5687375560704,5739173368,5747726690,5747726690,5747726690,11486900060,compute
sweep,dense70b-tp8,1,h100,2,1,19214106624,40960,19214106624,2867783221,19417995,2867783221,2867783221,2887201218,memory
sweep,dense70b-tp8,1,h100,2,2,19214106624,81920,38428213248,2867789334,38835991,2867789334,2867789334,2906625327,memory
sweep,dense70b-tp8,1,h100,2,4,19214106624,163840,76856426496,2867801561,77671982,2867801561,2867801561,2945473545,memory
sweep,dense70b-tp8,1,h100,2,8,19214106624,327680,153712852992,2867826015,155343964,2867826015,2867826015,3023169981,memory
sweep,dense70b-tp8,1,h100,2,16,19214106624,655360,307425705984,2867874922,310687929,2867874922,2867874922,3178562853,memory
sweep,dense70b-tp8,1,h100,2,32,19214106624,1310720,614851411968,2867972737,621375858,2867972737,2867972737,3489348597,memory
sweep,dense70b-tp8,1,h100,2,64,19214106624,2621440,1229702823936,2868168367,1242751716,2868168367,2868168367,4110920085,memory
sweep,dense70b-tp8,1,h100,2,128,19214106624,5242880,2459405647872,2868559627,2485503433,2868559627,2868559627,5354063062,memory
knee,dense70b-tp8,1,h100,2,147,19214106624,6021120,2824473673728,2868675782,2854445349,2868675782,2868675782,5723121133,memory
knee,dense70b-tp8,1,h100,2,148,19214106624,6062080,2843687780352,2868681896,2873863345,2873863345,2873863345,5742545242,compute
sweep,dense70b-tp8,1,h100,2,256,19214106624,10485760,4918811295744,2869342146,4971006867,4971006867,4971006867,7840349015,compute
sweep,dense70b-tp8,1,h200,0.5,1,19214106624,40960,19214106624,8005894826,19417995,8005894826,8005894826,8025312823,memory
sweep,dense70b-tp8,1,h200,0.5,2,19214106624,81920,38428213248,8005911893,38835991,8005911893,8005911893,8044747885,memory
sweep,dense70b-tp8,1,h200,0.5,4,19214106624,163840,76856426496,8005946026,77671982,8005946026,8005946026,8083618009,memory
sweep,dense70b-tp8,1,h200,0.5,8,19214106624,327680,153712852992,8006014293,155343964,8006014293,8006014293,8161358258,memory
sweep,dense70b-tp8,1,h200,0.5,16,19214106624,655360,307425705984,8006150826,310687929,8006150826,8006150826,8316838756,memory
sweep,dense70b-tp8,1,h200,0.5,32,19214106624,1310720,614851411968,8006423893,621375858,8006423893,8006423893,8627799752,memory
sweep,dense70b-tp8,1,h200,0.5,64,19214106624,2621440,1229702823936,8006970026,1242751716,8006970026,8006970026,9249721744,memory
sweep,dense70b-tp8,1,h200,0.5,128,19214106624,5242880,2459405647872,8008062293,2485503433,8008062293,8008062293,10493565728,memory
sweep,dense70b-tp8,1,h200,0.5,256,19214106624,10485760,4918811295744,8010246826,4971006867,8010246826,8010246826,12981253695,memory
knee,dense70b-tp8,1,h200,0.5,412,19214106624,16875520,7916211929088,8012909226,8000214177,8012909226,8012909226,16013123405,memory
knee,dense70b-tp8,1,h200,0.5,413,19214106624,16916480,7935426035712,8012926293,8019632173,8019632173,8019632173,16032558467,compute
sweep,dense70b-tp8,1,h200,1,1,19214106624,40960,19214106624,4002947413,19417995,4002947413,4002947413,4022365409,memory
sweep,dense70b-tp8,1,h200,1,2,19214106624,81920,38428213248,4002955946,38835991,4002955946,4002955946,4041791938,memory
sweep,dense70b-tp8,1,h200,1,4,19214106624,163840,76856426496,4002973013,77671982,4002973013,4002973013,4080644996,memory
sweep,dense70b-tp8,1,h200,1,8,19214106624,327680,153712852992,4003007146,155343964,4003007146,4003007146,4158351112,memory
sweep,dense70b-tp8,1,h200,1,16,19214106624,655360,307425705984,4003075413,310687929,4003075413,4003075413,4313763343,memory
sweep,dense70b-tp8,1,h200,1,32,19214106624,1310720,614851411968,4003211946,621375858,4003211946,4003211946,4624587806,memory
sweep,dense70b-tp8,1,h200,1,64,19214106624,2621440,1229702823936,4003485013,1242751716,4003485013,4003485013,5246236731,memory
sweep,dense70b-tp8,1,h200,1,128,19214106624,5242880,2459405647872,4004031146,2485503433,4004031146,4004031146,6489534581,memory
knee,dense70b-tp8,1,h200,1,206,19214106624,8437760,3958105964544,4004696746,4000107088,4004696746,4004696746,8004803836,memory
knee,dense70b-tp8,1,h200,1,207,19214106624,8478720,3977320071168,4004705279,4019525084,4019525084,4019525084,8024230365,compute
sweep,dense70b-tp8,1,h200,1,256,19214106624,10485760,4918811295744,4005123413,4971006867,4971006867,4971006867,8976130282,compute
sweep,dense70b-tp8,1,h200,2,1,19214106624,40960,19214106624,2001473706,19417995,2001473706,2001473706,2020891703,memory
sweep,dense70b-tp8,1,h200,2,2,19214106624,81920,38428213248,2001477973,38835991,2001477973,2001477973,2040313965,memory
sweep,dense70b-tp8,1,h200,2,4,19214106624,163840,76856426496,2001486506,77671982,2001486506,2001486506,2079158489,memory
sweep,dense70b-tp8,1,h200,2,8,19214106624,327680,153712852992,2001503573,155343964,2001503573,2001503573,2156847538,memory
sweep,dense70b-tp8,1,h200,2,16,19214106624,655360,307425705984,2001537706,310687929,2001537706,2001537706,2312225636,memory
sweep,dense70b-tp8,1,h200,2,32,19214106624,1310720,614851411968,2001605973,621375858,2001605973,2001605973,2622981832,memory
sweep,dense70b-tp8,1,h200,2,64,19214106624,2621440,1229702823936,2001742506,1242751716,2001742506,2001742506,3244494224,memory
knee,dense70b-tp8,1,h200,2,103,19214106624,4218880,1979052982272,2001908906,2000053544,2001908906,2001908906,4001962452,memory
knee,dense70b-tp8,1,h200,2,104,19214106624,4259840,1998267088896,2001913173,2019471540,2019471540,2019471540,4021384714,compute
sweep,dense70b-tp8,1,h200,2,128,19214106624,5242880,2459405647872,2002015573,2485503433,2485503433,2485503433,4487519008,compute
sweep,dense70b-tp8,1,h200,2,256,19214106624,10485760,4918811295744,2002561706,4971006867,4971006867,4971006867,6973568575,compute
sweep,dense70b-tp8,1,b100,0.5,1,19214106624,40960,19214106624,4803536896,10674503,4803536896,4803536896,4814211400,memory
sweep,dense70b-tp8,1,b100,0.5,2,19214106624,81920,38428213248,4803547136,21349007,4803547136,4803547136,4824896144,memory
sweep,dense70b-tp8,1,b100,0.5,4,19214106624,163840,76856426496,4803567616,42698014,4803567616,4803567616,4846265631,memory
sweep,dense70b-tp8,1,b100,0.5,8,19214106624,327680,153712852992,4803608576,85396029,4803608576,4803608576,4889004606,memory
sweep,dense70b-tp8,1,b100,0.5,16,19214106624,655360,307425705984,4803690496,170792058,4803690496,4803690496,4974482555,memory
sweep,dense70b-tp8,1,b100,0.5,32,19214106624,1310720,614851411968,4803854336,341584117,4803854336,4803854336,5145438454,memory
sweep,dense70b-tp8,1,b100,0.5,64,19214106624,2621440,1229702823936,4804182016,683168235,4804182016,4804182016,5487350252,memory
sweep,dense70b-tp8,1,b100,0.5,128,19214106624,5242880,2459405647872,4804837376,1366336471,4804837376,4804837376,6171173848,memory
sweep,dense70b-tp8,1,b100,0.5,256,19214106624,10485760,4918811295744,4806148096,2732672942,4806148096,4806148096,7538821039,memory
knee,dense70b-tp8,1,b100,0.5,450,19214106624,18432000,8646347980800,4808134656,4803526656,4808134656,4808134656,9611661312,memory
knee,dense70b-tp8,1,b100,0.5,451,19214106624,18472960,8665562087424,4808144896,4814201159,4814201159,4814201159,9622346056,compute
sweep,dense70b-tp8,1,b100,1,1,19214106624,40960,19214106624,2401768448,10674503,2401768448,2401768448,2412442952,memory
sweep,dense70b-tp8,1,b100,1,2,19214106624,81920,38428213248,2401773568,21349007,2401773568,2401773568,2423122576,memory
sweep,dense70b-tp8,1,b100,1,4,19214106624,163840,76856426496,2401783808,42698014,2401783808,2401783808,2444481823,memory
sweep,dense70b-tp8,1,b100,1,8,19214106624,327680,153712852992,2401804288,85396029,2401804288,2401804288,2487200318,memory
sweep,dense70b-tp8,1,b100,1,16,19214106624,655360,307425705984,2401845248,170792058,2401845248,2401845248,2572637307,memory
sweep,dense70b-tp8,1,b100,1,32,19214106624,1310720,614851411968,2401927168,341584117,2401927168,2401927168,2743511286,memory
sweep,dense70b-tp8,1,b100,1,64,19214106624,2621440,1229702823936,2402091008,683168235,2402091008,2402091008,3085259244,memory
sweep,dense70b-tp8,1,b100,1,128,19214106624,5242880,2459405647872,2402418688,1366336471,2402418688,2402418688,3768755160,memory
knee,dense70b-tp8,1,b100,1,225,19214106624,9216000,4323173990400,2402915328,2401763328,2402915328,2402915328,4804678656,memory
knee,dense70b-tp8,1,b100,1,226,19214106624,9256960,4342388097024,2402920448,2412437831,2412437831,2412437831,4815358280,compute
sweep,dense70b-tp8,1,b100,1,256,19214106624,10485760,4918811295744,2403074048,2732672942,2732672942,2732672942,5135746991,compute
sweep,dense70b-tp8,1,b100,2,1,19214106624,40960,19214106624,1200884224,10674503,1200884224,1200884224,1211558728,memory
sweep,dense70b-tp8,1,b100,2,2,19214106624,81920,38428213248,1200886784,21349007,1200886784,1200886784,1222235792,memory
sweep,dense70b-tp8,1,b100,2,4,19214106624,163840,76856426496,1200891904,42698014,1200891904,1200891904,1243589919,memory
sweep,dense70b-tp8,1,b100,2,8,19214106624,327680,153712852992,1200902144,85396029,1200902144,1200902144,1286298174,memory
sweep,dense70b-tp8,1,b100,2,16,19214106624,655360,307425705984,1200922624,170792058,1200922624,1200922624,1371714683,memory
sweep,dense70b-tp8,1,b100,2,32,19214106624,1310720,614851411968,1200963584,341584117,1200963584,1200963584,1542547702,memory
sweep,dense70b-tp8,1,b100,2,64,19214106624,2621440,1229702823936,1201045504,683168235,1201045504,1201045504,1884213740,memory
knee,dense70b-tp8,1,b100,2,112,19214106624,4587520,2151979941888,1201168384,1195544412,1201168384,1201168384,2396712797,memory
knee,dense70b-tp8,1,b100,2,113,19214106624,4628480,2171194048512,1201170944,1206218915,1206218915,1206218915,2407389860,compute
sweep,dense70b-tp8,1,b100,2,128,19214106624,5242880,2459405647872,1201209344,1366336471,1366336471,1366336471,2567545816,compute
sweep,dense70b-tp8,1,b100,2,256,19214106624,10485760,4918811295744,1201537024,2732672942,2732672942,2732672942,3934209967,compute
sweep,dense70b-tp8,1,b200,0.5,1,19214106624,40960,19214106624,4803536896,8539602,4803536896,4803536896,4812076499,memory
sweep,dense70b-tp8,1,b200,0.5,2,19214106624,81920,38428213248,4803547136,17079205,4803547136,4803547136,4820626342,memory
sweep,dense70b-tp8,1,b200,0.5,4,19214106624,163840,76856426496,4803567616,34158411,4803567616,4803567616,4837726028,memory
sweep,dense70b-tp8,1,b200,0.5,8,19214106624,327680,153712852992,4803608576,68316823,4803608576,4803608576,4871925400,memory
sweep,dense70b-tp8,1,b200,0.5,16,19214106624,655360,307425705984,4803690496,136633647,4803690496,4803690496,4940324144,memory
sweep,dense70b-tp8,1,b200,0.5,32,19214106624,1310720,614851411968,4803854336,273267294,4803854336,4803854336,5077121631,memory
sweep,dense70b-tp8,1,b200,0.5,64,19214106624,2621440,1229702823936,4804182016,546534588,4804182016,4804182016,5350716605,memory
sweep,dense70b-tp8,1,b200,0.5,128,19214106624,5242880,2459405647872,4804837376,1093069176,4804837376,4804837376,5897906553,memory
sweep,dense70b-tp8,1,b200,0.5,256,19214106624,10485760,4918811295744,4806148096,2186138353,4806148096,4806148096,6992286450,memory
knee,dense70b-tp8,1,b200,0.5,563,19214106624,23060480,10817542029312,4809291776,4807796457,4809291776,4809291776,9617088234,memory
knee,dense70b-tp8,1,b200,0.5,564,19214106624,23101440,10836756135936,4809302016,4816336060,4816336060,4816336060,9625638077,compute
sweep,dense70b-tp8,1,b200,1,1,19214106624,40960,19214106624,2401768448,8539602,2401768448,2401768448,2410308051,memory
sweep,dense70b-tp8,1,b200,1,2,19214106624,81920,38428213248,2401773568,17079205,2401773568,2401773568,2418852774,memory
sweep,dense70b-tp8,1,b200,1,4,19214106624,163840,76856426496,2401783808,34158411,2401783808,2401783808,2435942220,memory
sweep,dense70b-tp8,1,b200,1,8,19214106624,327680,153712852992,2401804288,68316823,2401804288,2401804288,2470121112,memory
sweep,dense70b-tp8,1,b200,1,16,19214106624,655360,307425705984,2401845248,136633647,2401845248,2401845248,2538478896,memory
sweep,dense70b-tp8,1,b200,1,32,19214106624,1310720,614851411968,2401927168,273267294,2401927168,2401927168,2675194463,memory
sweep,dense70b-tp8,1,b200,1,64,19214106624,2621440,1229702823936,2402091008,546534588,2402091008,2402091008,2948625597,memory
sweep,dense70b-tp8,1,b200,1,128,19214106624,5242880,2459405647872,2402418688,1093069176,2402418688,2402418688,3495487865,memory
sweep,dense70b-tp8,1,b200,1,256,19214106624,10485760,4918811295744,2403074048,2186138353,2403074048,2403074048,4589212402,memory
knee,dense70b-tp8,1,b200,1,281,19214106624,11509760,5399163961344,2403202048,2399628427,2403202048,2403202048,4802830476,memory
knee,dense70b-tp8,1,b200,1,282,19214106624,11550720,5418378067968,2403207168,2408168030,2408168030,2408168030,4811375199,compute
sweep,dense70b-tp8,1,b200,2,1,19214106624,40960,19214106624,1200884224,8539602,1200884224,1200884224,1209423827,memory
sweep,dense70b-tp8,1,b200,2,2,19214106624,81920,38428213248,1200886784,17079205,1200886784,1200886784,1217965990,memory
sweep,dense70b-tp8,1,b200,2,4,19214106624,163840,76856426496,1200891904,34158411,1200891904,1200891904,1235050316,memory
sweep,dense70b-tp8,1,b200,2,8,19214106624,327680,153712852992,1200902144,68316823,1200902144,1200902144,1269218968,memory
sweep,dense70b-tp8,1,b200,2,16,19214106624,655360,307425705984,1200922624,136633647,1200922624,1200922624,1337556272,memory
sweep,dense70b-tp8,1,b200,2,32,19214106624,1310720,614851411968,1200963584,273267294,1200963584,1200963584,1474230879,memory
sweep,dense70b-tp8,1,b200,2,64,19214106624,2621440,1229702823936,1201045504,546534588,1201045504,1201045504,1747580093,memory
sweep,dense70b-tp8,1,b200,2,128,19214106624,5242880,2459405647872,1201209344,1093069176,1201209344,1201209344,2294278521,memory
knee,dense70b-tp8,1,b200,2,140,19214106624,5734400,2689974927360,1201240064,1195544412,1201240064,1201240064,2396784477,memory
knee,dense70b-tp8,1,b200,2,141,19214106624,5775360,2709189033984,1201242624,1204084015,1204084015,1204084015,2405326640,compute
sweep,dense70b-tp8,1,b200,2,256,19214106624,10485760,4918811295744,1201537024,2186138353,2186138353,2186138353,3387675378,compute
sweep,dense70b-tp8,2048,a100,0.5,1,19214106624,83886080,19884867584,18928879552,63733549,18928879552,18928879552,18992613103,memory
sweep,dense70b-tp8,2048,a100,0.5,2,19214106624,167772160,39769735168,19011161141,127467099,19011161141,19011161141,19138628242,memory
sweep,dense70b-tp8,2048,a100,0.5,4,19214106624,335544320,79539470336,19175724319,254934199,19175724319,19175724319,19430658520,memory
sweep,dense70b-tp8,2048,a100,0.5,8,19214106624,671088640,159078940672,19504850675,509868399,19504850675,19504850675,20014719076,memory
sweep,dense70b-tp8,2048,a100,0.5,16,19214106624,1342177280,318157881344,20163103387,1019736799,20163103387,20163103387,21182840188,memory
sweep,dense70b-tp8,2048,a100,0.5,32,19214106624,2684354560,636315762688,21479608812,2039473598,21479608812,21479608812,23519082411,memory
sweep,dense70b-tp8,2048,a100,0.5,64,19214106624,5368709120,1272631525376,24112619660,4078947196,24112619660,24112619660,28191566858,memory
sweep,dense70b-tp8,2048,a100,0.5,128,19214106624,10737418240,2545263050752,29378641357,8157894393,29378641357,29378641357,37536535751,memory
sweep,dense70b-tp8,2048,a100,0.5,256,19214106624,21474836480,5090526101504,39910684751,16315788786,39910684751,39910684751,56226473539,memory
sweep,dense70b-tp8,2048,a100,1,1,19214106624,83886080,19884867584,9464439776,63733549,9464439776,9464439776,9528173327,memory
sweep,dense70b-tp8,2048,a100,1,2,19214106624,167772160,39769735168,9505580570,127467099,9505580570,9505580570,9633047671,memory
sweep,dense70b-tp8,2048,a100,1,4,19214106624,335544320,79539470336,9587862159,254934199,9587862159,9587862159,9842796360,memory
sweep,dense70b-tp8,2048,a100,1,8,19214106624,671088640,159078940672,9752425337,509868399,9752425337,9752425337,10262293738,memory
sweep,dense70b-tp8,2048,a100,1,16,19214106624,1342177280,318157881344,10081551693,1019736799,10081551693,10081551693,11101288494,memory
sweep,dense70b-tp8,2048,a100,1,32,19214106624,2684354560,636315762688,10739804406,2039473598,10739804406,10739804406,12779278005,memory
sweep,dense70b-tp8,2048,a100,1,64,19214106624,5368709120,1272631525376,12056309830,4078947196,12056309830,12056309830,16135257028,memory
sweep,dense70b-tp8,2048,a100,1,128,19214106624,10737418240,2545263050752,14689320678,8157894393,14689320678,14689320678,22847215073,memory
sweep,dense70b-tp8,2048,a100,1,256,19214106624,21474836480,5090526101504,19955342375,16315788786,19955342375,19955342375,36271131163,memory
knee,dense70b-tp8,2048,a100,1,417,19214106624,34980495360,8291989782528,26579010291,26576890328,26579010291,26579010291,53155900620,memory
knee,dense70b-tp8,2048,a100,1,418,19214106624,35064381440,8311874650112,26620151085,26640623878,26640623878,26640623878,53260774965,compute
sweep,dense70b-tp8,2048,a100,2,1,19214106624,83886080,19884867584,4732219888,63733549,4732219888,4732219888,4795953439,memory
sweep,dense70b-tp8,2048,a100,2,2,19214106624,167772160,39769735168,4752790285,127467099,4752790285,4752790285,4880257386,memory
sweep,dense70b-tp8,2048,a100,2,4,19214106624,335544320,79539470336,4793931079,254934199,4793931079,4793931079,5048865280,memory
sweep,dense70b-tp8,2048,a100,2,8,19214106624,671088640,159078940672,4876212668,509868399,4876212668,4876212668,5386081069,memory
sweep,dense70b-tp8,2048,a100,2,16,19214106624,1342177280,318157881344,5040775846,1019736799,5040775846,5040775846,6060512647,memory
sweep,dense70b-tp8,2048,a100,2,32,19214106624,2684354560,636315762688,5369902203,2039473598,5369902203,5369902203,7409375802,memory
sweep,dense70b-tp8,2048,a100,2,64,19214106624,5368709120,1272631525376,6028154915,4078947196,6028154915,6028154915,10107102112,memory
knee,dense70b-tp8,2048,a100,2,109,19214106624,9143582720,2167450566656,6953822791,6946956944,6953822791,6953822791,13900779736,memory
knee,dense70b-tp8,2048,a100,2,110,19214106624,9227468800,2187335434240,6974393188,7010690494,7010690494,7010690494,13985083684,compute
sweep,dense70b-tp8,2048,a100,2,128,19214106624,10737418240,2545263050752,7344660339,8157894393,8157894393,8157894393,15502554733,compute
sweep,dense70b-tp8,2048,a100,2,256,19214106624,21474836480,5090526101504,9977671187,16315788786,16315788786,16315788786,26293459975,compute
sweep,dense70b-tp8,2048,h100,0.5,1,19214106624,83886080,19884867584,11521189674,20095874,11521189674,11521189674,11541285549,memory
sweep,dense70b-tp8,2048,h100,0.5,2,19214106624,167772160,39769735168,11571270915,40191748,11571270915,11571270915,11611462665,memory
sweep,dense70b-tp8,2048,h100,0.5,4,19214106624,335544320,79539470336,11671433399,80383497,11671433399,11671433399,11751816897,memory
sweep,dense70b-tp8,2048,h100,0.5,8,19214106624,671088640,159078940672,11871758366,160766994,11871758366,11871758366,12032525361,memory
sweep,dense70b-tp8,2048,h100,0.5,16,19214106624,1342177280,318157881344,12272408300,321533988,12272408300,12272408300,12593942290,memory
sweep,dense70b-tp8,2048,h100,0.5,32,19214106624,2684354560,636315762688,13073708169,643067976,13073708169,13073708169,13716776146,memory
sweep,dense70b-tp8,2048,h100,0.5,64,19214106624,5368709120,1272631525376,14676307906,1286135952,14676307906,14676307906,15962443860,memory
sweep,dense70b-tp8,2048,h100,0.5,128,19214106624,10737418240,2545263050752,17881507381,2572271905,17881507381,17881507381,20453779288,memory
sweep,dense70b-tp8,2048,h100,0.5,256,19214106624,21474836480,5090526101504,24291906330,5144543811,24291906330,24291906330,29436450143,memory
sweep,dense70b-tp8,2048,h100,1,1,19214106624,83886080,19884867584,5760594837,20095874,5760594837,5760594837,5780690712,memory
sweep,dense70b-tp8,2048,h100,1,2,19214106624,167772160,39769735168,5785635457,40191748,5785635457,5785635457,5825827207,memory
sweep,dense70b-tp8,2048,h100,1,4,19214106624,335544320,79539470336,5835716699,80383497,5835716699,5835716699,5916100197,memory
sweep,dense70b-tp8,2048,h100,1,8,19214106624,671088640,159078940672,5935879183,160766994,5935879183,5935879183,6096646178,memory
sweep,dense70b-tp8,2048,h100,1,16,19214106624,1342177280,318157881344,6136204150,321533988,6136204150,6136204150,6457738139,memory
sweep,dense70b-tp8,2048,h100,1,32,19214106624,2684354560,636315762688,6536854084,643067976,6536854084,6536854084,7179922062,memory
sweep,dense70b-tp8,2048,h100,1,64,19214106624,5368709120,1272631525376,7338153953,1286135952,7338153953,7338153953,8624289907,memory
sweep,dense70b-tp8,2048,h100,1,128,19214106624,10737418240,2545263050752,8940753690,2572271905,8940753690,8940753690,11513025597,memory
sweep,dense70b-tp8,2048,h100,1,256,19214106624,21474836480,5090526101504,12145953165,5144543811,12145953165,12145953165,17290496977,memory
sweep,dense70b-tp8,2048,h100,2,1,19214106624,83886080,19884867584,2880297418,20095874,2880297418,2880297418,2900393293,memory
sweep,dense70b-tp8,2048,h100,2,2,19214106624,167772160,39769735168,2892817728,40191748,2892817728,2892817728,2933009478,memory
sweep,dense70b-tp8,2048,h100,2,4,19214106624,335544320,79539470336,2917858349,80383497,2917858349,2917858349,2998241847,memory
sweep,dense70b-tp8,2048,h100,2,8,19214106624,671088640,159078940672,2967939591,160766994,2967939591,2967939591,3128706586,memory
sweep,dense70b-tp8,2048,h100,2,16,19214106624,1342177280,318157881344,3068102075,321533988,3068102075,3068102075,3389636064,memory
sweep,dense70b-tp8,2048,h100,2,32,19214106624,2684354560,636315762688,3268427042,643067976,3268427042,3268427042,3911495019,memory
sweep,dense70b-tp8,2048,h100,2,64,19214106624,5368709120,1272631525376,3669076976,1286135952,3669076976,3669076976,4955212930,memory
sweep,dense70b-tp8,2048,h100,2,128,19214106624,10737418240,2545263050752,4470376845,2572271905,4470376845,4470376845,7042648752,memory
sweep,dense70b-tp8,2048,h100,2,256,19214106624,21474836480,5090526101504,6072976582,5144543811,6072976582,6072976582,11217520395,memory
knee,dense70b-tp8,2048,h100,2,378,19214106624,31708938240,7516479946752,7600454457,7596240471,7600454457,7600454457,15196694930,memory
knee,dense70b-tp8,2048,h100,2,379,19214106624,31792824320,7536364814336,7612974767,7616336345,7616336345,7616336345,15229311114,compute
sweep,dense70b-tp8,2048,h200,0.5,1,19214106624,83886080,19884867584,8040830293,20095874,8040830293,8040830293,8060926168,memory
sweep,dense70b-tp8,2048,h200,0.5,2,19214106624,167772160,39769735168,8075782826,40191748,8075782826,8075782826,8115974576,memory
sweep,dense70b-tp8,2048,h200,0.5,4,19214106624,335544320,79539470336,8145687893,80383497,8145687893,8145687893,8226071391,memory
sweep,dense70b-tp8,2048,h200,0.5,8,19214106624,671088640,159078940672,8285498026,160766994,8285498026,8285498026,8446265021,memory
sweep,dense70b-tp8,2048,h200,0.5,16,19214106624,1342177280,318157881344,8565118293,321533988,8565118293,8565118293,8886652282,memory
sweep,dense70b-tp8,2048,h200,0.5,32,19214106624,2684354560,636315762688,9124358826,643067976,9124358826,9124358826,9767426804,memory
sweep,dense70b-tp8,2048,h200,0.5,64,19214106624,5368709120,1272631525376,10242839893,1286135952,10242839893,10242839893,11528975847,memory
sweep,dense70b-tp8,2048,h200,0.5,128,19214106624,10737418240,2545263050752,12479802026,2572271905,12479802026,12479802026,15052073933,memory
sweep,dense70b-tp8,2048,h200,0.5,256,19214106624,21474836480,5090526101504,16953726293,5144543811,16953726293,16953726293,22098270105,memory
sweep,dense70b-tp8,2048,h200,1,1,19214106624,83886080,19884867584,4020415146,20095874,4020415146,4020415146,4040511021,memory
sweep,dense70b-tp8,2048,h200,1,2,19214106624,167772160,39769735168,4037891413,40191748,4037891413,4037891413,4078083162,memory
sweep,dense70b-tp8,2048,h200,1,4,19214106624,335544320,79539470336,4072843946,80383497,4072843946,4072843946,4153227444,memory
sweep,dense70b-tp8,2048,h200,1,8,19214106624,671088640,159078940672,4142749013,160766994,4142749013,4142749013,4303516008,memory
sweep,dense70b-tp8,2048,h200,1,16,19214106624,1342177280,318157881344,4282559146,321533988,4282559146,4282559146,4604093135,memory
sweep,dense70b-tp8,2048,h200,1,32,19214106624,2684354560,636315762688,4562179413,643067976,4562179413,4562179413,5205247390,memory
sweep,dense70b-tp8,2048,h200,1,64,19214106624,5368709120,1272631525376,5121419946,1286135952,5121419946,5121419946,6407555900,memory
sweep,dense70b-tp8,2048,h200,1,128,19214106624,10737418240,2545263050752,6239901013,2572271905,6239901013,6239901013,8812172920,memory
sweep,dense70b-tp8,2048,h200,1,256,19214106624,21474836480,5090526101504,8476863146,5144543811,8476863146,8476863146,13621406959,memory
knee,dense70b-tp8,2048,h200,1,1528,19214106624,128177930240,30384077668352,30706674346,30706495875,30706674346,30706674346,61413170222,memory
knee,dense70b-tp8,2048,h200,1,1529,19214106624,128261816320,30403962535936,30724150613,30726591749,30726591749,30726591749,61450742363,compute
sweep,dense70b-tp8,2048,h200,2,1,19214106624,83886080,19884867584,2010207573,20095874,2010207573,2010207573,2030303448,memory
sweep,dense70b-tp8,2048,h200,2,2,19214106624,167772160,39769735168,2018945706,40191748,2018945706,2018945706,2059137456,memory
sweep,dense70b-tp8,2048,h200,2,4,19214106624,335544320,79539470336,2036421973,80383497,2036421973,2036421973,2116805471,memory
sweep,dense70b-tp8,2048,h200,2,8,19214106624,671088640,159078940672,2071374506,160766994,2071374506,2071374506,2232141501,memory
sweep,dense70b-tp8,2048,h200,2,16,19214106624,1342177280,318157881344,2141279573,321533988,2141279573,2141279573,2462813562,memory
sweep,dense70b-tp8,2048,h200,2,32,19214106624,2684354560,636315762688,2281089706,643067976,2281089706,2281089706,2924157684,memory
sweep,dense70b-tp8,2048,h200,2,64,19214106624,5368709120,1272631525376,2560709973,1286135952,2560709973,2560709973,3846845927,memory
sweep,dense70b-tp8,2048,h200,2,128,19214106624,10737418240,2545263050752,3119950506,2572271905,3119950506,3119950506,5692222413,memory
knee,dense70b-tp8,2048,h200,2,176,19214106624,14763950080,3499736694784,3539380906,3536873870,3539380906,3539380906,7076254778,memory
knee,dense70b-tp8,2048,h200,2,177,19214106624,14847836160,3519621562368,3548119040,3556969744,3556969744,3556969744,7105088785,compute
sweep,dense70b-tp8,2048,h200,2,256,19214106624,21474836480,5090526101504,4238431573,5144543811,5144543811,5144543811,9382975385,compute
sweep,dense70b-tp8,2048,b100,0.5,1,19214106624,83886080,19884867584,4824498176,11047148,4824498176,4824498176,4835545325,memory
sweep,dense70b-tp8,2048,b100,0.5,2,19214106624,167772160,39769735168,4845469696,22094297,4845469696,4845469696,4867563994,memory
sweep,dense70b-tp8,2048,b100,0.5,4,19214106624,335544320,79539470336,4887412736,44188594,4887412736,4887412736,4931601331,memory
sweep,dense70b-tp8,2048,b100,0.5,8,19214106624,671088640,159078940672,4971298816,88377189,4971298816,4971298816,5059676006,memory
sweep,dense70b-tp8,2048,b100,0.5,16,19214106624,1342177280,318157881344,5139070976,176754378,5139070976,5139070976,5315825355,memory
sweep,dense70b-tp8,2048,b100,0.5,32,19214106624,2684354560,636315762688,5474615296,353508757,5474615296,5474615296,5828124054,memory
sweep,dense70b-tp8,2048,b100,0.5,64,19214106624,5368709120,1272631525376,6145703936,707017514,6145703936,6145703936,6852721451,memory
sweep,dense70b-tp8,2048,b100,0.5,128,19214106624,10737418240,2545263050752,7487881216,1414035028,7487881216,7487881216,8901916245,memory
sweep,dense70b-tp8,2048,b100,0.5,256,19214106624,21474836480,5090526101504,10172235776,2828070056,10172235776,10172235776,13000305833,memory
sweep,dense70b-tp8,2048,b100,1,1,19214106624,83886080,19884867584,2412249088,11047148,2412249088,2412249088,2423296237,memory
sweep,dense70b-tp8,2048,b100,1,2,19214106624,167772160,39769735168,2422734848,22094297,2422734848,2422734848,2444829146,memory
sweep,dense70b-tp8,2048,b100,1,4,19214106624,335544320,79539470336,2443706368,44188594,2443706368,2443706368,2487894963,memory
sweep,dense70b-tp8,2048,b100,1,8,19214106624,671088640,159078940672,2485649408,88377189,2485649408,2485649408,2574026598,memory
sweep,dense70b-tp8,2048,b100,1,16,19214106624,1342177280,318157881344,2569535488,176754378,2569535488,2569535488,2746289867,memory
sweep,dense70b-tp8,2048,b100,1,32,19214106624,2684354560,636315762688,2737307648,353508757,2737307648,2737307648,3090816406,memory
sweep,dense70b-tp8,2048,b100,1,64,19214106624,5368709120,1272631525376,3072851968,707017514,3072851968,3072851968,3779869483,memory
sweep,dense70b-tp8,2048,b100,1,128,19214106624,10737418240,2545263050752,3743940608,1414035028,3743940608,3743940608,5157975637,memory
sweep,dense70b-tp8,2048,b100,1,256,19214106624,21474836480,5090526101504,5086117888,2828070056,5086117888,5086117888,7914187945,memory
knee,dense70b-tp8,2048,b100,1,4278,19214106624,358864650240,85067463524352,47259844608,47259701957,47259844608,47259844608,94519546566,memory
knee,dense70b-tp8,2048,b100,1,4279,19214106624,358948536320,85087348391936,47270330368,47270749106,47270749106,47270749106,94541079475,compute
sweep,dense70b-tp8,2048,b100,2,1,19214106624,83886080,19884867584,1206124544,11047148,1206124544,1206124544,1217171693,memory
sweep,dense70b-tp8,2048,b100,2,2,19214106624,167772160,39769735168,1211367424,22094297,1211367424,1211367424,1233461722,memory
sweep,dense70b-tp8,2048,b100,2,4,19214106624,335544320,79539470336,1221853184,44188594,1221853184,1221853184,1266041779,memory
sweep,dense70b-tp8,2048,b100,2,8,19214106624,671088640,159078940672,1242824704,88377189,1242824704,1242824704,1331201894,memory
sweep,dense70b-tp8,2048,b100,2,16,19214106624,1342177280,318157881344,1284767744,176754378,1284767744,1284767744,1461522123,memory
sweep,dense70b-tp8,2048,b100,2,32,19214106624,2684354560,636315762688,1368653824,353508757,1368653824,1368653824,1722162582,memory
sweep,dense70b-tp8,2048,b100,2,64,19214106624,5368709120,1272631525376,1536425984,707017514,1536425984,1536425984,2243443499,memory
sweep,dense70b-tp8,2048,b100,2,128,19214106624,10737418240,2545263050752,1871970304,1414035028,1871970304,1871970304,3286005333,memory
knee,dense70b-tp8,2048,b100,2,206,19214106624,17280532480,4096282722304,2280914944,2275712623,2280914944,2280914944,4556627568,memory
knee,dense70b-tp8,2048,b100,2,207,19214106624,17364418560,4116167589888,2286157824,2286759772,2286759772,2286759772,4572917597,compute
sweep,dense70b-tp8,2048,b100,2,256,19214106624,21474836480,5090526101504,2543058944,2828070056,2828070056,2828070056,5371129001,compute
sweep,dense70b-tp8,2048,b200,0.5,1,19214106624,83886080,19884867584,4824498176,8837718,4824498176,4824498176,4833335895,memory
sweep,dense70b-tp8,2048,b200,0.5,2,19214106624,167772160,39769735168,4845469696,17675437,4845469696,4845469696,4863145134,memory
sweep,dense70b-tp8,2048,b200,0.5,4,19214106624,335544320,79539470336,4887412736,35350875,4887412736,4887412736,4922763612,memory
sweep,dense70b-tp8,2048,b200,0.5,8,19214106624,671088640,159078940672,4971298816,70701751,4971298816,4971298816,5042000568,memory
sweep,dense70b-tp8,2048,b200,0.5,16,19214106624,1342177280,318157881344,5139070976,141403502,5139070976,5139070976,5280474479,memory
sweep,dense70b-tp8,2048,b200,0.5,32,19214106624,2684354560,636315762688,5474615296,282807005,5474615296,5474615296,5757422302,memory
sweep,dense70b-tp8,2048,b200,0.5,64,19214106624,5368709120,1272631525376,6145703936,565614011,6145703936,6145703936,6711317948,memory
sweep,dense70b-tp8,2048,b200,0.5,128,19214106624,10737418240,2545263050752,7487881216,1131228022,7487881216,7487881216,8619109239,memory
sweep,dense70b-tp8,2048,b200,0.5,256,19214106624,21474836480,5090526101504,10172235776,2262456045,10172235776,10172235776,12434691822,memory
sweep,dense70b-tp8,2048,b200,1,1,19214106624,83886080,19884867584,2412249088,8837718,2412249088,2412249088,2421086807,memory
sweep,dense70b-tp8,2048,b200,1,2,19214106624,167772160,39769735168,2422734848,17675437,2422734848,2422734848,2440410286,memory
sweep,dense70b-tp8,2048,b200,1,4,19214106624,335544320,79539470336,2443706368,35350875,2443706368,2443706368,2479057244,memory
sweep,dense70b-tp8,2048,b200,1,8,19214106624,671088640,159078940672,2485649408,70701751,2485649408,2485649408,2556351160,memory
sweep,dense70b-tp8,2048,b200,1,16,19214106624,1342177280,318157881344,2569535488,141403502,2569535488,2569535488,2710938991,memory
sweep,dense70b-tp8,2048,b200,1,32,19214106624,2684354560,636315762688,2737307648,282807005,2737307648,2737307648,3020114654,memory
sweep,dense70b-tp8,2048,b200,1,64,19214106624,5368709120,1272631525376,3072851968,565614011,3072851968,3072851968,3638465980,memory
sweep,dense70b-tp8,2048,b200,1,128,19214106624,10737418240,2545263050752,3743940608,1131228022,3743940608,3743940608,4875168631,memory
sweep,dense70b-tp8,2048,b200,1,256,19214106624,21474836480,5090526101504,5086117888,2262456045,5086117888,5086117888,7348573934,memory
sweep,dense70b-tp8,2048,b200,2,1,19214106624,83886080,19884867584,1206124544,8837718,1206124544,1206124544,1214962263,memory
sweep,dense70b-tp8,2048,b200,2,2,19214106624,167772160,39769735168,1211367424,17675437,1211367424,1211367424,1229042862,memory
sweep,dense70b-tp8,2048,b200,2,4,19214106624,335544320,79539470336,1221853184,35350875,1221853184,1221853184,1257204060,memory
sweep,dense70b-tp8,2048,b200,2,8,19214106624,671088640,159078940672,1242824704,70701751,1242824704,1242824704,1313526456,memory
sweep,dense70b-tp8,2048,b200,2,16,19214106624,1342177280,318157881344,1284767744,141403502,1284767744,1284767744,1426171247,memory
sweep,dense70b-tp8,2048,b200,2,32,19214106624,2684354560,636315762688,1368653824,282807005,1368653824,1368653824,1651460830,memory
sweep,dense70b-tp8,2048,b200,2,64,19214106624,5368709120,1272631525376,1536425984,565614011,1536425984,1536425984,2102039996,memory
sweep,dense70b-tp8,2048,b200,2,128,19214106624,10737418240,2545263050752,1871970304,1131228022,1871970304,1871970304,3003198327,memory
sweep,dense70b-tp8,2048,b200,2,256,19214106624,21474836480,5090526101504,2543058944,2262456045,2543058944,2543058944,4805514990,memory
knee,dense70b-tp8,2048,b200,2,334,19214106624,28017950720,6641545773056,2952003584,2951798121,2952003584,2952003584,5903801706,memory
knee,dense70b-tp8,2048,b200,2,335,19214106624,28101836800,6661430640640,2957246464,2960635840,2960635840,2960635840,5917882305,compute
sweep,deepseek-v3-ep72,2000,a100,0.5,1,27446643040,140544000,112322823926,27059526277,360009051,27059526277,27059526277,27419535329,memory
sweep,deepseek-v3-ep72,2000,a100,0.5,2,27446643040,281088000,224645647852,27197382089,720018102,27197382089,27197382089,27917400192,memory
sweep,deepseek-v3-ep72,2000,a100,0.5,4,27446643040,562176000,449291295704,27473093712,1440036204,27473093712,27473093712,28913129917,memory
sweep,deepseek-v3-ep72,2000,a100,0.5,8,27446643040,1124352000,898582591408,28024516959,2880072408,28024516959,28024516959,30904589368,memory
sweep,deepseek-v3-ep72,2000,a100,0.5,16,27446643040,2248704000,1797165182816,29127363452,5760144816,29127363452,29127363452,34887508270,memory
sweep,deepseek-v3-ep72,2000,a100,0.5,32,27446643040,4497408000,3594330365632,31333056439,11520289633,31333056439,31333056439,42853346073,memory
sweep,deepseek-v3-ep72,2000,a100,0.5,64,27446643040,8994816000,7188660731264,35744442412,23040579266,35744442412,35744442412,58785021680,memory
knee,deepseek-v3-ep72,2000,a100,0.5,121,27446643040,17005824000,13591061695046,43602223678,43561095176,43602223678,43602223678,87163318855,memory
knee,deepseek-v3-ep72,2000,a100,0.5,122,27446643040,17146368000,13703384518972,43740079489,43921104227,43921104227,43921104227,87661183718,compute
sweep,deepseek-v3-ep72,2000,a100,0.5,128,27446643040,17989632000,14377321462528,44567214359,46081158533,46081158533,46081158533,90648372894,compute
sweep,deepseek-v3-ep72,2000,a100,0.5,256,27446643040,35979264000,28754642925056,62212758254,92162317067,92162317067,92162317067,154375075322,compute
sweep,deepseek-v3-ep72,2000,a100,1,1,27446643040,140544000,112322823926,13529763138,360009051,13529763138,13529763138,13889772190,memory
sweep,deepseek-v3-ep72,2000,a100,1,2,27446643040,281088000,224645647852,13598691044,720018102,13598691044,13598691044,14318709147,memory
sweep,deepseek-v3-ep72,2000,a100,1,4,27446643040,562176000,449291295704,13736546856,1440036204,13736546856,13736546856,15176583061,memory
sweep,deepseek-v3-ep72,2000,a100,1,8,27446643040,1124352000,898582591408,14012258479,2880072408,14012258479,14012258479,16892330889,memory
sweep,deepseek-v3-ep72,2000,a100,1,16,27446643040,2248704000,1797165182816,14563681726,5760144816,14563681726,14563681726,20323826544,memory
sweep,deepseek-v3-ep72,2000,a100,1,32,27446643040,4497408000,3594330365632,15666528219,11520289633,15666528219,15666528219,27186817854,memory
knee,deepseek-v3-ep72,2000,a100,1,46,27446643040,6465024000,5166849900596,16631518901,16560416348,16631518901,16631518901,33191935250,memory
knee,deepseek-v3-ep72,2000,a100,1,47,27446643040,6605568000,5279172724522,16700446807,16920425399,16920425399,16920425399,33620872207,compute
sweep,deepseek-v3-ep72,2000,a100,1,64,27446643040,8994816000,7188660731264,17872221206,23040579266,23040579266,23040579266,40912800474,compute
sweep,deepseek-v3-ep72,2000,a100,1,128,27446643040,17989632000,14377321462528,22283607179,46081158533,46081158533,46081158533,68364765714,compute
sweep,deepseek-v3-ep72,2000,a100,1,256,27446643040,35979264000,28754642925056,31106379127,92162317067,92162317067,92162317067,123268696195,compute
sweep,deepseek-v3-ep72,2000,a100,2,1,27446643040,140544000,112322823926,6764881569,360009051,6764881569,6764881569,7124890621,memory
sweep,deepseek-v3-ep72,2000,a100,2,2,27446643040,281088000,224645647852,6799345522,720018102,6799345522,6799345522,7519363625,memory
sweep,deepseek-v3-ep72,2000,a100,2,4,27446643040,562176000,449291295704,6868273428,1440036204,6868273428,6868273428,8308309633,memory
sweep,deepseek-v3-ep72,2000,a100,2,8,27446643040,1124352000,898582591408,7006129239,2880072408,7006129239,7006129239,9886201649,memory
sweep,deepseek-v3-ep72,2000,a100,2,16,27446643040,2248704000,1797165182816,7281840863,5760144816,7281840863,7281840863,13041985680,memory
knee,deepseek-v3-ep72,2000,a100,2,20,27446643040,2810880000,2246456478520,7419696674,7200181020,7419696674,7419696674,14619877696,memory
knee,deepseek-v3-ep72,2000,a100,2,21,27446643040,2951424000,2358779302446,7454160627,7560190071,7560190071,7560190071,15014350700,compute
sweep,deepseek-v3-ep72,2000,a100,2,32,27446643040,4497408000,3594330365632,7833264109,11520289633,11520289633,11520289633,19353553744,compute
sweep,deepseek-v3-ep72,2000,a100,2,64,27446643040,8994816000,7188660731264,8936110603,23040579266,23040579266,23040579266,31976689871,compute
sweep,deepseek-v3-ep72,2000,a100,2,128,27446643040,17989632000,14377321462528,11141803589,46081158533,46081158533,46081158533,57222962124,compute
sweep,deepseek-v3-ep72,2000,a100,2,256,27446643040,35979264000,28754642925056,15553189563,92162317067,92162317067,92162317067,107715506631,compute
sweep,deepseek-v3-ep72,2000,h100,0.5,1,27446643040,140544000,112322823926,16469962411,113514728,16469962411,16469962411,16583477141,memory
sweep,deepseek-v3-ep72,2000,h100,0.5,2,27446643040,281088000,224645647852,16553869277,227029457,16553869277,16553869277,16780898735,memory
sweep,deepseek-v3-ep72,2000,h100,0.5,4,27446643040,562176000,449291295704,16721683008,454058914,16721683008,16721683008,17175741924,memory
sweep,deepseek-v3-ep72,2000,h100,0.5,8,27446643040,1124352000,898582591408,17057310471,908117828,17057310471,17057310471,17965428301,memory
sweep,deepseek-v3-ep72,2000,h100,0.5,16,27446643040,2248704000,1797165182816,17728565397,1816235657,17728565397,17728565397,19544801055,memory
sweep,deepseek-v3-ep72,2000,h100,0.5,32,27446643040,4497408000,3594330365632,19071075247,3632471314,19071075247,19071075247,22703546563,memory
sweep,deepseek-v3-ep72,2000,h100,0.5,64,27446643040,8994816000,7188660731264,21756094949,7264942628,21756094949,21756094949,29021037579,memory
sweep,deepseek-v3-ep72,2000,h100,0.5,128,27446643040,17989632000,14377321462528,27126134352,14529885257,27126134352,27126134352,41656019610,memory
sweep,deepseek-v3-ep72,2000,h100,0.5,256,27446643040,35979264000,28754642925056,37866213158,29059770515,37866213158,37866213158,66925983674,memory
knee,deepseek-v3-ep72,2000,h100,0.5,553,27446643040,77720832000,62114521631078,62786552262,62773644902,62786552262,62786552262,125560197166,memory
knee,deepseek-v3-ep72,2000,h100,0.5,554,27446643040,77861376000,62226844455004,62870459128,62887159631,62887159631,62887159631,125757618760,compute
sweep,deepseek-v3-ep72,2000,h100,1,1,27446643040,140544000,112322823926,8234981205,113514728,8234981205,8234981205,8348495935,memory
sweep,deepseek-v3-ep72,2000,h100,1,2,27446643040,281088000,224645647852,8276934638,227029457,8276934638,8276934638,8503964096,memory
sweep,deepseek-v3-ep72,2000,h100,1,4,27446643040,562176000,449291295704,8360841504,454058914,8360841504,8360841504,8814900419,memory
sweep,deepseek-v3-ep72,2000,h100,1,8,27446643040,1124352000,898582591408,8528655235,908117828,8528655235,8528655235,9436773065,memory
sweep,deepseek-v3-ep72,2000,h100,1,16,27446643040,2248704000,1797165182816,8864282698,1816235657,8864282698,8864282698,10680518356,memory
sweep,deepseek-v3-ep72,2000,h100,1,32,27446643040,4497408000,3594330365632,9535537623,3632471314,9535537623,9535537623,13168008939,memory
sweep,deepseek-v3-ep72,2000,h100,1,64,27446643040,8994816000,7188660731264,10878047474,7264942628,10878047474,10878047474,18142990104,memory
knee,deepseek-v3-ep72,2000,h100,1,114,27446643040,16022016000,12804801927564,12975719116,12940679057,12975719116,12975719116,25916398175,memory
knee,deepseek-v3-ep72,2000,h100,1,115,27446643040,16162560000,12917124751490,13017672549,13054193786,13054193786,13054193786,26071866336,compute
sweep,deepseek-v3-ep72,2000,h100,1,128,27446643040,17989632000,14377321462528,13563067176,14529885257,14529885257,14529885257,28092952434,compute
sweep,deepseek-v3-ep72,2000,h100,1,256,27446643040,35979264000,28754642925056,18933106579,29059770515,29059770515,29059770515,47992877095,compute
sweep,deepseek-v3-ep72,2000,h100,2,1,27446643040,140544000,112322823926,4117490602,113514728,4117490602,4117490602,4231005332,memory
sweep,deepseek-v3-ep72,2000,h100,2,2,27446643040,281088000,224645647852,4138467319,227029457,4138467319,4138467319,4365496777,memory
sweep,deepseek-v3-ep72,2000,h100,2,4,27446643040,562176000,449291295704,4180420752,454058914,4180420752,4180420752,4634479667,memory
sweep,deepseek-v3-ep72,2000,h100,2,8,27446643040,1124352000,898582591408,4264327617,908117828,4264327617,4264327617,5172445447,memory
sweep,deepseek-v3-ep72,2000,h100,2,16,27446643040,2248704000,1797165182816,4432141349,1816235657,4432141349,4432141349,6248377007,memory
sweep,deepseek-v3-ep72,2000,h100,2,32,27446643040,4497408000,3594330365632,4767768811,3632471314,4767768811,4767768811,8400240127,memory
knee,deepseek-v3-ep72,2000,h100,2,44,27446643040,6183936000,4942204252744,5019489408,4994648057,5019489408,5019489408,10014137467,memory
knee,deepseek-v3-ep72,2000,h100,2,45,27446643040,6324480000,5054527076670,5040466125,5108162785,5108162785,5108162785,10148628912,compute
sweep,deepseek-v3-ep72,2000,h100,2,64,27446643040,8994816000,7188660731264,5439023737,7264942628,7264942628,7264942628,12703966367,compute
sweep,deepseek-v3-ep72,2000,h100,2,128,27446643040,17989632000,14377321462528,6781533588,14529885257,14529885257,14529885257,21311418846,compute
sweep,deepseek-v3-ep72,2000,h100,2,256,27446643040,35979264000,28754642925056,9466553289,29059770515,29059770515,29059770515,38526323806,compute
sweep,deepseek-v3-ep72,2000,h200,0.5,1,27446643040,140544000,112322823926,11494661266,113514728,11494661266,11494661266,11608175996,memory
sweep,deepseek-v3-ep72,2000,h200,0.5,2,27446643040,281088000,224645647852,11553221266,227029457,11553221266,11553221266,11780250724,memory
sweep,deepseek-v3-ep72,2000,h200,0.5,4,27446643040,562176000,449291295704,11670341266,454058914,11670341266,11670341266,12124400181,memory
sweep,deepseek-v3-ep72,2000,h200,0.5,8,27446643040,1124352000,898582591408,11904581266,908117828,11904581266,11904581266,12812699096,memory
sweep,deepseek-v3-ep72,2000,h200,0.5,16,27446643040,2248704000,1797165182816,12373061266,1816235657,12373061266,12373061266,14189296924,memory
sweep,deepseek-v3-ep72,2000,h200,0.5,32,27446643040,4497408000,3594330365632,13310021266,3632471314,13310021266,13310021266,16942492582,memory
sweep,deepseek-v3-ep72,2000,h200,0.5,64,27446643040,8994816000,7188660731264,15183941266,7264942628,15183941266,15183941266,22448883896,memory
sweep,deepseek-v3-ep72,2000,h200,0.5,128,27446643040,17989632000,14377321462528,18931781266,14529885257,18931781266,18931781266,33461666525,memory
knee,deepseek-v3-ep72,2000,h200,0.5,208,27446643040,29233152000,23363147376608,23616581266,23611063543,23616581266,23616581266,47227644811,memory
knee,deepseek-v3-ep72,2000,h200,0.5,209,27446643040,29373696000,23475470200534,23675141266,23724578272,23724578272,23724578272,47399719540,compute
sweep,deepseek-v3-ep72,2000,h200,0.5,256,27446643040,35979264000,28754642925056,26427461266,29059770515,29059770515,29059770515,55487231783,compute
sweep,deepseek-v3-ep72,2000,h200,1,1,27446643040,140544000,112322823926,5747330633,113514728,5747330633,5747330633,5860845362,memory
sweep,deepseek-v3-ep72,2000,h200,1,2,27446643040,281088000,224645647852,5776610633,227029457,5776610633,5776610633,6003640091,memory
sweep,deepseek-v3-ep72,2000,h200,1,4,27446643040,562176000,449291295704,5835170633,454058914,5835170633,5835170633,6289229548,memory
sweep,deepseek-v3-ep72,2000,h200,1,8,27446643040,1124352000,898582591408,5952290633,908117828,5952290633,5952290633,6860408462,memory
sweep,deepseek-v3-ep72,2000,h200,1,16,27446643040,2248704000,1797165182816,6186530633,1816235657,6186530633,6186530633,8002766291,memory
sweep,deepseek-v3-ep72,2000,h200,1,32,27446643040,4497408000,3594330365632,6655010633,3632471314,6655010633,6655010633,10287481948,memory
sweep,deepseek-v3-ep72,2000,h200,1,64,27446643040,8994816000,7188660731264,7591970633,7264942628,7591970633,7591970633,14856913263,memory
knee,deepseek-v3-ep72,2000,h200,1,67,27446643040,9416448000,7525629203042,7679810633,7605486814,7679810633,7679810633,15285297448,memory
knee,deepseek-v3-ep72,2000,h200,1,68,27446643040,9556992000,7637952026968,7709090633,7719001543,7719001543,7719001543,15428092177,compute
sweep,deepseek-v3-ep72,2000,h200,1,128,27446643040,17989632000,14377321462528,9465890633,14529885257,14529885257,14529885257,23995775892,compute
sweep,deepseek-v3-ep72,2000,h200,1,256,27446643040,35979264000,28754642925056,13213730633,29059770515,29059770515,29059770515,42273501149,compute
sweep,deepseek-v3-ep72,2000,h200,2,1,27446643040,140544000,112322823926,2873665316,113514728,2873665316,2873665316,2987180046,memory
sweep,deepseek-v3-ep72,2000,h200,2,2,27446643040,281088000,224645647852,2888305316,227029457,2888305316,2888305316,3115334774,memory
sweep,deepseek-v3-ep72,2000,h200,2,4,27446643040,562176000,449291295704,2917585316,454058914,2917585316,2917585316,3371644231,memory
sweep,deepseek-v3-ep72,2000,h200,2,8,27446643040,1124352000,898582591408,2976145316,908117828,2976145316,2976145316,3884263146,memory
sweep,deepseek-v3-ep72,2000,h200,2,16,27446643040,2248704000,1797165182816,3093265316,1816235657,3093265316,3093265316,4909500974,memory
knee,deepseek-v3-ep72,2000,h200,2,28,27446643040,3935232000,3145039069928,3268945316,3178412400,3268945316,3268945316,6447357717,memory
knee,deepseek-v3-ep72,2000,h200,2,29,27446643040,4075776000,3257361893854,3283585316,3291927128,3291927128,3291927128,6575512446,compute
sweep,deepseek-v3-ep72,2000,h200,2,32,27446643040,4497408000,3594330365632,3327505316,3632471314,3632471314,3632471314,6959976632,compute
sweep,deepseek-v3-ep72,2000,h200,2,64,27446643040,8994816000,7188660731264,3795985316,7264942628,7264942628,7264942628,11060927946,compute
sweep,deepseek-v3-ep72,2000,h200,2,128,27446643040,17989632000,14377321462528,4732945316,14529885257,14529885257,14529885257,19262830575,compute
sweep,deepseek-v3-ep72,2000,h200,2,256,27446643040,35979264000,28754642925056,6606865316,29059770515,29059770515,29059770515,35666635833,compute
sweep,deepseek-v3-ep72,2000,b100,0.5,1,27446643040,140544000,112322823926,6896796760,62401568,6896796760,6896796760,6959198329,memory
sweep,deepseek-v3-ep72,2000,b100,0.5,2,27446643040,281088000,224645647852,6931932760,124803137,6931932760,6931932760,7056735898,memory
sweep,deepseek-v3-ep72,2000,b100,0.5,4,27446643040,562176000,449291295704,7002204760,249606275,7002204760,7002204760,7251811036,memory
sweep,deepseek-v3-ep72,2000,b100,0.5,8,27446643040,1124352000,898582591408,7142748760,499212550,7142748760,7142748760,7641961311,memory
sweep,deepseek-v3-ep72,2000,b100,0.5,16,27446643040,2248704000,1797165182816,7423836760,998425101,7423836760,7423836760,8422261862,memory
sweep,deepseek-v3-ep72,2000,b100,0.5,32,27446643040,4497408000,3594330365632,7986012759,1996850203,7986012759,7986012760,9982862964,memory
sweep,deepseek-v3-ep72,2000,b100,0.5,64,27446643040,8994816000,7188660731264,9110364760,3993700406,9110364760,9110364760,13104065167,memory
sweep,deepseek-v3-ep72,2000,b100,0.5,128,27446643040,17989632000,14377321462528,11359068760,7987400812,11359068760,11359068760,19346469573,memory
knee,deepseek-v3-ep72,2000,b100,0.5,251,27446643040,35276544000,28193028805426,15680796760,15662793780,15680796760,15680796760,31343590541,memory
knee,deepseek-v3-ep72,2000,b100,0.5,252,27446643040,35417088000,28305351629352,15715932759,15725195349,15725195349,15725195349,31441128110,compute
sweep,deepseek-v3-ep72,2000,b100,0.5,256,27446643040,35979264000,28754642925056,15856476760,15974801625,15974801625,15974801625,31831278386,compute
sweep,deepseek-v3-ep72,2000,b100,1,1,27446643040,140544000,112322823926,3448398380,62401568,3448398380,3448398380,3510799949,memory
sweep,deepseek-v3-ep72,2000,b100,1,2,27446643040,281088000,224645647852,3465966380,124803137,3465966380,3465966380,3590769518,memory
sweep,deepseek-v3-ep72,2000,b100,1,4,27446643040,562176000,449291295704,3501102380,249606275,3501102380,3501102380,3750708656,memory
sweep,deepseek-v3-ep72,2000,b100,1,8,27446643040,1124352000,898582591408,3571374380,499212550,3571374380,3571374380,4070586931,memory
sweep,deepseek-v3-ep72,2000,b100,1,16,27446643040,2248704000,1797165182816,3711918380,998425101,3711918380,3711918380,4710343482,memory
sweep,deepseek-v3-ep72,2000,b100,1,32,27446643040,4497408000,3594330365632,3993006379,1996850203,3993006379,3993006380,5989856584,memory
sweep,deepseek-v3-ep72,2000,b100,1,64,27446643040,8994816000,7188660731264,4555182380,3993700406,4555182380,4555182380,8548882787,memory
knee,deepseek-v3-ep72,2000,b100,1,76,27446643040,10681344000,8536534618376,4765998380,4742519232,4765998380,4765998380,9508517613,memory
knee,deepseek-v3-ep72,2000,b100,1,77,27446643040,10821888000,8648857442302,4783566380,4804920801,4804920801,4804920801,9588487182,compute
sweep,deepseek-v3-ep72,2000,b100,1,128,27446643040,17989632000,14377321462528,5679534380,7987400812,7987400812,7987400812,13666935193,compute
sweep,deepseek-v3-ep72,2000,b100,1,256,27446643040,35979264000,28754642925056,7928238380,15974801625,15974801625,15974801625,23903040006,compute
sweep,deepseek-v3-ep72,2000,b100,2,1,27446643040,140544000,112322823926,1724199190,62401568,1724199190,1724199190,1786600759,memory
sweep,deepseek-v3-ep72,2000,b100,2,2,27446643040,281088000,224645647852,1732983190,124803137,1732983190,1732983190,1857786328,memory
sweep,deepseek-v3-ep72,2000,b100,2,4,27446643040,562176000,449291295704,1750551190,249606275,1750551190,1750551190,2000157466,memory
sweep,deepseek-v3-ep72,2000,b100,2,8,27446643040,1124352000,898582591408,1785687190,499212550,1785687190,1785687190,2284899741,memory
sweep,deepseek-v3-ep72,2000,b100,2,16,27446643040,2248704000,1797165182816,1855959190,998425101,1855959190,1855959190,2854384292,memory
knee,deepseek-v3-ep72,2000,b100,2,31,27446643040,4356864000,3482007541706,1987719189,1934448634,1987719189,1987719190,3922167825,memory
sweep,deepseek-v3-ep72,2000,b100,2,32,27446643040,4497408000,3594330365632,1996503189,1996850203,1996850203,1996850203,3993353394,compute
sweep,deepseek-v3-ep72,2000,b100,2,64,27446643040,8994816000,7188660731264,2277591190,3993700406,3993700406,3993700406,6271291597,compute
sweep,deepseek-v3-ep72,2000,b100,2,128,27446643040,17989632000,14377321462528,2839767190,7987400812,7987400812,7987400812,10827168003,compute
sweep,deepseek-v3-ep72,2000,b100,2,256,27446643040,35979264000,28754642925056,3964119190,15974801625,15974801625,15974801625,19938920816,compute
sweep,deepseek-v3-ep72,2000,b200,0.5,1,27446643040,140544000,112322823926,6896796760,49921255,6896796760,6896796760,6946718016,memory
sweep,deepseek-v3-ep72,2000,b200,0.5,2,27446643040,281088000,224645647852,6931932760,99842510,6931932760,6931932760,7031775271,memory
sweep,deepseek-v3-ep72,2000,b200,0.5,4,27446643040,562176000,449291295704,7002204760,199685020,7002204760,7002204760,7201889781,memory
sweep,deepseek-v3-ep72,2000,b200,0.5,8,27446643040,1124352000,898582591408,7142748760,399370040,7142748760,7142748760,7542118801,memory
sweep,deepseek-v3-ep72,2000,b200,0.5,16,27446643040,2248704000,1797165182816,7423836760,798740081,7423836760,7423836760,8222576842,memory
sweep,deepseek-v3-ep72,2000,b200,0.5,32,27446643040,4497408000,3594330365632,7986012759,1597480162,7986012759,7986012760,9583492923,memory
sweep,deepseek-v3-ep72,2000,b200,0.5,64,27446643040,8994816000,7188660731264,9110364760,3194960325,9110364760,9110364760,12305325086,memory
sweep,deepseek-v3-ep72,2000,b200,0.5,128,27446643040,17989632000,14377321462528,11359068760,6389920650,11359068760,11359068760,17748989411,memory
sweep,deepseek-v3-ep72,2000,b200,0.5,256,27446643040,35979264000,28754642925056,15856476760,12779841300,15856476760,15856476760,28636318061,memory
knee,deepseek-v3-ep72,2000,b200,0.5,464,27446643040,65212416000,52117790301664,23164764760,23163462356,23164764760,23164764760,46328227117,memory
knee,deepseek-v3-ep72,2000,b200,0.5,465,27446643040,65352960000,52230113125590,23199900760,23213383611,23213383611,23213383611,46413284372,compute
sweep,deepseek-v3-ep72,2000,b200,1,1,27446643040,140544000,112322823926,3448398380,49921255,3448398380,3448398380,3498319636,memory
sweep,deepseek-v3-ep72,2000,b200,1,2,27446643040,281088000,224645647852,3465966380,99842510,3465966380,3465966380,3565808891,memory
sweep,deepseek-v3-ep72,2000,b200,1,4,27446643040,562176000,449291295704,3501102380,199685020,3501102380,3501102380,3700787401,memory
sweep,deepseek-v3-ep72,2000,b200,1,8,27446643040,1124352000,898582591408,3571374380,399370040,3571374380,3571374380,3970744421,memory
sweep,deepseek-v3-ep72,2000,b200,1,16,27446643040,2248704000,1797165182816,3711918380,798740081,3711918380,3711918380,4510658462,memory
sweep,deepseek-v3-ep72,2000,b200,1,32,27446643040,4497408000,3594330365632,3993006379,1597480162,3993006379,3993006380,5590486543,memory
sweep,deepseek-v3-ep72,2000,b200,1,64,27446643040,8994816000,7188660731264,4555182380,3194960325,4555182380,4555182380,7750142706,memory
knee,deepseek-v3-ep72,2000,b200,1,106,27446643040,14897664000,11906219336156,5293038380,5291653038,5293038380,5293038380,10584691419,memory
knee,deepseek-v3-ep72,2000,b200,1,107,27446643040,15038208000,12018542160082,5310606380,5341574293,5341574293,5341574293,10652180674,compute
sweep,deepseek-v3-ep72,2000,b200,1,128,27446643040,17989632000,14377321462528,5679534380,6389920650,6389920650,6389920650,12069455031,compute
sweep,deepseek-v3-ep72,2000,b200,1,256,27446643040,35979264000,28754642925056,7928238380,12779841300,12779841300,12779841300,20708079681,compute
sweep,deepseek-v3-ep72,2000,b200,2,1,27446643040,140544000,112322823926,1724199190,49921255,1724199190,1724199190,1774120446,memory
sweep,deepseek-v3-ep72,2000,b200,2,2,27446643040,281088000,224645647852,1732983190,99842510,1732983190,1732983190,1832825701,memory
sweep,deepseek-v3-ep72,2000,b200,2,4,27446643040,562176000,449291295704,1750551190,199685020,1750551190,1750551190,1950236211,memory
sweep,deepseek-v3-ep72,2000,b200,2,8,27446643040,1124352000,898582591408,1785687190,399370040,1785687190,1785687190,2185057231,memory
sweep,deepseek-v3-ep72,2000,b200,2,16,27446643040,2248704000,1797165182816,1855959190,798740081,1855959190,1855959190,2654699272,memory
sweep,deepseek-v3-ep72,2000,b200,2,32,27446643040,4497408000,3594330365632,1996503189,1597480162,1996503189,1996503190,3593983353,memory
knee,deepseek-v3-ep72,2000,b200,2,41,27446643040,5762304000,4605235780966,2075559190,2046771458,2075559190,2075559190,4122330649,memory
knee,deepseek-v3-ep72,2000,b200,2,42,27446643040,5902848000,4717558604892,2084343190,2096692713,2096692713,2096692713,4181035904,compute
sweep,deepseek-v3-ep72,2000,b200,2,64,27446643040,8994816000,7188660731264,2277591190,3194960325,3194960325,3194960325,5472551516,compute
sweep,deepseek-v3-ep72,2000,b200,2,128,27446643040,17989632000,14377321462528,2839767190,6389920650,6389920650,6389920650,9229687841,compute
sweep,deepseek-v3-ep72,2000,b200,2,256,27446643040,35979264000,28754642925056,3964119190,12779841300,12779841300,12779841300,16743960491,compute
external,qwen3-32b-fp8-tp4,4250,h200,1,64,7995883520,17825792000,1166009794560,5379515733,589191407,5379515733,5379515733,5968707141,memory
