scope,model,context,device,hbm_scale,batch,weight_bytes,kv_bytes,flops,memory_ps,compute_ps,tpot_ps,rational_floor_ps,serial_ceiling_ps,bound,weight_floor_ps,tpot_ms,tp,ep,request_tokens_per_second,throughput_tokens_per_second_per_gpu,throughput_decimal,hbm_bytes_per_second,peak_flops,cache_to_weight_ratio,weight_cache_equal_batch,crossover_batch,relative_to_crossover,evidence_class,capacity_status,deployment_step_ps,deployment_guards_ok
sweep,dense7b-tp1,1,a100,0.5,1,15009316864,131072,15009316864,14722361879,48106784,14722361879,14722361879,14770468665,memory,14722233314,14.722361879,1,1,1000000000000/14722361879,1000000000000/14722361879,67.92388396772135,1019500000000,312000000000000,1/114512,114512,4465968000/14554123,below,ROOFLINE,unchecked,unavailable,True
sweep,dense7b-tp1,1,a100,0.5,2,15009316864,262144,30018633728,14722490444,96213569,14722490444,14722490444,14818704014,memory,14722233314,14.722490444,1,1,250000000000/3680622611,500000000000/3680622611,135.84658163694579,1019500000000,312000000000000,1/57256,114512,4465968000/14554123,below,ROOFLINE,unchecked,unavailable,True
sweep,dense7b-tp1,1,a100,0.5,4,15009316864,524288,60037267456,14722747574,192427139,14722747574,14722747574,14915174714,memory,14722233314,14.722747574,1,1,500000000000/7361373787,2000000000000/7361373787,271.6884182042147,1019500000000,312000000000000,1/28628,114512,4465968000/14554123,below,ROOFLINE,unchecked,unavailable,True
sweep,dense7b-tp1,1,a100,0.5,8,15009316864,1048576,120074534912,14723261834,384854278,14723261834,14723261834,15108116113,memory,14722233314,14.723261834,1,1,500000000000/7361630917,4000000000000/7361630917,543.3578571241485,1019500000000,312000000000000,1/14314,114512,4465968000/14554123,below,ROOFLINE,unchecked,unavailable,True
sweep,dense7b-tp1,1,a100,0.5,16,15009316864,2097152,240149069824,14724290354,769708557,14724290354,14724290354,15493998912,memory,14722233314,14.724290354,1,1,500000000000/7362145177,8000000000000/7362145177,1086.6398050656098,1019500000000,312000000000000,1/7157,114512,4465968000/14554123,below,ROOFLINE,unchecked,unavailable,True
sweep,dense7b-tp1,1,a100,0.5,32,15009316864,4194304,480298139648,14726347393,1539417114,14726347393,14726347393,16265764509,memory,14722233314,14.726347393,1,1,1000000000000/14726347393,32000000000000/14726347393,2172.9760371679695,1019500000000,312000000000000,2/7157,114512,4465968000/14554123,below,ROOFLINE,unchecked,unavailable,True
sweep,dense7b-tp1,1,a100,0.5,64,15009316864,8388608,960596279296,14730461473,3078834228,14730461473,14730461473,17809295702,memory,14722233314,14.730461473,1,1,1000000000000/14730461473,64000000000000/14730461473,4344.738290603314,1019500000000,312000000000000,4/7157,114512,4465968000/14554123,below,ROOFLINE,unchecked,unavailable,True
sweep,dense7b-tp1,1,a100,0.5,128,15009316864,16777216,1921192558592,14738689632,6157668457,14738689632,14738689632,20896358090,memory,14722233314,14.738689632,1,1,31250000000/460584051,4000000000000/460584051,8684.625512575554,1019500000000,312000000000000,8/7157,114512,4465968000/14554123,below,ROOFLINE,unchecked,unavailable,True
sweep,dense7b-tp1,1,a100,0.5,256,15009316864,33554432,3842385117184,14755145949,12315336914,14755145949,14755145949,27070482865,memory,14722233314,14.755145949,1,1,1000000000000/14755145949,256000000000000/14755145949,17349.879213993805,1019500000000,312000000000000,16/7157,114512,4465968000/14554123,below,ROOFLINE,unchecked,unavailable,True
knee,dense7b-tp1,1,a100,0.5,306,15009316864,40108032,4592850960384,14761574199,14720676155,14761574199,14761574199,29482250355,memory,14722233314,14.761574199,1,1,1000000000000/14761574199,34000000000000/1640174911,20729.496453076765,1019500000000,312000000000000,9/3368,114512,4465968000/14554123,below,ROOFLINE,unchecked,unavailable,True
knee,dense7b-tp1,1,a100,0.5,307,15009316864,40239104,4607860277248,14761702764,14768782939,14768782939,14768782939,29530485704,compute,14722233314,14.768782939,1,1,1000000000000/14768782939,307000000000000/14768782939,20787.088636078708,1019500000000,312000000000000,307/114512,114512,4465968000/14554123,at-or-above,ROOFLINE,unchecked,unavailable,True
sweep,dense7b-tp1,1,a100,1,1,15009316864,131072,15009316864,7361180939,48106784,7361180939,7361180939,7409287725,memory,7361116657,7.361180939,1,1,1000000000000/7361180939,1000000000000/7361180939,135.84776794467,2039000000000,312000000000000,1/114512,114512,2232984000/14573623,below,ROOFLINE,unchecked,unavailable,True
sweep,dense7b-tp1,1,a100,1,2,15009316864,262144,30018633728,7361245222,96213569,7361245222,7361245222,7457458792,memory,7361116657,7.361245222,1,1,500000000000/3680622611,1000000000000/3680622611,271.69316327389157,2039000000000,312000000000000,1/57256,114512,2232984000/14573623,below,ROOFLINE,unchecked,unavailable,True
sweep,dense7b-tp1,1,a100,1,4,15009316864,524288,60037267456,7361373787,192427139,7361373787,7361373787,7553800927,memory,7361116657,7.361373787,1,1,1000000000000/7361373787,4000000000000/7361373787,543.3768364084294,2039000000000,312000000000000,1/28628,114512,2232984000/14573623,below,ROOFLINE,unchecked,unavailable,True
sweep,dense7b-tp1,1,a100,1,8,15009316864,1048576,120074534912,7361630917,384854278,7361630917,7361630917,7746485196,memory,7361116657,7.361630917,1,1,1000000000000/7361630917,8000000000000/7361630917,1086.715714248297,2039000000000,312000000000000,1/14314,114512,2232984000/14573623,below,ROOFLINE,unchecked,unavailable,True
sweep,dense7b-tp1,1,a100,1,16,15009316864,2097152,240149069824,7362145177,769708557,7362145177,7362145177,8131853735,memory,7361116657,7.362145177,1,1,1000000000000/7362145177,16000000000000/7362145177,2173.2796101312197,2039000000000,312000000000000,1/7157,114512,2232984000/14573623,below,ROOFLINE,unchecked,unavailable,True
sweep,dense7b-tp1,1,a100,1,32,15009316864,4194304,480298139648,7363173696,1539417114,7363173696,7363173696,8902590812,memory,7361116657,7.363173696,1,1,15625000000/115049589,500000000000/115049589,4345.952074631054,2039000000000,312000000000000,2/7157,114512,2232984000/14573623,below,ROOFLINE,unchecked,unavailable,True
sweep,dense7b-tp1,1,a100,1,64,15009316864,8388608,960596279296,7365230736,3078834228,7365230736,7365230736,10444064966,memory,7361116657,7.365230736,1,1,62500000000/460326921,4000000000000/460326921,8689.476581796527,2039000000000,312000000000000,4/7157,114512,2232984000/14573623,below,ROOFLINE,unchecked,unavailable,True
sweep,dense7b-tp1,1,a100,1,128,15009316864,16777216,1921192558592,7369344816,6157668457,7369344816,7369344816,13527013274,memory,7361116657,7.369344816,1,1,62500000000/460584051,8000000000000/460584051,17369.25102515111,2039000000000,312000000000000,8/7157,114512,2232984000/14573623,below,ROOFLINE,unchecked,unavailable,True
knee,dense7b-tp1,1,a100,1,153,15009316864,20054016,2296425480192,7370951878,7360338077,7370951878,7370951878,14731289956,memory,7361116657,7.370951878,1,1,500000000000/3685475939,76500000000000/3685475939,20757.156271316522,2039000000000,312000000000000,9/6736,114512,2232984000/14573623,below,ROOFLINE,unchecked,unavailable,True
knee,dense7b-tp1,1,a100,1,154,15009316864,20185088,2311434797056,7371016160,7408444862,7408444862,7408444862,14779461024,compute,7361116657,7.408444862,1,1,500000000000/3704222431,11000000000000/529174633,20787.088635822798,2039000000000,312000000000000,77/57256,114512,2232984000/14573623,at-or-above,ROOFLINE,unchecked,unavailable,True
sweep,dense7b-tp1,1,a100,1,256,15009316864,33554432,3842385117184,7377572974,12315336914,12315336914,12315336914,19692909890,compute,7361116657,12.315336914,1,1,500000000000/6157668457,128000000000000/6157668457,20787.088634902124,2039000000000,312000000000000,16/7157,114512,2232984000/14573623,at-or-above,ROOFLINE,unchecked,unavailable,True
sweep,dense7b-tp1,1,a100,2,1,15009316864,131072,15009316864,3680590469,48106784,3680590469,3680590469,3728697255,memory,3680558328,3.680590469,1,1,1000000000000/3680590469,1000000000000/3680590469,271.69553592624925,4078000000000,312000000000000,1/114512,114512,1116492000/14583373,below,ROOFLINE,unchecked,unavailable,True
sweep,dense7b-tp1,1,a100,2,2,15009316864,262144,30018633728,3680622611,96213569,3680622611,3680622611,3776836181,memory,3680558328,3.680622611,1,1,1000000000000/3680622611,2000000000000/3680622611,543.3863265477831,4078000000000,312000000000000,1/57256,114512,1116492000/14583373,below,ROOFLINE,unchecked,unavailable,True
sweep,dense7b-tp1,1,a100,2,4,15009316864,524288,60037267456,3680686893,192427139,3680686893,3680686893,3873114033,memory,3680558328,3.680686893,1,1,1000000000000/3680686893,4000000000000/3680686893,1086.7536729644883,4078000000000,312000000000000,1/28628,114512,1116492000/14583373,below,ROOFLINE,unchecked,unavailable,True
sweep,dense7b-tp1,1,a100,2,8,15009316864,1048576,120074534912,3680815458,384854278,3680815458,3680815458,4065669738,memory,3680558328,3.680815458,1,1,500000000000/1840407729,4000000000000/1840407729,2173.4314287918314,4078000000000,312000000000000,1/14314,114512,1116492000/14583373,below,ROOFLINE,unchecked,unavailable,True
sweep,dense7b-tp1,1,a100,2,16,15009316864,2097152,240149069824,3681072588,769708557,3681072588,3681072588,4450781146,memory,3680558328,3.681072588,1,1,250000000000/920268147,4000000000000/920268147,4346.559220852832,4078000000000,312000000000000,1/7157,114512,1116492000/14583373,below,ROOFLINE,unchecked,unavailable,True
sweep,dense7b-tp1,1,a100,2,32,15009316864,4194304,480298139648,3681586848,1539417114,3681586848,3681586848,5221003963,memory,3680558328,3.681586848,1,1,31250000000/115049589,1000000000000/115049589,8691.904149262107,4078000000000,312000000000000,2/7157,114512,1116492000/14583373,below,ROOFLINE,unchecked,unavailable,True
sweep,dense7b-tp1,1,a100,2,64,15009316864,8388608,960596279296,3682615368,3078834228,3682615368,3682615368,6761449597,memory,3680558328,3.682615368,1,1,125000000000/460326921,8000000000000/460326921,17378.953163593054,4078000000000,312000000000000,4/7157,114512,1116492000/14583373,below,ROOFLINE,unchecked,unavailable,True
knee,dense7b-tp1,1,a100,2,76,15009316864,9961472,1140708081664,3683001063,3656115646,3683001063,3683001063,7339116710,memory,3680558328,3.683001063,1,1,1000000000000/3683001063,76000000000000/3683001063,20635.345659687093,4078000000000,312000000000000,19/28628,114512,1116492000/14583373,below,ROOFLINE,unchecked,unavailable,True
knee,dense7b-tp1,1,a100,2,77,15009316864,10092544,1155717398528,3683033204,3704222431,3704222431,3704222431,7387255636,compute,3680558328,3.704222431,1,1,1000000000000/3704222431,11000000000000/529174633,20787.088635822798,4078000000000,312000000000000,77/114512,114512,1116492000/14583373,at-or-above,ROOFLINE,unchecked,unavailable,True
sweep,dense7b-tp1,1,a100,2,128,15009316864,16777216,1921192558592,3684672408,6157668457,6157668457,6157668457,9842340866,compute,3680558328,6.157668457,1,1,1000000000000/6157668457,128000000000000/6157668457,20787.088634902124,4078000000000,312000000000000,8/7157,114512,1116492000/14583373,at-or-above,ROOFLINE,unchecked,unavailable,True
sweep,dense7b-tp1,1,a100,2,256,15009316864,33554432,3842385117184,3688786487,12315336914,12315336914,12315336914,16004123402,compute,3680558328,12.315336914,1,1,500000000000/6157668457,128000000000000/6157668457,20787.088634902124,4078000000000,312000000000000,16/7157,114512,1116492000/14583373,at-or-above,ROOFLINE,unchecked,unavailable,True
sweep,dense7b-tp1,1,h100,0.5,1,15009316864,131072,15009316864,8960864439,15168587,8960864439,8960864439,8976033027,memory,8960786187,8.960864439,1,1,1000000000000/8960864439,1000000000000/8960864439,111.59637631027441,1675000000000,989500000000000,1/114512,114512,1133096240/1908181,below,ROOFLINE,unchecked,unavailable,True
sweep,dense7b-tp1,1,h100,0.5,2,15009316864,262144,30018633728,8960942691,30337174,8960942691,8960942691,8991279866,memory,8960786187,8.960942691,1,1,1000000000000/8960942691,2000000000000/8960942691,223.19080357569044,1675000000000,989500000000000,1/57256,114512,1133096240/1908181,below,ROOFLINE,unchecked,unavailable,True
sweep,dense7b-tp1,1,h100,0.5,4,15009316864,524288,60037267456,8961099195,60674348,8961099195,8961099195,9021773544,memory,8960786187,8.961099195,1,1,200000000000/1792219839,800000000000/1792219839,446.3738111761857,1675000000000,989500000000000,1/28628,114512,1133096240/1908181,below,ROOFLINE,unchecked,unavailable,True
sweep,dense7b-tp1,1,h100,0.5,8,15009316864,1048576,120074534912,8961412202,121348696,8961412202,8961412202,9082760900,memory,8960786187,8.961412202,1,1,500000000000/4480706101,4000000000000/4480706101,892.7164401850154,1675000000000,989500000000000,1/14314,114512,1133096240/1908181,below,ROOFLINE,unchecked,unavailable,True
sweep,dense7b-tp1,1,h100,0.5,16,15009316864,2097152,240149069824,8962038218,242697392,8962038218,8962038218,9204735611,memory,8960786187,8.962038218,1,1,500000000000/4481019109,8000000000000/4481019109,1785.3081643709634,1675000000000,989500000000000,1/7157,114512,1133096240/1908181,below,ROOFLINE,unchecked,unavailable,True
sweep,dense7b-tp1,1,h100,0.5,32,15009316864,4194304,480298139648,8963290249,485394784,8963290249,8963290249,9448685035,memory,8960786187,8.963290249,1,1,1000000000000/8963290249,32000000000000/8963290249,3570.1175696692535,1675000000000,989500000000000,2/7157,114512,1133096240/1908181,below,ROOFLINE,unchecked,unavailable,True
sweep,dense7b-tp1,1,h100,0.5,64,15009316864,8388608,960596279296,8965794311,970789569,8965794311,8965794311,9936583882,memory,8960786187,8.965794311,1,1,1000000000000/8965794311,64000000000000/8965794311,7138.240938840115,1675000000000,989500000000000,4/7157,114512,1133096240/1908181,below,ROOFLINE,unchecked,unavailable,True
sweep,dense7b-tp1,1,h100,0.5,128,15009316864,16777216,1921192558592,8970802435,1941579139,8970802435,8970802435,10912381576,memory,8960786187,8.970802435,1,1,200000000000/1794160487,25600000000000/1794160487,14268.511755492696,1675000000000,989500000000000,8/7157,114512,1133096240/1908181,below,ROOFLINE,unchecked,unavailable,True
sweep,dense7b-tp1,1,h100,0.5,256,15009316864,33554432,3842385117184,8980818684,3883158279,8980818684,8980818684,12863976964,memory,8960786187,8.980818684,1,1,250000000000/2245204671,64000000000000/2245204671,28505.19635321033,1675000000000,989500000000000,16/7157,114512,1133096240/1908181,below,ROOFLINE,unchecked,unavailable,True
knee,dense7b-tp1,1,h100,0.5,593,15009316864,77725696,8900524900352,9007189588,8994972107,9007189588,9007189588,18002161696,memory,8960786187,9.007189588,1,1,250000000000/2251797397,148250000000000/2251797397,65836.29601735435,1675000000000,989500000000000,593/114512,114512,1133096240/1908181,below,ROOFLINE,unchecked,unavailable,True
knee,dense7b-tp1,1,h100,0.5,594,15009316864,77856768,8915534217216,9007267840,9010140694,9010140694,9010140694,18017408535,compute,8960786187,9.010140694,1,1,500000000000/4505070347,297000000000000/4505070347,65925.7186067643,1675000000000,989500000000000,297/57256,114512,1133096240/1908181,at-or-above,ROOFLINE,unchecked,unavailable,True
sweep,dense7b-tp1,1,h100,1,1,15009316864,131072,15009316864,4480432219,15168587,4480432219,4480432219,4495600807,memory,4480393093,4.480432219,1,1,1000000000000/4480432219,1000000000000/4480432219,223.19275264545632,3350000000000,989500000000000,1/114512,114512,1133096240/3826257,below,ROOFLINE,unchecked,unavailable,True
sweep,dense7b-tp1,1,h100,1,2,15009316864,262144,30018633728,4480471345,30337174,4480471345,4480471345,4510808520,memory,4480393093,4.480471345,1,1,200000000000/896094269,400000000000/896094269,446.38160720119504,3350000000000,989500000000000,1/57256,114512,1133096240/3826257,below,ROOFLINE,unchecked,unavailable,True
sweep,dense7b-tp1,1,h100,1,4,15009316864,524288,60037267456,4480549597,60674348,4480549597,4480549597,4541223946,memory,4480393093,4.480549597,1,1,1000000000000/4480549597,4000000000000/4480549597,892.7476224519962,3350000000000,989500000000000,1/28628,114512,1133096240/3826257,below,ROOFLINE,unchecked,unavailable,True
sweep,dense7b-tp1,1,h100,1,8,15009316864,1048576,120074534912,4480706101,121348696,4480706101,4480706101,4602054798,memory,4480393093,4.480706101,1,1,1000000000000/4480706101,8000000000000/4480706101,1785.4328803700307,3350000000000,989500000000000,1/14314,114512,1133096240/3826257,below,ROOFLINE,unchecked,unavailable,True
sweep,dense7b-tp1,1,h100,1,16,15009316864,2097152,240149069824,4481019109,242697392,4481019109,4481019109,4723716502,memory,4480393093,4.481019109,1,1,1000000000000/4481019109,16000000000000/4481019109,3570.6163287419267,3350000000000,989500000000000,1/7157,114512,1133096240/3826257,below,ROOFLINE,unchecked,unavailable,True
sweep,dense7b-tp1,1,h100,1,32,15009316864,4194304,480298139648,4481645124,485394784,4481645124,4481645124,4967039910,memory,4480393093,4.481645124,1,1,250000000000/1120411281,8000000000000/1120411281,7140.235140135116,3350000000000,989500000000000,2/7157,114512,1133096240/3826257,below,ROOFLINE,unchecked,unavailable,True
sweep,dense7b-tp1,1,h100,1,64,15009316864,8388608,960596279296,4482897155,970789569,4482897155,4482897155,5453686726,memory,4480393093,4.482897155,1,1,200000000000/896579431,12800000000000/896579431,14276.481879272556,3350000000000,989500000000000,4/7157,114512,1133096240/3826257,below,ROOFLINE,unchecked,unavailable,True
sweep,dense7b-tp1,1,h100,1,128,15009316864,16777216,1921192558592,4485401217,1941579139,4485401217,4485401217,6426980358,memory,4480393093,4.485401217,1,1,1000000000000/4485401217,128000000000000/4485401217,28537.023514166493,3350000000000,989500000000000,8/7157,114512,1133096240/3826257,below,ROOFLINE,unchecked,unavailable,True
sweep,dense7b-tp1,1,h100,1,256,15009316864,33554432,3842385117184,4490409342,3883158279,4490409342,4490409342,8373567622,memory,4480393093,4.490409342,1,1,500000000000/2245204671,128000000000000/2245204671,57010.39270642066,3350000000000,989500000000000,16/7157,114512,1133096240/3826257,below,ROOFLINE,unchecked,unavailable,True
knee,dense7b-tp1,1,h100,1,296,15009316864,38797312,4442757791744,4491974380,4489901760,4491974380,4491974380,8981876142,memory,4480393093,4.49197438,1,1,50000000000/224598719,14800000000000/224598719,65895.30014193892,3350000000000,989500000000000,37/14314,114512,1133096240/3826257,below,ROOFLINE,unchecked,unavailable,True
knee,dense7b-tp1,1,h100,1,297,15009316864,38928384,4457767108608,4492013506,4505070347,4505070347,4505070347,8997083855,compute,4480393093,4.505070347,1,1,1000000000000/4505070347,297000000000000/4505070347,65925.7186067643,3350000000000,989500000000000,297/114512,114512,1133096240/3826257,at-or-above,ROOFLINE,unchecked,unavailable,True
sweep,dense7b-tp1,1,h100,2,1,15009316864,131072,15009316864,2240216109,15168587,2240216109,2240216109,2255384697,memory,2240196546,2.240216109,1,1,1000000000000/2240216109,1000000000000/2240216109,446.3855053905427,6700000000000,989500000000000,1/114512,114512,1133096240/7662409,below,ROOFLINE,unchecked,unavailable,True
sweep,dense7b-tp1,1,h100,2,2,15009316864,262144,30018633728,2240235672,30337174,2240235672,2240235672,2270572847,memory,2240196546,2.240235672,1,1,125000000000/280029459,250000000000/280029459,892.7632146016466,6700000000000,989500000000000,1/57256,114512,1133096240/7662409,below,ROOFLINE,unchecked,unavailable,True
sweep,dense7b-tp1,1,h100,2,4,15009316864,524288,60037267456,2240274798,60674348,2240274798,2240274798,2300949147,memory,2240196546,2.240274798,1,1,500000000000/1120137399,2000000000000/1120137399,1785.4952453024916,6700000000000,989500000000000,1/28628,114512,1133096240/7662409,below,ROOFLINE,unchecked,unavailable,True
sweep,dense7b-tp1,1,h100,2,8,15009316864,1048576,120074534912,2240353050,121348696,2240353050,2240353050,2361701747,memory,2240196546,2.24035305,1,1,20000000000/44807061,160000000000/44807061,3570.8657615370043,6700000000000,989500000000000,1/14314,114512,1133096240/7662409,below,ROOFLINE,unchecked,unavailable,True
sweep,dense7b-tp1,1,h100,2,16,15009316864,2097152,240149069824,2240509554,242697392,2240509554,2240509554,2483206948,memory,2240196546,2.240509554,1,1,500000000000/1120254777,8000000000000/1120254777,7141.2326590775165,6700000000000,989500000000000,1/7157,114512,1133096240/7662409,below,ROOFLINE,unchecked,unavailable,True
sweep,dense7b-tp1,1,h100,2,32,15009316864,4194304,480298139648,2240822562,485394784,2240822562,2240822562,2726217348,memory,2240196546,2.240822562,1,1,500000000000/1120411281,16000000000000/1120411281,14280.470280270232,6700000000000,989500000000000,2/7157,114512,1133096240/7662409,below,ROOFLINE,unchecked,unavailable,True
sweep,dense7b-tp1,1,h100,2,64,15009316864,8388608,960596279296,2241448577,970789569,2241448577,2241448577,3212238148,memory,2240196546,2.241448577,1,1,1000000000000/2241448577,64000000000000/2241448577,28552.963764914424,6700000000000,989500000000000,4/7157,114512,1133096240/7662409,below,ROOFLINE,unchecked,unavailable,True
sweep,dense7b-tp1,1,h100,2,128,15009316864,16777216,1921192558592,2242700608,1941579139,2242700608,2242700608,4184279749,memory,2240196546,2.242700608,1,1,15625000000/35042197,2000000000000/35042197,57074.04704105738,6700000000000,989500000000000,8/7157,114512,1133096240/7662409,below,ROOFLINE,unchecked,unavailable,True
knee,dense7b-tp1,1,h100,2,147,15009316864,19267584,2206369579008,2243072305,2229782293,2243072305,2243072305,4472854599,memory,2240196546,2.243072305,1,1,200000000000/448614461,29400000000000/448614461,65535.11434844273,6700000000000,989500000000000,147/114512,114512,1133096240/7662409,below,ROOFLINE,unchecked,unavailable,True
knee,dense7b-tp1,1,h100,2,148,15009316864,19398656,2221378895872,2243091868,2244950880,2244950880,2244950880,4488042749,compute,2240196546,2.24495088,1,1,6250000000/14030943,925000000000/14030943,65925.7186063688,6700000000000,989500000000000,37/28628,114512,1133096240/7662409,at-or-above,ROOFLINE,unchecked,unavailable,True
sweep,dense7b-tp1,1,h100,2,256,15009316864,33554432,3842385117184,2245204671,3883158279,3883158279,3883158279,6128362951,compute,2240196546,3.883158279,1,1,1000000000000/3883158279,256000000000000/3883158279,65925.71860499226,6700000000000,989500000000000,16/7157,114512,1133096240/7662409,at-or-above,ROOFLINE,unchecked,unavailable,True
sweep,dense7b-tp1,1,h200,0.5,1,15009316864,131072,15009316864,6253936640,15168587,6253936640,6253936640,6269105228,memory,6253882026,6.25393664,1,1,48828125/305368,48828125/305368,159.8992854523067,2400000000000,989500000000000,1/114512,114512,1133096240/2738393,below,ROOFLINE,unchecked,unavailable,True
sweep,dense7b-tp1,1,h200,0.5,2,15009316864,262144,30018633728,6253991253,30337174,6253991253,6253991253,6284328428,memory,6253882026,6.253991253,1,1,1000000000000/6253991253,2000000000000/6253991253,319.7957782624996,2400000000000,989500000000000,1/57256,114512,1133096240/2738393,below,ROOFLINE,unchecked,unavailable,True
sweep,dense7b-tp1,1,h200,0.5,4,15009316864,524288,60037267456,6254100480,60674348,6254100480,6254100480,6314774829,memory,6253882026,6.25410048,1,1,48828125/305376,48828125/76344,639.580386146914,2400000000000,989500000000000,1/28628,114512,1133096240/2738393,below,ROOFLINE,unchecked,unavailable,True
sweep,dense7b-tp1,1,h200,0.5,8,15009316864,1048576,120074534912,6254318933,121348696,6254318933,6254318933,6375667630,memory,6253882026,6.254318933,1,1,1000000000000/6254318933,8000000000000/6254318933,1279.1160933269919,2400000000000,989500000000000,1/14314,114512,1133096240/2738393,below,ROOFLINE,unchecked,unavailable,True
sweep,dense7b-tp1,1,h200,0.5,16,15009316864,2097152,240149069824,6254755840,242697392,6254755840,6254755840,6497453233,memory,6253882026,6.25475584,1,1,48828125/305408,48828125/19088,2558.0534891031016,2400000000000,989500000000000,1/7157,114512,1133096240/2738393,below,ROOFLINE,unchecked,unavailable,True
sweep,dense7b-tp1,1,h200,0.5,32,15009316864,4194304,480298139648,6255629653,485394784,6255629653,6255629653,6741024439,memory,6253882026,6.255629653,1,1,1000000000000/6255629653,32000000000000/6255629653,5115.3923385879825,2400000000000,989500000000000,2/7157,114512,1133096240/2738393,below,ROOFLINE,unchecked,unavailable,True
sweep,dense7b-tp1,1,h200,0.5,64,15009316864,8388608,960596279296,6257377280,970789569,6257377280,6257377280,7228166850,memory,6253882026,6.25737728,1,1,48828125/305536,48828125/4774,10227.927314620863,2400000000000,989500000000000,4/7157,114512,1133096240/2738393,below,ROOFLINE,unchecked,unavailable,True
sweep,dense7b-tp1,1,h200,0.5,128,15009316864,16777216,1921192558592,6260872533,1941579139,6260872533,6260872533,8202451673,memory,6253882026,6.260872533,1,1,1000000000000/6260872533,128000000000000/6260872533,20444.434753356447,2400000000000,989500000000000,8/7157,114512,1133096240/2738393,below,ROOFLINE,unchecked,unavailable,True
sweep,dense7b-tp1,1,h200,0.5,256,15009316864,33554432,3842385117184,6267863040,3883158279,6267863040,6267863040,10151021320,memory,6253882026,6.26786304,1,1,48828125/306048,97656250/2391,40843.26641572564,2400000000000,989500000000000,16/7157,114512,1133096240/2738393,below,ROOFLINE,unchecked,unavailable,True
knee,dense7b-tp1,1,h200,0.5,413,15009316864,54132736,6198847864832,6276437333,6264626442,6276437333,6276437333,12541063776,memory,6253882026,6.276437333,1,1,1000000000000/6276437333,413000000000000/6276437333,65801.66073331844,2400000000000,989500000000000,413/114512,114512,1133096240/2738393,below,ROOFLINE,unchecked,unavailable,True
knee,dense7b-tp1,1,h200,0.5,414,15009316864,54263808,6213857181696,6276491946,6279795029,6279795029,6279795029,12556286977,compute,6253882026,6.279795029,1,1,1000000000000/6279795029,414000000000000/6279795029,65925.71860835492,2400000000000,989500000000000,207/57256,114512,1133096240/2738393,at-or-above,ROOFLINE,unchecked,unavailable,True
sweep,dense7b-tp1,1,h200,1,1,15009316864,131072,15009316864,3126968320,15168587,3126968320,3126968320,3142136908,memory,3126941013,3.12696832,1,1,48828125/152684,48828125/152684,319.7985709046134,4800000000000,989500000000000,1/114512,114512,1133096240/5486681,below,ROOFLINE,unchecked,unavailable,True
sweep,dense7b-tp1,1,h200,1,2,15009316864,262144,30018633728,3126995626,30337174,3126995626,3126995626,3157332801,memory,3126941013,3.126995626,1,1,500000000000/1563497813,1000000000000/1563497813,639.5915566272686,4800000000000,989500000000000,1/57256,114512,1133096240/5486681,below,ROOFLINE,unchecked,unavailable,True
sweep,dense7b-tp1,1,h200,1,4,15009316864,524288,60037267456,3127050240,60674348,3127050240,3127050240,3187724589,memory,3126941013,3.12705024,1,1,48828125/152688,48828125/38172,1279.160772293828,4800000000000,989500000000000,1/28628,114512,1133096240/5486681,below,ROOFLINE,unchecked,unavailable,True
sweep,dense7b-tp1,1,h200,1,8,15009316864,1048576,120074534912,3127159466,121348696,3127159466,3127159466,3248508163,memory,3126941013,3.127159466,1,1,500000000000/1563579733,4000000000000/1563579733,2558.232187063018,4800000000000,989500000000000,1/14314,114512,1133096240/5486681,below,ROOFLINE,unchecked,unavailable,True
sweep,dense7b-tp1,1,h200,1,16,15009316864,2097152,240149069824,3127377920,242697392,3127377920,3127377920,3370075313,memory,3126941013,3.12737792,1,1,48828125/152704,48828125/9544,5116.106978206203,4800000000000,989500000000000,1/7157,114512,1133096240/5486681,below,ROOFLINE,unchecked,unavailable,True
sweep,dense7b-tp1,1,h200,1,32,15009316864,4194304,480298139648,3127814826,485394784,3127814826,3127814826,3613209612,memory,3126941013,3.127814826,1,1,500000000000/1563907413,16000000000000/1563907413,10230.784678811418,4800000000000,989500000000000,2/7157,114512,1133096240/5486681,below,ROOFLINE,unchecked,unavailable,True
sweep,dense7b-tp1,1,h200,1,64,15009316864,8388608,960596279296,3128688640,970789569,3128688640,3128688640,4099478210,memory,3126941013,3.12868864,1,1,48828125/152768,48828125/2387,20455.854629241727,4800000000000,989500000000000,4/7157,114512,1133096240/5486681,below,ROOFLINE,unchecked,unavailable,True
sweep,dense7b-tp1,1,h200,1,128,15009316864,16777216,1921192558592,3130436266,1941579139,3130436266,3130436266,5072015407,memory,3126941013,3.130436266,1,1,500000000000/1565218133,64000000000000/1565218133,40888.86951324375,4800000000000,989500000000000,8/7157,114512,1133096240/5486681,below,ROOFLINE,unchecked,unavailable,True
knee,dense7b-tp1,1,h200,1,206,15009316864,27000832,3091919273984,3132566186,3124728927,3132566186,3132566186,6257295115,memory,3126941013,3.132566186,1,1,500000000000/1566283093,103000000000000/1566283093,65760.78134299314,4800000000000,989500000000000,103/57256,114512,1133096240/5486681,below,ROOFLINE,unchecked,unavailable,True
knee,dense7b-tp1,1,h200,1,207,15009316864,27131904,3106928590848,3132593493,3139897514,3139897514,3139897514,6272491009,compute,3126941013,3.139897514,1,1,500000000000/1569948757,103500000000000/1569948757,65925.71861885299,4800000000000,989500000000000,207/114512,114512,1133096240/5486681,at-or-above,ROOFLINE,unchecked,unavailable,True
sweep,dense7b-tp1,1,h200,1,256,15009316864,33554432,3842385117184,3133931520,3883158279,3883158279,3883158279,7017089800,compute,3126941013,3.883158279,1,1,1000000000000/3883158279,256000000000000/3883158279,65925.71860499226,4800000000000,989500000000000,16/7157,114512,1133096240/5486681,at-or-above,ROOFLINE,unchecked,unavailable,True
sweep,dense7b-tp1,1,h200,2,1,15009316864,131072,15009316864,1563484160,15168587,1563484160,1563484160,1578652748,memory,1563470506,1.56348416,1,1,48828125/76342,48828125/76342,639.5971418092269,9600000000000,989500000000000,1/114512,114512,1133096240/10983257,below,ROOFLINE,unchecked,unavailable,True
sweep,dense7b-tp1,1,h200,2,2,15009316864,262144,30018633728,1563497813,30337174,1563497813,1563497813,1593834988,memory,1563470506,1.563497813,1,1,1000000000000/1563497813,2000000000000/1563497813,1279.1831132545371,9600000000000,989500000000000,1/57256,114512,1133096240/10983257,below,ROOFLINE,unchecked,unavailable,True
sweep,dense7b-tp1,1,h200,2,4,15009316864,524288,60037267456,1563525120,60674348,1563525120,1563525120,1624199469,memory,1563470506,1.56352512,1,1,48828125/76344,48828125/19086,2558.321544587656,9600000000000,989500000000000,1/28628,114512,1133096240/10983257,below,ROOFLINE,unchecked,unavailable,True
sweep,dense7b-tp1,1,h200,2,8,15009316864,1048576,120074534912,1563579733,121348696,1563579733,1563579733,1684928430,memory,1563470506,1.563579733,1,1,1000000000000/1563579733,8000000000000/1563579733,5116.464374126036,9600000000000,989500000000000,1/14314,114512,1133096240/10983257,below,ROOFLINE,unchecked,unavailable,True
sweep,dense7b-tp1,1,h200,2,16,15009316864,2097152,240149069824,1563688960,242697392,1563688960,1563688960,1806386353,memory,1563470506,1.56368896,1,1,48828125/76352,48828125/4772,10232.213956412406,9600000000000,989500000000000,1/7157,114512,1133096240/10983257,below,ROOFLINE,unchecked,unavailable,True
sweep,dense7b-tp1,1,h200,2,32,15009316864,4194304,480298139648,1563907413,485394784,1563907413,1563907413,2049302199,memory,1563470506,1.563907413,1,1,1000000000000/1563907413,32000000000000/1563907413,20461.569357622837,9600000000000,989500000000000,2/7157,114512,1133096240/10983257,below,ROOFLINE,unchecked,unavailable,True
sweep,dense7b-tp1,1,h200,2,64,15009316864,8388608,960596279296,1564344320,970789569,1564344320,1564344320,2535133890,memory,1563470506,1.56434432,1,1,48828125/76384,97656250/2387,40911.70925848345,9600000000000,989500000000000,4/7157,114512,1133096240/10983257,below,ROOFLINE,unchecked,unavailable,True
knee,dense7b-tp1,1,h200,2,103,15009316864,13500416,1545959636992,1564876800,1562364463,1564876800,1564876800,3127241264,memory,1563470506,1.5648768,1,1,9765625/15282,1005859375/15282,65819.87796099987,9600000000000,989500000000000,103/114512,114512,1133096240/10983257,below,ROOFLINE,unchecked,unavailable,True
knee,dense7b-tp1,1,h200,2,104,15009316864,13631488,1560968953856,1564890453,1577533050,1577533050,1577533050,3142423505,compute,1563470506,1.57753305,1,1,20000000000/31550661,2080000000000/31550661,65925.71864025289,9600000000000,989500000000000,13/14314,114512,1133096240/10983257,at-or-above,ROOFLINE,unchecked,unavailable,True
sweep,dense7b-tp1,1,h200,2,128,15009316864,16777216,1921192558592,1565218133,1941579139,1941579139,1941579139,3506797273,compute,1563470506,1.941579139,1,1,1000000000000/1941579139,128000000000000/1941579139,65925.7186219696,9600000000000,989500000000000,8/7157,114512,1133096240/10983257,at-or-above,ROOFLINE,unchecked,unavailable,True
sweep,dense7b-tp1,1,h200,2,256,15009316864,33554432,3842385117184,1566965760,3883158279,3883158279,3883158279,5450124040,compute,1563470506,3.883158279,1,1,1000000000000/3883158279,256000000000000/3883158279,65925.71860499226,9600000000000,989500000000000,16/7157,114512,1133096240/10983257,at-or-above,ROOFLINE,unchecked,unavailable,True
sweep,dense7b-tp1,1,b100,0.5,1,15009316864,131072,15009316864,3752361984,8338509,3752361984,3752361984,3760700494,memory,3752329216,3.752361984,1,1,244140625/916104,244140625/916104,266.49880908717785,4000000000000,1800000000000000,1/114512,114512,25765200/57031,below,ROOFLINE,unchecked,unavailable,True
sweep,dense7b-tp1,1,b100,0.5,2,15009316864,262144,30018633728,3752394752,16677018,3752394752,3752394752,3769071771,memory,3752329216,3.752394752,1,1,244140625/916112,244140625/458056,532.9929637424245,4000000000000,1800000000000000,1/57256,114512,25765200/57031,below,ROOFLINE,unchecked,unavailable,True
sweep,dense7b-tp1,1,b100,0.5,4,15009316864,524288,60037267456,3752460288,33354037,3752460288,3752460288,3785814326,memory,3752329216,3.752460288,1,1,244140625/916128,244140625/229032,1065.9673102448567,4000000000000,1800000000000000,1/28628,114512,25765200/57031,below,ROOFLINE,unchecked,unavailable,True
sweep,dense7b-tp1,1,b100,0.5,8,15009316864,1048576,120074534912,3752591360,66708074,3752591360,3752591360,3819299435,memory,3752329216,3.75259136,1,1,48828125/183232,48828125/22904,2131.860155431366,4000000000000,1800000000000000,1/14314,114512,25765200/57031,below,ROOFLINE,unchecked,unavailable,True
sweep,dense7b-tp1,1,b100,0.5,16,15009316864,2097152,240149069824,3752853504,133416149,3752853504,3752853504,3886269654,memory,3752329216,3.752853504,1,1,244140625/916224,244140625/57264,4263.422481838503,4000000000000,1800000000000000,1/7157,114512,25765200/57031,below,ROOFLINE,unchecked,unavailable,True
sweep,dense7b-tp1,1,b100,0.5,32,15009316864,4194304,480298139648,3753377792,266832299,3753377792,3753377792,4020210092,memory,3752329216,3.753377792,1,1,244140625/916352,244140625/28636,8525.653897192346,4000000000000,1800000000000000,2/7157,114512,25765200/57031,below,ROOFLINE,unchecked,unavailable,True
sweep,dense7b-tp1,1,b100,0.5,64,15009316864,8388608,960596279296,3754426368,533664599,3754426368,3754426368,4288090968,memory,3752329216,3.754426368,1,1,244140625/916608,244140625/14322,17046.545524368106,4000000000000,1800000000000000,4/7157,114512,25765200/57031,below,ROOFLINE,unchecked,unavailable,True
sweep,dense7b-tp1,1,b100,0.5,128,15009316864,16777216,1921192558592,3756523520,1067329199,3756523520,3756523520,4823852720,memory,3752329216,3.75652352,1,1,48828125/183424,48828125/1433,34074.05792044661,4000000000000,1800000000000000,8/7157,114512,25765200/57031,below,ROOFLINE,unchecked,unavailable,True
sweep,dense7b-tp1,1,b100,0.5,256,15009316864,33554432,3842385117184,3760717824,2134658398,3760717824,3760717824,5895376223,memory,3752329216,3.760717824,1,1,244140625/918144,488281250/7173,68072.11069287606,4000000000000,1800000000000000,16/7157,114512,25765200/57031,below,ROOFLINE,unchecked,unavailable,True
knee,dense7b-tp1,1,b100,0.5,451,15009316864,59113472,6769201905664,3767107584,3760667725,3767107584,3767107584,7527775310,memory,3752329216,3.767107584,1,1,244140625/919704,110107421875/919704,119720.49906817845,4000000000000,1800000000000000,451/114512,114512,25765200/57031,below,ROOFLINE,unchecked,unavailable,True
knee,dense7b-tp1,1,b100,0.5,452,15009316864,59244544,6784211222528,3767140352,3769006234,3769006234,3769006234,7536146587,compute,3752329216,3.769006234,1,1,500000000000/1884503117,226000000000000/1884503117,119925.51137818044,4000000000000,1800000000000000,113/28628,114512,25765200/57031,at-or-above,ROOFLINE,unchecked,unavailable,True
sweep,dense7b-tp1,1,b100,1,1,15009316864,131072,15009316864,1876180992,8338509,1876180992,1876180992,1884519502,memory,1876164608,1.876180992,1,1,244140625/458052,244140625/458052,532.9976181743557,8000000000000,1800000000000000,1/114512,114512,25765200/114287,below,ROOFLINE,unchecked,unavailable,True
sweep,dense7b-tp1,1,b100,1,2,15009316864,262144,30018633728,1876197376,16677018,1876197376,1876197376,1892874395,memory,1876164608,1.876197376,1,1,244140625/458056,244140625/229028,1065.985927484849,8000000000000,1800000000000000,1/57256,114512,25765200/114287,below,ROOFLINE,unchecked,unavailable,True
sweep,dense7b-tp1,1,b100,1,4,15009316864,524288,60037267456,1876230144,33354037,1876230144,1876230144,1909584182,memory,1876164608,1.876230144,1,1,244140625/458064,244140625/114516,2131.9346204897133,8000000000000,1800000000000000,1/28628,114512,25765200/114287,below,ROOFLINE,unchecked,unavailable,True
sweep,dense7b-tp1,1,b100,1,8,15009316864,1048576,120074534912,1876295680,66708074,1876295680,1876295680,1943003755,memory,1876164608,1.87629568,1,1,48828125/91616,48828125/11452,4263.720310862732,8000000000000,1800000000000000,1/14314,114512,25765200/114287,below,ROOFLINE,unchecked,unavailable,True
sweep,dense7b-tp1,1,b100,1,16,15009316864,2097152,240149069824,1876426752,133416149,1876426752,1876426752,2009842902,memory,1876164608,1.876426752,1,1,244140625/458112,244140625/28632,8526.844963677006,8000000000000,1800000000000000,1/7157,114512,25765200/114287,below,ROOFLINE,unchecked,unavailable,True
sweep,dense7b-tp1,1,b100,1,32,15009316864,4194304,480298139648,1876688896,266832299,1876688896,1876688896,2143521196,memory,1876164608,1.876688896,1,1,244140625/458176,244140625/14318,17051.30779438469,8000000000000,1800000000000000,2/7157,114512,25765200/114287,below,ROOFLINE,unchecked,unavailable,True
sweep,dense7b-tp1,1,b100,1,64,15009316864,8388608,960596279296,1877213184,533664599,1877213184,1877213184,2410877784,memory,1876164608,1.877213184,1,1,244140625/458304,244140625/7161,34093.09104873621,8000000000000,1800000000000000,4/7157,114512,25765200/114287,below,ROOFLINE,unchecked,unavailable,True
sweep,dense7b-tp1,1,b100,1,128,15009316864,16777216,1921192558592,1878261760,1067329199,1878261760,1878261760,2945590960,memory,1876164608,1.87826176,1,1,48828125/91712,97656250/1433,68148.11584089322,8000000000000,1800000000000000,8/7157,114512,25765200/114287,below,ROOFLINE,unchecked,unavailable,True
knee,dense7b-tp1,1,b100,1,225,15009316864,29491200,3377096294400,1879851008,1876164608,1879851008,1879851008,3756015616,memory,1876164608,1.879851008,1,1,244140625/458948,54931640625/458948,119690.33665033948,8000000000000,1800000000000000,225/114512,114512,25765200/114287,below,ROOFLINE,unchecked,unavailable,True
knee,dense7b-tp1,1,b100,1,226,15009316864,29622272,3392105611264,1879867392,1884503117,1884503117,1884503117,3764370510,compute,1876164608,1.884503117,1,1,1000000000000/1884503117,226000000000000/1884503117,119925.51137818044,8000000000000,1800000000000000,113/57256,114512,25765200/114287,at-or-above,ROOFLINE,unchecked,unavailable,True
sweep,dense7b-tp1,1,b100,1,256,15009316864,33554432,3842385117184,1880358912,2134658398,2134658398,2134658398,4015017311,compute,1876164608,2.134658398,1,1,500000000000/1067329199,128000000000000/1067329199,119925.51137917477,8000000000000,1800000000000000,16/7157,114512,25765200/114287,at-or-above,ROOFLINE,unchecked,unavailable,True
sweep,dense7b-tp1,1,b100,2,1,15009316864,131072,15009316864,938090496,8338509,938090496,938090496,946429006,memory,938082304,0.938090496,1,1,244140625/229026,244140625/229026,1065.9952363487114,16000000000000,1800000000000000,1/114512,114512,25765200/228799,below,ROOFLINE,unchecked,unavailable,True
sweep,dense7b-tp1,1,b100,2,2,15009316864,262144,30018633728,938098688,16677018,938098688,938098688,954775707,memory,938082304,0.938098688,1,1,244140625/229028,244140625/114514,2131.971854969698,16000000000000,1800000000000000,1/57256,114512,25765200/228799,below,ROOFLINE,unchecked,unavailable,True
sweep,dense7b-tp1,1,b100,2,4,15009316864,524288,60037267456,938115072,33354037,938115072,938115072,971469110,memory,938082304,0.938115072,1,1,244140625/229032,244140625/57258,4263.869240979427,16000000000000,1800000000000000,1/28628,114512,25765200/228799,below,ROOFLINE,unchecked,unavailable,True
sweep,dense7b-tp1,1,b100,2,8,15009316864,1048576,120074534912,938147840,66708074,938147840,938147840,1004855915,memory,938082304,0.93814784,1,1,48828125/45808,48828125/5726,8527.440621725464,16000000000000,1800000000000000,1/14314,114512,25765200/228799,below,ROOFLINE,unchecked,unavailable,True
sweep,dense7b-tp1,1,b100,2,16,15009316864,2097152,240149069824,938213376,133416149,938213376,938213376,1071629526,memory,938082304,0.938213376,1,1,244140625/229056,244140625/14316,17053.68992735401,16000000000000,1800000000000000,1/7157,114512,25765200/228799,below,ROOFLINE,unchecked,unavailable,True
sweep,dense7b-tp1,1,b100,2,32,15009316864,4194304,480298139648,938344448,266832299,938344448,938344448,1205176748,memory,938082304,0.938344448,1,1,244140625/229088,244140625/7159,34102.61558876938,16000000000000,1800000000000000,2/7157,114512,25765200/228799,below,ROOFLINE,unchecked,unavailable,True
sweep,dense7b-tp1,1,b100,2,64,15009316864,8388608,960596279296,938606592,533664599,938606592,938606592,1472271192,memory,938082304,0.938606592,1,1,244140625/229152,488281250/7161,68186.18209747243,16000000000000,1800000000000000,4/7157,114512,25765200/228799,below,ROOFLINE,unchecked,unavailable,True
knee,dense7b-tp1,1,b100,2,112,15009316864,14680064,1681043488768,938999808,933913049,938999808,938999808,1872912858,memory,938082304,0.938999808,1,1,244140625/229248,1708984375/14328,119275.84973478504,16000000000000,1800000000000000,7/7157,114512,25765200/228799,below,ROOFLINE,unchecked,unavailable,True
knee,dense7b-tp1,1,b100,2,113,15009316864,14811136,1696052805632,939008000,942251558,942251558,942251558,1881259559,compute,938082304,0.942251558,1,1,500000000000/471125779,56500000000000/471125779,119925.51144181818,16000000000000,1800000000000000,113/114512,114512,25765200/228799,at-or-above,ROOFLINE,unchecked,unavailable,True
sweep,dense7b-tp1,1,b100,2,128,15009316864,16777216,1921192558592,939130880,1067329199,1067329199,1067329199,2006460080,compute,938082304,1.067329199,1,1,1000000000000/1067329199,128000000000000/1067329199,119925.51137917477,16000000000000,1800000000000000,8/7157,114512,25765200/228799,at-or-above,ROOFLINE,unchecked,unavailable,True
sweep,dense7b-tp1,1,b100,2,256,15009316864,33554432,3842385117184,940179456,2134658398,2134658398,2134658398,3074837855,compute,938082304,2.134658398,1,1,500000000000/1067329199,128000000000000/1067329199,119925.51137917477,16000000000000,1800000000000000,16/7157,114512,25765200/228799,at-or-above,ROOFLINE,unchecked,unavailable,True
sweep,dense7b-tp1,1,b200,0.5,1,15009316864,131072,15009316864,3752361984,6670807,3752361984,3752361984,3759032792,memory,3752329216,3.752361984,1,1,244140625/916104,244140625/916104,266.49880908717785,4000000000000,2250000000000000,1/114512,114512,128826000/227899,below,ROOFLINE,unchecked,unavailable,True
sweep,dense7b-tp1,1,b200,0.5,2,15009316864,262144,30018633728,3752394752,13341614,3752394752,3752394752,3765736367,memory,3752329216,3.752394752,1,1,244140625/916112,244140625/458056,532.9929637424245,4000000000000,2250000000000000,1/57256,114512,128826000/227899,below,ROOFLINE,unchecked,unavailable,True
sweep,dense7b-tp1,1,b200,0.5,4,15009316864,524288,60037267456,3752460288,26683229,3752460288,3752460288,3779143518,memory,3752329216,3.752460288,1,1,244140625/916128,244140625/229032,1065.9673102448567,4000000000000,2250000000000000,1/28628,114512,128826000/227899,below,ROOFLINE,unchecked,unavailable,True
sweep,dense7b-tp1,1,b200,0.5,8,15009316864,1048576,120074534912,3752591360,53366459,3752591360,3752591360,3805957820,memory,3752329216,3.75259136,1,1,48828125/183232,48828125/22904,2131.860155431366,4000000000000,2250000000000000,1/14314,114512,128826000/227899,below,ROOFLINE,unchecked,unavailable,True
sweep,dense7b-tp1,1,b200,0.5,16,15009316864,2097152,240149069824,3752853504,106732919,3752853504,3752853504,3859586424,memory,3752329216,3.752853504,1,1,244140625/916224,244140625/57264,4263.422481838503,4000000000000,2250000000000000,1/7157,114512,128826000/227899,below,ROOFLINE,unchecked,unavailable,True
sweep,dense7b-tp1,1,b200,0.5,32,15009316864,4194304,480298139648,3753377792,213465839,3753377792,3753377792,3966843632,memory,3752329216,3.753377792,1,1,244140625/916352,244140625/28636,8525.653897192346,4000000000000,2250000000000000,2/7157,114512,128826000/227899,below,ROOFLINE,unchecked,unavailable,True
sweep,dense7b-tp1,1,b200,0.5,64,15009316864,8388608,960596279296,3754426368,426931679,3754426368,3754426368,4181358048,memory,3752329216,3.754426368,1,1,244140625/916608,244140625/14322,17046.545524368106,4000000000000,2250000000000000,4/7157,114512,128826000/227899,below,ROOFLINE,unchecked,unavailable,True
sweep,dense7b-tp1,1,b200,0.5,128,15009316864,16777216,1921192558592,3756523520,853863359,3756523520,3756523520,4610386880,memory,3752329216,3.75652352,1,1,48828125/183424,48828125/1433,34074.05792044661,4000000000000,2250000000000000,8/7157,114512,128826000/227899,below,ROOFLINE,unchecked,unavailable,True
sweep,dense7b-tp1,1,b200,0.5,256,15009316864,33554432,3842385117184,3760717824,1707726718,3760717824,3760717824,5468444543,memory,3752329216,3.760717824,1,1,244140625/918144,488281250/7173,68072.11069287606,4000000000000,2250000000000000,16/7157,114512,128826000/227899,below,ROOFLINE,unchecked,unavailable,True
knee,dense7b-tp1,1,b200,0.5,565,15009316864,74055680,8480264028160,3770843136,3769006234,3770843136,3770843136,7539849371,memory,3752329216,3.770843136,1,1,244140625/920616,137939453125/920616,149833.8646352008,4000000000000,2250000000000000,565/114512,114512,128826000/227899,below,ROOFLINE,unchecked,unavailable,True
knee,dense7b-tp1,1,b200,0.5,566,15009316864,74186752,8495273345024,3770875904,3775677042,3775677042,3775677042,7546552947,compute,3752329216,3.775677042,1,1,500000000000/1887838521,283000000000000/1887838521,149906.88920262794,4000000000000,2250000000000000,283/57256,114512,128826000/227899,at-or-above,ROOFLINE,unchecked,unavailable,True
sweep,dense7b-tp1,1,b200,1,1,15009316864,131072,15009316864,1876180992,6670807,1876180992,1876180992,1882851800,memory,1876164608,1.876180992,1,1,244140625/458052,244140625/458052,532.9976181743557,8000000000000,2250000000000000,1/114512,114512,128826000/456923,below,ROOFLINE,unchecked,unavailable,True
sweep,dense7b-tp1,1,b200,1,2,15009316864,262144,30018633728,1876197376,13341614,1876197376,1876197376,1889538991,memory,1876164608,1.876197376,1,1,244140625/458056,244140625/229028,1065.985927484849,8000000000000,2250000000000000,1/57256,114512,128826000/456923,below,ROOFLINE,unchecked,unavailable,True
sweep,dense7b-tp1,1,b200,1,4,15009316864,524288,60037267456,1876230144,26683229,1876230144,1876230144,1902913374,memory,1876164608,1.876230144,1,1,244140625/458064,244140625/114516,2131.9346204897133,8000000000000,2250000000000000,1/28628,114512,128826000/456923,below,ROOFLINE,unchecked,unavailable,True
sweep,dense7b-tp1,1,b200,1,8,15009316864,1048576,120074534912,1876295680,53366459,1876295680,1876295680,1929662140,memory,1876164608,1.87629568,1,1,48828125/91616,48828125/11452,4263.720310862732,8000000000000,2250000000000000,1/14314,114512,128826000/456923,below,ROOFLINE,unchecked,unavailable,True
sweep,dense7b-tp1,1,b200,1,16,15009316864,2097152,240149069824,1876426752,106732919,1876426752,1876426752,1983159672,memory,1876164608,1.876426752,1,1,244140625/458112,244140625/28632,8526.844963677006,8000000000000,2250000000000000,1/7157,114512,128826000/456923,below,ROOFLINE,unchecked,unavailable,True
sweep,dense7b-tp1,1,b200,1,32,15009316864,4194304,480298139648,1876688896,213465839,1876688896,1876688896,2090154736,memory,1876164608,1.876688896,1,1,244140625/458176,244140625/14318,17051.30779438469,8000000000000,2250000000000000,2/7157,114512,128826000/456923,below,ROOFLINE,unchecked,unavailable,True
sweep,dense7b-tp1,1,b200,1,64,15009316864,8388608,960596279296,1877213184,426931679,1877213184,1877213184,2304144864,memory,1876164608,1.877213184,1,1,244140625/458304,244140625/7161,34093.09104873621,8000000000000,2250000000000000,4/7157,114512,128826000/456923,below,ROOFLINE,unchecked,unavailable,True
sweep,dense7b-tp1,1,b200,1,128,15009316864,16777216,1921192558592,1878261760,853863359,1878261760,1878261760,2732125120,memory,1876164608,1.87826176,1,1,48828125/91712,97656250/1433,68148.11584089322,8000000000000,2250000000000000,8/7157,114512,128826000/456923,below,ROOFLINE,unchecked,unavailable,True
sweep,dense7b-tp1,1,b200,1,256,15009316864,33554432,3842385117184,1880358912,1707726718,1880358912,1880358912,3588085631,memory,1876164608,1.880358912,1,1,244140625/459072,976562500/7173,136144.2213857521,8000000000000,2250000000000000,16/7157,114512,128826000/456923,below,ROOFLINE,unchecked,unavailable,True
knee,dense7b-tp1,1,b200,1,281,15009316864,36831232,4217618038784,1880768512,1874496906,1880768512,1880768512,3755265419,memory,1876164608,1.880768512,1,1,244140625/459172,68603515625/459172,149407.01006376697,8000000000000,2250000000000000,281/114512,114512,128826000/456923,below,ROOFLINE,unchecked,unavailable,True
knee,dense7b-tp1,1,b200,1,282,15009316864,36962304,4232627355648,1880784896,1881167713,1881167713,1881167713,3761952610,compute,1876164608,1.881167713,1,1,1000000000000/1881167713,282000000000000/1881167713,149906.88924289442,8000000000000,2250000000000000,141/57256,114512,128826000/456923,at-or-above,ROOFLINE,unchecked,unavailable,True
sweep,dense7b-tp1,1,b200,2,1,15009316864,131072,15009316864,938090496,6670807,938090496,938090496,944761304,memory,938082304,0.938090496,1,1,244140625/229026,244140625/229026,1065.9952363487114,16000000000000,2250000000000000,1/114512,114512,128826000/914971,below,ROOFLINE,unchecked,unavailable,True
sweep,dense7b-tp1,1,b200,2,2,15009316864,262144,30018633728,938098688,13341614,938098688,938098688,951440303,memory,938082304,0.938098688,1,1,244140625/229028,244140625/114514,2131.971854969698,16000000000000,2250000000000000,1/57256,114512,128826000/914971,below,ROOFLINE,unchecked,unavailable,True
sweep,dense7b-tp1,1,b200,2,4,15009316864,524288,60037267456,938115072,26683229,938115072,938115072,964798302,memory,938082304,0.938115072,1,1,244140625/229032,244140625/57258,4263.869240979427,16000000000000,2250000000000000,1/28628,114512,128826000/914971,below,ROOFLINE,unchecked,unavailable,True
sweep,dense7b-tp1,1,b200,2,8,15009316864,1048576,120074534912,938147840,53366459,938147840,938147840,991514300,memory,938082304,0.93814784,1,1,48828125/45808,48828125/5726,8527.440621725464,16000000000000,2250000000000000,1/14314,114512,128826000/914971,below,ROOFLINE,unchecked,unavailable,True
sweep,dense7b-tp1,1,b200,2,16,15009316864,2097152,240149069824,938213376,106732919,938213376,938213376,1044946296,memory,938082304,0.938213376,1,1,244140625/229056,244140625/14316,17053.68992735401,16000000000000,2250000000000000,1/7157,114512,128826000/914971,below,ROOFLINE,unchecked,unavailable,True
sweep,dense7b-tp1,1,b200,2,32,15009316864,4194304,480298139648,938344448,213465839,938344448,938344448,1151810288,memory,938082304,0.938344448,1,1,244140625/229088,244140625/7159,34102.61558876938,16000000000000,2250000000000000,2/7157,114512,128826000/914971,below,ROOFLINE,unchecked,unavailable,True
sweep,dense7b-tp1,1,b200,2,64,15009316864,8388608,960596279296,938606592,426931679,938606592,938606592,1365538272,memory,938082304,0.938606592,1,1,244140625/229152,488281250/7161,68186.18209747243,16000000000000,2250000000000000,4/7157,114512,128826000/914971,below,ROOFLINE,unchecked,unavailable,True
sweep,dense7b-tp1,1,b200,2,128,15009316864,16777216,1921192558592,939130880,853863359,939130880,939130880,1792994240,memory,938082304,0.93913088,1,1,48828125/45856,195312500/1433,136296.23168178645,16000000000000,2250000000000000,8/7157,114512,128826000/914971,below,ROOFLINE,unchecked,unavailable,True
knee,dense7b-tp1,1,b200,2,140,15009316864,18350080,2101304360960,939229184,933913049,939229184,939229184,1873142234,memory,938082304,0.939229184,1,1,244140625/229304,8544921875/57326,149058.40063845375,16000000000000,2250000000000000,35/28628,114512,128826000/914971,below,ROOFLINE,unchecked,unavailable,True
knee,dense7b-tp1,1,b200,2,141,15009316864,18481152,2116313677824,939237376,940583856,940583856,940583856,1879821233,compute,938082304,0.940583856,1,1,62500000000/58786491,2937500000000/19595497,149906.88932258263,16000000000000,2250000000000000,141/114512,114512,128826000/914971,at-or-above,ROOFLINE,unchecked,unavailable,True
sweep,dense7b-tp1,1,b200,2,256,15009316864,33554432,3842385117184,940179456,1707726718,1707726718,1707726718,2647906175,compute,938082304,1.707726718,1,1,500000000000/853863359,128000000000000/853863359,149906.8892590811,16000000000000,2250000000000000,16/7157,114512,128826000/914971,at-or-above,ROOFLINE,unchecked,unavailable,True
sweep,dense7b-tp1,2048,a100,0.5,1,15009316864,268435456,16082534400,14985534399,51546584,14985534399,14985534399,15037080984,memory,14722233314,14.985534399,1,1,1000000000000/14985534399,1000000000000/14985534399,66.73102028758687,1019500000000,312000000000000,128/7157,7157/128,none,no-finite-crossover,ROOFLINE,unchecked,unavailable,True
sweep,dense7b-tp1,2048,a100,0.5,2,15009316864,536870912,32165068800,15248835484,103093169,15248835484,15248835484,15351928654,memory,14722233314,15.248835484,1,1,250000000000/3812208871,500000000000/3812208871,131.157556398226,1019500000000,312000000000000,256/7157,7157/128,none,no-finite-crossover,ROOFLINE,unchecked,unavailable,True
sweep,dense7b-tp1,2048,a100,0.5,4,15009316864,1073741824,64330137600,15775437653,206186338,15775437653,15775437653,15981623993,memory,14722233314,15.775437653,1,1,1000000000000/15775437653,4000000000000/15775437653,253.55873402595103,1019500000000,312000000000000,512/7157,7157/128,none,no-finite-crossover,ROOFLINE,unchecked,unavailable,True
sweep,dense7b-tp1,2048,a100,0.5,8,15009316864,2147483648,128660275200,16828641993,412372676,16828641993,16828641993,17241014671,memory,14722233314,16.828641993,1,1,1000000000000/16828641993,8000000000000/16828641993,475.38001006425,1019500000000,312000000000000,1024/7157,7157/128,none,no-finite-crossover,ROOFLINE,unchecked,unavailable,True
sweep,dense7b-tp1,2048,a100,0.5,16,15009316864,4294967296,257320550400,18935050671,824745353,18935050671,18935050671,19759796026,memory,14722233314,18.935050671,1,1,1000000000000/18935050671,16000000000000/18935050671,844.9937778357688,1019500000000,312000000000000,2048/7157,7157/128,none,no-finite-crossover,ROOFLINE,unchecked,unavailable,True
sweep,dense7b-tp1,2048,a100,0.5,32,15009316864,8589934592,514641100800,23147868029,1649490707,23147868029,23147868029,24797358738,memory,14722233314,23.147868029,1,1,1000000000000/23147868029,32000000000000/23147868029,1382.4167288283272,1019500000000,312000000000000,4096/7157,7157/128,none,no-finite-crossover,ROOFLINE,unchecked,unavailable,True
sweep,dense7b-tp1,2048,a100,0.5,64,15009316864,17179869184,1029282201600,31573502744,3298981415,31573502744,31573502744,34872484160,memory,14722233314,31.573502744,1,1,125000000000/3946687843,8000000000000/3946687843,2027.0161508184929,1019500000000,312000000000000,8192/7157,7157/128,none,no-finite-crossover,ROOFLINE,unchecked,unavailable,True
sweep,dense7b-tp1,2048,a100,0.5,128,15009316864,34359738368,2058564403200,48424772174,6597962830,48424772174,48424772174,55022735006,memory,14722233314,48.424772174,1,1,500000000000/24212386087,64000000000000/24212386087,2643.275213357125,1019500000000,312000000000000,16384/7157,7157/128,none,no-finite-crossover,ROOFLINE,unchecked,unavailable,True
sweep,dense7b-tp1,2048,a100,0.5,256,15009316864,68719476736,4117128806400,82127311034,13195925661,82127311034,82127311034,95323236697,memory,14722233314,82.127311034,1,1,500000000000/41063655517,128000000000000/41063655517,3117.111674264097,1019500000000,312000000000000,32768/7157,7157/128,none,no-finite-crossover,ROOFLINE,unchecked,unavailable,True
sweep,dense7b-tp1,2048,a100,1,1,15009316864,268435456,16082534400,7492767199,51546584,7492767199,7492767199,7544313785,memory,7361116657,7.492767199,1,1,1000000000000/7492767199,1000000000000/7492767199,133.4620405840798,2039000000000,312000000000000,128/7157,7157/128,none,no-finite-crossover,ROOFLINE,unchecked,unavailable,True
sweep,dense7b-tp1,2048,a100,1,2,15009316864,536870912,32165068800,7624417742,103093169,7624417742,7624417742,7727510912,memory,7361116657,7.624417742,1,1,500000000000/3812208871,1000000000000/3812208871,262.315112796452,2039000000000,312000000000000,256/7157,7157/128,none,no-finite-crossover,ROOFLINE,unchecked,unavailable,True
sweep,dense7b-tp1,2048,a100,1,4,15009316864,1073741824,64330137600,7887718826,206186338,7887718826,7887718826,8093905166,memory,7361116657,7.887718826,1,1,500000000000/3943859413,2000000000000/3943859413,507.117468084048,2039000000000,312000000000000,512/7157,7157/128,none,no-finite-crossover,ROOFLINE,unchecked,unavailable,True
sweep,dense7b-tp1,2048,a100,1,8,15009316864,2147483648,128660275200,8414320996,412372676,8414320996,8414320996,8826693674,memory,7361116657,8.414320996,1,1,250000000000/2103580249,2000000000000/2103580249,950.7600201849965,2039000000000,312000000000000,1024/7157,7157/128,none,no-finite-crossover,ROOFLINE,unchecked,unavailable,True
sweep,dense7b-tp1,2048,a100,1,16,15009316864,4294967296,257320550400,9467525335,824745353,9467525335,9467525335,10292270690,memory,7361116657,9.467525335,1,1,200000000000/1893505067,3200000000000/1893505067,1689.9875557607895,2039000000000,312000000000000,2048/7157,7157/128,none,no-finite-crossover,ROOFLINE,unchecked,unavailable,True
sweep,dense7b-tp1,2048,a100,1,32,15009316864,8589934592,514641100800,11573934014,1649490707,11573934014,11573934014,13223424723,memory,7361116657,11.573934014,1,1,500000000000/5786967007,16000000000000/5786967007,2764.833457776097,2039000000000,312000000000000,4096/7157,7157/128,none,no-finite-crossover,ROOFLINE,unchecked,unavailable,True
sweep,dense7b-tp1,2048,a100,1,64,15009316864,17179869184,1029282201600,15786751372,3298981415,15786751372,15786751372,19085732788,memory,7361116657,15.786751372,1,1,250000000000/3946687843,16000000000000/3946687843,4054.0323016369857,2039000000000,312000000000000,8192/7157,7157/128,none,no-finite-crossover,ROOFLINE,unchecked,unavailable,True
sweep,dense7b-tp1,2048,a100,1,128,15009316864,34359738368,2058564403200,24212386087,6597962830,24212386087,24212386087,30810348919,memory,7361116657,24.212386087,1,1,1000000000000/24212386087,128000000000000/24212386087,5286.55042671425,2039000000000,312000000000000,16384/7157,7157/128,none,no-finite-crossover,ROOFLINE,unchecked,unavailable,True
sweep,dense7b-tp1,2048,a100,1,256,15009316864,68719476736,4117128806400,41063655517,13195925661,41063655517,41063655517,54259581179,memory,7361116657,41.063655517,1,1,1000000000000/41063655517,256000000000000/41063655517,6234.223348528194,2039000000000,312000000000000,32768/7157,7157/128,none,no-finite-crossover,ROOFLINE,unchecked,unavailable,True
sweep,dense7b-tp1,2048,a100,2,1,15009316864,268435456,16082534400,3746383599,51546584,3746383599,3746383599,3797930185,memory,3680558328,3.746383599,1,1,1000000000000/3746383599,1000000000000/3746383599,266.9240812037838,4078000000000,312000000000000,128/7157,7157/128,none,no-finite-crossover,ROOFLINE,unchecked,unavailable,True
sweep,dense7b-tp1,2048,a100,2,2,15009316864,536870912,32165068800,3812208871,103093169,3812208871,3812208871,3915302041,memory,3680558328,3.812208871,1,1,1000000000000/3812208871,2000000000000/3812208871,524.630225592904,4078000000000,312000000000000,256/7157,7157/128,none,no-finite-crossover,ROOFLINE,unchecked,unavailable,True
sweep,dense7b-tp1,2048,a100,2,4,15009316864,1073741824,64330137600,3943859413,206186338,3943859413,3943859413,4150045752,memory,3680558328,3.943859413,1,1,1000000000000/3943859413,4000000000000/3943859413,1014.234936168096,4078000000000,312000000000000,512/7157,7157/128,none,no-finite-crossover,ROOFLINE,unchecked,unavailable,True
sweep,dense7b-tp1,2048,a100,2,8,15009316864,2147483648,128660275200,4207160498,412372676,4207160498,4207160498,4619533176,memory,3680558328,4.207160498,1,1,500000000000/2103580249,4000000000000/2103580249,1901.520040369993,4078000000000,312000000000000,1024/7157,7157/128,none,no-finite-crossover,ROOFLINE,unchecked,unavailable,True
sweep,dense7b-tp1,2048,a100,2,16,15009316864,4294967296,257320550400,4733762667,824745353,4733762667,4733762667,5558508022,memory,3680558328,4.733762667,1,1,1000000000000/4733762667,16000000000000/4733762667,3379.975111878586,4078000000000,312000000000000,2048/7157,7157/128,none,no-finite-crossover,ROOFLINE,unchecked,unavailable,True
sweep,dense7b-tp1,2048,a100,2,32,15009316864,8589934592,514641100800,5786967007,1649490707,5786967007,5786967007,7436457716,memory,3680558328,5.786967007,1,1,1000000000000/5786967007,32000000000000/5786967007,5529.666915552194,4078000000000,312000000000000,4096/7157,7157/128,none,no-finite-crossover,ROOFLINE,unchecked,unavailable,True
sweep,dense7b-tp1,2048,a100,2,64,15009316864,17179869184,1029282201600,7893375686,3298981415,7893375686,7893375686,11192357102,memory,3680558328,7.893375686,1,1,500000000000/3946687843,32000000000000/3946687843,8108.064603273971,4078000000000,312000000000000,8192/7157,7157/128,none,no-finite-crossover,ROOFLINE,unchecked,unavailable,True
sweep,dense7b-tp1,2048,a100,2,128,15009316864,34359738368,2058564403200,12106193043,6597962830,12106193043,12106193043,18704155875,memory,3680558328,12.106193043,1,1,1000000000000/12106193043,128000000000000/12106193043,10573.10085386518,4078000000000,312000000000000,16384/7157,7157/128,none,no-finite-crossover,ROOFLINE,unchecked,unavailable,True
sweep,dense7b-tp1,2048,a100,2,256,15009316864,68719476736,4117128806400,20531827758,13195925661,20531827758,20531827758,33727753421,memory,3680558328,20.531827758,1,1,500000000000/10265913879,128000000000000/10265913879,12468.446697360027,4078000000000,312000000000000,32768/7157,7157/128,none,no-finite-crossover,ROOFLINE,unchecked,unavailable,True
sweep,dense7b-tp1,2048,h100,0.5,1,15009316864,268435456,16082534400,9121046161,16253192,9121046161,9121046161,9137299355,memory,8960786187,9.121046161,1,1,1000000000000/9121046161,1000000000000/9121046161,109.63654632906314,1675000000000,989500000000000,128/7157,7157/128,none,no-finite-crossover,ROOFLINE,unchecked,unavailable,True
sweep,dense7b-tp1,2048,h100,0.5,2,15009316864,536870912,32165068800,9281306134,32506385,9281306134,9281306134,9313812521,memory,8960786187,9.281306134,1,1,500000000000/4640653067,1000000000000/4640653067,215.48691220015306,1675000000000,989500000000000,256/7157,7157/128,none,no-finite-crossover,ROOFLINE,unchecked,unavailable,True
sweep,dense7b-tp1,2048,h100,0.5,4,15009316864,1073741824,64330137600,9601826082,65012771,9601826082,9601826082,9666838855,memory,8960786187,9.601826082,1,1,500000000000/4800913041,2000000000000/4800913041,416.5874247085743,1675000000000,989500000000000,512/7157,7157/128,none,no-finite-crossover,ROOFLINE,unchecked,unavailable,True
sweep,dense7b-tp1,2048,h100,0.5,8,15009316864,2147483648,128660275200,10242865977,130025543,10242865977,10242865977,10372891521,memory,8960786187,10.242865977,1,1,1000000000000/10242865977,8000000000000/10242865977,781.0314044881308,1675000000000,989500000000000,1024/7157,7157/128,none,no-finite-crossover,ROOFLINE,unchecked,unavailable,True
sweep,dense7b-tp1,2048,h100,0.5,16,15009316864,4294967296,257320550400,11524945767,260051086,11524945767,11524945767,11784996854,memory,8960786187,11.524945767,1,1,1000000000000/11524945767,16000000000000/11524945767,1388.2928669229545,1675000000000,989500000000000,2048/7157,7157/128,none,no-finite-crossover,ROOFLINE,unchecked,unavailable,True
sweep,dense7b-tp1,2048,h100,0.5,32,15009316864,8589934592,514641100800,14089105346,520102173,14089105346,14089105346,14609207521,memory,8960786187,14.089105346,1,1,500000000000/7044552673,16000000000000/7044552673,2271.258480517007,1675000000000,989500000000000,4096/7157,7157/128,none,no-finite-crossover,ROOFLINE,unchecked,unavailable,True
sweep,dense7b-tp1,2048,h100,0.5,64,15009316864,17179869184,1029282201600,19217424506,1040204347,19217424506,19217424506,20257628854,memory,8960786187,19.217424506,1,1,500000000000/9608712253,32000000000000/9608712253,3330.3109883438406,1675000000000,989500000000000,8192/7157,7157/128,none,no-finite-crossover,ROOFLINE,unchecked,unavailable,True
sweep,dense7b-tp1,2048,h100,0.5,128,15009316864,34359738368,2058564403200,29474062825,2080408694,29474062825,29474062825,31554471520,memory,8960786187,29.474062825,1,1,40000000000/1178962513,5120000000000/1178962513,4342.8013558901,1675000000000,989500000000000,16384/7157,7157/128,none,no-finite-crossover,ROOFLINE,unchecked,unavailable,True
sweep,dense7b-tp1,2048,h100,0.5,256,15009316864,68719476736,4117128806400,49987339462,4160817388,49987339462,49987339462,54148156852,memory,8960786187,49.987339462,1,1,500000000000/24993669731,128000000000000/24993669731,5121.296767446671,1675000000000,989500000000000,32768/7157,7157/128,none,no-finite-crossover,ROOFLINE,unchecked,unavailable,True
sweep,dense7b-tp1,2048,h100,1,1,15009316864,268435456,16082534400,4560523080,16253192,4560523080,4560523080,4576776274,memory,4480393093,4.56052308,1,1,25000000000/114013077,25000000000/114013077,219.27309268216663,3350000000000,989500000000000,128/7157,7157/128,none,no-finite-crossover,ROOFLINE,unchecked,unavailable,True
sweep,dense7b-tp1,2048,h100,1,2,15009316864,536870912,32165068800,4640653067,32506385,4640653067,4640653067,4673159454,memory,4480393093,4.640653067,1,1,1000000000000/4640653067,2000000000000/4640653067,430.9738244003061,3350000000000,989500000000000,256/7157,7157/128,none,no-finite-crossover,ROOFLINE,unchecked,unavailable,True
sweep,dense7b-tp1,2048,h100,1,4,15009316864,1073741824,64330137600,4800913041,65012771,4800913041,4800913041,4865925813,memory,4480393093,4.800913041,1,1,1000000000000/4800913041,4000000000000/4800913041,833.1748494171486,3350000000000,989500000000000,512/7157,7157/128,none,no-finite-crossover,ROOFLINE,unchecked,unavailable,True
sweep,dense7b-tp1,2048,h100,1,8,15009316864,2147483648,128660275200,5121432988,130025543,5121432988,5121432988,5251458533,memory,4480393093,5.121432988,1,1,250000000000/1280358247,2000000000000/1280358247,1562.062809128764,3350000000000,989500000000000,1024/7157,7157/128,none,no-finite-crossover,ROOFLINE,unchecked,unavailable,True
sweep,dense7b-tp1,2048,h100,1,16,15009316864,4294967296,257320550400,5762472883,260051086,5762472883,5762472883,6022523971,memory,4480393093,5.762472883,1,1,1000000000000/5762472883,16000000000000/5762472883,2776.585734086829,3350000000000,989500000000000,2048/7157,7157/128,none,no-finite-crossover,ROOFLINE,unchecked,unavailable,True
sweep,dense7b-tp1,2048,h100,1,32,15009316864,8589934592,514641100800,7044552673,520102173,7044552673,7044552673,7564654848,memory,4480393093,7.044552673,1,1,1000000000000/7044552673,32000000000000/7044552673,4542.516961034014,3350000000000,989500000000000,4096/7157,7157/128,none,no-finite-crossover,ROOFLINE,unchecked,unavailable,True
sweep,dense7b-tp1,2048,h100,1,64,15009316864,17179869184,1029282201600,9608712253,1040204347,9608712253,9608712253,10648916601,memory,4480393093,9.608712253,1,1,1000000000000/9608712253,64000000000000/9608712253,6660.621976687681,3350000000000,989500000000000,8192/7157,7157/128,none,no-finite-crossover,ROOFLINE,unchecked,unavailable,True
sweep,dense7b-tp1,2048,h100,1,128,15009316864,34359738368,2058564403200,14737031412,2080408694,14737031412,14737031412,16817440108,memory,4480393093,14.737031412,1,1,250000000000/3684257853,32000000000000/3684257853,8685.602712074888,3350000000000,989500000000000,16384/7157,7157/128,none,no-finite-crossover,ROOFLINE,unchecked,unavailable,True
sweep,dense7b-tp1,2048,h100,1,256,15009316864,68719476736,4117128806400,24993669731,4160817388,24993669731,24993669731,29154487121,memory,4480393093,24.993669731,1,1,1000000000000/24993669731,256000000000000/24993669731,10242.593534893342,3350000000000,989500000000000,32768/7157,7157/128,none,no-finite-crossover,ROOFLINE,unchecked,unavailable,True
sweep,dense7b-tp1,2048,h100,2,1,15009316864,268435456,16082534400,2280261540,16253192,2280261540,2280261540,2296514734,memory,2240196546,2.28026154,1,1,50000000000/114013077,50000000000/114013077,438.54618536433327,6700000000000,989500000000000,128/7157,7157/128,none,no-finite-crossover,ROOFLINE,unchecked,unavailable,True
sweep,dense7b-tp1,2048,h100,2,2,15009316864,536870912,32165068800,2320326533,32506385,2320326533,2320326533,2352832920,memory,2240196546,2.320326533,1,1,1000000000000/2320326533,2000000000000/2320326533,861.9476489863507,6700000000000,989500000000000,256/7157,7157/128,none,no-finite-crossover,ROOFLINE,unchecked,unavailable,True
sweep,dense7b-tp1,2048,h100,2,4,15009316864,1073741824,64330137600,2400456520,65012771,2400456520,2400456520,2465469293,memory,2240196546,2.40045652,1,1,25000000000/60011413,100000000000/60011413,1666.3496991813875,6700000000000,989500000000000,512/7157,7157/128,none,no-finite-crossover,ROOFLINE,unchecked,unavailable,True
sweep,dense7b-tp1,2048,h100,2,8,15009316864,2147483648,128660275200,2560716494,130025543,2560716494,2560716494,2690742038,memory,2240196546,2.560716494,1,1,500000000000/1280358247,4000000000000/1280358247,3124.125618257528,6700000000000,989500000000000,1024/7157,7157/128,none,no-finite-crossover,ROOFLINE,unchecked,unavailable,True
sweep,dense7b-tp1,2048,h100,2,16,15009316864,4294967296,257320550400,2881236441,260051086,2881236441,2881236441,3141287529,memory,2240196546,2.881236441,1,1,1000000000000/2881236441,16000000000000/2881236441,5553.171469137336,6700000000000,989500000000000,2048/7157,7157/128,none,no-finite-crossover,ROOFLINE,unchecked,unavailable,True
sweep,dense7b-tp1,2048,h100,2,32,15009316864,8589934592,514641100800,3522276336,520102173,3522276336,3522276336,4042378511,memory,2240196546,3.522276336,1,1,62500000000/220142271,2000000000000/220142271,9085.033923357681,6700000000000,989500000000000,4096/7157,7157/128,none,no-finite-crossover,ROOFLINE,unchecked,unavailable,True
sweep,dense7b-tp1,2048,h100,2,64,15009316864,17179869184,1029282201600,4804356126,1040204347,4804356126,4804356126,5844560474,memory,2240196546,4.804356126,1,1,500000000000/2402178063,32000000000000/2402178063,13321.243954761734,6700000000000,989500000000000,8192/7157,7157/128,none,no-finite-crossover,ROOFLINE,unchecked,unavailable,True
sweep,dense7b-tp1,2048,h100,2,128,15009316864,34359738368,2058564403200,7368515706,2080408694,7368515706,7368515706,9448924401,memory,2240196546,7.368515706,1,1,500000000000/3684257853,64000000000000/3684257853,17371.205424149775,6700000000000,989500000000000,16384/7157,7157/128,none,no-finite-crossover,ROOFLINE,unchecked,unavailable,True
sweep,dense7b-tp1,2048,h100,2,256,15009316864,68719476736,4117128806400,12496834865,4160817388,12496834865,12496834865,16657652255,memory,2240196546,12.496834865,1,1,200000000000/2499366973,51200000000000/2499366973,20485.1870706063,6700000000000,989500000000000,32768/7157,7157/128,none,no-finite-crossover,ROOFLINE,unchecked,unavailable,True
sweep,dense7b-tp1,2048,h200,0.5,1,15009316864,268435456,16082534400,6365730133,16253192,6365730133,6365730133,6381983327,memory,6253882026,6.365730133,1,1,1000000000000/6365730133,1000000000000/6365730133,157.09117086443726,2400000000000,989500000000000,128/7157,7157/128,none,no-finite-crossover,ROOFLINE,unchecked,unavailable,True
sweep,dense7b-tp1,2048,h200,0.5,2,15009316864,536870912,32165068800,6477578240,32506385,6477578240,6477578240,6510084626,memory,6253882026,6.47757824,1,1,48828125/316288,48828125/158144,308.75736670376364,2400000000000,989500000000000,256/7157,7157/128,none,no-finite-crossover,ROOFLINE,unchecked,unavailable,True
sweep,dense7b-tp1,2048,h200,0.5,4,15009316864,1073741824,64330137600,6701274453,65012771,6701274453,6701274453,6766287226,memory,6253882026,6.701274453,1,1,1000000000000/6701274453,4000000000000/6701274453,596.9013846626287,2400000000000,989500000000000,512/7157,7157/128,none,no-finite-crossover,ROOFLINE,unchecked,unavailable,True
sweep,dense7b-tp1,2048,h200,0.5,8,15009316864,2147483648,128660275200,7148666880,130025543,7148666880,7148666880,7278692424,memory,6253882026,7.14866688,1,1,48828125/349056,48828125/43632,1119.0897735606893,2400000000000,989500000000000,1024/7157,7157/128,none,no-finite-crossover,ROOFLINE,unchecked,unavailable,True
sweep,dense7b-tp1,2048,h200,0.5,16,15009316864,4294967296,257320550400,8043451733,260051086,8043451733,8043451733,8303502821,memory,6253882026,8.043451733,1,1,1000000000000/8043451733,16000000000000/8043451733,1989.195749675048,2400000000000,989500000000000,2048/7157,7157/128,none,no-finite-crossover,ROOFLINE,unchecked,unavailable,True
sweep,dense7b-tp1,2048,h200,0.5,32,15009316864,8589934592,514641100800,9833021440,520102173,9833021440,9833021440,10353123614,memory,6253882026,9.83302144,1,1,48828125/480128,48828125/15004,3254.3405091975474,2400000000000,989500000000000,4096/7157,7157/128,none,no-finite-crossover,ROOFLINE,unchecked,unavailable,True
sweep,dense7b-tp1,2048,h200,0.5,64,15009316864,17179869184,1029282201600,13412160853,1040204347,13412160853,13412160853,14452365201,memory,6253882026,13.412160853,1,1,1000000000000/13412160853,64000000000000/13412160853,4771.78887887291,2400000000000,989500000000000,8192/7157,7157/128,none,no-finite-crossover,ROOFLINE,unchecked,unavailable,True
sweep,dense7b-tp1,2048,h200,0.5,128,15009316864,34359738368,2058564403200,20570439680,2080408694,20570439680,20570439680,22650848375,memory,6253882026,20.57043968,1,1,48828125/1004416,48828125/7847,6222.521345737225,2400000000000,989500000000000,16384/7157,7157/128,none,no-finite-crossover,ROOFLINE,unchecked,unavailable,True
sweep,dense7b-tp1,2048,h200,0.5,256,15009316864,68719476736,4117128806400,34886997333,4160817388,34886997333,34886997333,39047814723,memory,6253882026,34.886997333,1,1,1000000000000/34886997333,256000000000000/34886997333,7337.977457803362,2400000000000,989500000000000,32768/7157,7157/128,none,no-finite-crossover,ROOFLINE,unchecked,unavailable,True
sweep,dense7b-tp1,2048,h200,1,1,15009316864,268435456,16082534400,3182865066,16253192,3182865066,3182865066,3199118260,memory,3126941013,3.182865066,1,1,500000000000/1591432533,500000000000/1591432533,314.18234177822984,4800000000000,989500000000000,128/7157,7157/128,none,no-finite-crossover,ROOFLINE,unchecked,unavailable,True
sweep,dense7b-tp1,2048,h200,1,2,15009316864,536870912,32165068800,3238789120,32506385,3238789120,3238789120,3271295506,memory,3126941013,3.23878912,1,1,48828125/158144,48828125/79072,617.5147334075273,4800000000000,989500000000000,256/7157,7157/128,none,no-finite-crossover,ROOFLINE,unchecked,unavailable,True
sweep,dense7b-tp1,2048,h200,1,4,15009316864,1073741824,64330137600,3350637226,65012771,3350637226,3350637226,3415649999,memory,3126941013,3.350637226,1,1,500000000000/1675318613,2000000000000/1675318613,1193.8027695034032,4800000000000,989500000000000,512/7157,7157/128,none,no-finite-crossover,ROOFLINE,unchecked,unavailable,True
sweep,dense7b-tp1,2048,h200,1,8,15009316864,2147483648,128660275200,3574333440,130025543,3574333440,3574333440,3704358984,memory,3126941013,3.57433344,1,1,48828125/174528,48828125/21816,2238.1795471213786,4800000000000,989500000000000,1024/7157,7157/128,none,no-finite-crossover,ROOFLINE,unchecked,unavailable,True
sweep,dense7b-tp1,2048,h200,1,16,15009316864,4294967296,257320550400,4021725866,260051086,4021725866,4021725866,4281776954,memory,3126941013,4.021725866,1,1,500000000000/2010862933,8000000000000/2010862933,3978.3914998447085,4800000000000,989500000000000,2048/7157,7157/128,none,no-finite-crossover,ROOFLINE,unchecked,unavailable,True
sweep,dense7b-tp1,2048,h200,1,32,15009316864,8589934592,514641100800,4916510720,520102173,4916510720,4916510720,5436612894,memory,3126941013,4.91651072,1,1,48828125/240064,48828125/7502,6508.681018395095,4800000000000,989500000000000,4096/7157,7157/128,none,no-finite-crossover,ROOFLINE,unchecked,unavailable,True
sweep,dense7b-tp1,2048,h200,1,64,15009316864,17179869184,1029282201600,6706080426,1040204347,6706080426,6706080426,7746284774,memory,3126941013,6.706080426,1,1,500000000000/3353040213,32000000000000/3353040213,9543.57775845738,4800000000000,989500000000000,8192/7157,7157/128,none,no-finite-crossover,ROOFLINE,unchecked,unavailable,True
sweep,dense7b-tp1,2048,h200,1,128,15009316864,34359738368,2058564403200,10285219840,2080408694,10285219840,10285219840,12365628535,memory,3126941013,10.28521984,1,1,48828125/502208,97656250/7847,12445.04269147445,4800000000000,989500000000000,16384/7157,7157/128,none,no-finite-crossover,ROOFLINE,unchecked,unavailable,True
sweep,dense7b-tp1,2048,h200,1,256,15009316864,68719476736,4117128806400,17443498666,4160817388,17443498666,17443498666,21604316056,memory,3126941013,17.443498666,1,1,500000000000/8721749333,128000000000000/8721749333,14675.954916027395,4800000000000,989500000000000,32768/7157,7157/128,none,no-finite-crossover,ROOFLINE,unchecked,unavailable,True
sweep,dense7b-tp1,2048,h200,2,1,15009316864,268435456,16082534400,1591432533,16253192,1591432533,1591432533,1607685727,memory,1563470506,1.591432533,1,1,1000000000000/1591432533,1000000000000/1591432533,628.3646835564597,9600000000000,989500000000000,128/7157,7157/128,none,no-finite-crossover,ROOFLINE,unchecked,unavailable,True
sweep,dense7b-tp1,2048,h200,2,2,15009316864,536870912,32165068800,1619394560,32506385,1619394560,1619394560,1651900946,memory,1563470506,1.61939456,1,1,48828125/79072,48828125/39536,1235.0294668150545,9600000000000,989500000000000,256/7157,7157/128,none,no-finite-crossover,ROOFLINE,unchecked,unavailable,True
sweep,dense7b-tp1,2048,h200,2,4,15009316864,1073741824,64330137600,1675318613,65012771,1675318613,1675318613,1740331386,memory,1563470506,1.675318613,1,1,1000000000000/1675318613,4000000000000/1675318613,2387.6055390068063,9600000000000,989500000000000,512/7157,7157/128,none,no-finite-crossover,ROOFLINE,unchecked,unavailable,True
sweep,dense7b-tp1,2048,h200,2,8,15009316864,2147483648,128660275200,1787166720,130025543,1787166720,1787166720,1917192264,memory,1563470506,1.78716672,1,1,48828125/87264,48828125/10908,4476.359094242757,9600000000000,989500000000000,1024/7157,7157/128,none,no-finite-crossover,ROOFLINE,unchecked,unavailable,True
sweep,dense7b-tp1,2048,h200,2,16,15009316864,4294967296,257320550400,2010862933,260051086,2010862933,2010862933,2270914021,memory,1563470506,2.010862933,1,1,1000000000000/2010862933,16000000000000/2010862933,7956.782999689417,9600000000000,989500000000000,2048/7157,7157/128,none,no-finite-crossover,ROOFLINE,unchecked,unavailable,True
sweep,dense7b-tp1,2048,h200,2,32,15009316864,8589934592,514641100800,2458255360,520102173,2458255360,2458255360,2978357534,memory,1563470506,2.45825536,1,1,48828125/120032,48828125/3751,13017.36203679019,9600000000000,989500000000000,4096/7157,7157/128,none,no-finite-crossover,ROOFLINE,unchecked,unavailable,True
sweep,dense7b-tp1,2048,h200,2,64,15009316864,17179869184,1029282201600,3353040213,1040204347,3353040213,3353040213,4393244561,memory,1563470506,3.353040213,1,1,1000000000000/3353040213,64000000000000/3353040213,19087.15551691476,9600000000000,989500000000000,8192/7157,7157/128,none,no-finite-crossover,ROOFLINE,unchecked,unavailable,True
sweep,dense7b-tp1,2048,h200,2,128,15009316864,34359738368,2058564403200,5142609920,2080408694,5142609920,5142609920,7223018615,memory,1563470506,5.14260992,1,1,48828125/251104,195312500/7847,24890.0853829489,9600000000000,989500000000000,16384/7157,7157/128,none,no-finite-crossover,ROOFLINE,unchecked,unavailable,True
sweep,dense7b-tp1,2048,h200,2,256,15009316864,68719476736,4117128806400,8721749333,4160817388,8721749333,8721749333,12882566723,memory,1563470506,8.721749333,1,1,1000000000000/8721749333,256000000000000/8721749333,29351.90983205479,9600000000000,989500000000000,32768/7157,7157/128,none,no-finite-crossover,ROOFLINE,unchecked,unavailable,True
sweep,dense7b-tp1,2048,b100,0.5,1,15009316864,268435456,16082534400,3819438080,8934741,3819438080,3819438080,3828372822,memory,3752329216,3.81943808,1,1,48828125/186496,48828125/186496,261.81861809368564,4000000000000,1800000000000000,128/7157,7157/128,none,no-finite-crossover,ROOFLINE,unchecked,unavailable,True
sweep,dense7b-tp1,2048,b100,0.5,2,15009316864,536870912,32165068800,3886546944,17869482,3886546944,3886546944,3904416427,memory,3752329216,3.886546944,1,1,244140625/948864,244140625/474432,514.5956111729395,4000000000000,1800000000000000,256/7157,7157/128,none,no-finite-crossover,ROOFLINE,unchecked,unavailable,True
sweep,dense7b-tp1,2048,b100,0.5,4,15009316864,1073741824,64330137600,4020764672,35738965,4020764672,4020764672,4056503638,memory,3752329216,4.020764672,1,1,244140625/981632,244140625/245408,994.8356410548963,4000000000000,1800000000000000,512/7157,7157/128,none,no-finite-crossover,ROOFLINE,unchecked,unavailable,True
sweep,dense7b-tp1,2048,b100,0.5,8,15009316864,2147483648,128660275200,4289200128,71477930,4289200128,4289200128,4360678059,memory,3752329216,4.289200128,1,1,244140625/1047168,244140625/130896,1865.149622601149,4000000000000,1800000000000000,1024/7157,7157/128,none,no-finite-crossover,ROOFLINE,unchecked,unavailable,True
sweep,dense7b-tp1,2048,b100,0.5,16,15009316864,4294967296,257320550400,4826071040,142955861,4826071040,4826071040,4969026902,memory,3752329216,4.82607104,1,1,48828125/235648,48828125/14728,3315.3262493210214,4000000000000,1800000000000000,2048/7157,7157/128,none,no-finite-crossover,ROOFLINE,unchecked,unavailable,True
sweep,dense7b-tp1,2048,b100,0.5,32,15009316864,8589934592,514641100800,5899812864,285911722,5899812864,5899812864,6185724587,memory,3752329216,5.899812864,1,1,244140625/1440384,244140625/45012,5423.900848662579,4000000000000,1800000000000000,4096/7157,7157/128,none,no-finite-crossover,ROOFLINE,unchecked,unavailable,True
sweep,dense7b-tp1,2048,b100,0.5,64,15009316864,17179869184,1029282201600,8047296512,571823445,8047296512,8047296512,8619119958,memory,3752329216,8.047296512,1,1,244140625/1964672,244140625/30698,7952.981464590527,4000000000000,1800000000000000,8192/7157,7157/128,none,no-finite-crossover,ROOFLINE,unchecked,unavailable,True
sweep,dense7b-tp1,2048,b100,0.5,128,15009316864,34359738368,2058564403200,12342263808,1143646890,12342263808,12342263808,13485910699,memory,3752329216,12.342263808,1,1,244140625/3013248,244140625/23541,10370.868909562041,4000000000000,1800000000000000,16384/7157,7157/128,none,no-finite-crossover,ROOFLINE,unchecked,unavailable,True
sweep,dense7b-tp1,2048,b100,0.5,256,15009316864,68719476736,4117128806400,20932198400,2287293781,20932198400,20932198400,23219492182,memory,3752329216,20.9321984,1,1,9765625/204416,19531250/1597,12229.962429555417,4000000000000,1800000000000000,32768/7157,7157/128,none,no-finite-crossover,ROOFLINE,unchecked,unavailable,True
sweep,dense7b-tp1,2048,b100,1,1,15009316864,268435456,16082534400,1909719040,8934741,1909719040,1909719040,1918653782,memory,1876164608,1.90971904,1,1,48828125/93248,48828125/93248,523.6372361873713,8000000000000,1800000000000000,128/7157,7157/128,none,no-finite-crossover,ROOFLINE,unchecked,unavailable,True
sweep,dense7b-tp1,2048,b100,1,2,15009316864,536870912,32165068800,1943273472,17869482,1943273472,1943273472,1961142955,memory,1876164608,1.943273472,1,1,244140625/474432,244140625/237216,1029.191222345879,8000000000000,1800000000000000,256/7157,7157/128,none,no-finite-crossover,ROOFLINE,unchecked,unavailable,True
sweep,dense7b-tp1,2048,b100,1,4,15009316864,1073741824,64330137600,2010382336,35738965,2010382336,2010382336,2046121302,memory,1876164608,2.010382336,1,1,244140625/490816,244140625/122704,1989.6712821097926,8000000000000,1800000000000000,512/7157,7157/128,none,no-finite-crossover,ROOFLINE,unchecked,unavailable,True
sweep,dense7b-tp1,2048,b100,1,8,15009316864,2147483648,128660275200,2144600064,71477930,2144600064,2144600064,2216077995,memory,1876164608,2.144600064,1,1,244140625/523584,244140625/65448,3730.299245202298,8000000000000,1800000000000000,1024/7157,7157/128,none,no-finite-crossover,ROOFLINE,unchecked,unavailable,True
sweep,dense7b-tp1,2048,b100,1,16,15009316864,4294967296,257320550400,2413035520,142955861,2413035520,2413035520,2555991382,memory,1876164608,2.41303552,1,1,48828125/117824,48828125/7364,6630.652498642043,8000000000000,1800000000000000,2048/7157,7157/128,none,no-finite-crossover,ROOFLINE,unchecked,unavailable,True
sweep,dense7b-tp1,2048,b100,1,32,15009316864,8589934592,514641100800,2949906432,285911722,2949906432,2949906432,3235818155,memory,1876164608,2.949906432,1,1,244140625/720192,244140625/22506,10847.801697325158,8000000000000,1800000000000000,4096/7157,7157/128,none,no-finite-crossover,ROOFLINE,unchecked,unavailable,True
sweep,dense7b-tp1,2048,b100,1,64,15009316864,17179869184,1029282201600,4023648256,571823445,4023648256,4023648256,4595471702,memory,1876164608,4.023648256,1,1,244140625/982336,244140625/15349,15905.962929181054,8000000000000,1800000000000000,8192/7157,7157/128,none,no-finite-crossover,ROOFLINE,unchecked,unavailable,True
sweep,dense7b-tp1,2048,b100,1,128,15009316864,34359738368,2058564403200,6171131904,1143646890,6171131904,6171131904,7314778795,memory,1876164608,6.171131904,1,1,244140625/1506624,488281250/23541,20741.737819124082,8000000000000,1800000000000000,16384/7157,7157/128,none,no-finite-crossover,ROOFLINE,unchecked,unavailable,True
sweep,dense7b-tp1,2048,b100,1,256,15009316864,68719476736,4117128806400,10466099200,2287293781,10466099200,10466099200,12753392982,memory,1876164608,10.4660992,1,1,9765625/102208,39062500/1597,24459.924859110833,8000000000000,1800000000000000,32768/7157,7157/128,none,no-finite-crossover,ROOFLINE,unchecked,unavailable,True
sweep,dense7b-tp1,2048,b100,2,1,15009316864,268435456,16082534400,954859520,8934741,954859520,954859520,963794262,memory,938082304,0.95485952,1,1,48828125/46624,48828125/46624,1047.2744723747426,16000000000000,1800000000000000,128/7157,7157/128,none,no-finite-crossover,ROOFLINE,unchecked,unavailable,True
sweep,dense7b-tp1,2048,b100,2,2,15009316864,536870912,32165068800,971636736,17869482,971636736,971636736,989506219,memory,938082304,0.971636736,1,1,244140625/237216,244140625/118608,2058.382444691758,16000000000000,1800000000000000,256/7157,7157/128,none,no-finite-crossover,ROOFLINE,unchecked,unavailable,True
sweep,dense7b-tp1,2048,b100,2,4,15009316864,1073741824,64330137600,1005191168,35738965,1005191168,1005191168,1040930134,memory,938082304,1.005191168,1,1,244140625/245408,244140625/61352,3979.3425642195853,16000000000000,1800000000000000,512/7157,7157/128,none,no-finite-crossover,ROOFLINE,unchecked,unavailable,True
sweep,dense7b-tp1,2048,b100,2,8,15009316864,2147483648,128660275200,1072300032,71477930,1072300032,1072300032,1143777963,memory,938082304,1.072300032,1,1,244140625/261792,244140625/32724,7460.598490404596,16000000000000,1800000000000000,1024/7157,7157/128,none,no-finite-crossover,ROOFLINE,unchecked,unavailable,True
sweep,dense7b-tp1,2048,b100,2,16,15009316864,4294967296,257320550400,1206517760,142955861,1206517760,1206517760,1349473622,memory,938082304,1.20651776,1,1,48828125/58912,48828125/3682,13261.304997284085,16000000000000,1800000000000000,2048/7157,7157/128,none,no-finite-crossover,ROOFLINE,unchecked,unavailable,True
sweep,dense7b-tp1,2048,b100,2,32,15009316864,8589934592,514641100800,1474953216,285911722,1474953216,1474953216,1760864939,memory,938082304,1.474953216,1,1,244140625/360096,244140625/11253,21695.603394650316,16000000000000,1800000000000000,4096/7157,7157/128,none,no-finite-crossover,ROOFLINE,unchecked,unavailable,True
sweep,dense7b-tp1,2048,b100,2,64,15009316864,17179869184,1029282201600,2011824128,571823445,2011824128,2011824128,2583647574,memory,938082304,2.011824128,1,1,244140625/491168,488281250/15349,31811.92585836211,16000000000000,1800000000000000,8192/7157,7157/128,none,no-finite-crossover,ROOFLINE,unchecked,unavailable,True
sweep,dense7b-tp1,2048,b100,2,128,15009316864,34359738368,2058564403200,3085565952,1143646890,3085565952,3085565952,4229212843,memory,938082304,3.085565952,1,1,244140625/753312,976562500/23541,41483.475638248165,16000000000000,1800000000000000,16384/7157,7157/128,none,no-finite-crossover,ROOFLINE,unchecked,unavailable,True
sweep,dense7b-tp1,2048,b100,2,256,15009316864,68719476736,4117128806400,5233049600,2287293781,5233049600,5233049600,7520343382,memory,938082304,5.2330496,1,1,9765625/51104,78125000/1597,48919.84971822167,16000000000000,1800000000000000,32768/7157,7157/128,none,no-finite-crossover,ROOFLINE,unchecked,unavailable,True
sweep,dense7b-tp1,2048,b200,0.5,1,15009316864,268435456,16082534400,3819438080,7147793,3819438080,3819438080,3826585874,memory,3752329216,3.81943808,1,1,48828125/186496,48828125/186496,261.81861809368564,4000000000000,2250000000000000,128/7157,7157/128,none,no-finite-crossover,ROOFLINE,unchecked,unavailable,True
sweep,dense7b-tp1,2048,b200,0.5,2,15009316864,536870912,32165068800,3886546944,14295586,3886546944,3886546944,3900842531,memory,3752329216,3.886546944,1,1,244140625/948864,244140625/474432,514.5956111729395,4000000000000,2250000000000000,256/7157,7157/128,none,no-finite-crossover,ROOFLINE,unchecked,unavailable,True
sweep,dense7b-tp1,2048,b200,0.5,4,15009316864,1073741824,64330137600,4020764672,28591172,4020764672,4020764672,4049355845,memory,3752329216,4.020764672,1,1,244140625/981632,244140625/245408,994.8356410548963,4000000000000,2250000000000000,512/7157,7157/128,none,no-finite-crossover,ROOFLINE,unchecked,unavailable,True
sweep,dense7b-tp1,2048,b200,0.5,8,15009316864,2147483648,128660275200,4289200128,57182344,4289200128,4289200128,4346382473,memory,3752329216,4.289200128,1,1,244140625/1047168,244140625/130896,1865.149622601149,4000000000000,2250000000000000,1024/7157,7157/128,none,no-finite-crossover,ROOFLINE,unchecked,unavailable,True
sweep,dense7b-tp1,2048,b200,0.5,16,15009316864,4294967296,257320550400,4826071040,114364689,4826071040,4826071040,4940435730,memory,3752329216,4.82607104,1,1,48828125/235648,48828125/14728,3315.3262493210214,4000000000000,2250000000000000,2048/7157,7157/128,none,no-finite-crossover,ROOFLINE,unchecked,unavailable,True
sweep,dense7b-tp1,2048,b200,0.5,32,15009316864,8589934592,514641100800,5899812864,228729378,5899812864,5899812864,6128542243,memory,3752329216,5.899812864,1,1,244140625/1440384,244140625/45012,5423.900848662579,4000000000000,2250000000000000,4096/7157,7157/128,none,no-finite-crossover,ROOFLINE,unchecked,unavailable,True
sweep,dense7b-tp1,2048,b200,0.5,64,15009316864,17179869184,1029282201600,8047296512,457458756,8047296512,8047296512,8504755269,memory,3752329216,8.047296512,1,1,244140625/1964672,244140625/30698,7952.981464590527,4000000000000,2250000000000000,8192/7157,7157/128,none,no-finite-crossover,ROOFLINE,unchecked,unavailable,True
sweep,dense7b-tp1,2048,b200,0.5,128,15009316864,34359738368,2058564403200,12342263808,914917512,12342263808,12342263808,13257181321,memory,3752329216,12.342263808,1,1,244140625/3013248,244140625/23541,10370.868909562041,4000000000000,2250000000000000,16384/7157,7157/128,none,no-finite-crossover,ROOFLINE,unchecked,unavailable,True
sweep,dense7b-tp1,2048,b200,0.5,256,15009316864,68719476736,4117128806400,20932198400,1829835025,20932198400,20932198400,22762033426,memory,3752329216,20.9321984,1,1,9765625/204416,19531250/1597,12229.962429555417,4000000000000,2250000000000000,32768/7157,7157/128,none,no-finite-crossover,ROOFLINE,unchecked,unavailable,True
sweep,dense7b-tp1,2048,b200,1,1,15009316864,268435456,16082534400,1909719040,7147793,1909719040,1909719040,1916866834,memory,1876164608,1.90971904,1,1,48828125/93248,48828125/93248,523.6372361873713,8000000000000,2250000000000000,128/7157,7157/128,none,no-finite-crossover,ROOFLINE,unchecked,unavailable,True
sweep,dense7b-tp1,2048,b200,1,2,15009316864,536870912,32165068800,1943273472,14295586,1943273472,1943273472,1957569059,memory,1876164608,1.943273472,1,1,244140625/474432,244140625/237216,1029.191222345879,8000000000000,2250000000000000,256/7157,7157/128,none,no-finite-crossover,ROOFLINE,unchecked,unavailable,True
sweep,dense7b-tp1,2048,b200,1,4,15009316864,1073741824,64330137600,2010382336,28591172,2010382336,2010382336,2038973509,memory,1876164608,2.010382336,1,1,244140625/490816,244140625/122704,1989.6712821097926,8000000000000,2250000000000000,512/7157,7157/128,none,no-finite-crossover,ROOFLINE,unchecked,unavailable,True
sweep,dense7b-tp1,2048,b200,1,8,15009316864,2147483648,128660275200,2144600064,57182344,2144600064,2144600064,2201782409,memory,1876164608,2.144600064,1,1,244140625/523584,244140625/65448,3730.299245202298,8000000000000,2250000000000000,1024/7157,7157/128,none,no-finite-crossover,ROOFLINE,unchecked,unavailable,True
sweep,dense7b-tp1,2048,b200,1,16,15009316864,4294967296,257320550400,2413035520,114364689,2413035520,2413035520,2527400210,memory,1876164608,2.41303552,1,1,48828125/117824,48828125/7364,6630.652498642043,8000000000000,2250000000000000,2048/7157,7157/128,none,no-finite-crossover,ROOFLINE,unchecked,unavailable,True
sweep,dense7b-tp1,2048,b200,1,32,15009316864,8589934592,514641100800,2949906432,228729378,2949906432,2949906432,3178635811,memory,1876164608,2.949906432,1,1,244140625/720192,244140625/22506,10847.801697325158,8000000000000,2250000000000000,4096/7157,7157/128,none,no-finite-crossover,ROOFLINE,unchecked,unavailable,True
sweep,dense7b-tp1,2048,b200,1,64,15009316864,17179869184,1029282201600,4023648256,457458756,4023648256,4023648256,4481107013,memory,1876164608,4.023648256,1,1,244140625/982336,244140625/15349,15905.962929181054,8000000000000,2250000000000000,8192/7157,7157/128,none,no-finite-crossover,ROOFLINE,unchecked,unavailable,True
sweep,dense7b-tp1,2048,b200,1,128,15009316864,34359738368,2058564403200,6171131904,914917512,6171131904,6171131904,7086049417,memory,1876164608,6.171131904,1,1,244140625/1506624,488281250/23541,20741.737819124082,8000000000000,2250000000000000,16384/7157,7157/128,none,no-finite-crossover,ROOFLINE,unchecked,unavailable,True
sweep,dense7b-tp1,2048,b200,1,256,15009316864,68719476736,4117128806400,10466099200,1829835025,10466099200,10466099200,12295934226,memory,1876164608,10.4660992,1,1,9765625/102208,39062500/1597,24459.924859110833,8000000000000,2250000000000000,32768/7157,7157/128,none,no-finite-crossover,ROOFLINE,unchecked,unavailable,True
sweep,dense7b-tp1,2048,b200,2,1,15009316864,268435456,16082534400,954859520,7147793,954859520,954859520,962007314,memory,938082304,0.95485952,1,1,48828125/46624,48828125/46624,1047.2744723747426,16000000000000,2250000000000000,128/7157,7157/128,none,no-finite-crossover,ROOFLINE,unchecked,unavailable,True
sweep,dense7b-tp1,2048,b200,2,2,15009316864,536870912,32165068800,971636736,14295586,971636736,971636736,985932323,memory,938082304,0.971636736,1,1,244140625/237216,244140625/118608,2058.382444691758,16000000000000,2250000000000000,256/7157,7157/128,none,no-finite-crossover,ROOFLINE,unchecked,unavailable,True
sweep,dense7b-tp1,2048,b200,2,4,15009316864,1073741824,64330137600,1005191168,28591172,1005191168,1005191168,1033782341,memory,938082304,1.005191168,1,1,244140625/245408,244140625/61352,3979.3425642195853,16000000000000,2250000000000000,512/7157,7157/128,none,no-finite-crossover,ROOFLINE,unchecked,unavailable,True
sweep,dense7b-tp1,2048,b200,2,8,15009316864,2147483648,128660275200,1072300032,57182344,1072300032,1072300032,1129482377,memory,938082304,1.072300032,1,1,244140625/261792,244140625/32724,7460.598490404596,16000000000000,2250000000000000,1024/7157,7157/128,none,no-finite-crossover,ROOFLINE,unchecked,unavailable,True
sweep,dense7b-tp1,2048,b200,2,16,15009316864,4294967296,257320550400,1206517760,114364689,1206517760,1206517760,1320882450,memory,938082304,1.20651776,1,1,48828125/58912,48828125/3682,13261.304997284085,16000000000000,2250000000000000,2048/7157,7157/128,none,no-finite-crossover,ROOFLINE,unchecked,unavailable,True
sweep,dense7b-tp1,2048,b200,2,32,15009316864,8589934592,514641100800,1474953216,228729378,1474953216,1474953216,1703682595,memory,938082304,1.474953216,1,1,244140625/360096,244140625/11253,21695.603394650316,16000000000000,2250000000000000,4096/7157,7157/128,none,no-finite-crossover,ROOFLINE,unchecked,unavailable,True
sweep,dense7b-tp1,2048,b200,2,64,15009316864,17179869184,1029282201600,2011824128,457458756,2011824128,2011824128,2469282885,memory,938082304,2.011824128,1,1,244140625/491168,488281250/15349,31811.92585836211,16000000000000,2250000000000000,8192/7157,7157/128,none,no-finite-crossover,ROOFLINE,unchecked,unavailable,True
sweep,dense7b-tp1,2048,b200,2,128,15009316864,34359738368,2058564403200,3085565952,914917512,3085565952,3085565952,4000483465,memory,938082304,3.085565952,1,1,244140625/753312,976562500/23541,41483.475638248165,16000000000000,2250000000000000,16384/7157,7157/128,none,no-finite-crossover,ROOFLINE,unchecked,unavailable,True
sweep,dense7b-tp1,2048,b200,2,256,15009316864,68719476736,4117128806400,5233049600,1829835025,5233049600,5233049600,7062884626,memory,938082304,5.2330496,1,1,9765625/51104,78125000/1597,48919.84971822167,16000000000000,2250000000000000,32768/7157,7157/128,none,no-finite-crossover,ROOFLINE,unchecked,unavailable,True
sweep,dense70b-tp8,1,a100,0.5,1,19214106624,40960,19214106624,18846638140,61583675,18846638140,18846638140,18908221816,memory,18846597963,18.84663814,8,1,50000000000/942331907,6250000000/942331907,6.632482624829555,1019500000000,312000000000000,5/2345472,2345472/5,3811392000/12446087,below,ROOFLINE,unchecked,18846638140,True
sweep,dense70b-tp8,1,a100,0.5,2,19214106624,81920,38428213248,18846678316,123167350,18846678316,18846678316,18969845667,memory,18846597963,18.846678316,8,1,250000000000/4711669579,62500000000/4711669579,13.264936972355548,1019500000000,312000000000000,5/1172736,2345472/5,3811392000/12446087,below,ROOFLINE,unchecked,18846678316,True
sweep,dense70b-tp8,1,a100,0.5,4,19214106624,163840,76856426496,18846758669,246334700,18846758669,18846758669,19093093371,memory,18846597963,18.846758669,8,1,1000000000000/18846758669,500000000000/18846758669,26.529760834812546,1019500000000,312000000000000,5/586368,2345472/5,3811392000/12446087,below,ROOFLINE,unchecked,18846758669,True
sweep,dense70b-tp8,1,a100,0.5,8,19214106624,327680,153712852992,18846919376,492669400,18846919376,18846919376,19339588777,memory,18846597963,18.846919376,8,1,62500000000/1177932461,62500000000/1177932461,53.05906923300248,1019500000000,312000000000000,5/293184,2345472/5,3811392000/12446087,below,ROOFLINE,unchecked,18846919376,True
sweep,dense70b-tp8,1,a100,0.5,16,19214106624,655360,307425705984,18847240788,985338801,18847240788,18847240788,19832579590,memory,18846597963,18.847240788,8,1,250000000000/4711810197,500000000000/4711810197,106.11632877706937,1019500000000,312000000000000,5/146592,2345472/5,3811392000/12446087,below,ROOFLINE,unchecked,18847240788,True
sweep,dense70b-tp8,1,a100,0.5,32,19214106624,1310720,614851411968,18847883613,1970677602,18847883613,18847883613,20818561216,memory,18846597963,18.847883613,8,1,1000000000000/18847883613,4000000000000/18847883613,212.22541915746282,1019500000000,312000000000000,5/73296,2345472/5,3811392000/12446087,below,ROOFLINE,unchecked,18847883613,True
sweep,dense70b-tp8,1,a100,0.5,64,19214106624,2621440,1229702823936,18849169263,3941355204,18849169263,18849169263,22790524469,memory,18846597963,18.849169263,8,1,1000000000000/18849169263,8000000000000/18849169263,424.4218876904888,1019500000000,312000000000000,5/36648,2345472/5,3811392000/12446087,below,ROOFLINE,unchecked,18849169263,True
sweep,dense70b-tp8,1,a100,0.5,128,19214106624,5242880,2459405647872,18851740563,7882710409,18851740563,18851740563,26734450973,memory,18846597963,18.851740563,8,1,1000000000000/18851740563,16000000000000/18851740563,848.7279965757081,1019500000000,312000000000000,5/18324,2345472/5,3811392000/12446087,below,ROOFLINE,unchecked,18851740563,True
sweep,dense70b-tp8,1,a100,0.5,256,19214106624,10485760,4918811295744,18856883162,15765420819,18856883162,18856883162,34622303983,memory,18846597963,18.856883162,8,1,500000000000/9428441581,16000000000000/9428441581,1696.9930674696939,1019500000000,312000000000000,5/9162,2345472/5,3811392000/12446087,below,ROOFLINE,unchecked,18856883162,True
knee,dense70b-tp8,1,a100,0.5,306,19214106624,12533760,5879516626944,18858891990,18844604573,18858891990,18858891990,37703496564,memory,18846597963,18.85889199,8,1,100000000000/1885889199,1275000000000/628629733,2028.2209591253934,1019500000000,312000000000000,85/130304,2345472/5,3811392000/12446087,below,ROOFLINE,unchecked,18858891990,True
knee,dense70b-tp8,1,a100,0.5,307,19214106624,12574720,5898730733568,18858932166,18906188248,18906188248,18906188248,37765120416,compute,18846597963,18.906188248,8,1,125000000000/2363273531,4796875000000/2363273531,2029.758695757169,1019500000000,312000000000000,1535/2345472,2345472/5,3811392000/12446087,at-or-above,ROOFLINE,unchecked,18906188248,True
sweep,dense70b-tp8,1,a100,1,1,19214106624,40960,19214106624,9423319070,61583675,9423319070,9423319070,9484902746,memory,9423298981,9.42331907,8,1,100000000000/942331907,12500000000/942331907,13.26496524965911,2039000000000,312000000000000,5/2345472,2345472/5,3811392000/24900299,below,ROOFLINE,unchecked,9423319070,True
sweep,dense70b-tp8,1,a100,1,2,19214106624,81920,38428213248,9423339158,123167350,9423339158,9423339158,9546506509,memory,9423298981,9.423339158,8,1,500000000000/4711669579,125000000000/4711669579,26.529873944711095,2039000000000,312000000000000,5/1172736,2345472/5,3811392000/24900299,below,ROOFLINE,unchecked,9423339158,True
sweep,dense70b-tp8,1,a100,1,4,19214106624,163840,76856426496,9423379334,246334700,9423379334,9423379334,9669714036,memory,9423298981,9.423379334,8,1,500000000000/4711689667,250000000000/4711689667,53.059521672440404,2039000000000,312000000000000,5/586368,2345472/5,3811392000/24900299,below,ROOFLINE,unchecked,9423379334,True
sweep,dense70b-tp8,1,a100,1,8,19214106624,327680,153712852992,9423459688,492669400,9423459688,9423459688,9916129089,memory,9423298981,9.423459688,8,1,125000000000/1177932461,125000000000/1177932461,106.11813846600496,2039000000000,312000000000000,5/293184,2345472/5,3811392000/24900299,below,ROOFLINE,unchecked,9423459688,True
sweep,dense70b-tp8,1,a100,1,16,19214106624,655360,307425705984,9423620394,985338801,9423620394,9423620394,10408959196,memory,9423298981,9.423620394,8,1,500000000000/4711810197,1000000000000/4711810197,212.23265755413874,2039000000000,312000000000000,5/146592,2345472/5,3811392000/24900299,below,ROOFLINE,unchecked,9423620394,True
sweep,dense70b-tp8,1,a100,1,32,19214106624,1310720,614851411968,9423941806,1970677602,9423941806,9423941806,11394619410,memory,9423298981,9.423941806,8,1,500000000000/4711970903,2000000000000/4711970903,424.4508383374455,2039000000000,312000000000000,5/73296,2345472/5,3811392000/24900299,below,ROOFLINE,unchecked,9423941806,True
sweep,dense70b-tp8,1,a100,1,64,19214106624,2621440,1229702823936,9424584631,3941355204,9424584631,9424584631,13365939837,memory,9423298981,9.424584631,8,1,1000000000000/9424584631,8000000000000/9424584631,848.8437754260111,2039000000000,312000000000000,5/36648,2345472/5,3811392000/24900299,below,ROOFLINE,unchecked,9424584631,True
sweep,dense70b-tp8,1,a100,1,128,19214106624,5242880,2459405647872,9425870281,7882710409,9425870281,9425870281,17308580692,memory,9423298981,9.425870281,8,1,1000000000000/9425870281,16000000000000/9425870281,1697.4559932414584,2039000000000,312000000000000,5/18324,2345472/5,3811392000/24900299,below,ROOFLINE,unchecked,9425870281,True
knee,dense70b-tp8,1,a100,1,153,19214106624,6266880,2939758313472,9426372488,9422302286,9426372488,9426372488,18848674776,memory,9423298981,9.426372488,8,1,125000000000/1178296561,2390625000000/1178296561,2028.8822687992213,2039000000000,312000000000000,85/260608,2345472/5,3811392000/24900299,below,ROOFLINE,unchecked,9426372488,True
knee,dense70b-tp8,1,a100,1,154,19214106624,6307840,2958972420096,9426392576,9483885961,9483885961,9483885961,18910278539,compute,9423298981,9.483885961,8,1,1000000000000/9483885961,1750000000000/862171451,2029.7586958721972,2039000000000,312000000000000,385/1172736,2345472/5,3811392000/24900299,at-or-above,ROOFLINE,unchecked,9483885961,True
sweep,dense70b-tp8,1,a100,1,256,19214106624,10485760,4918811295744,9428441581,15765420819,15765420819,15765420819,25193862401,compute,9423298981,15.765420819,8,1,1000000000000/15765420819,32000000000000/15765420819,2029.7586957802348,2039000000000,312000000000000,5/9162,2345472/5,3811392000/24900299,at-or-above,ROOFLINE,unchecked,15765420819,True
sweep,dense70b-tp8,1,a100,2,1,19214106624,40960,19214106624,4711659535,61583675,4711659535,4711659535,4773243211,memory,4711649490,4.711659535,8,1,200000000000/942331907,25000000000/942331907,26.52993049931822,4078000000000,312000000000000,5/2345472,2345472/5,3811392000/49808723,below,ROOFLINE,unchecked,4711659535,True
sweep,dense70b-tp8,1,a100,2,2,19214106624,81920,38428213248,4711669579,123167350,4711669579,4711669579,4834836930,memory,4711649490,4.711669579,8,1,1000000000000/4711669579,250000000000/4711669579,53.05974788942219,4078000000000,312000000000000,5/1172736,2345472/5,3811392000/49808723,below,ROOFLINE,unchecked,4711669579,True
sweep,dense70b-tp8,1,a100,2,4,19214106624,163840,76856426496,4711689667,246334700,4711689667,4711689667,4958024368,memory,4711649490,4.711689667,8,1,1000000000000/4711689667,500000000000/4711689667,106.11904334488081,4078000000000,312000000000000,5/586368,2345472/5,3811392000/49808723,below,ROOFLINE,unchecked,4711689667,True
sweep,dense70b-tp8,1,a100,2,8,19214106624,327680,153712852992,4711729844,492669400,4711729844,4711729844,5204399245,memory,4711649490,4.711729844,8,1,250000000000/1177932461,250000000000/1177932461,212.23627693200993,4078000000000,312000000000000,5/293184,2345472/5,3811392000/49808723,below,ROOFLINE,unchecked,4711729844,True
sweep,dense70b-tp8,1,a100,2,16,19214106624,655360,307425705984,4711810197,985338801,4711810197,4711810197,5697148999,memory,4711649490,4.711810197,8,1,1000000000000/4711810197,2000000000000/4711810197,424.4653151082775,4078000000000,312000000000000,5/146592,2345472/5,3811392000/49808723,below,ROOFLINE,unchecked,4711810197,True
sweep,dense70b-tp8,1,a100,2,32,19214106624,1310720,614851411968,4711970903,1970677602,4711970903,4711970903,6682648506,memory,4711649490,4.711970903,8,1,1000000000000/4711970903,4000000000000/4711970903,848.901676674891,4078000000000,312000000000000,5/73296,2345472/5,3811392000/49808723,below,ROOFLINE,unchecked,4711970903,True
sweep,dense70b-tp8,1,a100,2,64,19214106624,2621440,1229702823936,4712292315,3941355204,4712292315,4712292315,8653647521,memory,4711649490,4.712292315,8,1,200000000000/942458463,1600000000000/942458463,1697.6875510321563,4078000000000,312000000000000,5/36648,2345472/5,3811392000/49808723,below,ROOFLINE,unchecked,4712292315,True
knee,dense70b-tp8,1,a100,2,76,19214106624,3112960,1460272103424,4712412845,4680359305,4712412845,4712412845,9392772152,memory,4711649490,4.712412845,8,1,200000000000/942482569,1900000000000/942482569,2015.9524032534123,4078000000000,312000000000000,95/586368,2345472/5,3811392000/49808723,below,ROOFLINE,unchecked,4712412845,True
knee,dense70b-tp8,1,a100,2,77,19214106624,3153920,1479486210048,4712422889,4741942980,4741942980,4741942980,9454365871,compute,4711649490,4.74194298,8,1,50000000000/237097149,481250000000/237097149,2029.758696086219,4078000000000,312000000000000,385/2345472,2345472/5,3811392000/49808723,at-or-above,ROOFLINE,unchecked,4741942980,True
sweep,dense70b-tp8,1,a100,2,128,19214106624,5242880,2459405647872,4712935140,7882710409,7882710409,7882710409,12595645551,compute,4711649490,7.882710409,8,1,1000000000000/7882710409,16000000000000/7882710409,2029.7586959089822,4078000000000,312000000000000,5/18324,2345472/5,3811392000/49808723,at-or-above,ROOFLINE,unchecked,7882710409,True
sweep,dense70b-tp8,1,a100,2,256,19214106624,10485760,4918811295744,4714220790,15765420819,15765420819,15765420819,20479641611,compute,4711649490,15.765420819,8,1,1000000000000/15765420819,32000000000000/15765420819,2029.7586957802348,4078000000000,312000000000000,5/9162,2345472/5,3811392000/49808723,at-or-above,ROOFLINE,unchecked,15765420819,True
sweep,dense70b-tp8,1,h100,0.5,1,19214106624,40960,19214106624,11471132885,19417995,11471132885,11471132885,11490550882,memory,11471108432,11.471132885,8,1,200000000000/2294226577,25000000000/2294226577,10.896918486878814,1675000000000,989500000000000,5/2345472,2345472/5,23208445440/39237181,below,ROOFLINE,unchecked,11471132885,True
sweep,dense70b-tp8,1,h100,0.5,2,19214106624,81920,38428213248,11471157339,38835991,11471157339,11471157339,11509993331,memory,11471108432,11.471157339,8,1,1000000000000/11471157339,250000000000/11471157339,21.79379051406105,1675000000000,989500000000000,5/1172736,2345472/5,23208445440/39237181,below,ROOFLINE,unchecked,11471157339,True
sweep,dense70b-tp8,1,h100,0.5,4,19214106624,163840,76856426496,11471206247,77671982,11471206247,11471206247,11548878230,memory,11471108432,11.471206247,8,1,1000000000000/11471206247,500000000000/11471206247,43.58739519052429,1675000000000,989500000000000,5/586368,2345472/5,23208445440/39237181,below,ROOFLINE,unchecked,11471206247,True
sweep,dense70b-tp8,1,h100,0.5,8,19214106624,327680,153712852992,11471304062,155343964,11471304062,11471304062,11626648027,memory,11471108432,11.471304062,8,1,500000000000/5735652031,500000000000/5735652031,87.1740470477645,1675000000000,989500000000000,5/293184,2345472/5,23208445440/39237181,below,ROOFLINE,unchecked,11471304062,True
sweep,dense70b-tp8,1,h100,0.5,16,19214106624,655360,307425705984,11471499691,310687929,11471499691,11471499691,11782187622,memory,11471108432,11.471499691,8,1,1000000000000/11471499691,2000000000000/11471499691,174.3451208536497,1675000000000,989500000000000,5/146592,2345472/5,23208445440/39237181,below,ROOFLINE,unchecked,11471499691,True
sweep,dense70b-tp8,1,h100,0.5,32,19214106624,1310720,614851411968,11471890951,621375858,11471890951,11471890951,12093266811,memory,11471108432,11.471890951,8,1,1000000000000/11471890951,4000000000000/11471890951,348.6783492874225,1675000000000,989500000000000,5/73296,2345472/5,23208445440/39237181,below,ROOFLINE,unchecked,11471890951,True
sweep,dense70b-tp8,1,h100,0.5,64,19214106624,2621440,1229702823936,11472673471,1242751716,11472673471,11472673471,12715425189,memory,11471108432,11.472673471,8,1,1000000000000/11472673471,8000000000000/11472673471,697.3091337622365,1675000000000,989500000000000,5/36648,2345472/5,23208445440/39237181,below,ROOFLINE,unchecked,11472673471,True
sweep,dense70b-tp8,1,h100,0.5,128,19214106624,5242880,2459405647872,11474238509,2485503433,11474238509,11474238509,13959741944,memory,11471108432,11.474238509,8,1,1000000000000/11474238509,16000000000000/11474238509,1394.428047442987,1675000000000,989500000000000,5/18324,2345472/5,23208445440/39237181,below,ROOFLINE,unchecked,11474238509,True
sweep,dense70b-tp8,1,h100,0.5,256,19214106624,10485760,4918811295744,11477368587,4971006867,11477368587,11477368587,16448375456,memory,11471108432,11.477368587,8,1,1000000000000/11477368587,32000000000000/11477368587,2788.095525331934,1675000000000,989500000000000,5/9162,2345472/5,23208445440/39237181,below,ROOFLINE,unchecked,11477368587,True
knee,dense70b-tp8,1,h100,0.5,591,19214106624,24207360,11355537014784,11485560587,11476035386,11485560587,11485560587,22961595974,memory,11471108432,11.485560587,8,1,1000000000000/11485560587,73875000000000/11485560587,6431.98905620818,1675000000000,989500000000000,985/781824,2345472/5,23208445440/39237181,below,ROOFLINE,unchecked,11485560587,True
knee,dense70b-tp8,1,h100,0.5,592,19214106624,24248320,11374751121408,11485585041,11495453381,11495453381,11495453381,22981038424,compute,11471108432,11.495453381,8,1,1000000000000/11495453381,74000000000000/11495453381,6437.327658803717,1675000000000,989500000000000,185/146592,2345472/5,23208445440/39237181,at-or-above,ROOFLINE,unchecked,11495453381,True
sweep,dense70b-tp8,1,h100,1,1,19214106624,40960,19214106624,5735566442,19417995,5735566442,5735566442,5754984439,memory,5735554216,5.735566442,8,1,500000000000/2867783221,62500000000/2867783221,21.793836975657513,3350000000000,989500000000000,5/2345472,2345472/5,23208445440/78523837,below,ROOFLINE,unchecked,5735566442,True
sweep,dense70b-tp8,1,h100,1,2,19214106624,81920,38428213248,5735578669,38835991,5735578669,5735578669,5774414662,memory,5735554216,5.735578669,8,1,1000000000000/5735578669,250000000000/5735578669,43.58758103192186,3350000000000,989500000000000,5/1172736,2345472/5,23208445440/78523837,below,ROOFLINE,unchecked,5735578669,True
sweep,dense70b-tp8,1,h100,1,4,19214106624,163840,76856426496,5735603123,77671982,5735603123,5735603123,5813275106,memory,5735554216,5.735603123,8,1,1000000000000/5735603123,500000000000/5735603123,87.17479038864802,3350000000000,989500000000000,5/586368,2345472/5,23208445440/78523837,below,ROOFLINE,unchecked,5735603123,True
sweep,dense70b-tp8,1,h100,1,8,19214106624,327680,153712852992,5735652031,155343964,5735652031,5735652031,5890995996,memory,5735554216,5.735652031,8,1,1000000000000/5735652031,1000000000000/5735652031,174.348094095529,3350000000000,989500000000000,5/293184,2345472/5,23208445440/78523837,below,ROOFLINE,unchecked,5735652031,True
sweep,dense70b-tp8,1,h100,1,16,19214106624,655360,307425705984,5735749845,310687929,5735749845,5735749845,6046437776,memory,5735554216,5.735749845,8,1,200000000000/1147149969,400000000000/1147149969,348.6902417376956,3350000000000,989500000000000,5/146592,2345472/5,23208445440/78523837,below,ROOFLINE,unchecked,5735749845,True
sweep,dense70b-tp8,1,h100,1,32,19214106624,1310720,614851411968,5735945475,621375858,5735945475,5735945475,6357321335,memory,5735554216,5.735945475,8,1,40000000000/229437819,160000000000/229437819,697.3566986356334,3350000000000,989500000000000,5/73296,2345472/5,23208445440/78523837,below,ROOFLINE,unchecked,5735945475,True
sweep,dense70b-tp8,1,h100,1,64,19214106624,2621440,1229702823936,5736336735,1242751716,5736336735,5736336735,6979088453,memory,5735554216,5.736336735,8,1,200000000000/1147267347,1600000000000/1147267347,1394.6182676460328,3350000000000,989500000000000,5/36648,2345472/5,23208445440/78523837,below,ROOFLINE,unchecked,5736336735,True
sweep,dense70b-tp8,1,h100,1,128,19214106624,5242880,2459405647872,5737119254,2485503433,5737119254,5737119254,8222622689,memory,5735554216,5.737119254,8,1,500000000000/2868559627,8000000000000/2868559627,2788.856095129028,3350000000000,989500000000000,5/18324,2345472/5,23208445440/78523837,below,ROOFLINE,unchecked,5737119254,True
sweep,dense70b-tp8,1,h100,1,256,19214106624,10485760,4918811295744,5738684293,4971006867,5738684293,5738684293,10709691162,memory,5735554216,5.738684293,8,1,1000000000000/5738684293,32000000000000/5738684293,5576.19105114971,3350000000000,989500000000000,5/9162,2345472/5,23208445440/78523837,below,ROOFLINE,unchecked,5738684293,True
knee,dense70b-tp8,1,h100,1,295,19214106624,12083200,5668161454080,5739161141,5728308695,5739161141,5739161141,11467469837,memory,5735554216,5.739161141,8,1,1000000000000/5739161141,36875000000000/5739161141,6425.155017267009,3350000000000,989500000000000,1475/2345472,2345472/5,23208445440/78523837,below,ROOFLINE,unchecked,5739161141,True
knee,dense70b-tp8,1,h100,1,296,19214106624,12124160,5687375560704,5739173368,5747726690,5747726690,5747726690,11486900060,compute,5735554216,5.74772669,8,1,100000000000/574772669,3700000000000/574772669,6437.327659363706,3350000000000,989500000000000,185/293184,2345472/5,23208445440/78523837,at-or-above,ROOFLINE,unchecked,5747726690,True
sweep,dense70b-tp8,1,h100,2,1,19214106624,40960,19214106624,2867783221,19417995,2867783221,2867783221,2887201218,memory,2867777108,2.867783221,8,1,1000000000000/2867783221,125000000000/2867783221,43.587673951315026,6700000000000,989500000000000,5/2345472,2345472/5,23208445440/157097149,below,ROOFLINE,unchecked,2867783221,True
sweep,dense70b-tp8,1,h100,2,2,19214106624,81920,38428213248,2867789334,38835991,2867789334,2867789334,2906625327,memory,2867777108,2.867789334,8,1,500000000000/1433894667,125000000000/1433894667,87.17516207904272,6700000000000,989500000000000,5/1172736,2345472/5,23208445440/157097149,below,ROOFLINE,unchecked,2867789334,True
sweep,dense70b-tp8,1,h100,2,4,19214106624,163840,76856426496,2867801561,77671982,2867801561,2867801561,2945473545,memory,2867777108,2.867801561,8,1,1000000000000/2867801561,500000000000/2867801561,174.34958080769383,6700000000000,989500000000000,5/586368,2345472/5,23208445440/157097149,below,ROOFLINE,unchecked,2867801561,True
sweep,dense70b-tp8,1,h100,2,8,19214106624,327680,153712852992,2867826015,155343964,2867826015,2867826015,3023169981,memory,2867777108,2.867826015,8,1,200000000000/573565203,200000000000/573565203,348.6961882518525,6700000000000,989500000000000,5/293184,2345472/5,23208445440/157097149,below,ROOFLINE,unchecked,2867826015,True
sweep,dense70b-tp8,1,h100,2,16,19214106624,655360,307425705984,2867874922,310687929,2867874922,2867874922,3178562853,memory,2867777108,2.867874922,8,1,500000000000/1433937461,1000000000000/1433937461,697.3804835969761,6700000000000,989500000000000,5/146592,2345472/5,23208445440/157097149,below,ROOFLINE,unchecked,2867874922,True
sweep,dense70b-tp8,1,h100,2,32,19214106624,1310720,614851411968,2867972737,621375858,2867972737,2867972737,3489348597,memory,2867777108,2.867972737,8,1,1000000000000/2867972737,4000000000000/2867972737,1394.71339751442,6700000000000,989500000000000,5/73296,2345472/5,23208445440/157097149,below,ROOFLINE,unchecked,2867972737,True
sweep,dense70b-tp8,1,h100,2,64,19214106624,2621440,1229702823936,2868168367,1242751716,2868168367,2868168367,4110920085,memory,2867777108,2.868168367,8,1,1000000000000/2868168367,8000000000000/2868168367,2789.2365357783056,6700000000000,989500000000000,5/36648,2345472/5,23208445440/157097149,below,ROOFLINE,unchecked,2868168367,True
sweep,dense70b-tp8,1,h100,2,128,19214106624,5242880,2459405647872,2868559627,2485503433,2868559627,2868559627,5354063062,memory,2867777108,2.868559627,8,1,1000000000000/2868559627,16000000000000/2868559627,5577.712190258056,6700000000000,989500000000000,5/18324,2345472/5,23208445440/157097149,below,ROOFLINE,unchecked,2868559627,True
knee,dense70b-tp8,1,h100,2,147,19214106624,6021120,2824473673728,2868675782,2854445349,2868675782,2868675782,5723121133,memory,2867777108,2.868675782,8,1,500000000000/1434337891,1312500000000/204905413,6405.394473400271,6700000000000,989500000000000,245/781824,2345472/5,23208445440/157097149,below,ROOFLINE,unchecked,2868675782,True
knee,dense70b-tp8,1,h100,2,148,19214106624,6062080,2843687780352,2868681896,2873863345,2873863345,2873863345,5742545242,compute,2867777108,2.873863345,8,1,200000000000/574772669,3700000000000/574772669,6437.327659363706,6700000000000,989500000000000,185/586368,2345472/5,23208445440/157097149,at-or-above,ROOFLINE,unchecked,2873863345,True
sweep,dense70b-tp8,1,h100,2,256,19214106624,10485760,4918811295744,2869342146,4971006867,4971006867,4971006867,7840349015,compute,2867777108,4.971006867,8,1,1000000000000/4971006867,32000000000000/4971006867,6437.327659398705,6700000000000,989500000000000,5/9162,2345472/5,23208445440/157097149,at-or-above,ROOFLINE,unchecked,4971006867,True
sweep,dense70b-tp8,1,h200,0.5,1,19214106624,40960,19214106624,8005894826,19417995,8005894826,8005894826,8025312823,memory,8005877760,8.005894826,8,1,500000000000/4002947413,62500000000/4002947413,15.613495145358284,2400000000000,989500000000000,5/2345472,2345472/5,23208445440/56241853,below,ROOFLINE,unchecked,8005894826,True
sweep,dense70b-tp8,1,h200,0.5,2,19214106624,81920,38428213248,8005911893,38835991,8005911893,8005911893,8044747885,memory,8005877760,8.005911893,8,1,1000000000000/8005911893,250000000000/8005911893,31.226923721030264,2400000000000,989500000000000,5/1172736,2345472/5,23208445440/56241853,below,ROOFLINE,unchecked,8005911893,True
sweep,dense70b-tp8,1,h200,0.5,4,19214106624,163840,76856426496,8005946026,77671982,8005946026,8005946026,8083618009,memory,8005877760,8.005946026,8,1,500000000000/4002973013,250000000000/4002973013,62.45358117281916,2400000000000,989500000000000,5/586368,2345472/5,23208445440/56241853,below,ROOFLINE,unchecked,8005946026,True
sweep,dense70b-tp8,1,h200,0.5,8,19214106624,327680,153712852992,8006014293,155343964,8006014293,8006014293,8161358258,memory,8005877760,8.006014293,8,1,1000000000000/8006014293,1000000000000/8006014293,124.90609726669395,2400000000000,989500000000000,5/293184,2345472/5,23208445440/56241853,below,ROOFLINE,unchecked,8006014293,True
sweep,dense70b-tp8,1,h200,0.5,16,19214106624,655360,307425705984,8006150826,310687929,8006150826,8006150826,8316838756,memory,8005877760,8.006150826,8,1,500000000000/4003075413,1000000000000/4003075413,249.80793435779321,2400000000000,989500000000000,5/146592,2345472/5,23208445440/56241853,below,ROOFLINE,unchecked,8006150826,True
sweep,dense70b-tp8,1,h200,0.5,32,19214106624,1310720,614851411968,8006423893,621375858,8006423893,8006423893,8627799752,memory,8005877760,8.006423893,8,1,1000000000000/8006423893,4000000000000/8006423893,499.5988288225898,2400000000000,989500000000000,5/73296,2345472/5,23208445440/56241853,below,ROOFLINE,unchecked,8006423893,True
sweep,dense70b-tp8,1,h200,0.5,64,19214106624,2621440,1229702823936,8006970026,1242751716,8006970026,8006970026,9249721744,memory,8005877760,8.006970026,8,1,500000000000/4003485013,4000000000000/4003485013,999.1295051714485,2400000000000,989500000000000,5/36648,2345472/5,23208445440/56241853,below,ROOFLINE,unchecked,8006970026,True
sweep,dense70b-tp8,1,h200,0.5,128,19214106624,5242880,2459405647872,8008062293,2485503433,8008062293,8008062293,10493565728,memory,8005877760,8.008062293,8,1,1000000000000/8008062293,16000000000000/8008062293,1997.9864559727396,2400000000000,989500000000000,5/18324,2345472/5,23208445440/56241853,below,ROOFLINE,unchecked,8008062293,True
sweep,dense70b-tp8,1,h200,0.5,256,19214106624,10485760,4918811295744,8010246826,4971006867,8010246826,8010246826,12981253695,memory,8005877760,8.010246826,8,1,500000000000/4005123413,16000000000000/4005123413,3994.8831409455497,2400000000000,989500000000000,5/9162,2345472/5,23208445440/56241853,below,ROOFLINE,unchecked,8010246826,True
knee,dense70b-tp8,1,h200,0.5,412,19214106624,16875520,7916211929088,8012909226,8000214177,8012909226,8012909226,16013123405,memory,8005877760,8.012909226,8,1,500000000000/4006454613,25750000000000/4006454613,6427.128842654881,2400000000000,989500000000000,515/586368,2345472/5,23208445440/56241853,below,ROOFLINE,unchecked,8012909226,True
knee,dense70b-tp8,1,h200,0.5,413,19214106624,16916480,7935426035712,8012926293,8019632173,8019632173,8019632173,16032558467,compute,8005877760,8.019632173,8,1,1000000000000/8019632173,7375000000000/1145661739,6437.3276587182945,2400000000000,989500000000000,2065/2345472,2345472/5,23208445440/56241853,at-or-above,ROOFLINE,unchecked,8019632173,True
sweep,dense70b-tp8,1,h200,1,1,19214106624,40960,19214106624,4002947413,19417995,4002947413,4002947413,4022365409,memory,4002938880,4.002947413,8,1,1000000000000/4002947413,125000000000/4002947413,31.226990290716568,4800000000000,989500000000000,5/2345472,2345472/5,23208445440/112533181,below,ROOFLINE,unchecked,4002947413,True
sweep,dense70b-tp8,1,h200,1,2,19214106624,81920,38428213248,4002955946,38835991,4002955946,4002955946,4041791938,memory,4002938880,4.002955946,8,1,500000000000/2001477973,125000000000/2001477973,62.45384744986149,4800000000000,989500000000000,5/1172736,2345472/5,23208445440/112533181,below,ROOFLINE,unchecked,4002955946,True
sweep,dense70b-tp8,1,h200,1,4,19214106624,163840,76856426496,4002973013,77671982,4002973013,4002973013,4080644996,memory,4002938880,4.002973013,8,1,1000000000000/4002973013,500000000000/4002973013,124.90716234563833,4800000000000,989500000000000,5/586368,2345472/5,23208445440/112533181,below,ROOFLINE,unchecked,4002973013,True
sweep,dense70b-tp8,1,h200,1,8,19214106624,327680,153712852992,4003007146,155343964,4003007146,4003007146,4158351112,memory,4002938880,4.003007146,8,1,500000000000/2001503573,500000000000/2001503573,249.81219456459095,4800000000000,989500000000000,5/293184,2345472/5,23208445440/112533181,below,ROOFLINE,unchecked,4003007146,True
sweep,dense70b-tp8,1,h200,1,16,19214106624,655360,307425705984,4003075413,310687929,4003075413,4003075413,4313763343,memory,4002938880,4.003075413,8,1,1000000000000/4003075413,2000000000000/4003075413,499.61586871558643,4800000000000,989500000000000,5/146592,2345472/5,23208445440/112533181,below,ROOFLINE,unchecked,4003075413,True
sweep,dense70b-tp8,1,h200,1,32,19214106624,1310720,614851411968,4003211946,621375858,4003211946,4003211946,4624587806,memory,4002938880,4.003211946,8,1,500000000000/2001605973,2000000000000/2001605973,999.1976577699791,4800000000000,989500000000000,5/73296,2345472/5,23208445440/112533181,below,ROOFLINE,unchecked,4003211946,True
sweep,dense70b-tp8,1,h200,1,64,19214106624,2621440,1229702823936,4003485013,1242751716,4003485013,4003485013,5246236731,memory,4002938880,4.003485013,8,1,1000000000000/4003485013,8000000000000/4003485013,1998.259010342897,4800000000000,989500000000000,5/36648,2345472/5,23208445440/112533181,below,ROOFLINE,unchecked,4003485013,True
sweep,dense70b-tp8,1,h200,1,128,19214106624,5242880,2459405647872,4004031146,2485503433,4004031146,4004031146,6489534581,memory,4002938880,4.004031146,8,1,500000000000/2002015573,8000000000000/2002015573,3995.972912444473,4800000000000,989500000000000,5/18324,2345472/5,23208445440/112533181,below,ROOFLINE,unchecked,4004031146,True
knee,dense70b-tp8,1,h200,1,206,19214106624,8437760,3958105964544,4004696746,4000107088,4004696746,4004696746,8004803836,memory,4002938880,4.004696746,8,1,500000000000/2002348373,12875000000000/2002348373,6429.950039467983,4800000000000,989500000000000,515/1172736,2345472/5,23208445440/112533181,below,ROOFLINE,unchecked,4004696746,True
knee,dense70b-tp8,1,h200,1,207,19214106624,8478720,3977320071168,4004705279,4019525084,4019525084,4019525084,8024230365,compute,4002938880,4.019525084,8,1,250000000000/1004881271,6468750000000/1004881271,6437.327659179748,4800000000000,989500000000000,115/260608,2345472/5,23208445440/112533181,at-or-above,ROOFLINE,unchecked,4019525084,True
sweep,dense70b-tp8,1,h200,1,256,19214106624,10485760,4918811295744,4005123413,4971006867,4971006867,4971006867,8976130282,compute,4002938880,4.971006867,8,1,1000000000000/4971006867,32000000000000/4971006867,6437.327659398705,4800000000000,989500000000000,5/9162,2345472/5,23208445440/112533181,at-or-above,ROOFLINE,unchecked,4971006867,True
sweep,dense70b-tp8,1,h200,2,1,19214106624,40960,19214106624,2001473706,19417995,2001473706,2001473706,2020891703,memory,2001469440,2.001473706,8,1,500000000000/1000736853,62500000000/1000736853,62.453980597035134,9600000000000,989500000000000,5/2345472,2345472/5,23208445440/225115837,below,ROOFLINE,unchecked,2001473706,True
sweep,dense70b-tp8,1,h200,2,2,19214106624,81920,38428213248,2001477973,38835991,2001477973,2001477973,2040313965,memory,2001469440,2.001477973,8,1,1000000000000/2001477973,250000000000/2001477973,124.90769489972298,9600000000000,989500000000000,5/1172736,2345472/5,23208445440/225115837,below,ROOFLINE,unchecked,2001477973,True
sweep,dense70b-tp8,1,h200,2,4,19214106624,163840,76856426496,2001486506,77671982,2001486506,2001486506,2079158489,memory,2001469440,2.001486506,8,1,500000000000/1000743253,250000000000/1000743253,249.81432475368385,9600000000000,989500000000000,5/586368,2345472/5,23208445440/225115837,below,ROOFLINE,unchecked,2001486506,True
sweep,dense70b-tp8,1,h200,2,8,19214106624,327680,153712852992,2001503573,155343964,2001503573,2001503573,2156847538,memory,2001469440,2.001503573,8,1,1000000000000/2001503573,1000000000000/2001503573,499.6243891291819,9600000000000,989500000000000,5/293184,2345472/5,23208445440/225115837,below,ROOFLINE,unchecked,2001503573,True
sweep,dense70b-tp8,1,h200,2,16,19214106624,655360,307425705984,2001537706,310687929,2001537706,2001537706,2312225636,memory,2001469440,2.001537706,8,1,500000000000/1000768853,1000000000000/1000768853,999.2317376807889,9600000000000,989500000000000,5/146592,2345472/5,23208445440/225115837,below,ROOFLINE,unchecked,2001537706,True
sweep,dense70b-tp8,1,h200,2,32,19214106624,1310720,614851411968,2001605973,621375858,2001605973,2001605973,2622981832,memory,2001469440,2.001605973,8,1,1000000000000/2001605973,4000000000000/2001605973,1998.3953155399581,9600000000000,989500000000000,5/73296,2345472/5,23208445440/225115837,below,ROOFLINE,unchecked,2001605973,True
sweep,dense70b-tp8,1,h200,2,64,19214106624,2621440,1229702823936,2001742506,1242751716,2001742506,2001742506,3244494224,memory,2001469440,2.001742506,8,1,500000000000/1000871253,4000000000000/1000871253,3996.5180216840536,9600000000000,989500000000000,5/36648,2345472/5,23208445440/225115837,below,ROOFLINE,unchecked,2001742506,True
knee,dense70b-tp8,1,h200,2,103,19214106624,4218880,1979052982272,2001908906,2000053544,2001908906,2001908906,4001962452,memory,2001469440,2.001908906,8,1,500000000000/1000954453,6437500000000/1000954453,6431.361567657665,9600000000000,989500000000000,515/2345472,2345472/5,23208445440/225115837,below,ROOFLINE,unchecked,2001908906,True
knee,dense70b-tp8,1,h200,2,104,19214106624,4259840,1998267088896,2001913173,2019471540,2019471540,2019471540,4021384714,compute,2001469440,2.01947154,8,1,50000000000/100973577,650000000000/100973577,6437.327658502184,9600000000000,989500000000000,65/293184,2345472/5,23208445440/225115837,at-or-above,ROOFLINE,unchecked,2019471540,True
sweep,dense70b-tp8,1,h200,2,128,19214106624,5242880,2459405647872,2002015573,2485503433,2485503433,2485503433,4487519008,compute,2001469440,2.485503433,8,1,1000000000000/2485503433,16000000000000/2485503433,6437.32766069368,9600000000000,989500000000000,5/18324,2345472/5,23208445440/225115837,at-or-above,ROOFLINE,unchecked,2485503433,True
sweep,dense70b-tp8,1,h200,2,256,19214106624,10485760,4918811295744,2002561706,4971006867,4971006867,4971006867,6973568575,compute,2001469440,4.971006867,8,1,1000000000000/4971006867,32000000000000/4971006867,6437.327659398705,9600000000000,989500000000000,5/9162,2345472/5,23208445440/225115837,at-or-above,ROOFLINE,unchecked,4971006867,True
sweep,dense70b-tp8,1,b100,0.5,1,19214106624,40960,19214106624,4803536896,10674503,4803536896,4803536896,4814211400,memory,4803526656,4.803536896,8,1,488281250/2345477,244140625/9381908,26.022491906763527,4000000000000,1800000000000000,5/2345472,2345472/5,19545600/43393,below,ROOFLINE,unchecked,4803536896,True
sweep,dense70b-tp8,1,b100,0.5,2,19214106624,81920,38428213248,4803547136,21349007,4803547136,4803547136,4824896144,memory,4803526656,4.803547136,8,1,244140625/1172741,244140625/4690964,52.044872866216835,4000000000000,1800000000000000,5/1172736,2345472/5,19545600/43393,below,ROOFLINE,unchecked,4803547136,True
sweep,dense70b-tp8,1,b100,0.5,4,19214106624,163840,76856426496,4803567616,42698014,4803567616,4803567616,4846265631,memory,4803526656,4.803567616,8,1,244140625/1172746,244140625/2345492,104.08930194603094,4000000000000,1800000000000000,5/586368,2345472/5,19545600/43393,below,ROOFLINE,unchecked,4803567616,True
sweep,dense70b-tp8,1,b100,0.5,8,19214106624,327680,153712852992,4803608576,85396029,4803608576,4803608576,4889004606,memory,4803526656,4.803608576,8,1,244140625/1172756,244140625/1172756,208.17682876915572,4000000000000,1800000000000000,5/293184,2345472/5,19545600/43393,below,ROOFLINE,unchecked,4803608576,True
sweep,dense70b-tp8,1,b100,0.5,16,19214106624,655360,307425705984,4803690496,170792058,4803690496,4803690496,4974482555,memory,4803526656,4.803690496,8,1,244140625/1172776,244140625/586388,416.3465572283198,4000000000000,1800000000000000,5/146592,2345472/5,19545600/43393,below,ROOFLINE,unchecked,4803690496,True
sweep,dense70b-tp8,1,b100,0.5,32,19214106624,1310720,614851411968,4803854336,341584117,4803854336,4803854336,5145438454,memory,4803526656,4.803854336,8,1,244140625/1172816,244140625/293204,832.6647146696498,4000000000000,1800000000000000,5/73296,2345472/5,19545600/43393,below,ROOFLINE,unchecked,4803854336,True
sweep,dense70b-tp8,1,b100,0.5,64,19214106624,2621440,1229702823936,4804182016,683168235,4804182016,4804182016,5487350252,memory,4803526656,4.804182016,8,1,244140625/1172896,244140625/146612,1665.215841813767,4000000000000,1800000000000000,5/36648,2345472/5,19545600/43393,below,ROOFLINE,unchecked,4804182016,True
sweep,dense70b-tp8,1,b100,0.5,128,19214106624,5242880,2459405647872,4804837376,1366336471,4804837376,4804837376,6171173848,memory,4803526656,4.804837376,8,1,244140625/1173056,244140625/73316,3329.9774264826233,4000000000000,1800000000000000,5/18324,2345472/5,19545600/43393,below,ROOFLINE,unchecked,4804837376,True
sweep,dense70b-tp8,1,b100,0.5,256,19214106624,10485760,4918811295744,4806148096,2732672942,4806148096,4806148096,7538821039,memory,4803526656,4.806148096,8,1,244140625/1173376,244140625/36668,6658.138567688447,4000000000000,1800000000000000,5/9162,2345472/5,19545600/43393,below,ROOFLINE,unchecked,4806148096,True
knee,dense70b-tp8,1,b100,0.5,450,19214106624,18432000,8646347980800,4808134656,4803526656,4808134656,4808134656,9611661312,memory,4803526656,4.808134656,8,1,244140625/1173861,6103515625/521716,11698.923600196274,4000000000000,1800000000000000,125/130304,2345472/5,19545600/43393,below,ROOFLINE,unchecked,4808134656,True
knee,dense70b-tp8,1,b100,0.5,451,19214106624,18472960,8665562087424,4808144896,4814201159,4814201159,4814201159,9622346056,compute,4803526656,4.814201159,8,1,1000000000000/4814201159,56375000000000/4814201159,11710.146322948862,4000000000000,1800000000000000,2255/2345472,2345472/5,19545600/43393,at-or-above,ROOFLINE,unchecked,4814201159,True
sweep,dense70b-tp8,1,b100,1,1,19214106624,40960,19214106624,2401768448,10674503,2401768448,2401768448,2412442952,memory,2401763328,2.401768448,8,1,976562500/2345477,244140625/4690954,52.044983813527054,8000000000000,1800000000000000,5/2345472,2345472/5,58636800/260483,below,ROOFLINE,unchecked,2401768448,True
sweep,dense70b-tp8,1,b100,1,2,19214106624,81920,38428213248,2401773568,21349007,2401773568,2401773568,2423122576,memory,2401763328,2.401773568,8,1,488281250/1172741,244140625/2345482,104.08974573243367,8000000000000,1800000000000000,5/1172736,2345472/5,58636800/260483,below,ROOFLINE,unchecked,2401773568,True
sweep,dense70b-tp8,1,b100,1,4,19214106624,163840,76856426496,2401783808,42698014,2401783808,2401783808,2444481823,memory,2401763328,2.401783808,8,1,244140625/586373,244140625/1172746,208.1786038920619,8000000000000,1800000000000000,5/586368,2345472/5,58636800/260483,below,ROOFLINE,unchecked,2401783808,True
sweep,dense70b-tp8,1,b100,1,8,19214106624,327680,153712852992,2401804288,85396029,2401804288,2401804288,2487200318,memory,2401763328,2.401804288,8,1,244140625/586378,244140625/586378,416.35365753831144,8000000000000,1800000000000000,5/293184,2345472/5,58636800/260483,below,ROOFLINE,unchecked,2401804288,True
sweep,dense70b-tp8,1,b100,1,16,19214106624,655360,307425705984,2401845248,170792058,2401845248,2401845248,2572637307,memory,2401763328,2.401845248,8,1,244140625/586388,244140625/293194,832.6931144566396,8000000000000,1800000000000000,5/146592,2345472/5,58636800/260483,below,ROOFLINE,unchecked,2401845248,True
sweep,dense70b-tp8,1,b100,1,32,19214106624,1310720,614851411968,2401927168,341584117,2401927168,2401927168,2743511286,memory,2401763328,2.401927168,8,1,244140625/586408,244140625/146602,1665.3294293392996,8000000000000,1800000000000000,5/73296,2345472/5,58636800/260483,below,ROOFLINE,unchecked,2401927168,True
sweep,dense70b-tp8,1,b100,1,64,19214106624,2621440,1229702823936,2402091008,683168235,2402091008,2402091008,3085259244,memory,2401763328,2.402091008,8,1,244140625/586448,244140625/73306,3330.431683627534,8000000000000,1800000000000000,5/36648,2345472/5,58636800/260483,below,ROOFLINE,unchecked,2402091008,True
sweep,dense70b-tp8,1,b100,1,128,19214106624,5242880,2459405647872,2402418688,1366336471,2402418688,2402418688,3768755160,memory,2401763328,2.402418688,8,1,244140625/586528,244140625/36658,6659.954852965247,8000000000000,1800000000000000,5/18324,2345472/5,58636800/260483,below,ROOFLINE,unchecked,2402418688,True
knee,dense70b-tp8,1,b100,1,225,19214106624,9216000,4323173990400,2402915328,2401763328,2402915328,2402915328,4804678656,memory,2401763328,2.402915328,8,1,976562500/2346597,6103515625/521466,11704.532270560305,8000000000000,1800000000000000,125/260608,2345472/5,58636800/260483,below,ROOFLINE,unchecked,2402915328,True
knee,dense70b-tp8,1,b100,1,226,19214106624,9256960,4342388097024,2402920448,2412437831,2412437831,2412437831,4815358280,compute,2401763328,2.412437831,8,1,1000000000000/2412437831,28250000000000/2412437831,11710.146324595587,8000000000000,1800000000000000,565/1172736,2345472/5,58636800/260483,at-or-above,ROOFLINE,unchecked,2412437831,True
sweep,dense70b-tp8,1,b100,1,256,19214106624,10485760,4918811295744,2403074048,2732672942,2732672942,2732672942,5135746991,compute,2401763328,2.732672942,8,1,500000000000/1366336471,16000000000000/1366336471,11710.146321637638,8000000000000,1800000000000000,5/9162,2345472/5,58636800/260483,at-or-above,ROOFLINE,unchecked,2732672942,True
sweep,dense70b-tp8,1,b100,2,1,19214106624,40960,19214106624,1200884224,10674503,1200884224,1200884224,1211558728,memory,1200881664,1.200884224,8,1,1953125000/2345477,244140625/2345477,104.08996762705411,16000000000000,1800000000000000,5/2345472,2345472/5,6515200/57899,below,ROOFLINE,unchecked,1200884224,True
sweep,dense70b-tp8,1,b100,2,2,19214106624,81920,38428213248,1200886784,21349007,1200886784,1200886784,1222235792,memory,1200881664,1.200886784,8,1,976562500/1172741,244140625/1172741,208.17949146486734,16000000000000,1800000000000000,5/1172736,2345472/5,6515200/57899,below,ROOFLINE,unchecked,1200886784,True
sweep,dense70b-tp8,1,b100,2,4,19214106624,163840,76856426496,1200891904,42698014,1200891904,1200891904,1243589919,memory,1200881664,1.200891904,8,1,488281250/586373,244140625/586373,416.3572077841238,16000000000000,1800000000000000,5/586368,2345472/5,6515200/57899,below,ROOFLINE,unchecked,1200891904,True
sweep,dense70b-tp8,1,b100,2,8,19214106624,327680,153712852992,1200902144,85396029,1200902144,1200902144,1286298174,memory,1200881664,1.200902144,8,1,244140625/293189,244140625/293189,832.7073150766229,16000000000000,1800000000000000,5/293184,2345472/5,6515200/57899,below,ROOFLINE,unchecked,1200902144,True
sweep,dense70b-tp8,1,b100,2,16,19214106624,655360,307425705984,1200922624,170792058,1200922624,1200922624,1371714683,memory,1200881664,1.200922624,8,1,244140625/293194,244140625/146597,1665.3862289132792,16000000000000,1800000000000000,5/146592,2345472/5,6515200/57899,below,ROOFLINE,unchecked,1200922624,True
sweep,dense70b-tp8,1,b100,2,32,19214106624,1310720,614851411968,1200963584,341584117,1200963584,1200963584,1542547702,memory,1200881664,1.200963584,8,1,244140625/293204,244140625/73301,3330.6588586785992,16000000000000,1800000000000000,5/73296,2345472/5,6515200/57899,below,ROOFLINE,unchecked,1200963584,True
sweep,dense70b-tp8,1,b100,2,64,19214106624,2621440,1229702823936,1201045504,683168235,1201045504,1201045504,1884213740,memory,1200881664,1.201045504,8,1,244140625/293224,244140625/36653,6660.863367255068,16000000000000,1800000000000000,5/36648,2345472/5,6515200/57899,below,ROOFLINE,unchecked,1201045504,True
knee,dense70b-tp8,1,b100,2,112,19214106624,4587520,2151979941888,1201168384,1195544412,1201168384,1201168384,2396712797,memory,1200881664,1.201168384,8,1,244140625/293254,1708984375/146627,11655.318427029128,16000000000000,1800000000000000,35/146592,2345472/5,6515200/57899,below,ROOFLINE,unchecked,1201168384,True
knee,dense70b-tp8,1,b100,2,113,19214106624,4628480,2171194048512,1201170944,1206218915,1206218915,1206218915,2407389860,compute,1200881664,1.206218915,8,1,200000000000/241243783,2825000000000/241243783,11710.146329449659,16000000000000,1800000000000000,565/2345472,2345472/5,6515200/57899,at-or-above,ROOFLINE,unchecked,1206218915,True
sweep,dense70b-tp8,1,b100,2,128,19214106624,5242880,2459405647872,1201209344,1366336471,1366336471,1366336471,2567545816,compute,1200881664,1.366336471,8,1,1000000000000/1366336471,16000000000000/1366336471,11710.146321637638,16000000000000,1800000000000000,5/18324,2345472/5,6515200/57899,at-or-above,ROOFLINE,unchecked,1366336471,True
sweep,dense70b-tp8,1,b100,2,256,19214106624,10485760,4918811295744,1201537024,2732672942,2732672942,2732672942,3934209967,compute,1200881664,2.732672942,8,1,500000000000/1366336471,16000000000000/1366336471,11710.146321637638,16000000000000,1800000000000000,5/9162,2345472/5,6515200/57899,at-or-above,ROOFLINE,unchecked,2732672942,True
sweep,dense70b-tp8,1,b200,0.5,1,19214106624,40960,19214106624,4803536896,8539602,4803536896,4803536896,4812076499,memory,4803526656,4.803536896,8,1,488281250/2345477,244140625/9381908,26.022491906763527,4000000000000,2250000000000000,5/2345472,2345472/5,293184000/520591,below,ROOFLINE,unchecked,4803536896,True
sweep,dense70b-tp8,1,b200,0.5,2,19214106624,81920,38428213248,4803547136,17079205,4803547136,4803547136,4820626342,memory,4803526656,4.803547136,8,1,244140625/1172741,244140625/4690964,52.044872866216835,4000000000000,2250000000000000,5/1172736,2345472/5,293184000/520591,below,ROOFLINE,unchecked,4803547136,True
sweep,dense70b-tp8,1,b200,0.5,4,19214106624,163840,76856426496,4803567616,34158411,4803567616,4803567616,4837726028,memory,4803526656,4.803567616,8,1,244140625/1172746,244140625/2345492,104.08930194603094,4000000000000,2250000000000000,5/586368,2345472/5,293184000/520591,below,ROOFLINE,unchecked,4803567616,True
sweep,dense70b-tp8,1,b200,0.5,8,19214106624,327680,153712852992,4803608576,68316823,4803608576,4803608576,4871925400,memory,4803526656,4.803608576,8,1,244140625/1172756,244140625/1172756,208.17682876915572,4000000000000,2250000000000000,5/293184,2345472/5,293184000/520591,below,ROOFLINE,unchecked,4803608576,True
sweep,dense70b-tp8,1,b200,0.5,16,19214106624,655360,307425705984,4803690496,136633647,4803690496,4803690496,4940324144,memory,4803526656,4.803690496,8,1,244140625/1172776,244140625/586388,416.3465572283198,4000000000000,2250000000000000,5/146592,2345472/5,293184000/520591,below,ROOFLINE,unchecked,4803690496,True
sweep,dense70b-tp8,1,b200,0.5,32,19214106624,1310720,614851411968,4803854336,273267294,4803854336,4803854336,5077121631,memory,4803526656,4.803854336,8,1,244140625/1172816,244140625/293204,832.6647146696498,4000000000000,2250000000000000,5/73296,2345472/5,293184000/520591,below,ROOFLINE,unchecked,4803854336,True
sweep,dense70b-tp8,1,b200,0.5,64,19214106624,2621440,1229702823936,4804182016,546534588,4804182016,4804182016,5350716605,memory,4803526656,4.804182016,8,1,244140625/1172896,244140625/146612,1665.215841813767,4000000000000,2250000000000000,5/36648,2345472/5,293184000/520591,below,ROOFLINE,unchecked,4804182016,True
sweep,dense70b-tp8,1,b200,0.5,128,19214106624,5242880,2459405647872,4804837376,1093069176,4804837376,4804837376,5897906553,memory,4803526656,4.804837376,8,1,244140625/1173056,244140625/73316,3329.9774264826233,4000000000000,2250000000000000,5/18324,2345472/5,293184000/520591,below,ROOFLINE,unchecked,4804837376,True
sweep,dense70b-tp8,1,b200,0.5,256,19214106624,10485760,4918811295744,4806148096,2186138353,4806148096,4806148096,6992286450,memory,4803526656,4.806148096,8,1,244140625/1173376,244140625/36668,6658.138567688447,4000000000000,2250000000000000,5/9162,2345472/5,293184000/520591,below,ROOFLINE,unchecked,4806148096,True
knee,dense70b-tp8,1,b200,0.5,563,19214106624,23060480,10817542029312,4809291776,4807796457,4809291776,4809291776,9617088234,memory,4803526656,4.809291776,8,1,488281250/2348287,137451171875/9393148,14633.131712073524,4000000000000,2250000000000000,2815/2345472,2345472/5,293184000/520591,below,ROOFLINE,unchecked,4809291776,True
knee,dense70b-tp8,1,b200,0.5,564,19214106624,23101440,10836756135936,4809302016,4816336060,4816336060,4816336060,9625638077,compute,4803526656,4.81633606,8,1,50000000000/240816803,3525000000000/240816803,14637.68290288282,4000000000000,2250000000000000,235/195456,2345472/5,293184000/520591,at-or-above,ROOFLINE,unchecked,4816336060,True
sweep,dense70b-tp8,1,b200,1,1,19214106624,40960,19214106624,2401768448,8539602,2401768448,2401768448,2410308051,memory,2401763328,2.401768448,8,1,976562500/2345477,244140625/4690954,52.044983813527054,8000000000000,2250000000000000,5/2345472,2345472/5,97728000/347269,below,ROOFLINE,unchecked,2401768448,True
sweep,dense70b-tp8,1,b200,1,2,19214106624,81920,38428213248,2401773568,17079205,2401773568,2401773568,2418852774,memory,2401763328,2.401773568,8,1,488281250/1172741,244140625/2345482,104.08974573243367,8000000000000,2250000000000000,5/1172736,2345472/5,97728000/347269,below,ROOFLINE,unchecked,2401773568,True
sweep,dense70b-tp8,1,b200,1,4,19214106624,163840,76856426496,2401783808,34158411,2401783808,2401783808,2435942220,memory,2401763328,2.401783808,8,1,244140625/586373,244140625/1172746,208.1786038920619,8000000000000,2250000000000000,5/586368,2345472/5,97728000/347269,below,ROOFLINE,unchecked,2401783808,True
sweep,dense70b-tp8,1,b200,1,8,19214106624,327680,153712852992,2401804288,68316823,2401804288,2401804288,2470121112,memory,2401763328,2.401804288,8,1,244140625/586378,244140625/586378,416.35365753831144,8000000000000,2250000000000000,5/293184,2345472/5,97728000/347269,below,ROOFLINE,unchecked,2401804288,True
sweep,dense70b-tp8,1,b200,1,16,19214106624,655360,307425705984,2401845248,136633647,2401845248,2401845248,2538478896,memory,2401763328,2.401845248,8,1,244140625/586388,244140625/293194,832.6931144566396,8000000000000,2250000000000000,5/146592,2345472/5,97728000/347269,below,ROOFLINE,unchecked,2401845248,True
sweep,dense70b-tp8,1,b200,1,32,19214106624,1310720,614851411968,2401927168,273267294,2401927168,2401927168,2675194463,memory,2401763328,2.401927168,8,1,244140625/586408,244140625/146602,1665.3294293392996,8000000000000,2250000000000000,5/73296,2345472/5,97728000/347269,below,ROOFLINE,unchecked,2401927168,True
sweep,dense70b-tp8,1,b200,1,64,19214106624,2621440,1229702823936,2402091008,546534588,2402091008,2402091008,2948625597,memory,2401763328,2.402091008,8,1,244140625/586448,244140625/73306,3330.431683627534,8000000000000,2250000000000000,5/36648,2345472/5,97728000/347269,below,ROOFLINE,unchecked,2402091008,True
sweep,dense70b-tp8,1,b200,1,128,19214106624,5242880,2459405647872,2402418688,1093069176,2402418688,2402418688,3495487865,memory,2401763328,2.402418688,8,1,244140625/586528,244140625/36658,6659.954852965247,8000000000000,2250000000000000,5/18324,2345472/5,97728000/347269,below,ROOFLINE,unchecked,2402418688,True
sweep,dense70b-tp8,1,b200,1,256,19214106624,10485760,4918811295744,2403074048,2186138353,2403074048,2403074048,4589212402,memory,2401763328,2.403074048,8,1,244140625/586688,244140625/18334,13316.277135376895,8000000000000,2250000000000000,5/9162,2345472/5,97728000/347269,below,ROOFLINE,unchecked,2403074048,True
knee,dense70b-tp8,1,b200,1,281,19214106624,11509760,5399163961344,2403202048,2399628427,2403202048,2403202048,4802830476,memory,2401763328,2.403202048,8,1,976562500/2346877,68603515625/4693754,14615.916306010073,8000000000000,2250000000000000,1405/2345472,2345472/5,97728000/347269,below,ROOFLINE,unchecked,2403202048,True
knee,dense70b-tp8,1,b200,1,282,19214106624,11550720,5418378067968,2403207168,2408168030,2408168030,2408168030,4811375199,compute,2401763328,2.40816803,8,1,100000000000/240816803,3525000000000/240816803,14637.68290288282,8000000000000,2250000000000000,235/390912,2345472/5,97728000/347269,at-or-above,ROOFLINE,unchecked,2408168030,True
sweep,dense70b-tp8,1,b200,2,1,19214106624,40960,19214106624,1200884224,8539602,1200884224,1200884224,1209423827,memory,1200881664,1.200884224,8,1,1953125000/2345477,244140625/2345477,104.08996762705411,16000000000000,2250000000000000,5/2345472,2345472/5,293184000/2084239,below,ROOFLINE,unchecked,1200884224,True
sweep,dense70b-tp8,1,b200,2,2,19214106624,81920,38428213248,1200886784,17079205,1200886784,1200886784,1217965990,memory,1200881664,1.200886784,8,1,976562500/1172741,244140625/1172741,208.17949146486734,16000000000000,2250000000000000,5/1172736,2345472/5,293184000/2084239,below,ROOFLINE,unchecked,1200886784,True
sweep,dense70b-tp8,1,b200,2,4,19214106624,163840,76856426496,1200891904,34158411,1200891904,1200891904,1235050316,memory,1200881664,1.200891904,8,1,488281250/586373,244140625/586373,416.3572077841238,16000000000000,2250000000000000,5/586368,2345472/5,293184000/2084239,below,ROOFLINE,unchecked,1200891904,True
sweep,dense70b-tp8,1,b200,2,8,19214106624,327680,153712852992,1200902144,68316823,1200902144,1200902144,1269218968,memory,1200881664,1.200902144,8,1,244140625/293189,244140625/293189,832.7073150766229,16000000000000,2250000000000000,5/293184,2345472/5,293184000/2084239,below,ROOFLINE,unchecked,1200902144,True
sweep,dense70b-tp8,1,b200,2,16,19214106624,655360,307425705984,1200922624,136633647,1200922624,1200922624,1337556272,memory,1200881664,1.200922624,8,1,244140625/293194,244140625/146597,1665.3862289132792,16000000000000,2250000000000000,5/146592,2345472/5,293184000/2084239,below,ROOFLINE,unchecked,1200922624,True
sweep,dense70b-tp8,1,b200,2,32,19214106624,1310720,614851411968,1200963584,273267294,1200963584,1200963584,1474230879,memory,1200881664,1.200963584,8,1,244140625/293204,244140625/73301,3330.6588586785992,16000000000000,2250000000000000,5/73296,2345472/5,293184000/2084239,below,ROOFLINE,unchecked,1200963584,True
sweep,dense70b-tp8,1,b200,2,64,19214106624,2621440,1229702823936,1201045504,546534588,1201045504,1201045504,1747580093,memory,1200881664,1.201045504,8,1,244140625/293224,244140625/36653,6660.863367255068,16000000000000,2250000000000000,5/36648,2345472/5,293184000/2084239,below,ROOFLINE,unchecked,1201045504,True
sweep,dense70b-tp8,1,b200,2,128,19214106624,5242880,2459405647872,1201209344,1093069176,1201209344,1201209344,2294278521,memory,1200881664,1.201209344,8,1,244140625/293264,244140625/18329,13319.909705930493,16000000000000,2250000000000000,5/18324,2345472/5,293184000/2084239,below,ROOFLINE,unchecked,1201209344,True
knee,dense70b-tp8,1,b200,2,140,19214106624,5734400,2689974927360,1201240064,1195544412,1201240064,1201240064,2396784477,memory,1200881664,1.201240064,8,1,488281250/586543,8544921875/586543,14568.278668401123,16000000000000,2250000000000000,175/586368,2345472/5,293184000/2084239,below,ROOFLINE,unchecked,1201240064,True
knee,dense70b-tp8,1,b200,2,141,19214106624,5775360,2709189033984,1201242624,1204084015,1204084015,1204084015,2405326640,compute,1200881664,1.204084015,8,1,200000000000/240816803,3525000000000/240816803,14637.68290288282,16000000000000,2250000000000000,235/781824,2345472/5,293184000/2084239,at-or-above,ROOFLINE,unchecked,1204084015,True
sweep,dense70b-tp8,1,b200,2,256,19214106624,10485760,4918811295744,1201537024,2186138353,2186138353,2186138353,3387675378,compute,1200881664,2.186138353,8,1,1000000000000/2186138353,32000000000000/2186138353,14637.682906064454,16000000000000,2250000000000000,5/9162,2345472/5,293184000/2084239,at-or-above,ROOFLINE,unchecked,2186138353,True
sweep,dense70b-tp8,2048,a100,0.5,1,19214106624,83886080,19884867584,18928879552,63733549,18928879552,18928879552,18992613103,memory,18846597963,18.928879552,8,1,15625000000/295763743,1953125000/295763743,6.603666088983733,1019500000000,312000000000000,20/4581,4581/20,none,no-finite-crossover,ROOFLINE,unchecked,18928879552,True
sweep,dense70b-tp8,2048,a100,0.5,2,19214106624,167772160,39769735168,19011161141,127467099,19011161141,19011161141,19138628242,memory,18846597963,19.011161141,8,1,1000000000000/19011161141,250000000000/19011161141,13.150169952578175,1019500000000,312000000000000,40/4581,4581/20,none,no-finite-crossover,ROOFLINE,unchecked,19011161141,True
sweep,dense70b-tp8,2048,a100,0.5,4,19214106624,335544320,79539470336,19175724319,254934199,19175724319,19175724319,19430658520,memory,18846597963,19.175724319,8,1,1000000000000/19175724319,500000000000/19175724319,26.07463434925282,1019500000000,312000000000000,80/4581,4581/20,none,no-finite-crossover,ROOFLINE,unchecked,19175724319,True
sweep,dense70b-tp8,2048,a100,0.5,8,19214106624,671088640,159078940672,19504850675,509868399,19504850675,19504850675,20014719076,memory,18846597963,19.504850675,8,1,40000000000/780194027,40000000000/780194027,51.26929791273575,1019500000000,312000000000000,160/4581,4581/20,none,no-finite-crossover,ROOFLINE,unchecked,19504850675,True
sweep,dense70b-tp8,2048,a100,0.5,16,19214106624,1342177280,318157881344,20163103387,1019736799,20163103387,20163103387,21182840188,memory,18846597963,20.163103387,8,1,1000000000000/20163103387,2000000000000/20163103387,99.19107994503882,1019500000000,312000000000000,320/4581,4581/20,none,no-finite-crossover,ROOFLINE,unchecked,20163103387,True
sweep,dense70b-tp8,2048,a100,0.5,32,19214106624,2684354560,636315762688,21479608812,2039473598,21479608812,21479608812,23519082411,memory,18846597963,21.479608812,8,1,250000000000/5369902203,1000000000000/5369902203,186.22313073808508,1019500000000,312000000000000,640/4581,4581/20,none,no-finite-crossover,ROOFLINE,unchecked,21479608812,True
sweep,dense70b-tp8,2048,a100,0.5,64,19214106624,5368709120,1272631525376,24112619660,4078947196,24112619660,24112619660,28191566858,memory,18846597963,24.11261966,8,1,50000000000/1205630983,400000000000/1205630983,331.77647691557377,1019500000000,312000000000000,1280/4581,4581/20,none,no-finite-crossover,ROOFLINE,unchecked,24112619660,True
sweep,dense70b-tp8,2048,a100,0.5,128,19214106624,10737418240,2545263050752,29378641357,8157894393,29378641357,29378641357,37536535751,memory,18846597963,29.378641357,8,1,1000000000000/29378641357,16000000000000/29378641357,544.6133402008976,1019500000000,312000000000000,2560/4581,4581/20,none,no-finite-crossover,ROOFLINE,unchecked,29378641357,True
sweep,dense70b-tp8,2048,a100,0.5,256,19214106624,21474836480,5090526101504,39910684751,16315788786,39910684751,39910684751,56226473539,memory,18846597963,39.910684751,8,1,1000000000000/39910684751,32000000000000/39910684751,801.790302512868,1019500000000,312000000000000,5120/4581,4581/20,none,no-finite-crossover,ROOFLINE,unchecked,39910684751,True
sweep,dense70b-tp8,2048,a100,1,1,19214106624,83886080,19884867584,9464439776,63733549,9464439776,9464439776,9528173327,memory,9423298981,9.464439776,8,1,31250000000/295763743,3906250000/295763743,13.207332177967466,2039000000000,312000000000000,20/4581,4581/20,91473408000/219311341,below,ROOFLINE,unchecked,9464439776,True
sweep,dense70b-tp8,2048,a100,1,2,19214106624,167772160,39769735168,9505580570,127467099,9505580570,9505580570,9633047671,memory,9423298981,9.50558057,8,1,100000000000/950558057,25000000000/950558057,26.300339906539765,2039000000000,312000000000000,40/4581,4581/20,91473408000/219311341,below,ROOFLINE,unchecked,9505580570,True
sweep,dense70b-tp8,2048,a100,1,4,19214106624,335544320,79539470336,9587862159,254934199,9587862159,9587862159,9842796360,memory,9423298981,9.587862159,8,1,1000000000000/9587862159,500000000000/9587862159,52.14926870122518,2039000000000,312000000000000,80/4581,4581/20,91473408000/219311341,below,ROOFLINE,unchecked,9587862159,True
sweep,dense70b-tp8,2048,a100,1,8,19214106624,671088640,159078940672,9752425337,509868399,9752425337,9752425337,10262293738,memory,9423298981,9.752425337,8,1,1000000000000/9752425337,1000000000000/9752425337,102.53859583072858,2039000000000,312000000000000,160/4581,4581/20,91473408000/219311341,below,ROOFLINE,unchecked,9752425337,True
sweep,dense70b-tp8,2048,a100,1,16,19214106624,1342177280,318157881344,10081551693,1019736799,10081551693,10081551693,11101288494,memory,9423298981,10.081551693,8,1,1000000000000/10081551693,2000000000000/10081551693,198.3821598999165,2039000000000,312000000000000,320/4581,4581/20,91473408000/219311341,below,ROOFLINE,unchecked,10081551693,True
sweep,dense70b-tp8,2048,a100,1,32,19214106624,2684354560,636315762688,10739804406,2039473598,10739804406,10739804406,12779278005,memory,9423298981,10.739804406,8,1,500000000000/5369902203,2000000000000/5369902203,372.44626147617015,2039000000000,312000000000000,640/4581,4581/20,91473408000/219311341,below,ROOFLINE,unchecked,10739804406,True
sweep,dense70b-tp8,2048,a100,1,64,19214106624,5368709120,1272631525376,12056309830,4078947196,12056309830,12056309830,16135257028,memory,9423298981,12.05630983,8,1,100000000000/1205630983,800000000000/1205630983,663.5529538311475,2039000000000,312000000000000,1280/4581,4581/20,91473408000/219311341,below,ROOFLINE,unchecked,12056309830,True
sweep,dense70b-tp8,2048,a100,1,128,19214106624,10737418240,2545263050752,14689320678,8157894393,14689320678,14689320678,22847215073,memory,9423298981,14.689320678,8,1,500000000000/7344660339,8000000000000/7344660339,1089.2266804388705,2039000000000,312000000000000,2560/4581,4581/20,91473408000/219311341,below,ROOFLINE,unchecked,14689320678,True
sweep,dense70b-tp8,2048,a100,1,256,19214106624,21474836480,5090526101504,19955342375,16315788786,19955342375,19955342375,36271131163,memory,9423298981,19.955342375,8,1,8000000000/159642739,256000000000/159642739,1603.5806050659153,2039000000000,312000000000000,5120/4581,4581/20,91473408000/219311341,below,ROOFLINE,unchecked,19955342375,True
knee,dense70b-tp8,2048,a100,1,417,19214106624,34980495360,8291989782528,26579010291,26576890328,26579010291,26579010291,53155900620,memory,9423298981,26.579010291,8,1,1000000000000/26579010291,17375000000000/8859670097,1961.1339711038904,2039000000000,312000000000000,2780/1527,4581/20,91473408000/219311341,below,ROOFLINE,unchecked,26579010291,True
knee,dense70b-tp8,2048,a100,1,418,19214106624,35064381440,8311874650112,26620151085,26640623878,26640623878,26640623878,53260774965,compute,9423298981,26.640623878,8,1,500000000000/13320311939,2375000000000/1210937449,1961.290405182605,2039000000000,312000000000000,8360/4581,4581/20,91473408000/219311341,at-or-above,ROOFLINE,unchecked,26640623878,True
sweep,dense70b-tp8,2048,a100,2,1,19214106624,83886080,19884867584,4732219888,63733549,4732219888,4732219888,4795953439,memory,4711649490,4.732219888,8,1,62500000000/295763743,7812500000/295763743,26.41466435593493,4078000000000,312000000000000,20/4581,4581/20,45736704000/418991341,below,ROOFLINE,unchecked,4732219888,True
sweep,dense70b-tp8,2048,a100,2,2,19214106624,167772160,39769735168,4752790285,127467099,4752790285,4752790285,4880257386,memory,4711649490,4.752790285,8,1,200000000000/950558057,50000000000/950558057,52.60067981307953,4078000000000,312000000000000,40/4581,4581/20,45736704000/418991341,below,ROOFLINE,unchecked,4752790285,True
sweep,dense70b-tp8,2048,a100,2,4,19214106624,335544320,79539470336,4793931079,254934199,4793931079,4793931079,5048865280,memory,4711649490,4.793931079,8,1,1000000000000/4793931079,500000000000/4793931079,104.29853741332855,4078000000000,312000000000000,80/4581,4581/20,45736704000/418991341,below,ROOFLINE,unchecked,4793931079,True
sweep,dense70b-tp8,2048,a100,2,8,19214106624,671088640,159078940672,4876212668,509868399,4876212668,4876212668,5386081069,memory,4711649490,4.876212668,8,1,250000000000/1219053167,250000000000/1219053167,205.0771916824855,4078000000000,312000000000000,160/4581,4581/20,45736704000/418991341,below,ROOFLINE,unchecked,4876212668,True
sweep,dense70b-tp8,2048,a100,2,16,19214106624,1342177280,318157881344,5040775846,1019736799,5040775846,5040775846,6060512647,memory,4711649490,5.040775846,8,1,500000000000/2520387923,1000000000000/2520387923,396.7643198391885,4078000000000,312000000000000,320/4581,4581/20,45736704000/418991341,below,ROOFLINE,unchecked,5040775846,True
sweep,dense70b-tp8,2048,a100,2,32,19214106624,2684354560,636315762688,5369902203,2039473598,5369902203,5369902203,7409375802,memory,4711649490,5.369902203,8,1,1000000000000/5369902203,4000000000000/5369902203,744.8925229523403,4078000000000,312000000000000,640/4581,4581/20,45736704000/418991341,below,ROOFLINE,unchecked,5369902203,True
sweep,dense70b-tp8,2048,a100,2,64,19214106624,5368709120,1272631525376,6028154915,4078947196,6028154915,6028154915,10107102112,memory,4711649490,6.028154915,8,1,200000000000/1205630983,1600000000000/1205630983,1327.105907662295,4078000000000,312000000000000,1280/4581,4581/20,45736704000/418991341,below,ROOFLINE,unchecked,6028154915,True
knee,dense70b-tp8,2048,a100,2,109,19214106624,9143582720,2167450566656,6953822791,6946956944,6953822791,6953822791,13900779736,memory,4711649490,6.953822791,8,1,1000000000000/6953822791,13625000000000/6953822791,1959.353927976736,4078000000000,312000000000000,2180/4581,4581/20,45736704000/418991341,below,ROOFLINE,unchecked,6953822791,True
knee,dense70b-tp8,2048,a100,2,110,19214106624,9227468800,2187335434240,6974393188,7010690494,7010690494,7010690494,13985083684,compute,4711649490,7.010690494,8,1,500000000000/3505345247,6875000000000/3505345247,1961.2904052415013,4078000000000,312000000000000,2200/4581,4581/20,45736704000/418991341,at-or-above,ROOFLINE,unchecked,7010690494,True
sweep,dense70b-tp8,2048,a100,2,128,19214106624,10737418240,2545263050752,7344660339,8157894393,8157894393,8157894393,15502554733,compute,4711649490,8.157894393,8,1,1000000000000/8157894393,16000000000000/8157894393,1961.2904052458723,4078000000000,312000000000000,2560/4581,4581/20,45736704000/418991341,at-or-above,ROOFLINE,unchecked,8157894393,True
sweep,dense70b-tp8,2048,a100,2,256,19214106624,21474836480,5090526101504,9977671187,16315788786,16315788786,16315788786,26293459975,compute,4711649490,16.315788786,8,1,500000000000/8157894393,16000000000000/8157894393,1961.2904052458723,4078000000000,312000000000000,5120/4581,4581/20,45736704000/418991341,at-or-above,ROOFLINE,unchecked,16315788786,True
sweep,dense70b-tp8,2048,h100,0.5,1,19214106624,83886080,19884867584,11521189674,20095874,11521189674,11521189674,11541285549,memory,11471108432,11.521189674,8,1,500000000000/5760594837,62500000000/5760594837,10.8495740055464,1675000000000,989500000000000,20/4581,4581/20,none,no-finite-crossover,ROOFLINE,unchecked,11521189674,True
sweep,dense70b-tp8,2048,h100,0.5,2,19214106624,167772160,39769735168,11571270915,40191748,11571270915,11571270915,11611462665,memory,11471108432,11.571270915,8,1,200000000000/2314254183,50000000000/2314254183,21.60523263489765,1675000000000,989500000000000,40/4581,4581/20,none,no-finite-crossover,ROOFLINE,unchecked,11571270915,True
sweep,dense70b-tp8,2048,h100,0.5,4,19214106624,335544320,79539470336,11671433399,80383497,11671433399,11671433399,11751816897,memory,11471108432,11.671433399,8,1,1000000000000/11671433399,500000000000/11671433399,42.83963956328103,1675000000000,989500000000000,80/4581,4581/20,none,no-finite-crossover,ROOFLINE,unchecked,11671433399,True
sweep,dense70b-tp8,2048,h100,0.5,8,19214106624,671088640,159078940672,11871758366,160766994,11871758366,11871758366,12032525361,memory,11471108432,11.871758366,8,1,500000000000/5935879183,500000000000/5935879183,84.2335203573499,1675000000000,989500000000000,160/4581,4581/20,none,no-finite-crossover,ROOFLINE,unchecked,11871758366,True
sweep,dense70b-tp8,2048,h100,0.5,16,19214106624,1342177280,318157881344,12272408300,321533988,12272408300,12272408300,12593942290,memory,11471108432,12.2724083,8,1,10000000000/122724083,20000000000/122724083,162.96719854081127,1675000000000,989500000000000,320/4581,4581/20,none,no-finite-crossover,ROOFLINE,unchecked,12272408300,True
sweep,dense70b-tp8,2048,h100,0.5,32,19214106624,2684354560,636315762688,13073708169,643067976,13073708169,13073708169,13716776146,memory,11471108432,13.073708169,8,1,1000000000000/13073708169,4000000000000/13073708169,305.9575713556682,1675000000000,989500000000000,640/4581,4581/20,none,no-finite-crossover,ROOFLINE,unchecked,13073708169,True
sweep,dense70b-tp8,2048,h100,0.5,64,19214106624,5368709120,1272631525376,14676307906,1286135952,14676307906,14676307906,15962443860,memory,11471108432,14.676307906,8,1,500000000000/7338153953,4000000000000/7338153953,545.0962225131174,1675000000000,989500000000000,1280/4581,4581/20,none,no-finite-crossover,ROOFLINE,unchecked,14676307906,True
sweep,dense70b-tp8,2048,h100,0.5,128,19214106624,10737418240,2545263050752,17881507381,2572271905,17881507381,17881507381,20453779288,memory,11471108432,17.881507381,8,1,1000000000000/17881507381,16000000000000/17881507381,894.7791513930646,1675000000000,989500000000000,2560/4581,4581/20,none,no-finite-crossover,ROOFLINE,unchecked,17881507381,True
sweep,dense70b-tp8,2048,h100,0.5,256,19214106624,21474836480,5090526101504,24291906330,5144543811,24291906330,24291906330,29436450143,memory,11471108432,24.29190633,8,1,100000000000/2429190633,3200000000000/2429190633,1317.3111885616265,1675000000000,989500000000000,5120/4581,4581/20,none,no-finite-crossover,ROOFLINE,unchecked,24291906330,True
sweep,dense70b-tp8,2048,h100,1,1,19214106624,83886080,19884867584,5760594837,20095874,5760594837,5760594837,5780690712,memory,5735554216,5.760594837,8,1,1000000000000/5760594837,125000000000/5760594837,21.6991480110928,3350000000000,989500000000000,20/4581,4581/20,none,no-finite-crossover,ROOFLINE,unchecked,5760594837,True
sweep,dense70b-tp8,2048,h100,1,2,19214106624,167772160,39769735168,5785635457,40191748,5785635457,5785635457,5825827207,memory,5735554216,5.785635457,8,1,1000000000000/5785635457,250000000000/5785635457,43.21046527352959,3350000000000,989500000000000,40/4581,4581/20,none,no-finite-crossover,ROOFLINE,unchecked,5785635457,True
sweep,dense70b-tp8,2048,h100,1,4,19214106624,335544320,79539470336,5835716699,80383497,5835716699,5835716699,5916100197,memory,5735554216,5.835716699,8,1,1000000000000/5835716699,500000000000/5835716699,85.679279133903,3350000000000,989500000000000,80/4581,4581/20,none,no-finite-crossover,ROOFLINE,unchecked,5835716699,True
sweep,dense70b-tp8,2048,h100,1,8,19214106624,671088640,159078940672,5935879183,160766994,5935879183,5935879183,6096646178,memory,5735554216,5.935879183,8,1,1000000000000/5935879183,1000000000000/5935879183,168.4670407146998,3350000000000,989500000000000,160/4581,4581/20,none,no-finite-crossover,ROOFLINE,unchecked,5935879183,True
sweep,dense70b-tp8,2048,h100,1,16,19214106624,1342177280,318157881344,6136204150,321533988,6136204150,6136204150,6457738139,memory,5735554216,6.13620415,8,1,20000000000/122724083,40000000000/122724083,325.93439708162254,3350000000000,989500000000000,320/4581,4581/20,none,no-finite-crossover,ROOFLINE,unchecked,6136204150,True
sweep,dense70b-tp8,2048,h100,1,32,19214106624,2684354560,636315762688,6536854084,643067976,6536854084,6536854084,7179922062,memory,5735554216,6.536854084,8,1,250000000000/1634213521,1000000000000/1634213521,611.9151427581414,3350000000000,989500000000000,640/4581,4581/20,none,no-finite-crossover,ROOFLINE,unchecked,6536854084,True
sweep,dense70b-tp8,2048,h100,1,64,19214106624,5368709120,1272631525376,7338153953,1286135952,7338153953,7338153953,8624289907,memory,5735554216,7.338153953,8,1,1000000000000/7338153953,8000000000000/7338153953,1090.1924450262347,3350000000000,989500000000000,1280/4581,4581/20,none,no-finite-crossover,ROOFLINE,unchecked,7338153953,True
sweep,dense70b-tp8,2048,h100,1,128,19214106624,10737418240,2545263050752,8940753690,2572271905,8940753690,8940753690,11513025597,memory,5735554216,8.94075369,8,1,100000000000/894075369,1600000000000/894075369,1789.5583028862077,3350000000000,989500000000000,2560/4581,4581/20,none,no-finite-crossover,ROOFLINE,unchecked,8940753690,True
sweep,dense70b-tp8,2048,h100,1,256,19214106624,21474836480,5090526101504,12145953165,5144543811,12145953165,12145953165,17290496977,memory,5735554216,12.145953165,8,1,200000000000/2429190633,6400000000000/2429190633,2634.622377123253,3350000000000,989500000000000,5120/4581,4581/20,none,no-finite-crossover,ROOFLINE,unchecked,12145953165,True
sweep,dense70b-tp8,2048,h100,2,1,19214106624,83886080,19884867584,2880297418,20095874,2880297418,2880297418,2900393293,memory,2867777108,2.880297418,8,1,500000000000/1440148709,62500000000/1440148709,43.39829602971925,6700000000000,989500000000000,20/4581,4581/20,322339520/851497,below,ROOFLINE,unchecked,2880297418,True
sweep,dense70b-tp8,2048,h100,2,2,19214106624,167772160,39769735168,2892817728,40191748,2892817728,2892817728,2933009478,memory,2867777108,2.892817728,8,1,15625000000/45200277,3906250000/45200277,86.42093056199633,6700000000000,989500000000000,40/4581,4581/20,322339520/851497,below,ROOFLINE,unchecked,2892817728,True
sweep,dense70b-tp8,2048,h100,2,4,19214106624,335544320,79539470336,2917858349,80383497,2917858349,2917858349,2998241847,memory,2867777108,2.917858349,8,1,1000000000000/2917858349,500000000000/2917858349,171.35855829716976,6700000000000,989500000000000,80/4581,4581/20,322339520/851497,below,ROOFLINE,unchecked,2917858349,True
sweep,dense70b-tp8,2048,h100,2,8,19214106624,671088640,159078940672,2967939591,160766994,2967939591,2967939591,3128706586,memory,2867777108,2.967939591,8,1,1000000000000/2967939591,1000000000000/2967939591,336.9340814861619,6700000000000,989500000000000,160/4581,4581/20,322339520/851497,below,ROOFLINE,unchecked,2967939591,True
sweep,dense70b-tp8,2048,h100,2,16,19214106624,1342177280,318157881344,3068102075,321533988,3068102075,3068102075,3389636064,memory,2867777108,3.068102075,8,1,40000000000/122724083,80000000000/122724083,651.8687941632451,6700000000000,989500000000000,320/4581,4581/20,322339520/851497,below,ROOFLINE,unchecked,3068102075,True
sweep,dense70b-tp8,2048,h100,2,32,19214106624,2684354560,636315762688,3268427042,643067976,3268427042,3268427042,3911495019,memory,2867777108,3.268427042,8,1,500000000000/1634213521,2000000000000/1634213521,1223.8302855162829,6700000000000,989500000000000,640/4581,4581/20,322339520/851497,below,ROOFLINE,unchecked,3268427042,True
sweep,dense70b-tp8,2048,h100,2,64,19214106624,5368709120,1272631525376,3669076976,1286135952,3669076976,3669076976,4955212930,memory,2867777108,3.669076976,8,1,62500000000/229317311,500000000000/229317311,2180.3848903495996,6700000000000,989500000000000,1280/4581,4581/20,322339520/851497,below,ROOFLINE,unchecked,3669076976,True
sweep,dense70b-tp8,2048,h100,2,128,19214106624,10737418240,2545263050752,4470376845,2572271905,4470376845,4470376845,7042648752,memory,2867777108,4.470376845,8,1,200000000000/894075369,3200000000000/894075369,3579.1166057724154,6700000000000,989500000000000,2560/4581,4581/20,322339520/851497,below,ROOFLINE,unchecked,4470376845,True
sweep,dense70b-tp8,2048,h100,2,256,19214106624,21474836480,5090526101504,6072976582,5144543811,6072976582,6072976582,11217520395,memory,2867777108,6.072976582,8,1,500000000000/3036488291,16000000000000/3036488291,5269.244754680333,6700000000000,989500000000000,5120/4581,4581/20,322339520/851497,below,ROOFLINE,unchecked,6072976582,True
knee,dense70b-tp8,2048,h100,2,378,19214106624,31708938240,7516479946752,7600454457,7596240471,7600454457,7600454457,15196694930,memory,2867777108,7.600454457,8,1,1000000000000/7600454457,15750000000000/2533484819,6216.733521307119,6700000000000,989500000000000,840/509,4581/20,322339520/851497,below,ROOFLINE,unchecked,7600454457,True
knee,dense70b-tp8,2048,h100,2,379,19214106624,31792824320,7536364814336,7612974767,7616336345,7616336345,7616336345,15229311114,compute,2867777108,7.616336345,8,1,200000000000/1523267269,9475000000000/1523267269,6220.182231198457,6700000000000,989500000000000,7580/4581,4581/20,322339520/851497,at-or-above,ROOFLINE,unchecked,7616336345,True
sweep,dense70b-tp8,2048,h200,0.5,1,19214106624,83886080,19884867584,8040830293,20095874,8040830293,8040830293,8060926168,memory,8005877760,8.040830293,8,1,1000000000000/8040830293,125000000000/8040830293,15.545658277207965,2400000000000,989500000000000,20/4581,4581/20,none,no-finite-crossover,ROOFLINE,unchecked,8040830293,True
sweep,dense70b-tp8,2048,h200,0.5,2,19214106624,167772160,39769735168,8075782826,40191748,8075782826,8075782826,8115974576,memory,8005877760,8.075782826,8,1,500000000000/4037891413,125000000000/4037891413,30.956751238421674,2400000000000,989500000000000,40/4581,4581/20,none,no-finite-crossover,ROOFLINE,unchecked,8075782826,True
sweep,dense70b-tp8,2048,h200,0.5,4,19214106624,335544320,79539470336,8145687893,80383497,8145687893,8145687893,8226071391,memory,8005877760,8.145687893,8,1,1000000000000/8145687893,500000000000/8145687893,61.38217012091455,2400000000000,989500000000000,80/4581,4581/20,none,no-finite-crossover,ROOFLINE,unchecked,8145687893,True
sweep,dense70b-tp8,2048,h200,0.5,8,19214106624,671088640,159078940672,8285498026,160766994,8285498026,8285498026,8446265021,memory,8005877760,8.285498026,8,1,500000000000/4142749013,500000000000/4142749013,120.69280529208831,2400000000000,989500000000000,160/4581,4581/20,none,no-finite-crossover,ROOFLINE,unchecked,8285498026,True
sweep,dense70b-tp8,2048,h200,0.5,16,19214106624,1342177280,318157881344,8565118293,321533988,8565118293,8565118293,8886652282,memory,8005877760,8.565118293,8,1,1000000000000/8565118293,2000000000000/8565118293,233.50523969231537,2400000000000,989500000000000,320/4581,4581/20,none,no-finite-crossover,ROOFLINE,unchecked,8565118293,True
sweep,dense70b-tp8,2048,h200,0.5,32,19214106624,2684354560,636315762688,9124358826,643067976,9124358826,9124358826,9767426804,memory,8005877760,9.124358826,8,1,500000000000/4562179413,2000000000000/4562179413,438.3869679261121,2400000000000,989500000000000,640/4581,4581/20,none,no-finite-crossover,ROOFLINE,unchecked,9124358826,True
sweep,dense70b-tp8,2048,h200,0.5,64,19214106624,5368709120,1272631525376,10242839893,1286135952,10242839893,10242839893,11528975847,memory,8005877760,10.242839893,8,1,1000000000000/10242839893,8000000000000/10242839893,781.0333934309795,2400000000000,989500000000000,1280/4581,4581/20,none,no-finite-crossover,ROOFLINE,unchecked,10242839893,True
sweep,dense70b-tp8,2048,h200,0.5,128,19214106624,10737418240,2545263050752,12479802026,2572271905,12479802026,12479802026,15052073933,memory,8005877760,12.479802026,8,1,500000000000/6239901013,8000000000000/6239901013,1282.0716199396543,2400000000000,989500000000000,2560/4581,4581/20,none,no-finite-crossover,ROOFLINE,unchecked,12479802026,True
sweep,dense70b-tp8,2048,h200,0.5,256,19214106624,21474836480,5090526101504,16953726293,5144543811,16953726293,16953726293,22098270105,memory,8005877760,16.953726293,8,1,1000000000000/16953726293,32000000000000/16953726293,1887.4906582166798,2400000000000,989500000000000,5120/4581,4581/20,none,no-finite-crossover,ROOFLINE,unchecked,16953726293,True
sweep,dense70b-tp8,2048,h200,1,1,19214106624,83886080,19884867584,4020415146,20095874,4020415146,4020415146,4040511021,memory,4002938880,4.020415146,8,1,500000000000/2010207573,62500000000/2010207573,31.09131655828261,4800000000000,989500000000000,20/4581,4581/20,181315980/118657,below,ROOFLINE,unchecked,4020415146,True
sweep,dense70b-tp8,2048,h200,1,2,19214106624,167772160,39769735168,4037891413,40191748,4037891413,4037891413,4078083162,memory,4002938880,4.037891413,8,1,1000000000000/4037891413,250000000000/4037891413,61.91350247684335,4800000000000,989500000000000,40/4581,4581/20,181315980/118657,below,ROOFLINE,unchecked,4037891413,True
sweep,dense70b-tp8,2048,h200,1,4,19214106624,335544320,79539470336,4072843946,80383497,4072843946,4072843946,4153227444,memory,4002938880,4.072843946,8,1,500000000000/2036421973,250000000000/2036421973,122.76434025690018,4800000000000,989500000000000,80/4581,4581/20,181315980/118657,below,ROOFLINE,unchecked,4072843946,True
sweep,dense70b-tp8,2048,h200,1,8,19214106624,671088640,159078940672,4142749013,160766994,4142749013,4142749013,4303516008,memory,4002938880,4.142749013,8,1,1000000000000/4142749013,1000000000000/4142749013,241.38561058417662,4800000000000,989500000000000,160/4581,4581/20,181315980/118657,below,ROOFLINE,unchecked,4142749013,True
sweep,dense70b-tp8,2048,h200,1,16,19214106624,1342177280,318157881344,4282559146,321533988,4282559146,4282559146,4604093135,memory,4002938880,4.282559146,8,1,500000000000/2141279573,1000000000000/2141279573,467.0104794391554,4800000000000,989500000000000,320/4581,4581/20,181315980/118657,below,ROOFLINE,unchecked,4282559146,True
sweep,dense70b-tp8,2048,h200,1,32,19214106624,2684354560,636315762688,4562179413,643067976,4562179413,4562179413,5205247390,memory,4002938880,4.562179413,8,1,1000000000000/4562179413,4000000000000/4562179413,876.7739358522242,4800000000000,989500000000000,640/4581,4581/20,181315980/118657,below,ROOFLINE,unchecked,4562179413,True
sweep,dense70b-tp8,2048,h200,1,64,19214106624,5368709120,1272631525376,5121419946,1286135952,5121419946,5121419946,6407555900,memory,4002938880,5.121419946,8,1,500000000000/2560709973,4000000000000/2560709973,1562.066787014462,4800000000000,989500000000000,1280/4581,4581/20,181315980/118657,below,ROOFLINE,unchecked,5121419946,True
sweep,dense70b-tp8,2048,h200,1,128,19214106624,10737418240,2545263050752,6239901013,2572271905,6239901013,6239901013,8812172920,memory,4002938880,6.239901013,8,1,1000000000000/6239901013,16000000000000/6239901013,2564.1432398793086,4800000000000,989500000000000,2560/4581,4581/20,181315980/118657,below,ROOFLINE,unchecked,6239901013,True
sweep,dense70b-tp8,2048,h200,1,256,19214106624,21474836480,5090526101504,8476863146,5144543811,8476863146,8476863146,13621406959,memory,4002938880,8.476863146,8,1,500000000000/4238431573,16000000000000/4238431573,3774.9813166560234,4800000000000,989500000000000,5120/4581,4581/20,181315980/118657,below,ROOFLINE,unchecked,8476863146,True
knee,dense70b-tp8,2048,h200,1,1528,19214106624,128177930240,30384077668352,30706674346,30706495875,30706674346,30706674346,61413170222,memory,4002938880,30.706674346,8,1,500000000000/15353337173,95500000000000/15353337173,6220.146077944796,4800000000000,989500000000000,30560/4581,4581/20,181315980/118657,below,ROOFLINE,unchecked,30706674346,True
knee,dense70b-tp8,2048,h200,1,1529,19214106624,128261816320,30403962535936,30724150613,30726591749,30726591749,30726591749,61450742363,compute,4002938880,30.726591749,8,1,1000000000000/30726591749,191125000000000/30726591749,6220.182230468831,4800000000000,989500000000000,30580/4581,4581/20,181315980/118657,at-or-above,ROOFLINE,unchecked,30726591749,True
sweep,dense70b-tp8,2048,h200,2,1,19214106624,83886080,19884867584,2010207573,20095874,2010207573,2010207573,2030303448,memory,2001469440,2.010207573,8,1,1000000000000/2010207573,125000000000/2010207573,62.18263311656522,9600000000000,989500000000000,20/4581,4581/20,90657990/514457,below,ROOFLINE,unchecked,2010207573,True
sweep,dense70b-tp8,2048,h200,2,2,19214106624,167772160,39769735168,2018945706,40191748,2018945706,2018945706,2059137456,memory,2001469440,2.018945706,8,1,500000000000/1009472853,125000000000/1009472853,123.82700498435295,9600000000000,989500000000000,40/4581,4581/20,90657990/514457,below,ROOFLINE,unchecked,2018945706,True
sweep,dense70b-tp8,2048,h200,2,4,19214106624,335544320,79539470336,2036421973,80383497,2036421973,2036421973,2116805471,memory,2001469440,2.036421973,8,1,1000000000000/2036421973,500000000000/2036421973,245.52868051380037,9600000000000,989500000000000,80/4581,4581/20,90657990/514457,below,ROOFLINE,unchecked,2036421973,True
sweep,dense70b-tp8,2048,h200,2,8,19214106624,671088640,159078940672,2071374506,160766994,2071374506,2071374506,2232141501,memory,2001469440,2.071374506,8,1,500000000000/1035687253,500000000000/1035687253,482.77122128488725,9600000000000,989500000000000,160/4581,4581/20,90657990/514457,below,ROOFLINE,unchecked,2071374506,True
sweep,dense70b-tp8,2048,h200,2,16,19214106624,1342177280,318157881344,2141279573,321533988,2141279573,2141279573,2462813562,memory,2001469440,2.141279573,8,1,1000000000000/2141279573,2000000000000/2141279573,934.0209588783108,9600000000000,989500000000000,320/4581,4581/20,90657990/514457,below,ROOFLINE,unchecked,2141279573,True
sweep,dense70b-tp8,2048,h200,2,32,19214106624,2684354560,636315762688,2281089706,643067976,2281089706,2281089706,2924157684,memory,2001469440,2.281089706,8,1,500000000000/1140544853,2000000000000/1140544853,1753.5478720888148,9600000000000,989500000000000,640/4581,4581/20,90657990/514457,below,ROOFLINE,unchecked,2281089706,True
sweep,dense70b-tp8,2048,h200,2,64,19214106624,5368709120,1272631525376,2560709973,1286135952,2560709973,2560709973,3846845927,memory,2001469440,2.560709973,8,1,1000000000000/2560709973,8000000000000/2560709973,3124.133574028924,9600000000000,989500000000000,1280/4581,4581/20,90657990/514457,below,ROOFLINE,unchecked,2560709973,True
sweep,dense70b-tp8,2048,h200,2,128,19214106624,10737418240,2545263050752,3119950506,2572271905,3119950506,3119950506,5692222413,memory,2001469440,3.119950506,8,1,500000000000/1559975253,8000000000000/1559975253,5128.286480580471,9600000000000,989500000000000,2560/4581,4581/20,90657990/514457,below,ROOFLINE,unchecked,3119950506,True
knee,dense70b-tp8,2048,h200,2,176,19214106624,14763950080,3499736694784,3539380906,3536873870,3539380906,3539380906,7076254778,memory,2001469440,3.539380906,8,1,500000000000/1769690453,11000000000000/1769690453,6215.776313508767,9600000000000,989500000000000,3520/4581,4581/20,90657990/514457,below,ROOFLINE,unchecked,3539380906,True
knee,dense70b-tp8,2048,h200,2,177,19214106624,14847836160,3519621562368,3548119040,3556969744,3556969744,3556969744,7105088785,compute,2001469440,3.556969744,8,1,62500000000/222310609,1382812500000/222310609,6220.182231609108,9600000000000,989500000000000,1180/1527,4581/20,90657990/514457,at-or-above,ROOFLINE,unchecked,3556969744,True
sweep,dense70b-tp8,2048,h200,2,256,19214106624,21474836480,5090526101504,4238431573,5144543811,5144543811,5144543811,9382975385,compute,2001469440,5.144543811,8,1,1000000000000/5144543811,32000000000000/5144543811,6220.182231042138,9600000000000,989500000000000,5120/4581,4581/20,90657990/514457,at-or-above,ROOFLINE,unchecked,5144543811,True
sweep,dense70b-tp8,2048,b100,0.5,1,19214106624,83886080,19884867584,4824498176,11047148,4824498176,4824498176,4835545325,memory,4803526656,4.824498176,8,1,244140625/1177856,244140625/9422848,25.9094304609392,4000000000000,1800000000000000,20/4581,4581/20,none,no-finite-crossover,ROOFLINE,unchecked,4824498176,True
sweep,dense70b-tp8,2048,b100,0.5,2,19214106624,167772160,39769735168,4845469696,22094297,4845469696,4845469696,4867563994,memory,4803526656,4.845469696,8,1,244140625/1182976,244140625/4731904,51.59458539311026,4000000000000,1800000000000000,40/4581,4581/20,none,no-finite-crossover,ROOFLINE,unchecked,4845469696,True
sweep,dense70b-tp8,2048,b100,0.5,4,19214106624,335544320,79539470336,4887412736,44188594,4887412736,4887412736,4931601331,memory,4803526656,4.887412736,8,1,244140625/1193216,244140625/2386432,102.30361686400451,4000000000000,1800000000000000,80/4581,4581/20,none,no-finite-crossover,ROOFLINE,unchecked,4887412736,True
sweep,dense70b-tp8,2048,b100,0.5,8,19214106624,671088640,159078940672,4971298816,88377189,4971298816,4971298816,5059676006,memory,4803526656,4.971298816,8,1,244140625/1213696,244140625/1213696,201.15467547062855,4000000000000,1800000000000000,160/4581,4581/20,none,no-finite-crossover,ROOFLINE,unchecked,4971298816,True
sweep,dense70b-tp8,2048,b100,0.5,16,19214106624,1342177280,318157881344,5139070976,176754378,5139070976,5139070976,5315825355,memory,4803526656,5.139070976,8,1,244140625/1254656,244140625/627328,389.17539947204654,4000000000000,1800000000000000,320/4581,4581/20,none,no-finite-crossover,ROOFLINE,unchecked,5139070976,True
sweep,dense70b-tp8,2048,b100,0.5,32,19214106624,2684354560,636315762688,5474615296,353508757,5474615296,5474615296,5828124054,memory,4803526656,5.474615296,8,1,244140625/1336576,244140625/334144,730.644946490136,4000000000000,1800000000000000,640/4581,4581/20,none,no-finite-crossover,ROOFLINE,unchecked,5474615296,True
sweep,dense70b-tp8,2048,b100,0.5,64,19214106624,5368709120,1272631525376,6145703936,707017514,6145703936,6145703936,6852721451,memory,4803526656,6.145703936,8,1,244140625/1500416,244140625/187552,1301.7223223426035,4000000000000,1800000000000000,1280/4581,4581/20,none,no-finite-crossover,ROOFLINE,unchecked,6145703936,True
sweep,dense70b-tp8,2048,b100,0.5,128,19214106624,10737418240,2545263050752,7487881216,1414035028,7487881216,7487881216,8901916245,memory,4803526656,7.487881216,8,1,244140625/1828096,244140625/114256,2136.7860331186107,4000000000000,1800000000000000,2560/4581,4581/20,none,no-finite-crossover,ROOFLINE,unchecked,7487881216,True
sweep,dense70b-tp8,2048,b100,0.5,256,19214106624,21474836480,5090526101504,10172235776,2828070056,10172235776,10172235776,13000305833,memory,4803526656,10.172235776,8,1,244140625/2483456,244140625/77608,3145.817763632615,4000000000000,1800000000000000,5120/4581,4581/20,none,no-finite-crossover,ROOFLINE,unchecked,10172235776,True
sweep,dense70b-tp8,2048,b100,1,1,19214106624,83886080,19884867584,2412249088,11047148,2412249088,2412249088,2423296237,memory,2401763328,2.412249088,8,1,244140625/588928,244140625/4711424,51.8188609218784,8000000000000,1800000000000000,20/4581,4581/20,65966400/15419,below,ROOFLINE,unchecked,2412249088,True
sweep,dense70b-tp8,2048,b100,1,2,19214106624,167772160,39769735168,2422734848,22094297,2422734848,2422734848,2444829146,memory,2401763328,2.422734848,8,1,244140625/591488,244140625/2365952,103.18917078622052,8000000000000,1800000000000000,40/4581,4581/20,65966400/15419,below,ROOFLINE,unchecked,2422734848,True
sweep,dense70b-tp8,2048,b100,1,4,19214106624,335544320,79539470336,2443706368,44188594,2443706368,2443706368,2487894963,memory,2401763328,2.443706368,8,1,244140625/596608,244140625/1193216,204.60723372800902,8000000000000,1800000000000000,80/4581,4581/20,65966400/15419,below,ROOFLINE,unchecked,2443706368,True
sweep,dense70b-tp8,2048,b100,1,8,19214106624,671088640,159078940672,2485649408,88377189,2485649408,2485649408,2574026598,memory,2401763328,2.485649408,8,1,244140625/606848,244140625/606848,402.3093509412571,8000000000000,1800000000000000,160/4581,4581/20,65966400/15419,below,ROOFLINE,unchecked,2485649408,True
sweep,dense70b-tp8,2048,b100,1,16,19214106624,1342177280,318157881344,2569535488,176754378,2569535488,2569535488,2746289867,memory,2401763328,2.569535488,8,1,244140625/627328,244140625/313664,778.3507989440931,8000000000000,1800000000000000,320/4581,4581/20,65966400/15419,below,ROOFLINE,unchecked,2569535488,True
sweep,dense70b-tp8,2048,b100,1,32,19214106624,2684354560,636315762688,2737307648,353508757,2737307648,2737307648,3090816406,memory,2401763328,2.737307648,8,1,244140625/668288,244140625/167072,1461.289892980272,8000000000000,1800000000000000,640/4581,4581/20,65966400/15419,below,ROOFLINE,unchecked,2737307648,True
sweep,dense70b-tp8,2048,b100,1,64,19214106624,5368709120,1272631525376,3072851968,707017514,3072851968,3072851968,3779869483,memory,2401763328,3.072851968,8,1,244140625/750208,244140625/93776,2603.444644685207,8000000000000,1800000000000000,1280/4581,4581/20,65966400/15419,below,ROOFLINE,unchecked,3072851968,True
sweep,dense70b-tp8,2048,b100,1,128,19214106624,10737418240,2545263050752,3743940608,1414035028,3743940608,3743940608,5157975637,memory,2401763328,3.743940608,8,1,244140625/914048,244140625/57128,4273.572066237221,8000000000000,1800000000000000,2560/4581,4581/20,65966400/15419,below,ROOFLINE,unchecked,3743940608,True
sweep,dense70b-tp8,2048,b100,1,256,19214106624,21474836480,5090526101504,5086117888,2828070056,5086117888,5086117888,7914187945,memory,2401763328,5.086117888,8,1,244140625/1241728,244140625/38804,6291.63552726523,8000000000000,1800000000000000,5120/4581,4581/20,65966400/15419,below,ROOFLINE,unchecked,5086117888,True
knee,dense70b-tp8,2048,b100,1,4278,19214106624,358864650240,85067463524352,47259844608,47259701957,47259844608,47259844608,94519546566,memory,2401763328,47.259844608,8,1,244140625/11538048,174072265625/15384064,11315.102798909313,8000000000000,1800000000000000,28520/1527,4581/20,65966400/15419,below,ROOFLINE,unchecked,47259844608,True
knee,dense70b-tp8,2048,b100,1,4279,19214106624,358948536320,85087348391936,47270330368,47270749106,47270749106,47270749106,94541079475,compute,2401763328,47.270749106,8,1,500000000000/23635374553,267437500000000/23635374553,11315.136952888042,8000000000000,1800000000000000,85580/4581,4581/20,65966400/15419,at-or-above,ROOFLINE,unchecked,47270749106,True
sweep,dense70b-tp8,2048,b100,2,1,19214106624,83886080,19884867584,1206124544,11047148,1206124544,1206124544,1217171693,memory,1200881664,1.206124544,8,1,244140625/294464,244140625/2355712,103.6377218437568,16000000000000,1800000000000000,20/4581,4581/20,32983200/159419,below,ROOFLINE,unchecked,1206124544,True
sweep,dense70b-tp8,2048,b100,2,2,19214106624,167772160,39769735168,1211367424,22094297,1211367424,1211367424,1233461722,memory,1200881664,1.211367424,8,1,244140625/295744,244140625/1182976,206.37834157244103,16000000000000,1800000000000000,40/4581,4581/20,32983200/159419,below,ROOFLINE,unchecked,1211367424,True
sweep,dense70b-tp8,2048,b100,2,4,19214106624,335544320,79539470336,1221853184,44188594,1221853184,1221853184,1266041779,memory,1200881664,1.221853184,8,1,244140625/298304,244140625/596608,409.21446745601804,16000000000000,1800000000000000,80/4581,4581/20,32983200/159419,below,ROOFLINE,unchecked,1221853184,True
sweep,dense70b-tp8,2048,b100,2,8,19214106624,671088640,159078940672,1242824704,88377189,1242824704,1242824704,1331201894,memory,1200881664,1.242824704,8,1,244140625/303424,244140625/303424,804.6187018825142,16000000000000,1800000000000000,160/4581,4581/20,32983200/159419,below,ROOFLINE,unchecked,1242824704,True
sweep,dense70b-tp8,2048,b100,2,16,19214106624,1342177280,318157881344,1284767744,176754378,1284767744,1284767744,1461522123,memory,1200881664,1.284767744,8,1,244140625/313664,244140625/156832,1556.7015978881861,16000000000000,1800000000000000,320/4581,4581/20,32983200/159419,below,ROOFLINE,unchecked,1284767744,True
sweep,dense70b-tp8,2048,b100,2,32,19214106624,2684354560,636315762688,1368653824,353508757,1368653824,1368653824,1722162582,memory,1200881664,1.368653824,8,1,244140625/334144,244140625/83536,2922.579785960544,16000000000000,1800000000000000,640/4581,4581/20,32983200/159419,below,ROOFLINE,unchecked,1368653824,True
sweep,dense70b-tp8,2048,b100,2,64,19214106624,5368709120,1272631525376,1536425984,707017514,1536425984,1536425984,2243443499,memory,1200881664,1.536425984,8,1,244140625/375104,244140625/46888,5206.889289370414,16000000000000,1800000000000000,1280/4581,4581/20,32983200/159419,below,ROOFLINE,unchecked,1536425984,True
sweep,dense70b-tp8,2048,b100,2,128,19214106624,10737418240,2545263050752,1871970304,1414035028,1871970304,1871970304,3286005333,memory,1200881664,1.871970304,8,1,244140625/457024,244140625/28564,8547.144132474443,16000000000000,1800000000000000,2560/4581,4581/20,32983200/159419,below,ROOFLINE,unchecked,1871970304,True
knee,dense70b-tp8,2048,b100,2,206,19214106624,17280532480,4096282722304,2280914944,2275712623,2280914944,2280914944,4556627568,memory,1200881664,2.280914944,8,1,244140625/556864,25146484375/2227456,11289.329340287753,16000000000000,1800000000000000,4120/4581,4581/20,32983200/159419,below,ROOFLINE,unchecked,2280914944,True
knee,dense70b-tp8,2048,b100,2,207,19214106624,17364418560,4116167589888,2286157824,2286759772,2286759772,2286759772,4572917597,compute,1200881664,2.286759772,8,1,250000000000/571689943,6468750000000/571689943,11315.136953528672,16000000000000,1800000000000000,460/509,4581/20,32983200/159419,at-or-above,ROOFLINE,unchecked,2286759772,True
sweep,dense70b-tp8,2048,b100,2,256,19214106624,21474836480,5090526101504,2543058944,2828070056,2828070056,2828070056,5371129001,compute,1200881664,2.828070056,8,1,125000000000/353508757,4000000000000/353508757,11315.136954301814,16000000000000,1800000000000000,5120/4581,4581/20,32983200/159419,at-or-above,ROOFLINE,unchecked,2828070056,True
sweep,dense70b-tp8,2048,b200,0.5,1,19214106624,83886080,19884867584,4824498176,8837718,4824498176,4824498176,4833335895,memory,4803526656,4.824498176,8,1,244140625/1177856,244140625/9422848,25.9094304609392,4000000000000,2250000000000000,20/4581,4581/20,none,no-finite-crossover,ROOFLINE,unchecked,4824498176,True
sweep,dense70b-tp8,2048,b200,0.5,2,19214106624,167772160,39769735168,4845469696,17675437,4845469696,4845469696,4863145134,memory,4803526656,4.845469696,8,1,244140625/1182976,244140625/4731904,51.59458539311026,4000000000000,2250000000000000,40/4581,4581/20,none,no-finite-crossover,ROOFLINE,unchecked,4845469696,True
sweep,dense70b-tp8,2048,b200,0.5,4,19214106624,335544320,79539470336,4887412736,35350875,4887412736,4887412736,4922763612,memory,4803526656,4.887412736,8,1,244140625/1193216,244140625/2386432,102.30361686400451,4000000000000,2250000000000000,80/4581,4581/20,none,no-finite-crossover,ROOFLINE,unchecked,4887412736,True
sweep,dense70b-tp8,2048,b200,0.5,8,19214106624,671088640,159078940672,4971298816,70701751,4971298816,4971298816,5042000568,memory,4803526656,4.971298816,8,1,244140625/1213696,244140625/1213696,201.15467547062855,4000000000000,2250000000000000,160/4581,4581/20,none,no-finite-crossover,ROOFLINE,unchecked,4971298816,True
sweep,dense70b-tp8,2048,b200,0.5,16,19214106624,1342177280,318157881344,5139070976,141403502,5139070976,5139070976,5280474479,memory,4803526656,5.139070976,8,1,244140625/1254656,244140625/627328,389.17539947204654,4000000000000,2250000000000000,320/4581,4581/20,none,no-finite-crossover,ROOFLINE,unchecked,5139070976,True
sweep,dense70b-tp8,2048,b200,0.5,32,19214106624,2684354560,636315762688,5474615296,282807005,5474615296,5474615296,5757422302,memory,4803526656,5.474615296,8,1,244140625/1336576,244140625/334144,730.644946490136,4000000000000,2250000000000000,640/4581,4581/20,none,no-finite-crossover,ROOFLINE,unchecked,5474615296,True
sweep,dense70b-tp8,2048,b200,0.5,64,19214106624,5368709120,1272631525376,6145703936,565614011,6145703936,6145703936,6711317948,memory,4803526656,6.145703936,8,1,244140625/1500416,244140625/187552,1301.7223223426035,4000000000000,2250000000000000,1280/4581,4581/20,none,no-finite-crossover,ROOFLINE,unchecked,6145703936,True
sweep,dense70b-tp8,2048,b200,0.5,128,19214106624,10737418240,2545263050752,7487881216,1131228022,7487881216,7487881216,8619109239,memory,4803526656,7.487881216,8,1,244140625/1828096,244140625/114256,2136.7860331186107,4000000000000,2250000000000000,2560/4581,4581/20,none,no-finite-crossover,ROOFLINE,unchecked,7487881216,True
sweep,dense70b-tp8,2048,b200,0.5,256,19214106624,21474836480,5090526101504,10172235776,2262456045,10172235776,10172235776,12434691822,memory,4803526656,10.172235776,8,1,244140625/2483456,244140625/77608,3145.817763632615,4000000000000,2250000000000000,5120/4581,4581/20,none,no-finite-crossover,ROOFLINE,unchecked,10172235776,True
sweep,dense70b-tp8,2048,b200,1,1,19214106624,83886080,19884867584,2412249088,8837718,2412249088,2412249088,2421086807,memory,2401763328,2.412249088,8,1,244140625/588928,244140625/4711424,51.8188609218784,8000000000000,2250000000000000,20/4581,4581/20,none,no-finite-crossover,ROOFLINE,unchecked,2412249088,True
sweep,dense70b-tp8,2048,b200,1,2,19214106624,167772160,39769735168,2422734848,17675437,2422734848,2422734848,2440410286,memory,2401763328,2.422734848,8,1,244140625/591488,244140625/2365952,103.18917078622052,8000000000000,2250000000000000,40/4581,4581/20,none,no-finite-crossover,ROOFLINE,unchecked,2422734848,True
sweep,dense70b-tp8,2048,b200,1,4,19214106624,335544320,79539470336,2443706368,35350875,2443706368,2443706368,2479057244,memory,2401763328,2.443706368,8,1,244140625/596608,244140625/1193216,204.60723372800902,8000000000000,2250000000000000,80/4581,4581/20,none,no-finite-crossover,ROOFLINE,unchecked,2443706368,True
sweep,dense70b-tp8,2048,b200,1,8,19214106624,671088640,159078940672,2485649408,70701751,2485649408,2485649408,2556351160,memory,2401763328,2.485649408,8,1,244140625/606848,244140625/606848,402.3093509412571,8000000000000,2250000000000000,160/4581,4581/20,none,no-finite-crossover,ROOFLINE,unchecked,2485649408,True
sweep,dense70b-tp8,2048,b200,1,16,19214106624,1342177280,318157881344,2569535488,141403502,2569535488,2569535488,2710938991,memory,2401763328,2.569535488,8,1,244140625/627328,244140625/313664,778.3507989440931,8000000000000,2250000000000000,320/4581,4581/20,none,no-finite-crossover,ROOFLINE,unchecked,2569535488,True
sweep,dense70b-tp8,2048,b200,1,32,19214106624,2684354560,636315762688,2737307648,282807005,2737307648,2737307648,3020114654,memory,2401763328,2.737307648,8,1,244140625/668288,244140625/167072,1461.289892980272,8000000000000,2250000000000000,640/4581,4581/20,none,no-finite-crossover,ROOFLINE,unchecked,2737307648,True
sweep,dense70b-tp8,2048,b200,1,64,19214106624,5368709120,1272631525376,3072851968,565614011,3072851968,3072851968,3638465980,memory,2401763328,3.072851968,8,1,244140625/750208,244140625/93776,2603.444644685207,8000000000000,2250000000000000,1280/4581,4581/20,none,no-finite-crossover,ROOFLINE,unchecked,3072851968,True
sweep,dense70b-tp8,2048,b200,1,128,19214106624,10737418240,2545263050752,3743940608,1131228022,3743940608,3743940608,4875168631,memory,2401763328,3.743940608,8,1,244140625/914048,244140625/57128,4273.572066237221,8000000000000,2250000000000000,2560/4581,4581/20,none,no-finite-crossover,ROOFLINE,unchecked,3743940608,True
sweep,dense70b-tp8,2048,b200,1,256,19214106624,21474836480,5090526101504,5086117888,2262456045,5086117888,5086117888,7348573934,memory,2401763328,5.086117888,8,1,244140625/1241728,244140625/38804,6291.63552726523,8000000000000,2250000000000000,5120/4581,4581/20,none,no-finite-crossover,ROOFLINE,unchecked,5086117888,True
sweep,dense70b-tp8,2048,b200,2,1,19214106624,83886080,19884867584,1206124544,8837718,1206124544,1206124544,1214962263,memory,1200881664,1.206124544,8,1,244140625/294464,244140625/2355712,103.6377218437568,16000000000000,2250000000000000,20/4581,4581/20,41229000/123419,below,ROOFLINE,unchecked,1206124544,True
sweep,dense70b-tp8,2048,b200,2,2,19214106624,167772160,39769735168,1211367424,17675437,1211367424,1211367424,1229042862,memory,1200881664,1.211367424,8,1,244140625/295744,244140625/1182976,206.37834157244103,16000000000000,2250000000000000,40/4581,4581/20,41229000/123419,below,ROOFLINE,unchecked,1211367424,True
sweep,dense70b-tp8,2048,b200,2,4,19214106624,335544320,79539470336,1221853184,35350875,1221853184,1221853184,1257204060,memory,1200881664,1.221853184,8,1,244140625/298304,244140625/596608,409.21446745601804,16000000000000,2250000000000000,80/4581,4581/20,41229000/123419,below,ROOFLINE,unchecked,1221853184,True
sweep,dense70b-tp8,2048,b200,2,8,19214106624,671088640,159078940672,1242824704,70701751,1242824704,1242824704,1313526456,memory,1200881664,1.242824704,8,1,244140625/303424,244140625/303424,804.6187018825142,16000000000000,2250000000000000,160/4581,4581/20,41229000/123419,below,ROOFLINE,unchecked,1242824704,True
sweep,dense70b-tp8,2048,b200,2,16,19214106624,1342177280,318157881344,1284767744,141403502,1284767744,1284767744,1426171247,memory,1200881664,1.284767744,8,1,244140625/313664,244140625/156832,1556.7015978881861,16000000000000,2250000000000000,320/4581,4581/20,41229000/123419,below,ROOFLINE,unchecked,1284767744,True
sweep,dense70b-tp8,2048,b200,2,32,19214106624,2684354560,636315762688,1368653824,282807005,1368653824,1368653824,1651460830,memory,1200881664,1.368653824,8,1,244140625/334144,244140625/83536,2922.579785960544,16000000000000,2250000000000000,640/4581,4581/20,41229000/123419,below,ROOFLINE,unchecked,1368653824,True
sweep,dense70b-tp8,2048,b200,2,64,19214106624,5368709120,1272631525376,1536425984,565614011,1536425984,1536425984,2102039996,memory,1200881664,1.536425984,8,1,244140625/375104,244140625/46888,5206.889289370414,16000000000000,2250000000000000,1280/4581,4581/20,41229000/123419,below,ROOFLINE,unchecked,1536425984,True
sweep,dense70b-tp8,2048,b200,2,128,19214106624,10737418240,2545263050752,1871970304,1131228022,1871970304,1871970304,3003198327,memory,1200881664,1.871970304,8,1,244140625/457024,244140625/28564,8547.144132474443,16000000000000,2250000000000000,2560/4581,4581/20,41229000/123419,below,ROOFLINE,unchecked,1871970304,True
sweep,dense70b-tp8,2048,b200,2,256,19214106624,21474836480,5090526101504,2543058944,2262456045,2543058944,2543058944,4805514990,memory,1200881664,2.543058944,8,1,244140625/620864,244140625/19402,12583.27105453046,16000000000000,2250000000000000,5120/4581,4581/20,41229000/123419,below,ROOFLINE,unchecked,2543058944,True
knee,dense70b-tp8,2048,b200,2,334,19214106624,28017950720,6641545773056,2952003584,2951798121,2952003584,2952003584,5903801706,memory,1200881664,2.952003584,8,1,244140625/720704,40771484375/2882816,14142.936758710926,16000000000000,2250000000000000,6680/4581,4581/20,41229000/123419,below,ROOFLINE,unchecked,2952003584,True
knee,dense70b-tp8,2048,b200,2,335,19214106624,28101836800,6661430640640,2957246464,2960635840,2960635840,2960635840,5917882305,compute,1200881664,2.96063584,8,1,3125000000/9251987,130859375000/9251987,14143.921192280102,16000000000000,2250000000000000,6700/4581,4581/20,41229000/123419,at-or-above,ROOFLINE,unchecked,2960635840,True
sweep,deepseek-v3-ep72,2000,a100,0.5,1,27446643040,140544000,112322823926,27059526277,360009051,27059526277,27059526277,27419535329,memory,26921670465,27.059526277,1,72,1000000000000/27059526277,1000000000000/27059526277,36.95556196229414,1019500000000,312000000000000,878400/171541519,171541519/878400,8563352628480000/70663390992557,below,ROOFLINE,unchecked,unavailable,True
sweep,deepseek-v3-ep72,2000,a100,0.5,2,27446643040,281088000,224645647852,27197382089,720018102,27197382089,27197382089,27917400192,memory,26921670465,27.197382089,1,72,1000000000000/27197382089,2000000000000/27197382089,73.53648941119599,1019500000000,312000000000000,1756800/171541519,171541519/878400,8563352628480000/70663390992557,below,ROOFLINE,unchecked,unavailable,True
sweep,deepseek-v3-ep72,2000,a100,0.5,4,27446643040,562176000,449291295704,27473093712,1440036204,27473093712,27473093712,28913129917,memory,26921670465,27.473093712,1,72,62500000000/1717068357,250000000000/1717068357,145.59699908324617,1019500000000,312000000000000,3513600/171541519,171541519/878400,8563352628480000/70663390992557,below,ROOFLINE,unchecked,unavailable,True
sweep,deepseek-v3-ep72,2000,a100,0.5,8,27446643040,1124352000,898582591408,28024516959,2880072408,28024516959,28024516959,30904589368,memory,26921670465,28.024516959,1,72,1000000000000/28024516959,8000000000000/28024516959,285.4643315245732,1019500000000,312000000000000,7027200/171541519,171541519/878400,8563352628480000/70663390992557,below,ROOFLINE,unchecked,unavailable,True
sweep,deepseek-v3-ep72,2000,a100,0.5,16,27446643040,2248704000,1797165182816,29127363452,5760144816,29127363452,29127363452,34887508270,memory,26921670465,29.127363452,1,72,250000000000/7281840863,4000000000000/7281840863,549.3116473232107,1019500000000,312000000000000,14054400/171541519,171541519/878400,8563352628480000/70663390992557,below,ROOFLINE,unchecked,unavailable,True
sweep,deepseek-v3-ep72,2000,a100,0.5,32,27446643040,4497408000,3594330365632,31333056439,11520289633,31333056439,31333056439,42853346073,memory,26921670465,31.333056439,1,72,1000000000000/31333056439,32000000000000/31333056439,1021.2856209000364,1019500000000,312000000000000,28108800/171541519,171541519/878400,8563352628480000/70663390992557,below,ROOFLINE,unchecked,unavailable,True
sweep,deepseek-v3-ep72,2000,a100,0.5,64,27446643040,8994816000,7188660731264,35744442412,23040579266,35744442412,35744442412,58785021680,memory,26921670465,35.744442412,1,72,250000000000/8936110603,16000000000000/8936110603,1790.4881341361795,1019500000000,312000000000000,56217600/171541519,171541519/878400,8563352628480000/70663390992557,below,ROOFLINE,unchecked,unavailable,True
knee,deepseek-v3-ep72,2000,a100,0.5,121,27446643040,17005824000,13591061695046,43602223678,43561095176,43602223678,43602223678,87163318855,memory,26921670465,43.602223678,1,72,500000000000/21801111839,60500000000000/21801111839,2775.0878233545673,1019500000000,312000000000000,106286400/171541519,171541519/878400,8563352628480000/70663390992557,below,ROOFLINE,unchecked,unavailable,True
knee,deepseek-v3-ep72,2000,a100,0.5,122,27446643040,17146368000,13703384518972,43740079489,43921104227,43921104227,43921104227,87661183718,compute,26921670465,43.921104227,1,72,1000000000000/43921104227,122000000000000/43921104227,2777.7079412543976,1019500000000,312000000000000,107164800/171541519,171541519/878400,8563352628480000/70663390992557,at-or-above,ROOFLINE,unchecked,unavailable,True
sweep,deepseek-v3-ep72,2000,a100,0.5,128,27446643040,17989632000,14377321462528,44567214359,46081158533,46081158533,46081158533,90648372894,compute,26921670465,46.081158533,1,72,1000000000000/46081158533,128000000000000/46081158533,2777.7079412692206,1019500000000,312000000000000,112435200/171541519,171541519/878400,8563352628480000/70663390992557,at-or-above,ROOFLINE,unchecked,unavailable,True
sweep,deepseek-v3-ep72,2000,a100,0.5,256,27446643040,35979264000,28754642925056,62212758254,92162317067,92162317067,92162317067,154375075322,compute,26921670465,92.162317067,1,72,1000000000000/92162317067,256000000000000/92162317067,2777.7079412390813,1019500000000,312000000000000,224870400/171541519,171541519/878400,8563352628480000/70663390992557,at-or-above,ROOFLINE,unchecked,unavailable,True
sweep,deepseek-v3-ep72,2000,a100,1,1,27446643040,140544000,112322823926,13529763138,360009051,13529763138,13529763138,13889772190,memory,13460835232,13.529763138,1,72,500000000000/6764881569,500000000000/6764881569,73.91112392731971,2039000000000,312000000000000,878400/171541519,171541519/878400,4281676314240000/92588254992557,below,ROOFLINE,unchecked,unavailable,True
sweep,deepseek-v3-ep72,2000,a100,1,2,27446643040,281088000,224645647852,13598691044,720018102,13598691044,13598691044,14318709147,memory,13460835232,13.598691044,1,72,250000000000/3399672761,500000000000/3399672761,147.0729788277996,2039000000000,312000000000000,1756800/171541519,171541519/878400,4281676314240000/92588254992557,below,ROOFLINE,unchecked,unavailable,True
sweep,deepseek-v3-ep72,2000,a100,1,4,27446643040,562176000,449291295704,13736546856,1440036204,13736546856,13736546856,15176583061,memory,13460835232,13.736546856,1,72,125000000000/1717068357,500000000000/1717068357,291.19399816649235,2039000000000,312000000000000,3513600/171541519,171541519/878400,4281676314240000/92588254992557,below,ROOFLINE,unchecked,unavailable,True
sweep,deepseek-v3-ep72,2000,a100,1,8,27446643040,1124352000,898582591408,14012258479,2880072408,14012258479,14012258479,16892330889,memory,13460835232,14.012258479,1,72,1000000000000/14012258479,8000000000000/14012258479,570.9286630695188,2039000000000,312000000000000,7027200/171541519,171541519/878400,4281676314240000/92588254992557,below,ROOFLINE,unchecked,unavailable,True
sweep,deepseek-v3-ep72,2000,a100,1,16,27446643040,2248704000,1797165182816,14563681726,5760144816,14563681726,14563681726,20323826544,memory,13460835232,14.563681726,1,72,500000000000/7281840863,8000000000000/7281840863,1098.6232946464213,2039000000000,312000000000000,14054400/171541519,171541519/878400,4281676314240000/92588254992557,below,ROOFLINE,unchecked,unavailable,True
sweep,deepseek-v3-ep72,2000,a100,1,32,27446643040,4497408000,3594330365632,15666528219,11520289633,15666528219,15666528219,27186817854,memory,13460835232,15.666528219,1,72,1000000000000/15666528219,32000000000000/15666528219,2042.571241865262,2039000000000,312000000000000,28108800/171541519,171541519/878400,4281676314240000/92588254992557,below,ROOFLINE,unchecked,unavailable,True
knee,deepseek-v3-ep72,2000,a100,1,46,27446643040,6465024000,5166849900596,16631518901,16560416348,16631518901,16631518901,33191935250,memory,13460835232,16.631518901,1,72,1000000000000/16631518901,46000000000000/16631518901,2765.832770525497,2039000000000,312000000000000,40406400/171541519,171541519/878400,4281676314240000/92588254992557,below,ROOFLINE,unchecked,unavailable,True
knee,deepseek-v3-ep72,2000,a100,1,47,27446643040,6605568000,5279172724522,16700446807,16920425399,16920425399,16920425399,33620872207,compute,13460835232,16.920425399,1,72,1000000000000/16920425399,47000000000000/16920425399,2777.7079412422872,2039000000000,312000000000000,41284800/171541519,171541519/878400,4281676314240000/92588254992557,at-or-above,ROOFLINE,unchecked,unavailable,True
sweep,deepseek-v3-ep72,2000,a100,1,64,27446643040,8994816000,7188660731264,17872221206,23040579266,23040579266,23040579266,40912800474,compute,13460835232,23.040579266,1,72,500000000000/11520289633,32000000000000/11520289633,2777.707941329499,2039000000000,312000000000000,56217600/171541519,171541519/878400,4281676314240000/92588254992557,at-or-above,ROOFLINE,unchecked,unavailable,True
sweep,deepseek-v3-ep72,2000,a100,1,128,27446643040,17989632000,14377321462528,22283607179,46081158533,46081158533,46081158533,68364765714,compute,13460835232,46.081158533,1,72,1000000000000/46081158533,128000000000000/46081158533,2777.7079412692206,2039000000000,312000000000000,112435200/171541519,171541519/878400,4281676314240000/92588254992557,at-or-above,ROOFLINE,unchecked,unavailable,True
sweep,deepseek-v3-ep72,2000,a100,1,256,27446643040,35979264000,28754642925056,31106379127,92162317067,92162317067,92162317067,123268696195,compute,13460835232,92.162317067,1,72,1000000000000/92162317067,256000000000000/92162317067,2777.7079412390813,2039000000000,312000000000000,224870400/171541519,171541519/878400,4281676314240000/92588254992557,at-or-above,ROOFLINE,unchecked,unavailable,True
sweep,deepseek-v3-ep72,2000,a100,2,1,27446643040,140544000,112322823926,6764881569,360009051,6764881569,6764881569,7124890621,memory,6730417616,6.764881569,1,72,1000000000000/6764881569,1000000000000/6764881569,147.82224785463941,4078000000000,312000000000000,878400/171541519,171541519/878400,112675692480000/5450036157503,below,ROOFLINE,unchecked,unavailable,True
sweep,deepseek-v3-ep72,2000,a100,2,2,27446643040,281088000,224645647852,6799345522,720018102,6799345522,6799345522,7519363625,memory,6730417616,6.799345522,1,72,500000000000/3399672761,1000000000000/3399672761,294.1459576555992,4078000000000,312000000000000,1756800/171541519,171541519/878400,112675692480000/5450036157503,below,ROOFLINE,unchecked,unavailable,True
sweep,deepseek-v3-ep72,2000,a100,2,4,27446643040,562176000,449291295704,6868273428,1440036204,6868273428,6868273428,8308309633,memory,6730417616,6.868273428,1,72,250000000000/1717068357,1000000000000/1717068357,582.3879963329847,4078000000000,312000000000000,3513600/171541519,171541519/878400,112675692480000/5450036157503,below,ROOFLINE,unchecked,unavailable,True
sweep,deepseek-v3-ep72,2000,a100,2,8,27446643040,1124352000,898582591408,7006129239,2880072408,7006129239,7006129239,9886201649,memory,6730417616,7.006129239,1,72,1000000000000/7006129239,8000000000000/7006129239,1141.8573262205277,4078000000000,312000000000000,7027200/171541519,171541519/878400,112675692480000/5450036157503,below,ROOFLINE,unchecked,unavailable,True
sweep,deepseek-v3-ep72,2000,a100,2,16,27446643040,2248704000,1797165182816,7281840863,5760144816,7281840863,7281840863,13041985680,memory,6730417616,7.281840863,1,72,1000000000000/7281840863,16000000000000/7281840863,2197.2465892928426,4078000000000,312000000000000,14054400/171541519,171541519/878400,112675692480000/5450036157503,below,ROOFLINE,unchecked,unavailable,True
knee,deepseek-v3-ep72,2000,a100,2,20,27446643040,2810880000,2246456478520,7419696674,7200181020,7419696674,7419696674,14619877696,memory,6730417616,7.419696674,1,72,500000000000/3709848337,10000000000000/3709848337,2695.5279816334983,4078000000000,312000000000000,17568000/171541519,171541519/878400,112675692480000/5450036157503,below,ROOFLINE,unchecked,unavailable,True
knee,deepseek-v3-ep72,2000,a100,2,21,27446643040,2951424000,2358779302446,7454160627,7560190071,7560190071,7560190071,15014350700,compute,6730417616,7.560190071,1,72,1000000000000/7560190071,1000000000000/360009051,2777.7079415706135,4078000000000,312000000000000,18446400/171541519,171541519/878400,112675692480000/5450036157503,at-or-above,ROOFLINE,unchecked,unavailable,True
sweep,deepseek-v3-ep72,2000,a100,2,32,27446643040,4497408000,3594330365632,7833264109,11520289633,11520289633,11520289633,19353553744,compute,6730417616,11.520289633,1,72,1000000000000/11520289633,32000000000000/11520289633,2777.707941329499,4078000000000,312000000000000,28108800/171541519,171541519/878400,112675692480000/5450036157503,at-or-above,ROOFLINE,unchecked,unavailable,True
sweep,deepseek-v3-ep72,2000,a100,2,64,27446643040,8994816000,7188660731264,8936110603,23040579266,23040579266,23040579266,31976689871,compute,6730417616,23.040579266,1,72,500000000000/11520289633,32000000000000/11520289633,2777.707941329499,4078000000000,312000000000000,56217600/171541519,171541519/878400,112675692480000/5450036157503,at-or-above,ROOFLINE,unchecked,unavailable,True
sweep,deepseek-v3-ep72,2000,a100,2,128,27446643040,17989632000,14377321462528,11141803589,46081158533,46081158533,46081158533,57222962124,compute,6730417616,46.081158533,1,72,1000000000000/46081158533,128000000000000/46081158533,2777.7079412692206,4078000000000,312000000000000,112435200/171541519,171541519/878400,112675692480000/5450036157503,at-or-above,ROOFLINE,unchecked,unavailable,True
sweep,deepseek-v3-ep72,2000,a100,2,256,27446643040,35979264000,28754642925056,15553189563,92162317067,92162317067,92162317067,107715506631,compute,6730417616,92.162317067,1,72,1000000000000/92162317067,256000000000000/92162317067,2777.7079412390813,4078000000000,312000000000000,224870400/171541519,171541519/878400,112675692480000/5450036157503,at-or-above,ROOFLINE,unchecked,unavailable,True
sweep,deepseek-v3-ep72,2000,h100,0.5,1,27446643040,140544000,112322823926,16469962411,113514728,16469962411,16469962411,16583477141,memory,16386055546,16.469962411,1,72,1000000000000/16469962411,1000000000000/16469962411,60.716592730783496,1675000000000,989500000000000,878400/171541519,171541519/878400,543169065761600/981448841521,below,ROOFLINE,unchecked,unavailable,True
sweep,deepseek-v3-ep72,2000,h100,0.5,2,27446643040,281088000,224645647852,16553869277,227029457,16553869277,16553869277,16780898735,memory,16386055546,16.553869277,1,72,1000000000000/16553869277,2000000000000/16553869277,120.81767510263033,1675000000000,989500000000000,1756800/171541519,171541519/878400,543169065761600/981448841521,below,ROOFLINE,unchecked,unavailable,True
sweep,deepseek-v3-ep72,2000,h100,0.5,4,27446643040,562176000,449291295704,16721683008,454058914,16721683008,16721683008,17175741924,memory,16386055546,16.721683008,1,72,15625000000/261276297,62500000000/261276297,239.2103712339432,1675000000000,989500000000000,3513600/171541519,171541519/878400,543169065761600/981448841521,below,ROOFLINE,unchecked,unavailable,True
sweep,deepseek-v3-ep72,2000,h100,0.5,8,27446643040,1124352000,898582591408,17057310471,908117828,17057310471,17057310471,17965428301,memory,16386055546,17.057310471,1,72,1000000000000/17057310471,8000000000000/17057310471,469.00711654403,1675000000000,989500000000000,7027200/171541519,171541519/878400,543169065761600/981448841521,below,ROOFLINE,unchecked,unavailable,True
sweep,deepseek-v3-ep72,2000,h100,0.5,16,27446643040,2248704000,1797165182816,17728565397,1816235657,17728565397,17728565397,19544801055,memory,16386055546,17.728565397,1,72,1000000000000/17728565397,16000000000000/17728565397,902.4982925413409,1675000000000,989500000000000,14054400/171541519,171541519/878400,543169065761600/981448841521,below,ROOFLINE,unchecked,unavailable,True
sweep,deepseek-v3-ep72,2000,h100,0.5,32,27446643040,4497408000,3594330365632,19071075247,3632471314,19071075247,19071075247,22703546563,memory,16386055546,19.071075247,1,72,1000000000000/19071075247,32000000000000/19071075247,1677.933707751156,1675000000000,989500000000000,28108800/171541519,171541519/878400,543169065761600/981448841521,below,ROOFLINE,unchecked,unavailable,True
sweep,deepseek-v3-ep72,2000,h100,0.5,64,27446643040,8994816000,7188660731264,21756094949,7264942628,21756094949,21756094949,29021037579,memory,16386055546,21.756094949,1,72,1000000000000/21756094949,64000000000000/21756094949,2941.7043890471577,1675000000000,989500000000000,56217600/171541519,171541519/878400,543169065761600/981448841521,below,ROOFLINE,unchecked,unavailable,True
sweep,deepseek-v3-ep72,2000,h100,0.5,128,27446643040,17989632000,14377321462528,27126134352,14529885257,27126134352,27126134352,41656019610,memory,16386055546,27.126134352,1,72,62500000000/1695383397,8000000000000/1695383397,4718.696676017997,1675000000000,989500000000000,112435200/171541519,171541519/878400,543169065761600/981448841521,below,ROOFLINE,unchecked,unavailable,True
sweep,deepseek-v3-ep72,2000,h100,0.5,256,27446643040,35979264000,28754642925056,37866213158,29059770515,37866213158,37866213158,66925983674,memory,16386055546,37.866213158,1,72,500000000000/18933106579,128000000000000/18933106579,6760.644348876878,1675000000000,989500000000000,224870400/171541519,171541519/878400,543169065761600/981448841521,below,ROOFLINE,unchecked,unavailable,True
knee,deepseek-v3-ep72,2000,h100,0.5,553,27446643040,77720832000,62114521631078,62786552262,62773644902,62786552262,62786552262,125560197166,memory,16386055546,62.786552262,1,72,500000000000/31393276131,39500000000000/4484753733,8807.618511881397,1675000000000,989500000000000,485755200/171541519,171541519/878400,543169065761600/981448841521,below,ROOFLINE,unchecked,unavailable,True
knee,deepseek-v3-ep72,2000,h100,0.5,554,27446643040,77861376000,62226844455004,62870459128,62887159631,62887159631,62887159631,125757618760,compute,16386055546,62.887159631,1,72,1000000000000/62887159631,554000000000000/62887159631,8809.429512330968,1675000000000,989500000000000,486633600/171541519,171541519/878400,543169065761600/981448841521,at-or-above,ROOFLINE,unchecked,unavailable,True
sweep,deepseek-v3-ep72,2000,h100,1,1,27446643040,140544000,112322823926,8234981205,113514728,8234981205,8234981205,8348495935,memory,8193027773,8.234981205,1,72,200000000000/1646996241,200000000000/1646996241,121.43318546894,3350000000000,989500000000000,878400/171541519,171541519/878400,271584532880800/2372131721521,below,ROOFLINE,unchecked,unavailable,True
sweep,deepseek-v3-ep72,2000,h100,1,2,27446643040,281088000,224645647852,8276934638,227029457,8276934638,8276934638,8503964096,memory,8193027773,8.276934638,1,72,500000000000/4138467319,1000000000000/4138467319,241.63535021985757,3350000000000,989500000000000,1756800/171541519,171541519/878400,271584532880800/2372131721521,below,ROOFLINE,unchecked,unavailable,True
sweep,deepseek-v3-ep72,2000,h100,1,4,27446643040,562176000,449291295704,8360841504,454058914,8360841504,8360841504,8814900419,memory,8193027773,8.360841504,1,72,31250000000/261276297,125000000000/261276297,478.4207424678864,3350000000000,989500000000000,3513600/171541519,171541519/878400,271584532880800/2372131721521,below,ROOFLINE,unchecked,unavailable,True
sweep,deepseek-v3-ep72,2000,h100,1,8,27446643040,1124352000,898582591408,8528655235,908117828,8528655235,8528655235,9436773065,memory,8193027773,8.528655235,1,72,200000000000/1705731047,1600000000000/1705731047,938.0142331430519,3350000000000,989500000000000,7027200/171541519,171541519/878400,271584532880800/2372131721521,below,ROOFLINE,unchecked,unavailable,True
sweep,deepseek-v3-ep72,2000,h100,1,16,27446643040,2248704000,1797165182816,8864282698,1816235657,8864282698,8864282698,10680518356,memory,8193027773,8.864282698,1,72,500000000000/4432141349,8000000000000/4432141349,1804.9965851844947,3350000000000,989500000000000,14054400/171541519,171541519/878400,271584532880800/2372131721521,below,ROOFLINE,unchecked,unavailable,True
sweep,deepseek-v3-ep72,2000,h100,1,32,27446643040,4497408000,3594330365632,9535537623,3632471314,9535537623,9535537623,13168008939,memory,8193027773,9.535537623,1,72,1000000000000/9535537623,32000000000000/9535537623,3355.867415678278,3350000000000,989500000000000,28108800/171541519,171541519/878400,271584532880800/2372131721521,below,ROOFLINE,unchecked,unavailable,True
sweep,deepseek-v3-ep72,2000,h100,1,64,27446643040,8994816000,7188660731264,10878047474,7264942628,10878047474,10878047474,18142990104,memory,8193027773,10.878047474,1,72,500000000000/5439023737,32000000000000/5439023737,5883.408778364741,3350000000000,989500000000000,56217600/171541519,171541519/878400,271584532880800/2372131721521,below,ROOFLINE,unchecked,unavailable,True
knee,deepseek-v3-ep72,2000,h100,1,114,27446643040,16022016000,12804801927564,12975719116,12940679057,12975719116,12975719116,25916398175,memory,8193027773,12.975719116,1,72,250000000000/3243929779,28500000000000/3243929779,8785.640239347487,3350000000000,989500000000000,5270400/9028501,171541519/878400,271584532880800/2372131721521,below,ROOFLINE,unchecked,unavailable,True
knee,deepseek-v3-ep72,2000,h100,1,115,27446643040,16162560000,12917124751490,13017672549,13054193786,13054193786,13054193786,26071866336,compute,8193027773,13.054193786,1,72,500000000000/6527096893,57500000000000/6527096893,8809.429512478358,3350000000000,989500000000000,101016000/171541519,171541519/878400,271584532880800/2372131721521,at-or-above,ROOFLINE,unchecked,unavailable,True
sweep,deepseek-v3-ep72,2000,h100,1,128,27446643040,17989632000,14377321462528,13563067176,14529885257,14529885257,14529885257,28092952434,compute,8193027773,14.529885257,1,72,1000000000000/14529885257,128000000000000/14529885257,8809.429512757783,3350000000000,989500000000000,112435200/171541519,171541519/878400,271584532880800/2372131721521,at-or-above,ROOFLINE,unchecked,unavailable,True
sweep,deepseek-v3-ep72,2000,h100,1,256,27446643040,35979264000,28754642925056,18933106579,29059770515,29059770515,29059770515,47992877095,compute,8193027773,29.059770515,1,72,200000000000/5811954103,51200000000000/5811954103,8809.429512454633,3350000000000,989500000000000,224870400/171541519,171541519/878400,271584532880800/2372131721521,at-or-above,ROOFLINE,unchecked,unavailable,True
sweep,deepseek-v3-ep72,2000,h100,2,1,27446643040,140544000,112322823926,4117490602,113514728,4117490602,4117490602,4231005332,memory,4096513886,4.117490602,1,72,500000000000/2058745301,500000000000/2058745301,242.86637096737203,6700000000000,989500000000000,878400/171541519,171541519/878400,135792266440400/3067473161521,below,ROOFLINE,unchecked,unavailable,True
sweep,deepseek-v3-ep72,2000,h100,2,2,27446643040,281088000,224645647852,4138467319,227029457,4138467319,4138467319,4365496777,memory,4096513886,4.138467319,1,72,1000000000000/4138467319,2000000000000/4138467319,483.27070043971514,6700000000000,989500000000000,1756800/171541519,171541519/878400,135792266440400/3067473161521,below,ROOFLINE,unchecked,unavailable,True
sweep,deepseek-v3-ep72,2000,h100,2,4,27446643040,562176000,449291295704,4180420752,454058914,4180420752,4180420752,4634479667,memory,4096513886,4.180420752,1,72,62500000000/261276297,250000000000/261276297,956.8414849357728,6700000000000,989500000000000,3513600/171541519,171541519/878400,135792266440400/3067473161521,below,ROOFLINE,unchecked,unavailable,True
sweep,deepseek-v3-ep72,2000,h100,2,8,27446643040,1124352000,898582591408,4264327617,908117828,4264327617,4264327617,5172445447,memory,4096513886,4.264327617,1,72,1000000000000/4264327617,8000000000000/4264327617,1876.0284665060715,6700000000000,989500000000000,7027200/171541519,171541519/878400,135792266440400/3067473161521,below,ROOFLINE,unchecked,unavailable,True
sweep,deepseek-v3-ep72,2000,h100,2,16,27446643040,2248704000,1797165182816,4432141349,1816235657,4432141349,4432141349,6248377007,memory,4096513886,4.432141349,1,72,1000000000000/4432141349,16000000000000/4432141349,3609.9931703689895,6700000000000,989500000000000,14054400/171541519,171541519/878400,135792266440400/3067473161521,below,ROOFLINE,unchecked,unavailable,True
sweep,deepseek-v3-ep72,2000,h100,2,32,27446643040,4497408000,3594330365632,4767768811,3632471314,4767768811,4767768811,8400240127,memory,4096513886,4.767768811,1,72,1000000000000/4767768811,32000000000000/4767768811,6711.7348320604215,6700000000000,989500000000000,28108800/171541519,171541519/878400,135792266440400/3067473161521,below,ROOFLINE,unchecked,unavailable,True
knee,deepseek-v3-ep72,2000,h100,2,44,27446643040,6183936000,4942204252744,5019489408,4994648057,5019489408,5019489408,10014137467,memory,4096513886,5.019489408,1,72,7812500000/39214761,343750000000/39214761,8765.831825419005,6700000000000,989500000000000,38649600/171541519,171541519/878400,135792266440400/3067473161521,below,ROOFLINE,unchecked,unavailable,True
knee,deepseek-v3-ep72,2000,h100,2,45,27446643040,6324480000,5054527076670,5040466125,5108162785,5108162785,5108162785,10148628912,compute,4096513886,5.108162785,1,72,200000000000/1021632557,9000000000000/1021632557,8809.429513903011,6700000000000,989500000000000,39528000/171541519,171541519/878400,135792266440400/3067473161521,at-or-above,ROOFLINE,unchecked,unavailable,True
sweep,deepseek-v3-ep72,2000,h100,2,64,27446643040,8994816000,7188660731264,5439023737,7264942628,7264942628,7264942628,12703966367,compute,4096513886,7.264942628,1,72,250000000000/1816235657,16000000000000/1816235657,8809.42951336408,6700000000000,989500000000000,56217600/171541519,171541519/878400,135792266440400/3067473161521,at-or-above,ROOFLINE,unchecked,unavailable,True
sweep,deepseek-v3-ep72,2000,h100,2,128,27446643040,17989632000,14377321462528,6781533588,14529885257,14529885257,14529885257,21311418846,compute,4096513886,14.529885257,1,72,1000000000000/14529885257,128000000000000/14529885257,8809.429512757783,6700000000000,989500000000000,112435200/171541519,171541519/878400,135792266440400/3067473161521,at-or-above,ROOFLINE,unchecked,unavailable,True
sweep,deepseek-v3-ep72,2000,h100,2,256,27446643040,35979264000,28754642925056,9466553289,29059770515,29059770515,29059770515,38526323806,compute,4096513886,29.059770515,1,72,200000000000/5811954103,51200000000000/5811954103,8809.429512454633,6700000000000,989500000000000,224870400/171541519,171541519/878400,135792266440400/3067473161521,at-or-above,ROOFLINE,unchecked,unavailable,True
sweep,deepseek-v3-ep72,2000,h200,0.5,1,27446643040,140544000,112322823926,11494661266,113514728,11494661266,11494661266,11608175996,memory,11436101266,11.494661266,1,72,500000000000/5747330633,500000000000/5747330633,86.99690898747012,2400000000000,989500000000000,878400/171541519,171541519/878400,16974033305050/81566555889,below,ROOFLINE,unchecked,unavailable,True
sweep,deepseek-v3-ep72,2000,h200,0.5,2,27446643040,281088000,224645647852,11553221266,227029457,11553221266,11553221266,11780250724,memory,11436101266,11.553221266,1,72,500000000000/5776610633,1000000000000/5776610633,173.11189268795573,2400000000000,989500000000000,1756800/171541519,171541519/878400,16974033305050/81566555889,below,ROOFLINE,unchecked,unavailable,True
sweep,deepseek-v3-ep72,2000,h200,0.5,4,27446643040,562176000,449291295704,11670341266,454058914,11670341266,11670341266,12124400181,memory,11436101266,11.670341266,1,72,500000000000/5835170633,2000000000000/5835170633,342.74918863370965,2400000000000,989500000000000,3513600/171541519,171541519/878400,16974033305050/81566555889,below,ROOFLINE,unchecked,unavailable,True
sweep,deepseek-v3-ep72,2000,h200,0.5,8,27446643040,1124352000,898582591408,11904581266,908117828,11904581266,11904581266,12812699096,memory,11436101266,11.904581266,1,72,500000000000/5952290633,4000000000000/5952290633,672.0101968515555,2400000000000,989500000000000,7027200/171541519,171541519/878400,16974033305050/81566555889,below,ROOFLINE,unchecked,unavailable,True
sweep,deepseek-v3-ep72,2000,h200,0.5,16,27446643040,2248704000,1797165182816,12373061266,1816235657,12373061266,12373061266,14189296924,memory,11436101266,12.373061266,1,72,500000000000/6186530633,8000000000000/6186530633,1293.1318819188655,2400000000000,989500000000000,14054400/171541519,171541519/878400,16974033305050/81566555889,below,ROOFLINE,unchecked,unavailable,True
sweep,deepseek-v3-ep72,2000,h200,0.5,32,27446643040,4497408000,3594330365632,13310021266,3632471314,13310021266,13310021266,16942492582,memory,11436101266,13.310021266,1,72,500000000000/6655010633,16000000000000/6655010633,2404.2035215783553,2400000000000,989500000000000,28108800/171541519,171541519/878400,16974033305050/81566555889,below,ROOFLINE,unchecked,unavailable,True
sweep,deepseek-v3-ep72,2000,h200,0.5,64,27446643040,8994816000,7188660731264,15183941266,7264942628,15183941266,15183941266,22448883896,memory,11436101266,15.183941266,1,72,500000000000/7591970633,32000000000000/7591970633,4214.979423248251,2400000000000,989500000000000,56217600/171541519,171541519/878400,16974033305050/81566555889,below,ROOFLINE,unchecked,unavailable,True
sweep,deepseek-v3-ep72,2000,h200,0.5,128,27446643040,17989632000,14377321462528,18931781266,14529885257,18931781266,18931781266,33461666525,memory,11436101266,18.931781266,1,72,500000000000/9465890633,64000000000000/9465890633,6761.117625517784,2400000000000,989500000000000,112435200/171541519,171541519/878400,16974033305050/81566555889,below,ROOFLINE,unchecked,unavailable,True
knee,deepseek-v3-ep72,2000,h200,0.5,208,27446643040,29233152000,23363147376608,23616581266,23611063543,23616581266,23616581266,47227644811,memory,11436101266,23.616581266,1,72,500000000000/11808290633,104000000000000/11808290633,8807.371298040103,2400000000000,989500000000000,182707200/171541519,171541519/878400,16974033305050/81566555889,below,ROOFLINE,unchecked,unavailable,True
knee,deepseek-v3-ep72,2000,h200,0.5,209,27446643040,29373696000,23475470200534,23675141266,23724578272,23724578272,23724578272,47399719540,compute,11436101266,23.724578272,1,72,31250000000/741393071,6531250000000/741393071,8809.429512458986,2400000000000,989500000000000,9662400/9028501,171541519/878400,16974033305050/81566555889,at-or-above,ROOFLINE,unchecked,unavailable,True
sweep,deepseek-v3-ep72,2000,h200,0.5,256,27446643040,35979264000,28754642925056,26427461266,29059770515,29059770515,29059770515,55487231783,compute,11436101266,29.059770515,1,72,200000000000/5811954103,51200000000000/5811954103,8809.429512454633,2400000000000,989500000000000,224870400/171541519,171541519/878400,16974033305050/81566555889,at-or-above,ROOFLINE,unchecked,unavailable,True
sweep,deepseek-v3-ep72,2000,h200,1,1,27446643040,140544000,112322823926,5747330633,113514728,5747330633,5747330633,5860845362,memory,5718050633,5.747330633,1,72,1000000000000/5747330633,1000000000000/5747330633,173.99381797494024,4800000000000,989500000000000,878400/171541519,171541519/878400,8487016652525/125025395889,below,ROOFLINE,unchecked,unavailable,True
sweep,deepseek-v3-ep72,2000,h200,1,2,27446643040,281088000,224645647852,5776610633,227029457,5776610633,5776610633,6003640091,memory,5718050633,5.776610633,1,72,1000000000000/5776610633,2000000000000/5776610633,346.22378537591146,4800000000000,989500000000000,1756800/171541519,171541519/878400,8487016652525/125025395889,below,ROOFLINE,unchecked,unavailable,True
sweep,deepseek-v3-ep72,2000,h200,1,4,27446643040,562176000,449291295704,5835170633,454058914,5835170633,5835170633,6289229548,memory,5718050633,5.835170633,1,72,1000000000000/5835170633,4000000000000/5835170633,685.4983772674193,4800000000000,989500000000000,3513600/171541519,171541519/878400,8487016652525/125025395889,below,ROOFLINE,unchecked,unavailable,True
sweep,deepseek-v3-ep72,2000,h200,1,8,27446643040,1124352000,898582591408,5952290633,908117828,5952290633,5952290633,6860408462,memory,5718050633,5.952290633,1,72,1000000000000/5952290633,8000000000000/5952290633,1344.020393703111,4800000000000,989500000000000,7027200/171541519,171541519/878400,8487016652525/125025395889,below,ROOFLINE,unchecked,unavailable,True
sweep,deepseek-v3-ep72,2000,h200,1,16,27446643040,2248704000,1797165182816,6186530633,1816235657,6186530633,6186530633,8002766291,memory,5718050633,6.186530633,1,72,1000000000000/6186530633,16000000000000/6186530633,2586.263763837731,4800000000000,989500000000000,14054400/171541519,171541519/878400,8487016652525/125025395889,below,ROOFLINE,unchecked,unavailable,True
sweep,deepseek-v3-ep72,2000,h200,1,32,27446643040,4497408000,3594330365632,6655010633,3632471314,6655010633,6655010633,10287481948,memory,5718050633,6.655010633,1,72,1000000000000/6655010633,32000000000000/6655010633,4808.407043156711,4800000000000,989500000000000,28108800/171541519,171541519/878400,8487016652525/125025395889,below,ROOFLINE,unchecked,unavailable,True
sweep,deepseek-v3-ep72,2000,h200,1,64,27446643040,8994816000,7188660731264,7591970633,7264942628,7591970633,7591970633,14856913263,memory,5718050633,7.591970633,1,72,1000000000000/7591970633,64000000000000/7591970633,8429.958846496502,4800000000000,989500000000000,56217600/171541519,171541519/878400,8487016652525/125025395889,below,ROOFLINE,unchecked,unavailable,True
knee,deepseek-v3-ep72,2000,h200,1,67,27446643040,9416448000,7525629203042,7679810633,7605486814,7679810633,7679810633,15285297448,memory,5718050633,7.679810633,1,72,1000000000000/7679810633,67000000000000/7679810633,8724.173446686598,4800000000000,989500000000000,58852800/171541519,171541519/878400,8487016652525/125025395889,below,ROOFLINE,unchecked,unavailable,True
knee,deepseek-v3-ep72,2000,h200,1,68,27446643040,9556992000,7637952026968,7709090633,7719001543,7719001543,7719001543,15428092177,compute,5718050633,7.719001543,1,72,1000000000000/7719001543,68000000000000/7719001543,8809.429512508132,4800000000000,989500000000000,59731200/171541519,171541519/878400,8487016652525/125025395889,at-or-above,ROOFLINE,unchecked,unavailable,True
sweep,deepseek-v3-ep72,2000,h200,1,128,27446643040,17989632000,14377321462528,9465890633,14529885257,14529885257,14529885257,23995775892,compute,5718050633,14.529885257,1,72,1000000000000/14529885257,128000000000000/14529885257,8809.429512757783,4800000000000,989500000000000,112435200/171541519,171541519/878400,8487016652525/125025395889,at-or-above,ROOFLINE,unchecked,unavailable,True
sweep,deepseek-v3-ep72,2000,h200,1,256,27446643040,35979264000,28754642925056,13213730633,29059770515,29059770515,29059770515,42273501149,compute,5718050633,29.059770515,1,72,200000000000/5811954103,51200000000000/5811954103,8809.429512454633,4800000000000,989500000000000,224870400/171541519,171541519/878400,8487016652525/125025395889,at-or-above,ROOFLINE,unchecked,unavailable,True
sweep,deepseek-v3-ep72,2000,h200,2,1,27446643040,140544000,112322823926,2873665316,113514728,2873665316,2873665316,2987180046,memory,2859025316,2.873665316,1,72,250000000000/718416329,250000000000/718416329,347.98763601042816,9600000000000,989500000000000,878400/171541519,171541519/878400,8487016652525/293509631778,below,ROOFLINE,unchecked,unavailable,True
sweep,deepseek-v3-ep72,2000,h200,2,2,27446643040,281088000,224645647852,2888305316,227029457,2888305316,2888305316,3115334774,memory,2859025316,2.888305316,1,72,250000000000/722076329,500000000000/722076329,692.4475708716939,9600000000000,989500000000000,1756800/171541519,171541519/878400,8487016652525/293509631778,below,ROOFLINE,unchecked,unavailable,True
sweep,deepseek-v3-ep72,2000,h200,2,4,27446643040,562176000,449291295704,2917585316,454058914,2917585316,2917585316,3371644231,memory,2859025316,2.917585316,1,72,250000000000/729396329,1000000000000/729396329,1370.9967547697927,9600000000000,989500000000000,3513600/171541519,171541519/878400,8487016652525/293509631778,below,ROOFLINE,unchecked,unavailable,True
sweep,deepseek-v3-ep72,2000,h200,2,8,27446643040,1124352000,898582591408,2976145316,908117828,2976145316,2976145316,3884263146,memory,2859025316,2.976145316,1,72,250000000000/744036329,2000000000000/744036329,2688.04078785782,9600000000000,989500000000000,7027200/171541519,171541519/878400,8487016652525/293509631778,below,ROOFLINE,unchecked,unavailable,True
sweep,deepseek-v3-ep72,2000,h200,2,16,27446643040,2248704000,1797165182816,3093265316,1816235657,3093265316,3093265316,4909500974,memory,2859025316,3.093265316,1,72,250000000000/773316329,4000000000000/773316329,5172.527528511557,9600000000000,989500000000000,14054400/171541519,171541519/878400,8487016652525/293509631778,below,ROOFLINE,unchecked,unavailable,True
knee,deepseek-v3-ep72,2000,h200,2,28,27446643040,3935232000,3145039069928,3268945316,3178412400,3268945316,3268945316,6447357717,memory,2859025316,3.268945316,1,72,250000000000/817236329,1000000000000/116748047,8565.453775856311,9600000000000,989500000000000,24595200/171541519,171541519/878400,8487016652525/293509631778,below,ROOFLINE,unchecked,unavailable,True
knee,deepseek-v3-ep72,2000,h200,2,29,27446643040,4075776000,3257361893854,3283585316,3291927128,3291927128,3291927128,6575512446,compute,2859025316,3.291927128,1,72,125000000000/411490891,3625000000000/411490891,8809.429514200352,9600000000000,989500000000000,25473600/171541519,171541519/878400,8487016652525/293509631778,at-or-above,ROOFLINE,unchecked,unavailable,True
sweep,deepseek-v3-ep72,2000,h200,2,32,27446643040,4497408000,3594330365632,3327505316,3632471314,3632471314,3632471314,6959976632,compute,2859025316,3.632471314,1,72,500000000000/1816235657,16000000000000/1816235657,8809.42951336408,9600000000000,989500000000000,28108800/171541519,171541519/878400,8487016652525/293509631778,at-or-above,ROOFLINE,unchecked,unavailable,True
sweep,deepseek-v3-ep72,2000,h200,2,64,27446643040,8994816000,7188660731264,3795985316,7264942628,7264942628,7264942628,11060927946,compute,2859025316,7.264942628,1,72,250000000000/1816235657,16000000000000/1816235657,8809.42951336408,9600000000000,989500000000000,56217600/171541519,171541519/878400,8487016652525/293509631778,at-or-above,ROOFLINE,unchecked,unavailable,True
sweep,deepseek-v3-ep72,2000,h200,2,128,27446643040,17989632000,14377321462528,4732945316,14529885257,14529885257,14529885257,19262830575,compute,2859025316,14.529885257,1,72,1000000000000/14529885257,128000000000000/14529885257,8809.429512757783,9600000000000,989500000000000,112435200/171541519,171541519/878400,8487016652525/293509631778,at-or-above,ROOFLINE,unchecked,unavailable,True
sweep,deepseek-v3-ep72,2000,h200,2,256,27446643040,35979264000,28754642925056,6606865316,29059770515,29059770515,29059770515,35666635833,compute,2859025316,29.059770515,1,72,200000000000/5811954103,51200000000000/5811954103,8809.429512454633,9600000000000,989500000000000,224870400/171541519,171541519/878400,8487016652525/293509631778,at-or-above,ROOFLINE,unchecked,unavailable,True
sweep,deepseek-v3-ep72,2000,b100,0.5,1,27446643040,140544000,112322823926,6896796760,62401568,6896796760,6896796760,6959198329,memory,6861660760,6.89679676,1,72,25000000000/172419919,25000000000/172419919,144.9948483040408,4000000000000,1800000000000000,878400/171541519,171541519/878400,6175494684000/24539011963,below,ROOFLINE,unchecked,unavailable,True
sweep,deepseek-v3-ep72,2000,b100,0.5,2,27446643040,281088000,224645647852,6931932760,124803137,6931932760,6931932760,7056735898,memory,6861660760,6.93193276,1,72,25000000000/173298319,50000000000/173298319,288.51982112994415,4000000000000,1800000000000000,1756800/171541519,171541519/878400,6175494684000/24539011963,below,ROOFLINE,unchecked,unavailable,True
sweep,deepseek-v3-ep72,2000,b100,0.5,4,27446643040,562176000,449291295704,7002204760,249606275,7002204760,7002204760,7251811036,memory,6861660760,7.00220476,1,72,25000000000/175055119,100000000000/175055119,571.2486476902169,4000000000000,1800000000000000,3513600/171541519,171541519/878400,6175494684000/24539011963,below,ROOFLINE,unchecked,unavailable,True
sweep,deepseek-v3-ep72,2000,b100,0.5,8,27446643040,1124352000,898582591408,7142748760,499212550,7142748760,7142748760,7641961311,memory,6861660760,7.14274876,1,72,25000000000/178568719,200000000000/178568719,1120.0169946898707,4000000000000,1800000000000000,7027200/171541519,171541519/878400,6175494684000/24539011963,below,ROOFLINE,unchecked,unavailable,True
sweep,deepseek-v3-ep72,2000,b100,0.5,16,27446643040,2248704000,1797165182816,7423836760,998425101,7423836760,7423836760,8422261862,memory,6861660760,7.42383676,1,72,25000000000/185595919,400000000000/185595919,2155.219803081985,4000000000000,1800000000000000,14054400/171541519,171541519/878400,6175494684000/24539011963,below,ROOFLINE,unchecked,unavailable,True
sweep,deepseek-v3-ep72,2000,b100,0.5,32,27446643040,4497408000,3594330365632,7986012759,1996850203,7986012759,7986012760,9982862964,memory,6861660760,7.986012759,1,72,1000000000000/7986012759,32000000000000/7986012759,4007.0058695983107,4000000000000,1800000000000000,28108800/171541519,171541519/878400,6175494684000/24539011963,below,ROOFLINE,unchecked,unavailable,True
sweep,deepseek-v3-ep72,2000,b100,0.5,64,27446643040,8994816000,7188660731264,9110364760,3993700406,9110364760,9110364760,13104065167,memory,6861660760,9.11036476,1,72,25000000000/227759119,1600000000000/227759119,7024.965705105314,4000000000000,1800000000000000,56217600/171541519,171541519/878400,6175494684000/24539011963,below,ROOFLINE,unchecked,unavailable,True
sweep,deepseek-v3-ep72,2000,b100,0.5,128,27446643040,17989632000,14377321462528,11359068760,7987400812,11359068760,11359068760,19346469573,memory,6861660760,11.35906876,1,72,25000000000/283976719,3200000000000/283976719,11268.529375466163,4000000000000,1800000000000000,112435200/171541519,171541519/878400,6175494684000/24539011963,below,ROOFLINE,unchecked,unavailable,True
knee,deepseek-v3-ep72,2000,b100,0.5,251,27446643040,35276544000,28193028805426,15680796760,15662793780,15680796760,15680796760,31343590541,memory,6861660760,15.68079676,1,72,25000000000/392019919,6275000000000/392019919,16006.839693265689,4000000000000,1800000000000000,220478400/171541519,171541519/878400,6175494684000/24539011963,below,ROOFLINE,unchecked,unavailable,True
knee,deepseek-v3-ep72,2000,b100,0.5,252,27446643040,35417088000,28305351629352,15715932759,15725195349,15725195349,15725195349,31441128110,compute,6861660760,15.725195349,1,72,1000000000000/15725195349,84000000000000/5241731783,16025.23812310066,4000000000000,1800000000000000,221356800/171541519,171541519/878400,6175494684000/24539011963,at-or-above,ROOFLINE,unchecked,unavailable,True
sweep,deepseek-v3-ep72,2000,b100,0.5,256,27446643040,35979264000,28754642925056,15856476760,15974801625,15974801625,15974801625,31831278386,compute,6861660760,15.974801625,1,72,8000000000/127798413,2048000000000/127798413,16025.238122479659,4000000000000,1800000000000000,224870400/171541519,171541519/878400,6175494684000/24539011963,at-or-above,ROOFLINE,unchecked,unavailable,True
sweep,deepseek-v3-ep72,2000,b100,1,1,27446643040,140544000,112322823926,3448398380,62401568,3448398380,3448398380,3510799949,memory,3430830380,3.44839838,1,72,50000000000/172419919,50000000000/172419919,289.9896966080816,8000000000000,1800000000000000,878400/171541519,171541519/878400,3087747342000/40350211963,below,ROOFLINE,unchecked,unavailable,True
sweep,deepseek-v3-ep72,2000,b100,1,2,27446643040,281088000,224645647852,3465966380,124803137,3465966380,3465966380,3590769518,memory,3430830380,3.46596638,1,72,50000000000/173298319,100000000000/173298319,577.0396422598883,8000000000000,1800000000000000,1756800/171541519,171541519/878400,3087747342000/40350211963,below,ROOFLINE,unchecked,unavailable,True
sweep,deepseek-v3-ep72,2000,b100,1,4,27446643040,562176000,449291295704,3501102380,249606275,3501102380,3501102380,3750708656,memory,3430830380,3.50110238,1,72,50000000000/175055119,200000000000/175055119,1142.4972953804338,8000000000000,1800000000000000,3513600/171541519,171541519/878400,3087747342000/40350211963,below,ROOFLINE,unchecked,unavailable,True
sweep,deepseek-v3-ep72,2000,b100,1,8,27446643040,1124352000,898582591408,3571374380,499212550,3571374380,3571374380,4070586931,memory,3430830380,3.57137438,1,72,50000000000/178568719,400000000000/178568719,2240.0339893797413,8000000000000,1800000000000000,7027200/171541519,171541519/878400,3087747342000/40350211963,below,ROOFLINE,unchecked,unavailable,True
sweep,deepseek-v3-ep72,2000,b100,1,16,27446643040,2248704000,1797165182816,3711918380,998425101,3711918380,3711918380,4710343482,memory,3430830380,3.71191838,1,72,50000000000/185595919,800000000000/185595919,4310.43960616397,8000000000000,1800000000000000,14054400/171541519,171541519/878400,3087747342000/40350211963,below,ROOFLINE,unchecked,unavailable,True
sweep,deepseek-v3-ep72,2000,b100,1,32,27446643040,4497408000,3594330365632,3993006379,1996850203,3993006379,3993006380,5989856584,memory,3430830380,3.993006379,1,72,1000000000000/3993006379,32000000000000/3993006379,8014.011740200128,8000000000000,1800000000000000,28108800/171541519,171541519/878400,3087747342000/40350211963,below,ROOFLINE,unchecked,unavailable,True
sweep,deepseek-v3-ep72,2000,b100,1,64,27446643040,8994816000,7188660731264,4555182380,3993700406,4555182380,4555182380,8548882787,memory,3430830380,4.55518238,1,72,50000000000/227759119,3200000000000/227759119,14049.931410210627,8000000000000,1800000000000000,56217600/171541519,171541519/878400,3087747342000/40350211963,below,ROOFLINE,unchecked,unavailable,True
knee,deepseek-v3-ep72,2000,b100,1,76,27446643040,10681344000,8536534618376,4765998380,4742519232,4765998380,4765998380,9508517613,memory,3430830380,4.76599838,1,72,50000000000/238299919,200000000000/12542101,15946.291614140246,8000000000000,1800000000000000,3513600/9028501,171541519/878400,3087747342000/40350211963,below,ROOFLINE,unchecked,unavailable,True
knee,deepseek-v3-ep72,2000,b100,1,77,27446643040,10821888000,8648857442302,4783566380,4804920801,4804920801,4804920801,9588487182,compute,3430830380,4.804920801,1,72,1000000000000/4804920801,77000000000000/4804920801,16025.23812337859,8000000000000,1800000000000000,67636800/171541519,171541519/878400,3087747342000/40350211963,at-or-above,ROOFLINE,unchecked,unavailable,True
sweep,deepseek-v3-ep72,2000,b100,1,128,27446643040,17989632000,14377321462528,5679534380,7987400812,7987400812,7987400812,13666935193,compute,3430830380,7.987400812,1,72,250000000000/1996850203,32000000000000/1996850203,16025.238123482815,8000000000000,1800000000000000,112435200/171541519,171541519/878400,3087747342000/40350211963,at-or-above,ROOFLINE,unchecked,unavailable,True
sweep,deepseek-v3-ep72,2000,b100,1,256,27446643040,35979264000,28754642925056,7928238380,15974801625,15974801625,15974801625,23903040006,compute,3430830380,15.974801625,1,72,8000000000/127798413,2048000000000/127798413,16025.238122479659,8000000000000,1800000000000000,224870400/171541519,171541519/878400,3087747342000/40350211963,at-or-above,ROOFLINE,unchecked,unavailable,True
sweep,deepseek-v3-ep72,2000,b100,2,1,27446643040,140544000,112322823926,1724199190,62401568,1724199190,1724199190,1786600759,memory,1715415190,1.72419919,1,72,100000000000/172419919,100000000000/172419919,579.9793932161632,16000000000000,1800000000000000,878400/171541519,171541519/878400,81256509000/2539779577,below,ROOFLINE,unchecked,unavailable,True
sweep,deepseek-v3-ep72,2000,b100,2,2,27446643040,281088000,224645647852,1732983190,124803137,1732983190,1732983190,1857786328,memory,1715415190,1.73298319,1,72,100000000000/173298319,200000000000/173298319,1154.0792845197766,16000000000000,1800000000000000,1756800/171541519,171541519/878400,81256509000/2539779577,below,ROOFLINE,unchecked,unavailable,True
sweep,deepseek-v3-ep72,2000,b100,2,4,27446643040,562176000,449291295704,1750551190,249606275,1750551190,1750551190,2000157466,memory,1715415190,1.75055119,1,72,100000000000/175055119,400000000000/175055119,2284.9945907608676,16000000000000,1800000000000000,3513600/171541519,171541519/878400,81256509000/2539779577,below,ROOFLINE,unchecked,unavailable,True
sweep,deepseek-v3-ep72,2000,b100,2,8,27446643040,1124352000,898582591408,1785687190,499212550,1785687190,1785687190,2284899741,memory,1715415190,1.78568719,1,72,100000000000/178568719,800000000000/178568719,4480.067978759483,16000000000000,1800000000000000,7027200/171541519,171541519/878400,81256509000/2539779577,below,ROOFLINE,unchecked,unavailable,True
sweep,deepseek-v3-ep72,2000,b100,2,16,27446643040,2248704000,1797165182816,1855959190,998425101,1855959190,1855959190,2854384292,memory,1715415190,1.85595919,1,72,100000000000/185595919,1600000000000/185595919,8620.87921232794,16000000000000,1800000000000000,14054400/171541519,171541519/878400,81256509000/2539779577,below,ROOFLINE,unchecked,unavailable,True
knee,deepseek-v3-ep72,2000,b100,2,31,27446643040,4356864000,3482007541706,1987719189,1934448634,1987719189,1987719190,3922167825,memory,1715415190,1.987719189,1,72,1000000000000/1987719189,31000000000000/1987719189,15595.764316988741,16000000000000,1800000000000000,27230400/171541519,171541519/878400,81256509000/2539779577,below,ROOFLINE,unchecked,unavailable,True
sweep,deepseek-v3-ep72,2000,b100,2,32,27446643040,4497408000,3594330365632,1996503189,1996850203,1996850203,1996850203,3993353394,compute,1715415190,1.996850203,1,72,1000000000000/1996850203,32000000000000/1996850203,16025.238123482815,16000000000000,1800000000000000,28108800/171541519,171541519/878400,81256509000/2539779577,at-or-above,ROOFLINE,unchecked,unavailable,True
sweep,deepseek-v3-ep72,2000,b100,2,64,27446643040,8994816000,7188660731264,2277591190,3993700406,3993700406,3993700406,6271291597,compute,1715415190,3.993700406,1,72,500000000000/1996850203,32000000000000/1996850203,16025.238123482815,16000000000000,1800000000000000,56217600/171541519,171541519/878400,81256509000/2539779577,at-or-above,ROOFLINE,unchecked,unavailable,True
sweep,deepseek-v3-ep72,2000,b100,2,128,27446643040,17989632000,14377321462528,2839767190,7987400812,7987400812,7987400812,10827168003,compute,1715415190,7.987400812,1,72,250000000000/1996850203,32000000000000/1996850203,16025.238123482815,16000000000000,1800000000000000,112435200/171541519,171541519/878400,81256509000/2539779577,at-or-above,ROOFLINE,unchecked,unavailable,True
sweep,deepseek-v3-ep72,2000,b100,2,256,27446643040,35979264000,28754642925056,3964119190,15974801625,15974801625,15974801625,19938920816,compute,1715415190,15.974801625,1,72,8000000000/127798413,2048000000000/127798413,16025.238122479659,16000000000000,1800000000000000,224870400/171541519,171541519/878400,81256509000/2539779577,at-or-above,ROOFLINE,unchecked,unavailable,True
sweep,deepseek-v3-ep72,2000,b200,0.5,1,27446643040,140544000,112322823926,6896796760,49921255,6896796760,6896796760,6946718016,memory,6861660760,6.89679676,1,72,25000000000/172419919,25000000000/172419919,144.9948483040408,4000000000000,2250000000000000,878400/171541519,171541519/878400,7719368355000/16633411963,below,ROOFLINE,unchecked,unavailable,True
sweep,deepseek-v3-ep72,2000,b200,0.5,2,27446643040,281088000,224645647852,6931932760,99842510,6931932760,6931932760,7031775271,memory,6861660760,6.93193276,1,72,25000000000/173298319,50000000000/173298319,288.51982112994415,4000000000000,2250000000000000,1756800/171541519,171541519/878400,7719368355000/16633411963,below,ROOFLINE,unchecked,unavailable,True
sweep,deepseek-v3-ep72,2000,b200,0.5,4,27446643040,562176000,449291295704,7002204760,199685020,7002204760,7002204760,7201889781,memory,6861660760,7.00220476,1,72,25000000000/175055119,100000000000/175055119,571.2486476902169,4000000000000,2250000000000000,3513600/171541519,171541519/878400,7719368355000/16633411963,below,ROOFLINE,unchecked,unavailable,True
sweep,deepseek-v3-ep72,2000,b200,0.5,8,27446643040,1124352000,898582591408,7142748760,399370040,7142748760,7142748760,7542118801,memory,6861660760,7.14274876,1,72,25000000000/178568719,200000000000/178568719,1120.0169946898707,4000000000000,2250000000000000,7027200/171541519,171541519/878400,7719368355000/16633411963,below,ROOFLINE,unchecked,unavailable,True
sweep,deepseek-v3-ep72,2000,b200,0.5,16,27446643040,2248704000,1797165182816,7423836760,798740081,7423836760,7423836760,8222576842,memory,6861660760,7.42383676,1,72,25000000000/185595919,400000000000/185595919,2155.219803081985,4000000000000,2250000000000000,14054400/171541519,171541519/878400,7719368355000/16633411963,below,ROOFLINE,unchecked,unavailable,True
sweep,deepseek-v3-ep72,2000,b200,0.5,32,27446643040,4497408000,3594330365632,7986012759,1597480162,7986012759,7986012760,9583492923,memory,6861660760,7.986012759,1,72,1000000000000/7986012759,32000000000000/7986012759,4007.0058695983107,4000000000000,2250000000000000,28108800/171541519,171541519/878400,7719368355000/16633411963,below,ROOFLINE,unchecked,unavailable,True
sweep,deepseek-v3-ep72,2000,b200,0.5,64,27446643040,8994816000,7188660731264,9110364760,3194960325,9110364760,9110364760,12305325086,memory,6861660760,9.11036476,1,72,25000000000/227759119,1600000000000/227759119,7024.965705105314,4000000000000,2250000000000000,56217600/171541519,171541519/878400,7719368355000/16633411963,below,ROOFLINE,unchecked,unavailable,True
sweep,deepseek-v3-ep72,2000,b200,0.5,128,27446643040,17989632000,14377321462528,11359068760,6389920650,11359068760,11359068760,17748989411,memory,6861660760,11.35906876,1,72,25000000000/283976719,3200000000000/283976719,11268.529375466163,4000000000000,2250000000000000,112435200/171541519,171541519/878400,7719368355000/16633411963,below,ROOFLINE,unchecked,unavailable,True
sweep,deepseek-v3-ep72,2000,b200,0.5,256,27446643040,35979264000,28754642925056,15856476760,12779841300,15856476760,15856476760,28636318061,memory,6861660760,15.85647676,1,72,25000000000/396411919,6400000000000/396411919,16144.822325587036,4000000000000,2250000000000000,224870400/171541519,171541519/878400,7719368355000/16633411963,below,ROOFLINE,unchecked,unavailable,True
knee,deepseek-v3-ep72,2000,b200,0.5,464,27446643040,65212416000,52117790301664,23164764760,23163462356,23164764760,23164764760,46328227117,memory,6861660760,23.16476476,1,72,25000000000/579119119,11600000000000/579119119,20030.421409727278,4000000000000,2250000000000000,407577600/171541519,171541519/878400,7719368355000/16633411963,below,ROOFLINE,unchecked,unavailable,True
knee,deepseek-v3-ep72,2000,b200,0.5,465,27446643040,65352960000,52230113125590,23199900760,23213383611,23213383611,23213383611,46413284372,compute,6861660760,23.213383611,1,72,1000000000000/23213383611,155000000000000/7737794537,20031.547653382724,4000000000000,2250000000000000,408456000/171541519,171541519/878400,7719368355000/16633411963,at-or-above,ROOFLINE,unchecked,unavailable,True
sweep,deepseek-v3-ep72,2000,b200,1,1,27446643040,140544000,112322823926,3448398380,49921255,3448398380,3448398380,3498319636,memory,3430830380,3.44839838,1,72,50000000000/172419919,50000000000/172419919,289.9896966080816,8000000000000,2250000000000000,878400/171541519,171541519/878400,3859684177500/36397411963,below,ROOFLINE,unchecked,unavailable,True
sweep,deepseek-v3-ep72,2000,b200,1,2,27446643040,281088000,224645647852,3465966380,99842510,3465966380,3465966380,3565808891,memory,3430830380,3.46596638,1,72,50000000000/173298319,100000000000/173298319,577.0396422598883,8000000000000,2250000000000000,1756800/171541519,171541519/878400,3859684177500/36397411963,below,ROOFLINE,unchecked,unavailable,True
sweep,deepseek-v3-ep72,2000,b200,1,4,27446643040,562176000,449291295704,3501102380,199685020,3501102380,3501102380,3700787401,memory,3430830380,3.50110238,1,72,50000000000/175055119,200000000000/175055119,1142.4972953804338,8000000000000,2250000000000000,3513600/171541519,171541519/878400,3859684177500/36397411963,below,ROOFLINE,unchecked,unavailable,True
sweep,deepseek-v3-ep72,2000,b200,1,8,27446643040,1124352000,898582591408,3571374380,399370040,3571374380,3571374380,3970744421,memory,3430830380,3.57137438,1,72,50000000000/178568719,400000000000/178568719,2240.0339893797413,8000000000000,2250000000000000,7027200/171541519,171541519/878400,3859684177500/36397411963,below,ROOFLINE,unchecked,unavailable,True
sweep,deepseek-v3-ep72,2000,b200,1,16,27446643040,2248704000,1797165182816,3711918380,798740081,3711918380,3711918380,4510658462,memory,3430830380,3.71191838,1,72,50000000000/185595919,800000000000/185595919,4310.43960616397,8000000000000,2250000000000000,14054400/171541519,171541519/878400,3859684177500/36397411963,below,ROOFLINE,unchecked,unavailable,True
sweep,deepseek-v3-ep72,2000,b200,1,32,27446643040,4497408000,3594330365632,3993006379,1597480162,3993006379,3993006380,5590486543,memory,3430830380,3.993006379,1,72,1000000000000/3993006379,32000000000000/3993006379,8014.011740200128,8000000000000,2250000000000000,28108800/171541519,171541519/878400,3859684177500/36397411963,below,ROOFLINE,unchecked,unavailable,True
sweep,deepseek-v3-ep72,2000,b200,1,64,27446643040,8994816000,7188660731264,4555182380,3194960325,4555182380,4555182380,7750142706,memory,3430830380,4.55518238,1,72,50000000000/227759119,3200000000000/227759119,14049.931410210627,8000000000000,2250000000000000,56217600/171541519,171541519/878400,3859684177500/36397411963,below,ROOFLINE,unchecked,unavailable,True
knee,deepseek-v3-ep72,2000,b200,1,106,27446643040,14897664000,11906219336156,5293038380,5291653038,5293038380,5293038380,10584691419,memory,3430830380,5.29303838,1,72,50000000000/264651919,5300000000000/264651919,20026.304815874017,8000000000000,2250000000000000,93110400/171541519,171541519/878400,3859684177500/36397411963,below,ROOFLINE,unchecked,unavailable,True
knee,deepseek-v3-ep72,2000,b200,1,107,27446643040,15038208000,12018542160082,5310606380,5341574293,5341574293,5341574293,10652180674,compute,3430830380,5.341574293,1,72,1000000000000/5341574293,107000000000000/5341574293,20031.547654447273,8000000000000,2250000000000000,93988800/171541519,171541519/878400,3859684177500/36397411963,at-or-above,ROOFLINE,unchecked,unavailable,True
sweep,deepseek-v3-ep72,2000,b200,1,128,27446643040,17989632000,14377321462528,5679534380,6389920650,6389920650,6389920650,12069455031,compute,3430830380,6.38992065,1,72,20000000000/127798413,2560000000000/127798413,20031.547653099573,8000000000000,2250000000000000,112435200/171541519,171541519/878400,3859684177500/36397411963,at-or-above,ROOFLINE,unchecked,unavailable,True
sweep,deepseek-v3-ep72,2000,b200,1,256,27446643040,35979264000,28754642925056,7928238380,12779841300,12779841300,12779841300,20708079681,compute,3430830380,12.7798413,1,72,10000000000/127798413,2560000000000/127798413,20031.547653099573,8000000000000,2250000000000000,224870400/171541519,171541519/878400,3859684177500/36397411963,at-or-above,ROOFLINE,unchecked,unavailable,True
sweep,deepseek-v3-ep72,2000,b200,2,1,27446643040,140544000,112322823926,1724199190,49921255,1724199190,1724199190,1774120446,memory,1715415190,1.72419919,1,72,100000000000/172419919,100000000000/172419919,579.9793932161632,16000000000000,2250000000000000,878400/171541519,171541519/878400,1929842088750/46279411963,below,ROOFLINE,unchecked,unavailable,True
sweep,deepseek-v3-ep72,2000,b200,2,2,27446643040,281088000,224645647852,1732983190,99842510,1732983190,1732983190,1832825701,memory,1715415190,1.73298319,1,72,100000000000/173298319,200000000000/173298319,1154.0792845197766,16000000000000,2250000000000000,1756800/171541519,171541519/878400,1929842088750/46279411963,below,ROOFLINE,unchecked,unavailable,True
sweep,deepseek-v3-ep72,2000,b200,2,4,27446643040,562176000,449291295704,1750551190,199685020,1750551190,1750551190,1950236211,memory,1715415190,1.75055119,1,72,100000000000/175055119,400000000000/175055119,2284.9945907608676,16000000000000,2250000000000000,3513600/171541519,171541519/878400,1929842088750/46279411963,below,ROOFLINE,unchecked,unavailable,True
sweep,deepseek-v3-ep72,2000,b200,2,8,27446643040,1124352000,898582591408,1785687190,399370040,1785687190,1785687190,2185057231,memory,1715415190,1.78568719,1,72,100000000000/178568719,800000000000/178568719,4480.067978759483,16000000000000,2250000000000000,7027200/171541519,171541519/878400,1929842088750/46279411963,below,ROOFLINE,unchecked,unavailable,True
sweep,deepseek-v3-ep72,2000,b200,2,16,27446643040,2248704000,1797165182816,1855959190,798740081,1855959190,1855959190,2654699272,memory,1715415190,1.85595919,1,72,100000000000/185595919,1600000000000/185595919,8620.87921232794,16000000000000,2250000000000000,14054400/171541519,171541519/878400,1929842088750/46279411963,below,ROOFLINE,unchecked,unavailable,True
sweep,deepseek-v3-ep72,2000,b200,2,32,27446643040,4497408000,3594330365632,1996503189,1597480162,1996503189,1996503190,3593983353,memory,1715415190,1.996503189,1,72,1000000000000/1996503189,32000000000000/1996503189,16028.02348441428,16000000000000,2250000000000000,28108800/171541519,171541519/878400,1929842088750/46279411963,below,ROOFLINE,unchecked,unavailable,True
knee,deepseek-v3-ep72,2000,b200,2,41,27446643040,5762304000,4605235780966,2075559190,2046771458,2075559190,2075559190,4122330649,memory,1715415190,2.07555919,1,72,100000000000/207555919,4100000000000/207555919,19753.712733193603,16000000000000,2250000000000000,36014400/171541519,171541519/878400,1929842088750/46279411963,below,ROOFLINE,unchecked,unavailable,True
knee,deepseek-v3-ep72,2000,b200,2,42,27446643040,5902848000,4717558604892,2084343190,2096692713,2096692713,2096692713,4181035904,compute,1715415190,2.096692713,1,72,1000000000000/2096692713,14000000000000/698897571,20031.547655786602,16000000000000,2250000000000000,36892800/171541519,171541519/878400,1929842088750/46279411963,at-or-above,ROOFLINE,unchecked,unavailable,True
sweep,deepseek-v3-ep72,2000,b200,2,64,27446643040,8994816000,7188660731264,2277591190,3194960325,3194960325,3194960325,5472551516,compute,1715415190,3.194960325,1,72,40000000000/127798413,2560000000000/127798413,20031.547653099573,16000000000000,2250000000000000,56217600/171541519,171541519/878400,1929842088750/46279411963,at-or-above,ROOFLINE,unchecked,unavailable,True
sweep,deepseek-v3-ep72,2000,b200,2,128,27446643040,17989632000,14377321462528,2839767190,6389920650,6389920650,6389920650,9229687841,compute,1715415190,6.38992065,1,72,20000000000/127798413,2560000000000/127798413,20031.547653099573,16000000000000,2250000000000000,112435200/171541519,171541519/878400,1929842088750/46279411963,at-or-above,ROOFLINE,unchecked,unavailable,True
sweep,deepseek-v3-ep72,2000,b200,2,256,27446643040,35979264000,28754642925056,3964119190,12779841300,12779841300,12779841300,16743960491,compute,1715415190,12.7798413,1,72,10000000000/127798413,2560000000000/127798413,20031.547653099573,16000000000000,2250000000000000,224870400/171541519,171541519/878400,1929842088750/46279411963,at-or-above,ROOFLINE,unchecked,unavailable,True
external,qwen3-32b-fp8-tp4,4250,h200,1,64,7995883520,17825792000,1166009794560,5379515733,589191407,5379515733,5379515733,5968707141,memory,1665809066,5.379515733,4,1,1000000000000/5379515733,16000000000000/5379515733,2974.245414294432,4800000000000,1979000000000000,108800/48803,48803/1700,none,no-finite-crossover,ROOFLINE,unchecked,5379515733,True
