architecture,width,lane,arm,bytes,model_us,measured_us,error_pct
a100,2,legacy,auto,262144,16.844799739980033,18.73919927,-10.109287503296649
a100,2,legacy,auto,278528,17.258055464276687,20.12160048,-14.231199046862864
a100,2,legacy,auto,294912,17.667894389758658,20.22400126,-12.638977012412145
a100,2,legacy,auto,311296,18.074532495184744,20.78719996,-13.049701114316193
a100,2,legacy,auto,327680,18.478161476790767,20.83840035,-11.326391822629677
a100,2,legacy,auto,344064,18.878952555131676,22.2207997,-15.039274868529262
a100,2,legacy,auto,360448,19.277059532252636,22.016,-12.440681630393179
a100,2,legacy,auto,376832,19.672621274205753,22.2207997,-11.467536993253436
a100,2,legacy,auto,393216,20.065763747228686,22.06720039,-9.069735206094776
a100,2,legacy,auto,409600,20.456601703092467,23.50080013,-12.953594814082326
a100,2,legacy,auto,425984,20.84524008568325,23.65439944,-11.875843060155699
a100,2,legacy,auto,442368,21.231775213875977,24.16640148,-12.143414353819725
a100,2,legacy,auto,458752,21.616295783246954,24.16640148,-10.552277296491585
a100,2,legacy,auto,475136,21.998883719848237,25.54880083,-13.894652566171983
a100,2,legacy,auto,491520,22.379614912239358,25.70239827,-12.927911718024443
a100,2,legacy,auto,507904,22.758559842614403,26.00960061,-12.499387499766756
a100,2,legacy,auto,524288,23.135784133738024,26.11199953,-11.397883922457218
a100,2,legacy,auto,540672,23.511349025201135,29.13280204,-19.295957206864223
a100,2,legacy,auto,557056,23.88531178999314,29.1839987,-18.156137424741804
a100,2,legacy,auto,573440,24.257726100406302,29.49120104,-17.74588607800457
a100,2,legacy,auto,589824,24.628642350704403,29.23519909,-15.75688513395923
a100,2,legacy,auto,606208,24.998107942723927,48.38399962,-48.333936551225676
a100,2,legacy,auto,622592,25.366167539551505,48.4864004,-47.68395399475457
a100,2,legacy,auto,638976,25.73286329159223,48.58880118,-47.03951802337464
a100,2,legacy,auto,655360,26.098235038664015,48.99840057,-46.736557244599034
a100,2,legacy,auto,671744,26.46232049119532,48.89599979,-45.88039797765362
a100,2,legacy,auto,688128,26.825155393144456,48.94720018,-45.19573071698326
a100,2,legacy,auto,704512,27.18677366887472,49.04960096,-44.57289532070696
a100,2,legacy,auto,720896,27.547207555901828,49.15199801,-43.95506048340633
a100,2,legacy,auto,737280,27.906487725162073,49.15199801,-43.224103078201445
a100,2,legacy,auto,753664,28.264643390226603,49.35679957,-42.734043462156755
a100,2,legacy,auto,770048,28.621702406694062,49.51040074,-42.190525669548315
a100,2,legacy,auto,786432,28.97769136283658,49.6127978,-41.59230551832217
a100,2,legacy,auto,802816,29.332635662434043,49.92000014,-41.24071398202916
a100,2,legacy,auto,819200,29.686559600615197,49.97120053,-40.59266280226148
a100,2,legacy,auto,835584,30.03948643342507,50.17600209,-40.1317658199558
a100,2,legacy,auto,851968,30.391438441748733,50.07360131,-39.30646558932565
a100,2,legacy,auto,868352,30.74243699015053,51.81439966,-40.66815944625666
a100,2,legacy,auto,884736,31.092502581120712,50.43200403,-38.347675887269894
a100,2,legacy,auto,901120,31.441654905165628,50.48320442,-37.71858330627415
a100,2,legacy,auto,917504,31.78991288713162,50.48320442,-37.02873410599632
a100,2,legacy,auto,933888,32.13729472910537,51.30239576,-37.3571267910211
a100,2,legacy,auto,950272,32.48381795020181,51.50719732,-36.93343913009125
a100,2,legacy,auto,966656,32.82949942351317,51.40479654,-36.13533826951867
a100,2,legacy,auto,983040,33.17435541046759,51.45599693,-35.52868977429878
a100,2,legacy,auto,999424,33.51840159281866,51.6095981,-35.05393797511734
a100,2,legacy,auto,1015808,33.86165310246484,51.71199888,-34.51876965529351
a100,2,legacy,auto,1032192,34.20412454927988,51.76319927,-33.921927099464845
a100,2,legacy,auto,1048576,34.54583004711483,52.01920122,-33.590233535087656
a100,2,legacy,auto,1064960,34.88678323811932,53.96480113,-35.35270675031704
a100,2,legacy,auto,1081344,35.226997315515256,53.40160057,-34.0338174520838
a100,2,legacy,auto,1097728,35.56648504494193,53.40160057,-33.39809169517196
a100,2,legacy,auto,1114112,35.905258784484055,53.45280096,-32.82810603067777
a100,2,legacy,auto,1130496,36.24333050348027,53.60640213,-32.38992160752149
a100,2,legacy,auto,1146880,36.58071180020428,53.91360074,-32.149381050217954
a100,2,legacy,auto,1163264,36.91741391850111,53.91360074,-31.524859382817937
a100,2,legacy,auto,1179648,37.25344776345323,53.96480113,-30.96713601573272
a100,2,legacy,auto,1196032,37.588823916146914,55.34719676,-32.08540609718332
a100,2,legacy,auto,1212416,37.923552647601156,55.24479598,-31.35361987519977
a100,2,legacy,auto,1228800,38.2576439319186,55.24479598,-30.7488728064652
a100,2,legacy,auto,1245184,38.59110745870965,55.60319871,-30.5955262394478
a100,2,legacy,auto,1261568,38.92395264484154,55.70559949,-30.12560137364829
a100,2,legacy,auto,1277952,39.256188645554914,55.6543991,-29.46435631257239
a100,2,legacy,auto,1294336,39.58782436499117,56.72960356,-30.21663843795215
a100,2,legacy,auto,1310720,39.91886846616859,56.06399849,-28.797678472239507
a100,2,legacy,auto,1327104,40.24932938044214,57.13919923,-29.559164421558982
a100,2,legacy,auto,1343488,40.579215316479754,57.13919923,-28.981827076123423
a100,2,legacy,auto,1359872,40.90853426878651,57.19039962,-28.46957786516249
a100,2,legacy,auto,1376256,41.237294025802726,57.08799884,-27.765388761693842
a100,2,legacy,auto,1392640,41.56550217760442,57.39520118,-27.580178615893793
a100,2,legacy,auto,1409024,41.893166123227275,57.59999901,-27.268807563774168
a100,2,legacy,auto,1425408,42.220293077639816,57.85600096,-27.025213673461934
a100,2,legacy,auto,1441792,42.54689007838379,61.54239923,-30.86572735103329
a100,2,legacy,auto,1458176,42.8729639919029,59.23839658,-27.626393577341325
a100,2,legacy,auto,1474560,43.19852151957659,58.67519975,-26.376865006622175
a100,2,legacy,auto,1490944,43.52356920347738,58.88000131,-26.0808963397807
a100,2,legacy,auto,1507328,43.848113431865706,59.1871962,-25.916217954136332
a100,2,legacy,auto,1523712,44.17216044443727,59.44319814,-25.690134739380177
a100,2,legacy,auto,1540096,44.49571633733793,59.85280126,-25.65808884357983
a100,2,legacy,auto,1556480,44.818787067957174,60.21120027,-25.564036479957096
a100,2,legacy,auto,1572864,45.14137845951254,59.80160087,-24.51476582099643
a100,2,legacy,auto,1589248,45.463496205436975,60.46720222,-24.8129654816416
a100,2,legacy,auto,1605632,45.78514587357842,60.67199633,-24.536608908417602
a100,2,legacy,auto,1622016,46.10633291022299,60.7743971,-24.135268944983103
a100,2,legacy,auto,1638400,46.427062643948695,60.7743971,-23.60753070481929
a100,2,legacy,auto,1654784,46.747340289320924,61.08159944,-23.467393260976266
a100,2,legacy,auto,1671168,47.06717095043548,61.18400022,-23.072746500399578
a100,2,legacy,auto,1687552,47.38655962431861,61.95200235,-23.51085061527699
a100,2,legacy,auto,1703936,47.70551120419016,63.74400109,-25.160783150660926
a100,2,legacy,auto,1720320,48.024030482596366,62.56639957,-23.243097233257714
a100,2,legacy,auto,1736704,48.342122154420274,62.51519918,-22.671409851500577
a100,2,legacy,auto,1753088,48.65979081977372,63.02719563,-22.795564147530644
a100,2,legacy,auto,1769472,48.977040986777496,63.02719563,-22.292209740226554
a100,2,legacy,auto,1785856,49.293877074235674,63.23199719,-22.042827579655523
a100,2,legacy,auto,1802240,49.610303414207515,63.74400109,-22.172592611243758
a100,2,legacy,auto,1818624,49.92632425448312,63.38559836,-21.233962372769
a100,2,legacy,auto,1835008,50.241943760966855,64.15359676,-21.684915112518077
a100,2,legacy,auto,1851392,50.55716601997243,64.25599754,-21.319148475595462
a100,2,legacy,auto,1867776,50.871995040433966,64.40959871,-21.017991014845794
a100,2,legacy,auto,1884160,51.18643475603645,64.76800144,-20.969562719246937
a100,2,legacy,auto,1900544,51.500489027270845,64.87040222,-20.610190063854915
a100,2,legacy,auto,1916928,51.81416164341388,64.76800144,-20.00036979462203
a100,2,legacy,auto,1933312,52.12745632443976,65.02400339,-19.83351746002091
a100,2,legacy,auto,1949696,52.440376722863,65.38239866,-19.794351694617085
a100,2,legacy,auto,1966080,52.752926425519185,65.28000534,-19.18976392424544
a100,2,legacy,auto,1982464,53.06510895528193,65.02400339,-18.391507460700616
a100,2,legacy,auto,1998848,53.37692777272356,66.50879979,-19.744563213800305
a100,2,legacy,auto,2015232,53.68838627771766,65.689601,-18.269580785370177
a100,2,legacy,auto,2031616,53.99948781098813,65.89440256,-18.051479772020073
a100,2,legacy,auto,2048000,54.31023565560728,66.09920412,-17.835265373226584
a100,2,legacy,auto,2064384,54.6206330384437,65.58720022,-16.72059051883752
a100,2,legacy,auto,2080768,54.930683131561985,66.40639901,-17.281039251518383
a100,2,legacy,auto,2097152,55.24038905357823,66.40639901,-16.814659615469154
a100,2,legacy,auto,2113536,55.5497538709708,71.37279958,-22.169574126475943
a100,2,legacy,auto,2129920,55.858780599348805,71.93599641,-22.34933359234913
a100,2,legacy,auto,2146304,56.16747220468085,71.67999446,-21.641355265416063
a100,2,legacy,auto,2162688,56.47583160448504,71.52640074,-21.04197747937031
a100,2,legacy,auto,2179072,56.78386166898038,72.90880382,-22.116591284132824
a100,2,legacy,auto,2195456,57.09156522220467,71.88479602,-20.579081553878943
a100,2,legacy,auto,2211840,57.39894504309497,71.73119485,-19.980497797193774
a100,2,legacy,auto,2228224,57.70600386653787,73.31839949,-21.293966769680416
a100,2,legacy,auto,2244608,58.01274438438497,73.06240499,-20.598364655084744
a100,2,legacy,auto,2260992,58.31916924644047,73.98399711,-21.173265132281173
a100,2,legacy,auto,2277376,58.62528106141689,73.36959988,-20.095950969745303
a100,2,legacy,auto,2293760,58.93108239786335,73.62560183,-19.958437101901026
a100,2,legacy,auto,2310144,59.23657578506634,74.08639789,-20.043925103474425
a100,2,legacy,auto,2326528,59.541763713924155,73.72800261,-19.241317266001346
a100,2,legacy,auto,2342912,59.8466486377953,74.18879867,-19.331961548535347
a100,2,legacy,auto,2359296,60.151232973322806,75.2639994,-20.079674940416727
a100,2,legacy,auto,2375680,60.45551910123494,74.39360023,-18.7355916176569
a100,2,legacy,auto,2392064,60.759509367122526,73.98399711,-17.874794900869173
a100,2,legacy,auto,2408448,61.06320608219504,75.2639994,-18.86797596595028
a100,2,legacy,auto,2424832,61.3666115240139,74.0351975,-17.111571797976353
a100,2,legacy,auto,2441216,61.66972793720766,74.64960217,-17.38773396706548
a100,2,legacy,auto,2457600,61.972557534164885,74.95679706,-17.32229769028383
a100,2,legacy,auto,2473984,62.27510249570976,75.16159862,-17.145053273070264
a100,2,legacy,auto,2490368,62.57736497175747,75.87839663,-17.52940527077994
a100,2,legacy,auto,2506752,62.87934708195327,75.62239468,-16.850891395293132
a100,2,legacy,auto,2523136,63.181050916293955,75.46880096,-16.281893825527717
a100,2,legacy,auto,2539520,63.48247853573165,75.92959702,-16.392973191981717
a100,2,legacy,auto,2555904,63.783631972762244,75.72479546,-15.769159117168453
a100,2,legacy,auto,2572288,64.08451323199844,76.64640248,-16.38940490557198
a100,2,legacy,auto,2588672,64.38512429072729,76.85120404,-16.22105978038325
a100,2,legacy,auto,2605056,64.68546709945296,77.0560056,-16.053957643175632
a100,2,legacy,auto,2621440,64.98554358242606,76.74880326,-15.326961695707286
a100,2,legacy,auto,2637824,65.28535563815795,76.59520209,-14.765737465582873
a100,2,legacy,auto,2654208,65.58490513992373,76.44160092,-14.202601266080684
a100,2,legacy,auto,2670592,65.8841939362511,76.64640248,-14.041374670594864
a100,2,legacy,auto,2686976,66.18322385139636,77.36320049,-14.451285065499276
a100,2,legacy,auto,2703360,66.48199668580963,77.67040282,-14.404980182888117
a100,2,legacy,auto,2719744,66.7805142165882,78.0287981,-14.415554458491398
a100,2,legacy,auto,2736128,67.07877819791757,77.51680166,-13.465498109513241
a100,2,legacy,auto,2752512,67.37679036150264,75.62239468,-10.903654074152303
a100,2,legacy,auto,2768896,67.67455241698731,74.95679706,-9.715255892248887
a100,2,legacy,auto,2785280,67.9720660523653,74.90559667,-9.256358571150125
a100,2,legacy,auto,2801664,68.26933293437914,75.46880096,-9.539661335598437
a100,2,legacy,auto,2818048,68.56635470891077,75.72479546,-9.453232204331963
a100,2,legacy,auto,2834432,68.86313300136227,75.82719624,-9.18412335410087
a100,2,legacy,auto,2850816,69.15966941702763,76.90240443,-10.068261285666502
a100,2,legacy,auto,2867200,69.45596554145547,79.20639962,-12.310159438281676
a100,2,legacy,auto,2883584,69.75202294080344,76.33920014,-8.628826588589089
a100,2,legacy,auto,2899968,70.04784316218375,76.18559897,-8.056320211163715
a100,2,legacy,auto,2916352,70.34342773400205,76.80000365,-8.406999491070922
a100,2,legacy,auto,2932736,70.6387781662863,77.00480521,-8.267051681194303
a100,2,legacy,auto,2949120,70.93389595100922,77.00480521,-7.883805747491712
a100,2,legacy,auto,2965504,71.22878256240452,77.3120001,-7.868400157449152
a100,2,legacy,auto,2981888,71.52343945727289,77.26079971,-7.42596539805751
a100,2,legacy,auto,2998272,71.81786807528381,77.72160321,-7.596002772568367
a100,2,legacy,auto,3014656,72.11206983926924,77.56800205,-7.033740803603394
a100,2,legacy,auto,3031040,72.40604615551109,77.67040282,-6.777815581424218
a100,2,legacy,auto,3047424,72.69979841402181,78.13119888,-6.951641013879939
a100,2,legacy,auto,3063808,72.9933279888193,77.87520438,-6.2688456872088345
a100,2,legacy,auto,3080192,73.28663623819519,78.43840122,-6.567911764743151
a100,2,legacy,auto,3096576,73.57972450497775,78.18239927,-5.887098385311884
a100,2,legacy,auto,3112960,73.87259411678909,78.28480005,-5.636095296140331
a100,2,legacy,auto,3129344,74.1652463862955,78.95039767,-6.060959064076754
a100,2,legacy,auto,3145728,74.45768261145442,79.10399884,-5.873680593497522
a100,2,legacy,auto,3162112,74.74990407575396,79.3088004,-5.748285563837674
a100,2,legacy,auto,3178496,75.04191204844943,79.25760001,-5.318969992806588
a100,2,legacy,auto,3194880,75.3337077847926,79.46239412,-5.195773901516832
a100,2,legacy,auto,3211264,75.62529252625791,79.82079685,-5.256154397489066
a100,2,legacy,auto,3227648,75.91666750076296,80.64000309,-5.8573107741147545
a100,2,legacy,auto,3244032,76.20783392288452,80.43520153,-5.255618841880816
a100,2,legacy,auto,3260416,76.49879299407023,80.33280075,-4.77265540368923
a100,2,legacy,auto,3276800,76.78954590284532,80.79360425,-4.9559100430337395
a100,2,legacy,auto,3293184,77.08009382501659,80.53760231,-4.293036278476469
a100,2,legacy,auto,3309568,77.37043792387007,80.79360425,-4.236927363133358
a100,2,legacy,auto,3325952,77.66057935036568,80.99840581,-4.120854510968941
a100,2,legacy,auto,3342336,77.95051924332839,81.40800148,-4.247103692283893
a100,2,legacy,auto,3358720,78.2402587296349,81.56160265,-4.072190604956305
a100,2,legacy,auto,3375104,78.52979892439646,81.66400343,-3.8379265942920404
a100,2,legacy,auto,3391488,78.81914093113802,82.17599988,-4.084962706585793
a100,2,legacy,auto,3407872,79.10828584197456,82.58559555,-4.210552318315797
a100,2,legacy,auto,3424256,79.39723473778314,82.0735991,-3.260932128681149
a100,2,legacy,auto,3440640,79.68598868837114,82.27840066,-3.150780704089662
a100,2,legacy,auto,3457024,79.97454875264286,82.43200183,-2.9811881584838384
a100,2,legacy,auto,3473408,80.26291597876065,83.25120062,-3.5894793336127107
a100,2,legacy,auto,3489792,80.55109140430507,83.09759945,-3.0644784717604012
a100,2,legacy,auto,3506176,80.83907605642995,83.30240101,-2.957087579353612
a100,2,legacy,auto,3522560,81.1268709520161,83.45599473,-2.7908405927209445
a100,2,legacy,auto,3538944,81.4144770978204,83.71199667,-2.744552350407592
a100,2,legacy,auto,3555328,81.70189549062489,83.76319706,-2.460867829458069
a100,2,legacy,auto,3571712,81.98912711737846,84.01919901,-2.416200007310132
a100,2,legacy,auto,3588096,82.27617295534095,84.01919901,-2.074556857476806
a100,2,legacy,auto,3604480,82.56303397222025,84.68480408,-2.505490956530243
a100,2,legacy,auto,3620864,82.84971112630978,84.78720486,-2.2851251399186867
a100,2,legacy,auto,3637248,83.13620536662178,85.04319936,-2.2423827040015776
a100,2,legacy,auto,3653632,83.42251763301881,85.40160209,-2.317385632760771
a100,2,legacy,auto,3670016,83.70864885634204,85.50400287,-2.0997309522310936
a100,2,legacy,auto,3686400,83.9945999585384,85.40160209,-1.6475125723974582
a100,2,legacy,auto,3702784,84.28037185278447,85.70880443,-1.6666112504021169
a100,2,legacy,auto,3719168,84.5659654436083,85.96479893,-1.6272166093597717
a100,2,legacy,auto,3735552,84.8513816270087,86.32320166,-1.7050109410773784
a100,2,legacy,auto,3751936,85.13662129057356,86.73279732,-1.840337310391782
a100,2,legacy,auto,3768320,85.42168531359441,86.88639849,-1.6857795948052479
a100,2,legacy,auto,3784704,85.70657456718017,86.88639849,-1.3578925393663566
a100,2,legacy,auto,3801088,85.99128991436754,87.6031965,-1.840008869576415
a100,2,legacy,auto,3817472,86.27583221023174,86.8351981,-0.6441695326405372
a100,2,legacy,auto,3833856,86.56020230199228,87.14240044,-0.6680997253553755
a100,2,legacy,auto,3850240,86.84440102911913,87.55199611,-0.808199826754219
a100,2,legacy,auto,3866624,87.12842922343677,87.70559728,-0.6580743697812474
a100,2,legacy,auto,3883008,87.4122877092248,88.01279962,-0.6823006578224322
a100,2,legacy,auto,3899392,87.69597730331841,88.57600391,-0.9935271042208593
a100,2,legacy,auto,3915776,87.97949881520684,88.52480352,-0.6159908670906766
a100,2,legacy,auto,3932160,88.26285304712984,88.78080547,-0.5834058613550019
a100,2,legacy,auto,3948544,88.54604079417217,88.42240274,0.13982661671807506
a100,2,legacy,auto,3964928,88.82906284435698,88.93439919,-0.11844274724110981
a100,2,legacy,auto,3981312,89.1119199787374,89.08800036,0.0268494282515519
a100,2,legacy,auto,3997696,89.39461297148718,89.49760348,-0.11507627523884567
a100,2,legacy,auto,4014080,89.67714258998821,89.75359797,-0.08518363802791917
a100,2,legacy,auto,4030464,89.95950959491842,90.00959992,-0.055649980808825106
a100,2,legacy,auto,4046848,90.24171474033707,90.47039598,-0.25276913755687413
a100,2,legacy,auto,4063232,90.5237587737687,90.62399715,-0.11060908742016595
a100,2,legacy,auto,4079616,90.8056424362863,90.57279676,0.2570812480300111
a100,2,legacy,auto,4096000,91.08736646259196,90.62399715,0.511309727185183
a100,2,legacy,auto,4112384,91.36893158109756,91.13600105,0.25558563949910074
a100,2,legacy,auto,4128768,91.65033851400379,91.34079516,0.33888839424003336
a100,2,legacy,auto,4145152,91.93158797737625,91.69919789,0.2534265214130027
a100,2,legacy,auto,4161536,92.21268068122275,92.05760062,0.1684598123113057
a100,2,legacy,auto,4177920,92.49361732956797,92.46720374,0.028565359932630763
a100,2,legacy,auto,4194304,92.77439862052589,92.51840413,0.2766957481953325
a100,2,timing,auto,262144,16.844799739980033,19.10839,-11.846054324932487
a100,2,timing,auto,278528,17.258055464276687,19.92513,-13.385481227592056
a100,2,timing,auto,294912,17.667894389758658,20.13127,-12.236563367543841
a100,2,timing,auto,311296,18.074532495184744,20.56556,-12.112616942185173
a100,2,timing,auto,327680,18.478161476790767,20.67146,-10.610273890713252
a100,2,timing,auto,344064,18.878952555131676,21.98364,-14.122717825020448
a100,2,timing,auto,360448,19.277059532252636,22.14701,-12.958636257207479
a100,2,timing,auto,376832,19.672621274205753,21.12433,-6.872211927167616
a100,2,timing,auto,393216,20.065763747228686,21.21175,-5.402601165728016
a100,2,timing,auto,409600,20.456601703092467,22.37805,-8.586307997826149
a100,2,timing,auto,425984,20.84524008568325,22.48856,-7.307359449945872
a100,2,timing,auto,442368,21.231775213875977,23.06824,-7.961009535725405
a100,2,timing,auto,458752,21.616295783246954,23.09092,-6.386164850742393
a100,2,timing,auto,475136,21.998883719848237,24.36664,-9.717204670614265
a100,2,timing,auto,491520,22.379614912239358,24.41332,-8.330309387500922
a100,2,timing,auto,507904,22.758559842614403,24.98538,-8.912492655247172
a100,2,timing,auto,524288,23.135784133738024,25.09775,-7.817297830530534
a100,2,timing,auto,540672,23.511349025201135,27.54692,-14.649808308147938
a100,2,timing,auto,557056,23.88531178999314,28.14147,-15.124150266517212
a100,2,timing,auto,573440,24.257726100406302,27.93076,-13.1504975145456
a100,2,timing,auto,589824,24.628642350704403,27.99399,-12.021679115037177
a100,2,timing,auto,606208,24.998107942723927,43.97911,-43.159131817983756
a100,2,timing,auto,622592,25.366167539551505,44.02951,-42.388258375913104
a100,2,timing,auto,638976,25.73286329159223,44.24472,-41.83969682350293
a100,2,timing,auto,655360,26.098235038664015,44.68287,-41.592303630756
a100,2,timing,auto,671744,26.46232049119532,44.51524,-40.55446968005716
a100,2,timing,auto,688128,26.825155393144456,44.57186,-39.81593904058647
a100,2,timing,auto,704512,27.18677366887472,44.84848,-39.380835941653494
a100,2,timing,auto,720896,27.547207555901828,44.7517,-38.44433271607151
a100,2,timing,auto,737280,27.906487725162073,44.79139,-37.69675885217656
a100,2,timing,auto,753664,28.264643390226603,44.91692,-37.07350506173041
a100,2,timing,auto,770048,28.621702406694062,45.35115,-36.88869542074663
a100,2,timing,auto,786432,28.97769136283658,45.50937,-36.325878906175625
a100,2,timing,auto,802816,29.332635662434043,45.50425,-35.53868998514634
a100,2,timing,auto,819200,29.686559600615197,45.61758,-34.92298451470859
a100,2,timing,auto,835584,30.03948643342507,45.76295,-34.3585008540204
a100,2,timing,auto,851968,30.391438441748733,45.86414,-33.735946118800584
a100,2,timing,auto,868352,30.74243699015053,45.88148,-32.99597791930311
a100,2,timing,auto,884736,31.092502581120712,46.12135,-32.58544561006841
a100,2,timing,auto,901120,31.441654905165628,46.07554,-31.760637194560005
a100,2,timing,auto,917504,31.78991288713162,46.24948,-31.2642804045978
a100,2,timing,auto,933888,32.13729472910537,46.8731,-31.43765885101397
a100,2,timing,auto,950272,32.48381795020181,47.10764,-31.043418965157656
a100,2,timing,auto,966656,32.82949942351317,47.20864,-30.458705390553153
a100,2,timing,auto,983040,33.17435541046759,47.22987,-29.759799443725775
a100,2,timing,auto,999424,33.51840159281866,47.34469,-29.203461691651878
a100,2,timing,auto,1015808,33.86165310246484,47.42337,-28.597117618455115
a100,2,timing,auto,1032192,34.20412454927988,47.63505,-28.19546835937008
a100,2,timing,auto,1048576,34.54583004711483,47.86128,-27.82092320323478
a100,2,timing,auto,1064960,34.88678323811932,48.96793,-28.755854621342337
a100,2,timing,auto,1081344,35.226997315515256,49.15559,-28.335724755790213
a100,2,timing,auto,1097728,35.56648504494193,49.15669,-27.64670476197252
a100,2,timing,auto,1114112,35.905258784484055,49.28513,-27.147886625268004
a100,2,timing,auto,1130496,36.24333050348027,49.41178,-26.650425255920208
a100,2,timing,auto,1146880,36.58071180020428,49.49115,-26.086357257400007
a100,2,timing,auto,1163264,36.91741391850111,49.77781,-25.8356004040734
a100,2,timing,auto,1179648,37.25344776345323,49.97166,-25.450850014881976
a100,2,timing,auto,1196032,37.588823916146914,50.95064,-26.225021086787304
a100,2,timing,auto,1212416,37.923552647601156,51.20865,-25.94307280586159
a100,2,timing,auto,1228800,38.2576439319186,51.16516,-25.227158613559308
a100,2,timing,auto,1245184,38.59110745870965,51.27899,-24.742847979826333
a100,2,timing,auto,1261568,38.92395264484154,51.37014,-24.228447411586686
a100,2,timing,auto,1277952,39.256188645554914,51.56864,-23.875850428564892
a100,2,timing,auto,1294336,39.58782436499117,51.8039,-23.58138216429425
a100,2,timing,auto,1310720,39.91886846616859,51.92926,-23.128370274930564
a100,2,timing,auto,1327104,40.24932938044214,52.9451,-23.97912293972031
a100,2,timing,auto,1343488,40.579215316479754,52.90051,-23.29144782067365
a100,2,timing,auto,1359872,40.90853426878651,53.02345,-22.848222307702514
a100,2,timing,auto,1376256,41.237294025802726,53.17245,-22.446127598403443
a100,2,timing,auto,1392640,41.56550217760442,53.27293,-21.976316719196
a100,2,timing,auto,1409024,41.893166123227275,53.58374,-21.81739064270751
a100,2,timing,auto,1425408,42.220293077639816,53.7217,-21.409238580238863
a100,2,timing,auto,1441792,42.54689007838379,53.93888,-21.12018255035367
a100,2,timing,auto,1458176,42.8729639919029,54.71529,-21.643540604641043
a100,2,timing,auto,1474560,43.19852151957659,54.81698,-21.194999214519683
a100,2,timing,auto,1490944,43.52356920347738,54.90246,-20.725648352592252
a100,2,timing,auto,1507328,43.848113431865706,54.99633,-20.27083728702315
a100,2,timing,auto,1523712,44.17216044443727,55.24532,-20.043615559766394
a100,2,timing,auto,1540096,44.49571633733793,55.52982,-19.87059144557297
a100,2,timing,auto,1556480,44.818787067957174,55.65356,-19.46824773121939
a100,2,timing,auto,1572864,45.14137845951254,55.79019,-19.087247310839885
a100,2,timing,auto,1589248,45.463496205436975,56.58445,-19.653727825512167
a100,2,timing,auto,1605632,45.78514587357842,56.53191,-19.010084970455765
a100,2,timing,auto,1622016,46.10633291022299,56.69276,-18.67333163842616
a100,2,timing,auto,1638400,46.427062643948695,56.83661,-18.314863177186858
a100,2,timing,auto,1654784,46.747340289320924,57.05583,-18.067373151313504
a100,2,timing,auto,1671168,47.06717095043548,57.39933,-18.000487200050095
a100,2,timing,auto,1687552,47.38655962431861,57.60062,-17.73255283655174
a100,2,timing,auto,1703936,47.70551120419016,57.77327,-17.42632673520096
a100,2,timing,auto,1720320,48.024030482596366,58.43408,-17.81503108700203
a100,2,timing,auto,1736704,48.342122154420274,58.56022,-17.44887202537786
a100,2,timing,auto,1753088,48.65979081977372,58.59119,-16.950328505405466
a100,2,timing,auto,1769472,48.977040986777496,58.81799,-16.731188898536832
a100,2,timing,auto,1785856,49.293877074235674,58.61327,-15.899800379273032
a100,2,timing,auto,1802240,49.610303414207515,58.65505,-15.42023506210034
a100,2,timing,auto,1818624,49.92632425448312,59.20855,-15.677171194898175
a100,2,timing,auto,1835008,50.241943760966855,59.76492,-15.934056699202714
a100,2,timing,auto,1851392,50.55716601997243,60.23005,-16.05989697838134
a100,2,timing,auto,1867776,50.871995040433966,60.36546,-15.726650570650891
a100,2,timing,auto,1884160,51.18643475603645,60.55973,-15.477769210601755
a100,2,timing,auto,1900544,51.500489027270845,60.79178,-15.283794902417991
a100,2,timing,auto,1916928,51.81416164341388,60.87585,-14.88552251276346
a100,2,timing,auto,1933312,52.12745632443976,61.26759,-14.91838290939832
a100,2,timing,auto,1949696,52.440376722863,61.33883,-14.507047619162282
a100,2,timing,auto,1966080,52.752926425519185,61.6097,-14.375615486653581
a100,2,timing,auto,1982464,53.06510895528193,62.20402,-14.691833493587826
a100,2,timing,auto,1998848,53.37692777272356,62.47868,-14.567772922341572
a100,2,timing,auto,2015232,53.68838627771766,62.67776,-14.342206425823667
a100,2,timing,auto,2031616,53.99948781098813,62.79135,-14.001709135114748
a100,2,timing,auto,2048000,54.31023565560728,62.94975,-13.724461724459147
a100,2,timing,auto,2064384,54.6206330384437,63.24893,-13.641807002199569
a100,2,timing,auto,2080768,54.930683131561985,63.47546,-13.46154382880882
a100,2,timing,auto,2097152,55.24038905357823,63.71332,-13.298523678285445
a100,2,timing,auto,2113536,55.5497538709708,68.11355,-18.445369723100924
a100,2,timing,auto,2129920,55.858780599348805,68.05513,-17.921278529114847
a100,2,timing,auto,2146304,56.16747220468085,68.06516,-17.47984988989838
a100,2,timing,auto,2162688,56.47583160448504,68.10474,-17.075035299327133
a100,2,timing,auto,2179072,56.78386166898038,68.37296,-16.94982684824472
a100,2,timing,auto,2195456,57.09156522220467,68.66379,-16.853460576229963
a100,2,timing,auto,2211840,57.39894504309497,68.68423,-16.43067842051229
a100,2,timing,auto,2228224,57.70600386653787,69.18175,-16.5878228484566
a100,2,timing,auto,2244608,58.01274438438497,69.85891,-16.957272330208163
a100,2,timing,auto,2260992,58.31916924644047,69.80932,-16.4593363086183
a100,2,timing,auto,2277376,58.62528106141689,69.87716,-16.102370128641617
a100,2,timing,auto,2293760,58.93108239786335,69.92319,-15.720260477441972
a100,2,timing,auto,2310144,59.23657578506634,70.26116,-15.690865643171358
a100,2,timing,auto,2326528,59.541763713924155,70.35735,-15.372361645337474
a100,2,timing,auto,2342912,59.8466486377953,70.939,-15.63646423293914
a100,2,timing,auto,2359296,60.151232973322806,71.23764,-15.562569207342069
a100,2,timing,auto,2375680,60.45551910123494,71.10288,-14.974584572052574
a100,2,timing,auto,2392064,60.759509367122526,70.94692,-14.359200699448937
a100,2,timing,auto,2408448,61.06320608219504,71.01867,-14.018093999514436
a100,2,timing,auto,2424832,61.3666115240139,71.3138,-13.948476278064136
a100,2,timing,auto,2441216,61.66972793720766,71.57456,-13.838481246398636
a100,2,timing,auto,2457600,61.972557534164885,72.09341,-14.038526497546888
a100,2,timing,auto,2473984,62.27510249570976,72.3893,-13.971950971055458
a100,2,timing,auto,2490368,62.57736497175747,72.52907,-13.720988051056683
a100,2,timing,auto,2506752,62.87934708195327,72.22762,-12.942795177311295
a100,2,timing,auto,2523136,63.181050916293955,72.07539,-12.340327376245963
a100,2,timing,auto,2539520,63.48247853573165,72.16045,-12.025938674534798
a100,2,timing,auto,2555904,63.783631972762244,72.71101,-12.277890277191528
a100,2,timing,auto,2572288,64.08451323199844,73.24572,-12.507497732292839
a100,2,timing,auto,2588672,64.38512429072729,73.33245,-12.201045661603704
a100,2,timing,auto,2605056,64.68546709945296,73.3761,-11.843955866483814
a100,2,timing,auto,2621440,64.98554358242606,73.5855,-11.687025864571055
a100,2,timing,auto,2637824,65.28535563815795,73.38061,-11.031871173927355
a100,2,timing,auto,2654208,65.58490513992373,73.42851,-10.681961080343683
a100,2,timing,auto,2670592,65.8841939362511,73.24285,-10.046927534563322
a100,2,timing,auto,2686976,66.18322385139636,73.83616,-10.364753731239063
a100,2,timing,auto,2703360,66.48199668580963,74.21632,-10.421324196875247
a100,2,timing,auto,2719744,66.7805142165882,74.63011,-10.518001090192419
a100,2,timing,auto,2736128,67.07877819791757,74.83813,-10.368179699415837
a100,2,timing,auto,2752512,67.37679036150264,75.07347,-10.252196466338049
a100,2,timing,auto,2768896,67.67455241698731,74.43813,-9.086173420816312
a100,2,timing,auto,2785280,67.9720660523653,74.60828,-8.89474190751306
a100,2,timing,auto,2801664,68.26933293437914,75.25953,-9.28812213632062
a100,2,timing,auto,2818048,68.56635470891077,75.45759,-9.132593939309796
a100,2,timing,auto,2834432,68.86313300136227,75.58616,-8.894521164506486
a100,2,timing,auto,2850816,69.15966941702763,75.70762,-8.648998057226443
a100,2,timing,auto,2867200,69.45596554145547,75.88236,-8.468891134309132
a100,2,timing,auto,2883584,69.75202294080344,76.16177,-8.415963887389388
a100,2,timing,auto,2899968,70.04784316218375,75.96862,-7.793713822649728
a100,2,timing,auto,2916352,70.34342773400205,76.47677,-8.01987618723693
a100,2,timing,auto,2932736,70.6387781662863,76.89217,-8.1326770121245
a100,2,timing,auto,2949120,70.93389595100922,76.96634,-7.837769145565165
a100,2,timing,auto,2965504,71.22878256240452,77.0517,-7.557156347745053
a100,2,timing,auto,2981888,71.52343945727289,77.22762,-7.3861923269513134
a100,2,timing,auto,2998272,71.81786807528381,77.45896,-7.282684823958641
a100,2,timing,auto,3014656,72.11206983926924,77.67048,-7.1563999098895215
a100,2,timing,auto,3031040,72.40604615551109,77.41819,-6.474116540943287
a100,2,timing,auto,3047424,72.69979841402181,77.7934,-6.547601192361041
a100,2,timing,auto,3063808,72.9933279888193,78.01276,-6.434116689603975
a100,2,timing,auto,3080192,73.28663623819519,78.09769,-6.160302259650463
a100,2,timing,auto,3096576,73.57972450497775,78.24461,-5.961925677720481
a100,2,timing,auto,3112960,73.87259411678909,78.43345,-5.814937227944084
a100,2,timing,auto,3129344,74.1652463862955,78.59618,-5.637594109159649
a100,2,timing,auto,3145728,74.45768261145442,78.80828,-5.520482604804444
a100,2,timing,auto,3162112,74.74990407575396,79.21666,-5.638657227212107
a100,2,timing,auto,3178496,75.04191204844943,79.31926,-5.392571680006297
a100,2,timing,auto,3194880,75.3337077847926,79.42396,-5.149897103100121
a100,2,timing,auto,3211264,75.62529252625791,79.59639,-4.989042183624271
a100,2,timing,auto,3227648,75.91666750076296,79.72585,-4.777851222955965
a100,2,timing,auto,3244032,76.20783392288452,79.82223,-4.528057005066744
a100,2,timing,auto,3260416,76.49879299407023,80.17821,-4.589048578073496
a100,2,timing,auto,3276800,76.78954590284532,80.28593,-4.354915110474122
a100,2,timing,auto,3293184,77.08009382501659,80.55716,-4.316272042092106
a100,2,timing,auto,3309568,77.37043792387007,80.6906,-4.114682597638297
a100,2,timing,auto,3325952,77.66057935036568,80.99239,-4.113732968781781
a100,2,timing,auto,3342336,77.95051924332839,80.97895,-3.739775283171254
a100,2,timing,auto,3358720,78.2402587296349,81.05782,-3.4759894484765352
a100,2,timing,auto,3375104,78.52979892439646,81.36851,-3.488709668646439
a100,2,timing,auto,3391488,78.81914093113802,81.7774,-3.617453072440524
a100,2,timing,auto,3407872,79.10828584197456,81.92468,-3.4377847530505212
a100,2,timing,auto,3424256,79.39723473778314,82.42214,-3.6700154378627614
a100,2,timing,auto,3440640,79.68598868837114,82.54428,-3.4627369838695854
a100,2,timing,auto,3457024,79.97454875264286,82.72623,-3.326250026572153
a100,2,timing,auto,3473408,80.26291597876065,82.88774,-3.166721666243222
a100,2,timing,auto,3489792,80.55109140430507,82.87182,-2.8003832855305055
a100,2,timing,auto,3506176,80.83907605642995,83.03172,-2.640730486577969
a100,2,timing,auto,3522560,81.1268709520161,83.51656,-2.8613355818102315
a100,2,timing,auto,3538944,81.4144770978204,83.96592,-3.038664856145923
a100,2,timing,auto,3555328,81.70189549062489,84.08024,-2.8286604669243487
a100,2,timing,auto,3571712,81.98912711737846,84.06251,-2.4664774851732907
a100,2,timing,auto,3588096,82.27617295534095,84.1137,-2.1845752174248
a100,2,timing,auto,3604480,82.56303397222025,84.43031,-2.21161811176549
a100,2,timing,auto,3620864,82.84971112630978,84.58571,-2.0523547933690267
a100,2,timing,auto,3637248,83.13620536662178,84.69362,-1.838880701259693
a100,2,timing,auto,3653632,83.42251763301881,85.07015,-1.9367925964409172
a100,2,timing,auto,3670016,83.70864885634204,85.26282,-1.8228005403269187
a100,2,timing,auto,3686400,83.9945999585384,85.36923,-1.6102172193208308
a100,2,timing,auto,3702784,84.28037185278447,85.57232,-1.5097734258175288
a100,2,timing,auto,3719168,84.5659654436083,85.83834,-1.4822916617349469
a100,2,timing,auto,3735552,84.8513816270087,86.1291,-1.4834920752582859
a100,2,timing,auto,3751936,85.13662129057356,86.40642,-1.4695652353452937
a100,2,timing,auto,3768320,85.42168531359441,86.62015,-1.3835864823665056
a100,2,timing,auto,3784704,85.70657456718017,86.8092,-1.270171171741974
a100,2,timing,auto,3801088,85.99128991436754,86.99746,-1.1565511057822442
a100,2,timing,auto,3817472,86.27583221023174,86.95566,-0.7818097059676732
a100,2,timing,auto,3833856,86.56020230199228,87.20376,-0.7379930613172214
a100,2,timing,auto,3850240,86.84440102911913,87.54462,-0.7998423785275044
a100,2,timing,auto,3866624,87.12842922343677,87.71524,-0.6689952356776607
a100,2,timing,auto,3883008,87.4122877092248,88.02846,-0.6999694085017438
a100,2,timing,auto,3899392,87.69597730331841,88.2064,-0.5786685509005962
a100,2,timing,auto,3915776,87.97949881520684,88.55335,-0.648028769993636
a100,2,timing,auto,3932160,88.26285304712984,88.75847,-0.5583883463405437
a100,2,timing,auto,3948544,88.54604079417217,88.58171,-0.04026700977869391
a100,2,timing,auto,3964928,88.82906284435698,88.81246,0.018694273705488484
a100,2,timing,auto,3981312,89.1119199787374,89.22307,-0.1245754279275535
a100,2,timing,auto,3997696,89.39461297148718,89.3515,0.04825097674596712
a100,2,timing,auto,4014080,89.67714258998821,89.79026,-0.1259795995821822
a100,2,timing,auto,4030464,89.95950959491842,89.96169,-0.002423704002885163
a100,2,timing,auto,4046848,90.24171474033707,90.25156,-0.010908686412647306
a100,2,timing,auto,4063232,90.5237587737687,90.47957,0.048838399396355925
a100,2,timing,auto,4079616,90.8056424362863,90.25934,0.6052586206439337
a100,2,timing,auto,4096000,91.08736646259196,90.55775,0.5848383629142306
a100,2,timing,auto,4112384,91.36893158109756,91.03607,0.3656370283751986
a100,2,timing,auto,4128768,91.65033851400379,91.33886,0.3410142342523237
a100,2,timing,auto,4145152,91.93158797737625,91.54883,0.4180916101016896
a100,2,timing,auto,4161536,92.21268068122275,91.78901,0.46157016098413717
a100,2,timing,auto,4177920,92.49361732956797,92.07575,0.4538299493275666
a100,2,timing,auto,4194304,92.77439862052589,92.26175,0.5556458884921289
a100,4,legacy,auto,262144,18.12480018001341,19.2512013,-5.851069252424224
a100,4,legacy,auto,278528,18.415694892352,18.84160005,-2.2604511109341807
a100,4,legacy,auto,294912,18.70492890310924,18.99519935,-1.5281252991470096
a100,4,legacy,auto,311296,18.992603281652393,19.35360022,-1.8652702042204705
a100,4,legacy,auto,327680,19.278807953512263,19.20000091,0.41045333217260005
a100,4,legacy,auto,344064,19.56362342500588,18.94399896,3.270821890954534
a100,4,legacy,auto,360448,19.84712217146471,18.68800074,6.202490290915463
a100,4,legacy,auto,376832,20.129369767013458,18.63680035,8.008721395212337
a100,4,legacy,auto,393216,20.410425813174534,18.63680035,9.516791669523528
a100,4,legacy,auto,409600,20.690344709019065,22.27200009,-7.101541732172889
a100,4,legacy,auto,425984,20.969176295164225,22.4255994,-6.49446678707627
a100,4,legacy,auto,442368,21.24696639634273,22.63039909,-6.113160833600084
a100,4,legacy,auto,458752,21.523757281686386,24.11520109,-10.746100762925936
a100,4,legacy,auto,475136,21.799588057697548,23.14240113,-5.802393039336495
a100,4,legacy,auto,491520,22.07449500573526,22.52800018,-2.013073378201391
a100,4,legacy,auto,507904,22.348511873439264,22.98879996,-2.785217530601092
a100,4,legacy,auto,524288,22.621670127661908,22.83519879,-0.9350856294345067
a100,4,legacy,auto,540672,22.89399917503698,22.93759957,-0.19008264064406255
a100,4,legacy,auto,557056,23.165526555181156,22.98879996,0.7687508503647633
a100,4,legacy,auto,573440,23.436278110629054,23.09120074,1.494410682729419
a100,4,legacy,auto,589824,23.70627813688884,23.29600044,1.7611507947277616
a100,4,legacy,auto,606208,23.975549515430963,24.47360009,-2.03505235330107
a100,4,legacy,auto,622592,24.24411383196051,23.96159992,1.1790277481626088
a100,4,legacy,auto,638976,24.511991481945767,23.75680022,3.178842499630896
a100,4,legacy,auto,655360,24.779201765067562,24.0640007,2.9720788076089244
a100,4,legacy,auto,671744,25.045762970000958,24.11520109,3.8588186618391473
a100,4,legacy,auto,688128,25.311692450729907,24.93439987,1.5131408122793788
a100,4,legacy,auto,704512,25.57700669542216,26.47039853,-3.3750600073713444
a100,4,legacy,auto,720896,25.84172138874588,24.47360009,5.590192263151761
a100,4,legacy,auto,737280,26.105851468387257,24.7807987,5.347094677732311
a100,4,legacy,auto,753664,26.36941117642533,25.24160221,4.468056175841828
a100,4,legacy,auto,770048,26.632414106134327,25.34399927,5.083707675368498
a100,4,legacy,auto,786432,26.894873244707767,25.54880083,5.268632464061396
a100,4,legacy,auto,802816,27.156801012339052,27.64799818,-1.77661024303839
a100,4,legacy,auto,819200,27.418209298035343,27.69919857,-1.0144310538608425
a100,4,legacy,auto,835584,27.679109492499226,27.90400013,-0.805944081325427
a100,4,legacy,auto,851968,27.939512518369952,28.10879983,-0.6022573452224345
a100,4,legacy,auto,868352,28.199428858083593,28.41599844,-0.7621396178413065
a100,4,legacy,auto,884736,28.458868579580574,28.46719883,-0.029262627732262736
a100,4,legacy,auto,901120,28.717841360063815,28.67200039,0.15988061328222614
a100,4,legacy,auto,917504,28.9763565079884,28.87680009,0.34476263878999713
a100,4,legacy,auto,933888,29.234422983442833,28.97920087,0.8807079069838908
a100,4,legacy,auto,950272,29.49204941706639,29.23519909,0.8785653426736761
a100,4,legacy,auto,966656,29.749244127631002,29.69599888,0.17930108310604265
a100,4,legacy,auto,983040,30.00601513840266,29.79839966,0.6967336527181178
a100,4,legacy,auto,999424,30.262370192386157,30.31040169,-0.1584653945041148
a100,4,legacy,auto,1015808,30.518316766546562,30.61760031,-0.32426951311730345
a100,4,legacy,auto,1032192,30.773862085091466,30.72000109,0.17532875384238533
a100,4,legacy,auto,1048576,31.029013131889933,30.8224,0.6703343409012019
a100,4,legacy,auto,1064960,31.283776662096273,31.28319979,0.0018440316212675611
a100,4,legacy,auto,1081344,31.538159213042256,31.64159879,-0.3269100832870464
a100,4,legacy,auto,1097728,31.79216711445335,32.05119818,-0.8081790393355326
a100,4,legacy,auto,1114112,32.04580649803995,32.71679953,-2.0509128080965833
a100,4,legacy,auto,1130496,32.29908330651175,32.25599974,0.13356760558973502
a100,4,legacy,auto,1146880,32.55200330205672,32.92160109,-1.1226604287345898
a100,4,legacy,auto,1163264,32.80457207432418,33.28000009,-1.4285697547779752
a100,4,legacy,auto,1179648,33.05679504794729,32.8704007,0.5670583381336414
a100,4,legacy,auto,1196032,33.30867748963798,34.45760161,-3.3343125077764713
a100,4,legacy,auto,1212416,33.5602245148833,34.71359983,-3.3225459784206324
a100,4,legacy,auto,1228800,33.81144109427186,34.81600061,-2.885338632030021
a100,4,legacy,auto,1245184,34.06233205947455,35.32800078,-3.582621978546774
a100,4,legacy,auto,1261568,34.31290210890269,35.48159823,-3.293809127541414
a100,4,legacy,auto,1277952,34.563155813065706,35.94239801,-3.837368326260693
a100,4,legacy,auto,1294336,34.81309761964728,35.9935984,-3.2797520471104735
a100,4,legacy,auto,1310720,35.06273185831837,36.30080074,-3.410582842370735
a100,4,legacy,auto,1327104,35.31206274530402,36.19839996,-2.448553570531864
a100,4,legacy,auto,1343488,35.56109438771892,36.65919974,-2.995442781264268
a100,4,legacy,auto,1359872,35.80983078768683,37.06879914,-3.396301961545478
a100,4,legacy,auto,1376256,36.05827584625624,37.32480109,-3.393253833261789
a100,4,legacy,auto,1392640,36.30643336712599,37.68320009,-3.6535292108574424
a100,4,legacy,auto,1409024,36.55430706019025,37.73440048,-3.1273676136320927
a100,4,legacy,auto,1425408,36.80190054491564,37.88799793,-2.866600096133287
a100,4,legacy,auto,1441792,37.04921735355894,38.09279948,-2.7395784523239763
a100,4,legacy,auto,1458176,37.296260934234915,38.5024026,-3.1326400024841217
a100,4,legacy,auto,1474560,37.543034653843534,44.85119879,-16.294244821357793
a100,4,legacy,auto,1490944,37.78954180086329,45.00479996,-16.03219693354839
a100,4,legacy,auto,1507328,38.03578558801928,46.64320126,-18.45374125159418
a100,4,legacy,auto,1523712,38.281769154832425,45.56800053,-15.98979830236491
a100,4,legacy,auto,1540096,38.52749557005616,45.67039758,-15.640113483644956
a100,4,legacy,auto,1556480,38.77296783400734,45.92639953,-15.575860004701436
a100,4,legacy,auto,1572864,39.018188880796664,46.89919949,-16.80414739463464
a100,4,legacy,auto,1589248,39.26316158046335,49.2031984,-20.202013573850618
a100,4,legacy,auto,1605632,39.50788874102044,47.46240005,-16.759606131589976
a100,4,legacy,auto,1622016,39.75237311041404,47.5647971,-16.424802513424275
a100,4,legacy,auto,1638400,39.996617378401915,46.89919949,-14.717910298383408
a100,4,legacy,auto,1654784,40.24062417835503,47.66719788,-15.580050919588428
a100,4,legacy,auto,1671168,40.48439608898585,48.076801,-15.792242314571126
a100,4,legacy,auto,1687552,40.72793563600735,48.58880118,-16.17834841174949
a100,4,legacy,auto,1703936,40.97124529372633,48.58880118,-15.67759586834423
a100,4,legacy,auto,1720320,41.214327486573474,47.30879888,-12.882321127799734
a100,4,legacy,auto,1736704,41.45718459057407,48.076801,-13.768837093437082
a100,4,legacy,auto,1753088,41.69981893476202,47.71839827,-12.612701920931391
a100,4,legacy,auto,1769472,41.94223280253917,49.86879975,-15.894842039908585
a100,4,legacy,auto,1785856,42.184428432983715,49.15199801,-14.17555716778538
a100,4,legacy,auto,1802240,42.426408022109364,49.40799996,-14.13048887537004
a100,4,legacy,auto,1818624,42.66817372407683,48.8447994,-12.645411081211588
a100,4,legacy,auto,1835008,42.909727652361795,48.74239862,-11.966319124157632
a100,4,legacy,auto,1851392,43.151071880879286,47.82079905,-9.76505466635592
a100,4,legacy,auto,1867776,43.39220844506776,47.76959866,-9.163548235119801
a100,4,legacy,auto,1884160,43.63313934293406,48.02560061,-9.146082945918078
a100,4,legacy,auto,1900544,43.87386653606111,49.25439879,-10.923962907108498
a100,4,legacy,auto,1916928,44.1143919505799,49.04960096,-10.061670049965887
a100,4,legacy,auto,1933312,44.35471747810816,48.38399962,-8.327716132475949
a100,4,legacy,auto,1949696,44.5948449766556,48.53760079,-8.123095804431912
a100,4,legacy,auto,1966080,44.8347762714981,48.8447994,-8.209723814531422
a100,4,legacy,auto,1982464,45.07451315602289,51.25120282,-12.051794541623428
a100,4,legacy,auto,1998848,45.314057392544015,50.1248017,-9.597532846610711
a100,4,legacy,auto,2015232,45.55341071309098,51.66079849,-11.822093261085042
a100,4,legacy,auto,2031616,45.79257482017128,50.32960325,-9.014631820744023
a100,4,legacy,auto,2048000,46.031551387507726,51.09760165,-9.914458015452233
a100,4,legacy,auto,2064384,46.27034206075063,51.55839771,-10.256439075149393
a100,4,legacy,auto,2080768,46.50894845816859,51.14880204,-9.07128495053099
a100,4,legacy,auto,2097152,46.74737217131548,51.09760165,-8.513568813820282
a100,4,legacy,auto,2113536,46.985614765676566,51.45599693,-8.687776801613378
a100,4,legacy,auto,2129920,47.22367778129475,51.25120282,-7.858401007387828
a100,4,legacy,auto,2146304,47.46156273337609,50.8415997,-6.648171942992409
a100,4,legacy,auto,2162688,47.699271112876936,51.40479654,-7.2085207539721585
a100,4,legacy,auto,2179072,47.936804387072705,51.35359615,-6.653461527693416
a100,4,legacy,auto,2195456,48.17416400010929,51.6095981,-6.6565798346930105
a100,4,legacy,auto,2211840,48.41135137353739,51.91680044,-6.752051429890871
a100,4,legacy,auto,2228224,48.64836790683081,52.01920122,-6.479978996434854
a100,4,legacy,auto,2244608,48.88521497788895,51.96800083,-5.9320847499898965
a100,4,legacy,auto,2260992,49.12189394352485,51.91680044,-5.383433633791068
a100,4,legacy,auto,2277376,49.358406139937436,52.68480256,-6.3137684084025985
a100,4,legacy,auto,2293760,49.5947528831716,52.88959667,-6.2296632878225395
a100,4,legacy,auto,2310144,49.830935469563435,53.96480113,-7.6602999990274645
a100,4,legacy,auto,2326528,50.066955176173124,52.73600295,-5.061149166647027
a100,4,legacy,auto,2342912,50.30281326120533,52.01920122,-3.2995277100386633
a100,4,legacy,auto,2359296,50.53851096441751,52.17279866,-3.132451655953561
a100,4,legacy,auto,2375680,50.77404950751642,53.60640213,-5.28360887868371
a100,4,legacy,auto,2392064,51.009430094543454,54.1184023,-5.744759773620567
a100,4,legacy,auto,2408448,51.24465391224964,54.1184023,-5.310113132719662
a100,4,legacy,auto,2424832,51.4797221304598,54.32320386,-5.234377811861634
a100,4,legacy,auto,2441216,51.714635902426075,55.09120226,-6.129048231037693
a100,4,legacy,auto,2457600,51.94939636517342,55.96160144,-7.169568010179839
a100,4,legacy,auto,2473984,52.184004639833375,54.73279953,-4.656796129658202
a100,4,legacy,auto,2490368,52.418461831970795,54.52799797,-3.8687210544385287
a100,4,legacy,auto,2506752,52.65276903190055,55.24479598,-4.691893421124826
a100,4,legacy,auto,2523136,52.886927314996456,55.44959754,-4.621620965156503
a100,4,legacy,auto,2539520,53.12093774199135,54.98880148,-3.396807509412647
a100,4,legacy,auto,2555904,53.35480135926969,55.24479598,-3.4211269807468025
a100,4,legacy,auto,2572288,53.588519199152515,55.34719676,-3.177536828962768
a100,4,legacy,auto,2588672,53.822092280174914,55.14240265,-2.3943649648445087
a100,4,legacy,auto,2605056,54.05552160735541,56.06399849,-3.582471705086898
a100,4,legacy,auto,2621440,54.288808172460115,55.04000187,-1.3648140843347756
a100,4,legacy,auto,2637824,54.52195295425875,55.80800027,-2.3044139003715047
a100,4,legacy,auto,2654208,54.75495691877483,57.2928004,-4.429602783433095
a100,4,legacy,auto,2670592,54.98782101952881,55.80800027,-1.4696445787398815
a100,4,legacy,auto,2686976,55.22054619777614,56.16639927,-1.684019421784566
a100,4,legacy,auto,2703360,55.453133382738564,55.80800027,-0.6358709961736375
a100,4,legacy,auto,2719744,55.685583491829966,55.75679988,-0.12772682134432056
a100,4,legacy,auto,2736128,55.917897430876835,56.26880005,-0.6236184507424358
a100,4,legacy,auto,2752512,56.15007609433262,56.57600239,-0.7528391503014098
a100,4,legacy,auto,2768896,56.382120365487935,59.28959697,-4.903856246456217
a100,4,legacy,auto,2785280,56.61403111667475,58.72640014,-3.5969666424120916
a100,4,legacy,auto,2801664,56.845809209465955,59.54559892,-4.533986994003092
a100,4,legacy,auto,2818048,57.07745549487045,59.44319814,-3.9798374232116185
a100,4,legacy,auto,2834432,57.30897081352308,59.28959697,-3.3405964244943243
a100,4,legacy,auto,2850816,57.540355995870485,59.69920009,-3.616202714399741
a100,4,legacy,auto,2867200,57.77161186235227,59.69920009,-3.228834263678193
a100,4,legacy,auto,2883584,58.00273922357812,60.51840261,-4.156856886381533
a100,4,legacy,auto,2899968,58.233738880500816,59.69920009,-2.4547417842951225
a100,4,legacy,auto,2916352,58.4646116245849,60.00639871,-2.5693711313459766
a100,4,legacy,auto,2932736,58.69535823797241,60.10879949,-2.3514714384917035
a100,4,legacy,auto,2949120,58.92597949364318,60.36480144,-2.3835445690763124
a100,4,legacy,auto,2965504,59.156476155573344,59.34079736,-0.3106146405624566
a100,4,legacy,auto,2981888,59.3868489788887,59.49439853,-0.18077256644096762
a100,4,legacy,auto,2998272,59.61709871001584,59.6479997,-0.05180557628013949
a100,4,legacy,auto,3014656,59.84722608682866,60.00639871,-0.26525941665086483
a100,4,legacy,auto,3031040,60.07723183879337,60.15999988,-0.1375798560035446
a100,4,legacy,auto,3047424,60.30711668710785,60.36480144,-0.09556024622973114
a100,4,legacy,auto,3063808,60.5368813448405,60.46720222,0.11523457722912855
a100,4,legacy,auto,3080192,60.766526517064094,60.67199633,0.15580530192205178
a100,4,legacy,auto,3096576,60.99605290098824,60.36480144,1.045727718686651
a100,4,legacy,auto,3112960,61.22546118608692,60.72319672,0.827137722018989
a100,4,legacy,auto,3129344,61.45475205422609,60.67199633,1.2901433471359969
a100,4,legacy,auto,3145728,61.68392617978588,61.286401,0.6486352164583487
a100,4,legacy,auto,3162112,61.91298422978194,62.36159801,-0.7193750553764255
a100,4,legacy,auto,3178496,62.14192686398323,62.25919724,-0.18835831686796478
a100,4,legacy,auto,3194880,62.37075473502813,62.66880035,-0.47558851183892026
a100,4,legacy,auto,3211264,62.59946848853702,62.87360191,-0.43600718447048825
a100,4,legacy,auto,3227648,62.828068763223804,63.43679875,-0.9595849708229465
a100,4,legacy,auto,3244032,63.05655619100405,62.25919724,1.2807086926134748
a100,4,legacy,auto,3260416,63.28493139710183,62.36159801,1.48061213401518
a100,4,legacy,auto,3276800,63.51319500015288,62.51519918,1.5964050874721636
a100,4,legacy,auto,3293184,63.74134761230754,62.82240152,1.462768168795625
a100,4,legacy,auto,3309568,63.96938983933043,60.15999988,6.33209768438987
a100,4,legacy,auto,3325952,64.19732228069806,59.34079736,8.184124812538673
a100,4,legacy,auto,3342336,64.4251455296948,58.98240209,9.227741236089093
a100,4,legacy,auto,3358720,64.65286017350728,59.95519832,7.835286989519008
a100,4,legacy,auto,3375104,64.88046679331612,59.90399793,8.30740690985483
a100,4,legacy,auto,3391488,65.10796596438638,61.18400022,6.413385411671246
a100,4,legacy,auto,3407872,65.33535825615562,59.69920009,9.440927445692381
a100,4,legacy,auto,3424256,65.56264423232155,59.28959697,10.580350656617977
a100,4,legacy,auto,3440640,65.78982445092616,62.4127984,5.410790955539269
a100,4,legacy,auto,3457024,66.01689946443972,61.23520061,7.808742041842587
a100,4,legacy,auto,3473408,66.24386981984199,60.62080339,9.275803215055323
a100,4,legacy,auto,3489792,66.47073605870327,61.95200235,7.293926809943163
a100,4,legacy,auto,3506176,66.69749871726222,59.90399793,11.340646738137018
a100,4,legacy,auto,3522560,66.92415832650323,60.569603,10.491327351944557
a100,4,legacy,auto,3538944,67.15071541223243,59.6479997,12.578319055068722
a100,4,legacy,auto,3555328,67.37717049515135,65.28000534,3.21256890870123
a100,4,legacy,auto,3571712,67.60352409093066,65.689601,2.9135861107310923
a100,4,legacy,auto,3588096,67.82977671028064,63.99999559,5.984033412775802
a100,4,legacy,auto,3604480,68.0559288590217,65.53599983,3.84510656060546
a100,4,legacy,auto,3620864,68.28198103815339,64.61440027,5.676104324775744
a100,4,legacy,auto,3637248,68.507933743922,64.87040222,5.607382410834694
a100,4,legacy,auto,3653632,68.73378746788634,65.89440256,4.308992566251657
a100,4,legacy,auto,3670016,68.9595426969833,65.07520378,5.969000005155745
a100,4,legacy,auto,3686400,69.18519991359156,64.20479715,7.757057080884433
a100,4,legacy,auto,3702784,69.41075959559484,65.79200178,5.500300519348067
a100,4,legacy,auto,3719168,69.63622221644232,65.07520378,7.008842341641808
a100,4,legacy,auto,3735552,69.86158824521004,65.22880495,7.10235807441395
a100,4,legacy,auto,3751936,70.08685814666069,66.09920412,6.03283213428909
a100,4,legacy,auto,3768320,70.31203238130026,67.32799858,4.432084517935864
a100,4,legacy,auto,3784704,70.53711140543757,65.43359905,7.799528727646199
a100,4,legacy,auto,3801088,70.76209567123874,66.20159745,6.888803891300577
a100,4,legacy,auto,3817472,70.9869856267831,65.22880495,8.827665448105225
a100,4,legacy,auto,3833856,71.2117817161178,65.58720022,8.575730443213292
a100,4,legacy,auto,3850240,71.43648437931084,67.89119542,5.222015811296843
a100,4,legacy,auto,3866624,71.66109405250384,66.96959585,7.005415133476323
a100,4,legacy,auto,3883008,71.88561116796289,65.99680334,8.922868275339258
a100,4,legacy,auto,3899392,72.11003615412973,66.15039706,9.009226488427856
a100,4,legacy,auto,3915776,72.33436943567145,66.66240096,8.508497134801441
a100,4,legacy,auto,3932160,72.55861143352918,66.81600213,8.594661638623812
a100,4,legacy,auto,3948544,72.78276256496675,66.96959585,8.680307296444202
a100,4,legacy,auto,3964928,73.00682324361699,67.17439741,8.682513068213616
a100,4,legacy,auto,3981312,73.2307938795289,68.09599698,7.540526796365166
a100,4,legacy,auto,3997696,73.45467487921323,68.30079854,7.545850779760488
a100,4,legacy,auto,4014080,73.67846664568741,67.9935962,8.36089097121091
a100,4,legacy,auto,4030464,73.90216957851884,68.19839776,8.363498272483216
a100,4,legacy,auto,4046848,74.12578407387025,68.30079854,8.528429620715006
a100,4,legacy,auto,4063232,74.34931052453983,66.86720252,11.189503557146608
a100,4,legacy,auto,4079616,74.572749320006,67.43039936,10.592181015974923
a100,4,legacy,auto,4096000,74.7961008464661,67.58400053,10.671313121312952
a100,4,legacy,auto,4112384,75.01936548687901,68.76160204,9.100665576754219
a100,4,legacy,auto,4128768,75.24254362100386,68.30079854,10.16349036818136
a100,4,legacy,auto,4145152,75.46563562544026,68.60800087,9.995386352146095
a100,4,legacy,auto,4161536,75.68864187366624,68.65920126,10.238162525437811
a100,4,legacy,auto,4177920,75.91156273607668,69.17120516,9.744455890981719
a100,4,legacy,auto,4194304,76.13439858002057,70.29759884,8.302985928872687
a100,4,timing,auto,262144,18.12480018001341,18.18878,-0.3517543231959075
a100,4,timing,auto,278528,18.415694892352,18.26172,0.8431565720643963
a100,4,timing,auto,294912,18.70492890310924,18.36291,1.8625528476109876
a100,4,timing,auto,311296,18.992603281652393,18.41,3.1646022903443427
a100,4,timing,auto,327680,19.278807953512263,18.23245,5.738987099990744
a100,4,timing,auto,344064,19.56362342500588,18.25089,7.192709095314709
a100,4,timing,auto,360448,19.84712217146471,18.15707,9.307956468002331
a100,4,timing,auto,376832,20.129369767013458,17.759,13.347428160445162
a100,4,timing,auto,393216,20.410425813174534,17.05305,19.687831872741455
a100,4,timing,auto,409600,20.690344709019065,20.15011,2.681050917434513
a100,4,timing,auto,425984,20.969176295164225,20.26714,3.4639139768325666
a100,4,timing,auto,442368,21.24696639634273,20.32265,4.548208015897193
a100,4,timing,auto,458752,21.523757281686386,20.34408,5.798626832407194
a100,4,timing,auto,475136,21.799588057697548,20.23347,7.7402346591936455
a100,4,timing,auto,491520,22.07449500573526,20.22676,9.135101250695898
a100,4,timing,auto,507904,22.348511873439264,20.74135,7.748588560721759
a100,4,timing,auto,524288,22.621670127661908,20.73254,9.111908756292797
a100,4,timing,auto,540672,22.89399917503698,20.73113,10.432953606662942
a100,4,timing,auto,557056,23.165526555181156,20.78533,11.45132915946563
a100,4,timing,auto,573440,23.436278110629054,20.83057,12.509058132490146
a100,4,timing,auto,589824,23.70627813688884,20.85872,13.651643710107031
a100,4,timing,auto,606208,23.975549515430963,21.2872,12.628948454615752
a100,4,timing,auto,622592,24.24411383196051,21.40352,13.271619957654224
a100,4,timing,auto,638976,24.511991481945767,21.45964,14.223684469757035
a100,4,timing,auto,655360,24.779201765067562,21.56413,14.909350690556789
a100,4,timing,auto,671744,25.045762970000958,21.67249,15.564768838287414
a100,4,timing,auto,688128,25.311692450729907,21.86666,15.754726376730188
a100,4,timing,auto,704512,25.57700669542216,22.22235,15.095868328156836
a100,4,timing,auto,720896,25.84172138874588,22.42715,15.225168551268808
a100,4,timing,auto,737280,26.105851468387257,22.46753,16.193686926810624
a100,4,timing,auto,753664,26.36941117642533,22.58735,16.744156248631768
a100,4,timing,auto,770048,26.632414106134327,22.7172,17.23458043303896
a100,4,timing,auto,786432,26.894873244707767,22.94243,17.22765742211163
a100,4,timing,auto,802816,27.156801012339052,25.03788,8.462861122183863
a100,4,timing,auto,819200,27.418209298035343,25.22113,8.71126431700462
a100,4,timing,auto,835584,27.679109492499226,25.32143,9.311004522648304
a100,4,timing,auto,851968,27.939512518369952,25.32755,10.312732650295642
a100,4,timing,auto,868352,28.199428858083593,25.61039,10.109330073003942
a100,4,timing,auto,884736,28.458868579580574,25.8744,9.988515983290714
a100,4,timing,auto,901120,28.717841360063815,26.28172,9.269261524983197
a100,4,timing,auto,917504,28.9763565079884,26.33789,10.01775961547564
a100,4,timing,auto,933888,29.234422983442833,26.35282,10.934704458357135
a100,4,timing,auto,950272,29.49204941706639,26.4983,11.297892382025987
a100,4,timing,auto,966656,29.749244127631002,26.66092,11.583711768502368
a100,4,timing,auto,983040,30.00601513840266,26.94306,11.368252672126555
a100,4,timing,auto,999424,30.262370192386157,27.70913,9.214436513835555
a100,4,timing,auto,1015808,30.518316766546562,27.81838,9.705585898771108
a100,4,timing,auto,1032192,30.773862085091466,27.85405,10.482540546496711
a100,4,timing,auto,1048576,31.029013131889933,27.98096,10.893311494280166
a100,4,timing,auto,1064960,31.283776662096273,28.21073,10.893183771197235
a100,4,timing,auto,1081344,31.538159213042256,28.42822,10.93961990248513
a100,4,timing,auto,1097728,31.79216711445335,28.90124,10.002778823515346
a100,4,timing,auto,1114112,32.04580649803995,28.94933,10.696193998410152
a100,4,timing,auto,1130496,32.29908330651175,28.96746,11.5012614378746
a100,4,timing,auto,1146880,32.55200330205672,29.21404,11.425887354356723
a100,4,timing,auto,1163264,32.80457207432418,29.47363,11.301431395875493
a100,4,timing,auto,1179648,33.05679504794729,29.73674,11.164825222762452
a100,4,timing,auto,1196032,33.30867748963798,31.28115,6.481627080967223
a100,4,timing,auto,1212416,33.5602245148833,31.37574,6.962336234566258
a100,4,timing,auto,1228800,33.81144109427186,31.55254,7.159173538079222
a100,4,timing,auto,1245184,34.06233205947455,31.83318,7.002605644407978
a100,4,timing,auto,1261568,34.31290210890269,32.1535,6.715916179895465
a100,4,timing,auto,1277952,34.563155813065706,32.33234,6.899642318080601
a100,4,timing,auto,1294336,34.81309761964728,32.54377,6.973155291004329
a100,4,timing,auto,1310720,35.06273185831837,32.61159,7.516167897113801
a100,4,timing,auto,1327104,35.31206274530402,32.77791,7.731282273043094
a100,4,timing,auto,1343488,35.56109438771892,33.0819,7.494111244272306
a100,4,timing,auto,1359872,35.80983078768683,33.43418,7.105455517936532
a100,4,timing,auto,1376256,36.05827584625624,33.66402,7.112210146786491
a100,4,timing,auto,1392640,36.30643336712599,33.99846,6.788464439642228
a100,4,timing,auto,1409024,36.55430706019025,34.21779,6.8283692786420325
a100,4,timing,auto,1425408,36.80190054491564,34.37609,7.0566796424946565
a100,4,timing,auto,1441792,37.04921735355894,34.5394,7.266534316053375
a100,4,timing,auto,1458176,37.296260934234915,34.87645,6.938237504777334
a100,4,timing,auto,1474560,37.543034653843534,40.35291,-6.963253322143226
a100,4,timing,auto,1490944,37.78954180086329,40.30773,-6.247407629099211
a100,4,timing,auto,1507328,38.03578558801928,40.38277,-5.811846022401934
a100,4,timing,auto,1523712,38.281769154832425,40.36975,-5.172142124158752
a100,4,timing,auto,1540096,38.52749557005616,40.45069,-4.754416871365708
a100,4,timing,auto,1556480,38.77296783400734,40.47114,-4.196007737841478
a100,4,timing,auto,1572864,39.018188880796664,40.52605,-3.720720670293143
a100,4,timing,auto,1589248,39.26316158046335,42.27503,-7.124461933052806
a100,4,timing,auto,1605632,39.50788874102044,42.29385,-6.587154536604167
a100,4,timing,auto,1622016,39.75237311041404,42.39937,-6.243009954124212
a100,4,timing,auto,1638400,39.996617378401915,42.54483,-5.989476562952733
a100,4,timing,auto,1654784,40.24062417835503,42.55697,-5.442929375951744
a100,4,timing,auto,1671168,40.48439608898585,42.6267,-5.025732489294632
a100,4,timing,auto,1687552,40.72793563600735,42.60547,-4.406791813334399
a100,4,timing,auto,1703936,40.97124529372633,42.64323,-3.9208678758003934
a100,4,timing,auto,1720320,41.214327486573474,42.66047,-3.389888844231026
a100,4,timing,auto,1736704,41.45718459057407,42.78069,-3.093698136766676
a100,4,timing,auto,1753088,41.69981893476202,42.76547,-2.491849300938298
a100,4,timing,auto,1769472,41.94223280253917,42.8318,-2.0768849253611332
a100,4,timing,auto,1785856,42.184428432983715,42.95323,-1.7898574030783765
a100,4,timing,auto,1802240,42.426408022109364,43.01686,-1.3726059454145179
a100,4,timing,auto,1818624,42.66817372407683,43.2517,-1.3491406717497156
a100,4,timing,auto,1835008,42.909727652361795,43.10722,-0.4581421572493083
a100,4,timing,auto,1851392,43.151071880879286,43.11936,0.07354441457221306
a100,4,timing,auto,1867776,43.39220844506776,43.09651,0.6861308376658659
a100,4,timing,auto,1884160,43.63313934293406,43.21924,0.9576738113258321
a100,4,timing,auto,1900544,43.87386653606111,43.27887,1.3747968374893116
a100,4,timing,auto,1916928,44.1143919505799,43.24339,2.0141851750750783
a100,4,timing,auto,1933312,44.35471747810816,43.42675,2.1368568407909017
a100,4,timing,auto,1949696,44.5948449766556,43.47293,2.580720868493569
a100,4,timing,auto,1966080,44.8347762714981,43.59677,2.839674295820771
a100,4,timing,auto,1982464,45.07451315602289,45.38642,-0.6872250421538273
a100,4,timing,auto,1998848,45.314057392544015,45.36357,-0.10914618813286925
a100,4,timing,auto,2015232,45.55341071309098,45.3762,0.3905366978525837
a100,4,timing,auto,2031616,45.79257482017128,45.41669,0.8276358760871405
a100,4,timing,auto,2048000,46.031551387507726,45.46436,1.247551681157999
a100,4,timing,auto,2064384,46.27034206075063,45.48892,1.717829442313934
a100,4,timing,auto,2080768,46.50894845816859,45.56978,2.0609457806655795
a100,4,timing,auto,2097152,46.74737217131548,45.75784,2.162541263563744
a100,4,timing,auto,2113536,46.985614765676566,45.66215,2.8983846920842993
a100,4,timing,auto,2129920,47.22367778129475,45.92124,2.8362426217034775
a100,4,timing,auto,2146304,47.46156273337609,46.03899,3.089930368533489
a100,4,timing,auto,2162688,47.699271112876936,46.2089,3.225290177599849
a100,4,timing,auto,2179072,47.936804387072705,46.23276,3.685794201065873
a100,4,timing,auto,2195456,48.17416400010929,46.22333,4.22045317831774
a100,4,timing,auto,2211840,48.41135137353739,46.25739,4.656469752265302
a100,4,timing,auto,2228224,48.64836790683081,46.35028,4.9580885095641625
a100,4,timing,auto,2244608,48.88521497788895,46.42573,5.29767647786894
a100,4,timing,auto,2260992,49.12189394352485,46.55927,5.504003700068449
a100,4,timing,auto,2277376,49.358406139937436,46.56789,5.992361131108659
a100,4,timing,auto,2293760,49.5947528831716,46.67651,6.252058868950572
a100,4,timing,auto,2310144,49.830935469563435,46.79874,6.479224589301835
a100,4,timing,auto,2326528,50.066955176173124,46.80536,6.968422369090055
a100,4,timing,auto,2342912,50.30281326120533,47.0409,6.934206746055738
a100,4,timing,auto,2359296,50.53851096441751,47.07247,7.363201812901488
a100,4,timing,auto,2375680,50.77404950751642,48.54913,4.582820552122002
a100,4,timing,auto,2392064,51.009430094543454,48.65593,4.837026225875163
a100,4,timing,auto,2408448,51.24465391224964,48.55071,5.548721969770654
a100,4,timing,auto,2424832,51.4797221304598,48.7428,5.615028538491429
a100,4,timing,auto,2441216,51.714635902426075,48.69761,6.1954291030423825
a100,4,timing,auto,2457600,51.94939636517342,48.93096,6.168765879871185
a100,4,timing,auto,2473984,52.184004639833375,48.97065,6.5617969943902565
a100,4,timing,auto,2490368,52.418461831970795,49.19536,6.5516378617227256
a100,4,timing,auto,2506752,52.65276903190055,49.3701,6.649103469307427
a100,4,timing,auto,2523136,52.886927314996456,49.43803,6.976202965604528
a100,4,timing,auto,2539520,53.12093774199135,49.57901,7.144006590674867
a100,4,timing,auto,2555904,53.35480135926969,49.54254,7.694925127516061
a100,4,timing,auto,2572288,53.588519199152515,49.64251,7.94885109385588
a100,4,timing,auto,2588672,53.822092280174914,49.58993,8.53431791530037
a100,4,timing,auto,2605056,54.05552160735541,49.72257,8.714255130729187
a100,4,timing,auto,2621440,54.288808172460115,49.74081,9.143393870063864
a100,4,timing,auto,2637824,54.52195295425875,49.88208,9.301682997699267
a100,4,timing,auto,2654208,54.75495691877483,50.04439,9.412777173974597
a100,4,timing,auto,2670592,54.98782101952881,50.00351,9.967922290912789
a100,4,timing,auto,2686976,55.22054619777614,50.22264,9.951500354772547
a100,4,timing,auto,2703360,55.453133382738564,50.16502,10.541435810727396
a100,4,timing,auto,2719744,55.685583491829966,50.40301,10.48067068183025
a100,4,timing,auto,2736128,55.917897430876835,50.37755,10.997651594563118
a100,4,timing,auto,2752512,56.15007609433262,50.6172,10.930822120410898
a100,4,timing,auto,2768896,56.382120365487935,53.24867,5.884560807787187
a100,4,timing,auto,2785280,56.61403111667475,53.53142,5.758508025146281
a100,4,timing,auto,2801664,56.845809209465955,53.471,6.311475770914998
a100,4,timing,auto,2818048,57.07745549487045,53.60345,6.480936385382741
a100,4,timing,auto,2834432,57.30897081352308,53.74483,6.631597520213717
a100,4,timing,auto,2850816,57.540355995870485,53.76546,7.02104287003309
a100,4,timing,auto,2867200,57.77161186235227,54.13469,6.718283345396969
a100,4,timing,auto,2883584,58.00273922357812,54.22146,6.973768732118457
a100,4,timing,auto,2899968,58.233738880500816,54.31922,7.206507899967662
a100,4,timing,auto,2916352,58.4646116245849,54.29188,7.6857379493672
a100,4,timing,auto,2932736,58.69535823797241,54.42606,7.844216976155183
a100,4,timing,auto,2949120,58.92597949364318,54.41103,8.297857058841164
a100,4,timing,auto,2965504,59.156476155573344,54.50661,8.530829849028109
a100,4,timing,auto,2981888,59.3868489788887,54.52514,8.916453912614797
a100,4,timing,auto,2998272,59.61709871001584,54.53908,9.310789089247272
a100,4,timing,auto,3014656,59.84722608682866,54.715,9.379925224944996
a100,4,timing,auto,3031040,60.07723183879337,54.78135,9.667308014120435
a100,4,timing,auto,3047424,60.30711668710785,54.90899,9.831043490524682
a100,4,timing,auto,3063808,60.5368813448405,54.97763,10.111842480005961
a100,4,timing,auto,3080192,60.766526517064094,55.1388,10.206472605613627
a100,4,timing,auto,3096576,60.99605290098824,55.20934,10.48140206165884
a100,4,timing,auto,3112960,61.22546118608692,55.45973,10.396248207639891
a100,4,timing,auto,3129344,61.45475205422609,55.44482,10.8394833894782
a100,4,timing,auto,3145728,61.68392617978588,55.77565,10.592931108442261
a100,4,timing,auto,3162112,61.91298422978194,56.64102,9.307678833788557
a100,4,timing,auto,3178496,62.14192686398323,56.77898,9.445303286503615
a100,4,timing,auto,3194880,62.37075473502813,56.88247,9.64846416660199
a100,4,timing,auto,3211264,62.59946848853702,57.01113,9.802188605167128
a100,4,timing,auto,3227648,62.828068763223804,57.37751,9.499468978740634
a100,4,timing,auto,3244032,63.05655619100405,57.37443,9.903586303173828
a100,4,timing,auto,3260416,63.28493139710183,57.42703,10.200599608062323
a100,4,timing,auto,3276800,63.51319500015288,57.52152,10.416405894963976
a100,4,timing,auto,3293184,63.74134761230754,57.52904,10.798559496747284
a100,4,timing,auto,3309568,63.96938983933043,57.55679,11.141343774262658
a100,4,timing,auto,3325952,64.19732228069806,57.63764,11.38090019074005
a100,4,timing,auto,3342336,64.4251455296948,57.70136,11.652733193281417
a100,4,timing,auto,3358720,64.65286017350728,57.68481,12.079523488951915
a100,4,timing,auto,3375104,64.88046679331612,57.81618,12.218529126822485
a100,4,timing,auto,3391488,65.10796596438638,57.9688,12.315531741879049
a100,4,timing,auto,3407872,65.33535825615562,58.1309,12.393508884527193
a100,4,timing,auto,3424256,65.56264423232155,58.27345,12.508602515075996
a100,4,timing,auto,3440640,65.78982445092616,58.43209,12.591941261943829
a100,4,timing,auto,3457024,66.01689946443972,58.45992,12.926770109229913
a100,4,timing,auto,3473408,66.24386981984199,58.55903,13.123236194045539
a100,4,timing,auto,3489792,66.47073605870327,58.86682,12.91715105165061
a100,4,timing,auto,3506176,66.69749871726222,59.03804,12.973768636733563
a100,4,timing,auto,3522560,66.92415832650323,59.19574,13.055700167787808
a100,4,timing,auto,3538944,67.15071541223243,59.24435,13.345349239602488
a100,4,timing,auto,3555328,67.37717049515135,63.44655,6.195168208754209
a100,4,timing,auto,3571712,67.60352409093066,63.53021,6.411617545307435
a100,4,timing,auto,3588096,67.82977671028064,63.91283,6.128576547589337
a100,4,timing,auto,3604480,68.0559288590217,64.06449,6.2303451709702085
a100,4,timing,auto,3620864,68.28198103815339,64.05,6.607308412417479
a100,4,timing,auto,3637248,68.507933743922,63.98379,7.070765492200448
a100,4,timing,auto,3653632,68.73378746788634,64.05471,7.304814068920673
a100,4,timing,auto,3670016,68.9595426969833,64.1524,7.493317002923194
a100,4,timing,auto,3686400,69.18519991359156,64.21912,7.733023924325888
a100,4,timing,auto,3702784,69.41075959559484,64.22323,8.077341478457
a100,4,timing,auto,3719168,69.63622221644232,64.37953,8.165160908199098
a100,4,timing,auto,3735552,69.86158824521004,64.30216,8.645787707924658
a100,4,timing,auto,3751936,70.08685814666069,64.45319,8.740712673276029
a100,4,timing,auto,3768320,70.31203238130026,64.60182,8.839089024582059
a100,4,timing,auto,3784704,70.53711140543757,64.71949,8.988979062470337
a100,4,timing,auto,3801088,70.76209567123874,64.74021,9.301615906464832
a100,4,timing,auto,3817472,70.9869856267831,64.92325,9.339852251363112
a100,4,timing,auto,3833856,71.2117817161178,65.03681,9.49457963285376
a100,4,timing,auto,3850240,71.43648437931084,65.05705,9.805907859810482
a100,4,timing,auto,3866624,71.66109405250384,65.32237,9.703757001627222
a100,4,timing,auto,3883008,71.88561116796289,65.47327,9.793830624257648
a100,4,timing,auto,3899392,72.11003615412973,65.70351,9.750660435233582
a100,4,timing,auto,3915776,72.33436943567145,65.73246,10.043606211712518
a100,4,timing,auto,3932160,72.55861143352918,65.7612,10.336507596469001
a100,4,timing,auto,3948544,72.78276256496675,66.09726,10.114644033605536
a100,4,timing,auto,3964928,73.00682324361699,66.28217,10.145493491865153
a100,4,timing,auto,3981312,73.2307938795289,66.31308,10.431899528010025
a100,4,timing,auto,3997696,73.45467487921323,66.42225,10.587453570472572
a100,4,timing,auto,4014080,73.67846664568741,66.37865,10.997235776394088
a100,4,timing,auto,4030464,73.90216957851884,66.46838,11.183948786654408
a100,4,timing,auto,4046848,74.12578407387025,66.39223,11.648281845436204
a100,4,timing,auto,4063232,74.34931052453983,66.48355,11.83113796501516
a100,4,timing,auto,4079616,74.572749320006,66.52319,12.100380814579093
a100,4,timing,auto,4096000,74.7961008464661,66.60931,12.290760625603415
a100,4,timing,auto,4112384,75.01936548687901,66.77453,12.34727595518683
a100,4,timing,auto,4128768,75.24254362100386,66.95891,12.371219335864136
a100,4,timing,auto,4145152,75.46563562544026,67.10775,12.454426836602718
a100,4,timing,auto,4161536,75.68864187366624,67.20791,12.618651396340464
a100,4,timing,auto,4177920,75.91156273607668,67.51298,12.439952637369412
a100,4,timing,auto,4194304,76.13439858002057,67.60102,12.623150627047597
gh200,2,legacy,auto,262144,10.787200180000932,11.008,-2.0058123183054777
gh200,2,legacy,auto,278528,11.033919892591683,11.37119997,-2.9660904592140103
gh200,2,legacy,auto,294912,11.278729704830132,11.49920002,-1.9172665471199224
gh200,2,legacy,auto,311296,11.521749418565088,11.82880066,-2.5957935234569463
gh200,2,legacy,auto,327680,11.763085419850345,11.98880002,-1.8827121961590199
gh200,2,legacy,auto,344064,12.00283277661894,12.69440074,-5.44781890492817
gh200,2,legacy,auto,360448,12.241076924076863,12.74240017,-3.9342921210669957
gh200,2,legacy,auto,376832,12.477895033918367,13.22400011,-5.642052857496793
gh200,2,legacy,auto,393216,12.713357137853349,13.35359924,-4.794528356286443
gh200,2,legacy,auto,409600,12.947527057937307,14.22560029,-8.984318454112083
gh200,2,legacy,auto,425984,13.180463183326054,14.38399963,-8.367189082539939
gh200,2,legacy,auto,442368,13.412219123740241,14.82080109,-9.504087921469829
gh200,2,legacy,auto,458752,13.64284426305002,14.808001,-7.868426919676608
gh200,2,legacy,auto,475136,13.872384231268668,15.80480114,-12.226771419734117
gh200,2,legacy,auto,491520,14.100881309378641,15.88479988,-11.230349668222317
gh200,2,legacy,auto,507904,14.328374778468792,16.32479951,-12.22939816386882
gh200,2,legacy,auto,524288,14.554901222392118,16.21760055,-10.252437297870687
gh200,2,legacy,auto,540672,14.780494791390478,18.12480018,-18.451543495082678
gh200,2,legacy,auto,557056,15.005187432750123,18.01120117,-16.68969053689092
gh200,2,legacy,auto,573440,15.229009093459606,18.73760112,-18.724873072441596
gh200,2,legacy,auto,589824,15.45198789897054,18.77919957,-17.71753720720196
gh200,2,legacy,auto,606208,15.67415031146465,19.28799972,-18.73625809309867
gh200,2,legacy,auto,622592,15.895521270466912,19.8144,-19.777932864649383
gh200,2,legacy,auto,638976,16.116124318186117,19.8800005,-18.93297830557843
gh200,2,legacy,auto,655360,16.335981711590886,19.48640123,-16.167272146479927
gh200,2,legacy,auto,671744,16.555114522920963,20.56960016,-19.51659539248447
gh200,2,legacy,auto,688128,16.773542730080486,20.52479982,-18.276704878086903
gh200,2,legacy,auto,704512,16.991285298147496,20.61760053,-17.588444526199698
gh200,2,legacy,auto,720896,17.208360253059524,20.64159885,-16.632619507284318
gh200,2,legacy,auto,737280,17.42478474838693,21.48159966,-18.885068969826758
gh200,2,legacy,auto,753664,17.640575125981137,21.55200019,-18.14877983266603
gh200,2,legacy,auto,770048,17.855746971180764,21.66240104,-17.572632238643273
gh200,2,legacy,auto,786432,18.070315163169354,21.64160088,-16.50194796878929
gh200,2,legacy,auto,802816,18.284293921002245,22.55360037,-18.929600502617028
gh200,2,legacy,auto,819200,18.49769684575642,22.43519947,-17.550557682844538
gh200,2,legacy,auto,835584,18.71053695920001,22.64800109,-17.385481902588474
gh200,2,legacy,auto,851968,18.92282673933229,22.75200002,-16.830051324286654
gh200,2,legacy,auto,868352,19.134578153101952,23.61280099,-18.965233471431752
gh200,2,legacy,auto,884736,19.345802686577183,23.59199896,-17.998459056488603
gh200,2,legacy,auto,901120,19.556511372809265,28.48320082,-31.340190674506985
gh200,2,legacy,auto,917504,19.766714817604772,28.52160111,-30.69563401658284
gh200,2,legacy,auto,933888,19.976423223398015,28.76799926,-30.560262314891283
gh200,2,legacy,auto,950272,20.18564641139404,29.02399935,-30.451878226788764
gh200,2,legacy,auto,966656,20.39439384213622,29.13760021,-30.006611062166733
gh200,2,legacy,auto,983040,20.602674634634084,29.2928014,-29.66642434330612
gh200,2,legacy,auto,999424,20.810497584175224,29.3279998,-29.04221997377665
gh200,2,legacy,auto,1015808,21.017871178931777,29.41600047,-28.5495280013783
gh200,2,legacy,auto,1032192,21.224803615461038,29.42880057,-27.877442490477154
gh200,2,legacy,auto,1048576,21.43130281319004,29.44799885,-27.223228571981416
gh200,2,legacy,auto,1064960,21.63737642796623,30.06719984,-28.03660951765493
gh200,2,legacy,auto,1081344,21.843031864746994,30.10079823,-27.433712229674
gh200,2,legacy,auto,1097728,22.048276289495654,30.32160178,-27.285252113433522
gh200,2,legacy,auto,1114112,22.25311664034412,30.30239977,-26.5631870437695
gh200,2,legacy,auto,1130496,22.45755963807821,30.51519953,-26.40533247701753
gh200,2,legacy,auto,1146880,22.661611795995093,30.41760065,-25.498358477544503
gh200,2,legacy,auto,1163264,22.86527942917947,30.47679923,-24.974800481436677
gh200,2,legacy,auto,1179648,23.06856866324066,30.45920096,-24.26403866097786
gh200,2,legacy,auto,1196032,23.271485442548034,31.08480014,-25.135483137296323
gh200,2,legacy,auto,1212416,23.474035538001104,31.18880093,-24.73569089531168
gh200,2,legacy,auto,1228800,23.676224554365934,31.33920208,-24.451731432321345
gh200,2,legacy,auto,1245184,23.878057937207636,31.46240115,-24.10605337028565
gh200,2,legacy,auto,1261568,24.079540979446094,31.48639947,-23.523993264492194
gh200,2,legacy,auto,1277952,24.280678827560564,31.47520125,-22.857748756854846
gh200,2,legacy,auto,1294336,24.48147648746535,31.54719993,-22.397307711025917
gh200,2,legacy,auto,1310720,24.681938830078572,31.63360059,-21.97556278850845
gh200,2,legacy,auto,1327104,24.882070596603594,32.31520206,-23.001964987237976
gh200,2,legacy,auto,1343488,25.081876403541163,32.25599974,-22.241205959467926
gh200,2,legacy,auto,1359872,25.281360747448737,32.3759988,-21.9132638853176
gh200,2,legacy,auto,1376256,25.480528009464123,32.44800121,-21.47273465457282
gh200,2,legacy,auto,1392640,25.67938245960528,32.46239945,-20.894995765307545
gh200,2,legacy,auto,1409024,25.87792826086249,32.52159804,-20.428485005460427
gh200,2,legacy,auto,1425408,26.07616947309343,32.66239911,-20.164561747976794
gh200,2,legacy,auto,1441792,26.27411005673346,32.77119994,-19.825608751470526
gh200,2,legacy,auto,1458176,26.47175387633175,33.17280114,-20.20042635346847
gh200,2,legacy,auto,1474560,26.669104703923534,33.12479705,-19.48900195926322
gh200,2,legacy,auto,1490944,26.86616622224758,33.37759897,-19.508391701886463
gh200,2,legacy,auto,1507328,27.062942027817453,33.38400275,-18.934400315979328
gh200,2,legacy,auto,1523712,27.259435633855187,33.32639858,-18.204676186600466
gh200,2,legacy,auto,1540096,27.455650473094433,33.50720182,-18.060449748726782
gh200,2,legacy,auto,1556480,27.65158990046078,33.6048007,-17.71535814982297
gh200,2,legacy,auto,1572864,27.847257195635322,33.5040018,-16.883787907284187
gh200,2,legacy,auto,1589248,28.042655565508017,34.02239829,-17.57590006889541
gh200,2,legacy,auto,1605632,28.237788146526587,34.04799849,-17.064763278757454
gh200,2,legacy,auto,1622016,28.432658006946493,34.20799971,-16.883014943914443
gh200,2,legacy,auto,1638400,28.62726814898698,34.24319997,-16.400137329259714
gh200,2,legacy,auto,1654784,28.8216215108981,34.46559981,-16.37568569882928
gh200,2,legacy,auto,1671168,29.015720968943345,34.46080163,-15.800795116490896
gh200,2,legacy,auto,1687552,29.20956933930176,34.48799998,-15.30512248828365
gh200,2,legacy,auto,1703936,29.403169379894035,34.52799842,-14.842531495070565
gh200,2,legacy,auto,1720320,29.596523792136043,34.99839827,-15.43463342576551
gh200,2,legacy,auto,1736704,29.789635222623236,35.05279869,-15.014959330132637
gh200,2,legacy,auto,1753088,29.98250626474946,35.19519791,-14.810803617528334
gh200,2,legacy,auto,1769472,30.175139460263733,35.24959832,-14.395792013485465
gh200,2,legacy,auto,1785856,30.367537300766696,35.34720093,-14.087858439186752
gh200,2,legacy,auto,1802240,30.55970222915095,35.33760086,-13.520721595611606
gh200,2,legacy,auto,1818624,30.75163664098738,35.60639918,-13.634522588118159
gh200,2,legacy,auto,1835008,30.943342885859213,35.63199937,-13.158555700044039
gh200,2,legacy,auto,1851392,31.134823268647892,36.05280071,-13.641041318568082
gh200,2,legacy,auto,1867776,31.326080050771,35.97600013,-12.925061325401444
gh200,2,legacy,auto,1884160,31.51711545137607,36.15199775,-12.820542672842826
gh200,2,legacy,auto,1900544,31.70793164849081,36.21920198,-12.455465843781665
gh200,2,legacy,auto,1916928,31.89853078013332,36.34240106,-12.227783939013847
gh200,2,legacy,auto,1933312,32.08891494538199,36.47040203,-12.013816247525511
gh200,2,legacy,auto,1949696,32.279086205409,36.58559918,-11.771060392924259
gh200,2,legacy,auto,1966080,32.46904658447721,36.70879826,-11.549688021638849
gh200,2,legacy,auto,1982464,32.65879807090311,36.94080189,-11.591529149387647
gh200,2,legacy,auto,1998848,32.848342617986816,36.99199855,-11.201492469817321
gh200,2,legacy,auto,2015232,33.03768214491067,37.09600121,-10.94004456737867
gh200,2,legacy,auto,2031616,33.22681853760723,37.18239814,-10.638312212943157
gh200,2,legacy,auto,2048000,33.41575364959908,37.37119958,-10.584209163351987
gh200,2,legacy,auto,2064384,33.60448930281052,37.53279895,-10.466338128479702
gh200,2,legacy,auto,2080768,33.793027288352214,37.47040033,-9.814074600915223
gh200,2,legacy,auto,2097152,33.98136936728109,37.7632007,-10.014594268008937
gh200,2,legacy,auto,2113536,34.16951727133532,39.18879852,-12.80794879716225
gh200,2,legacy,auto,2129920,34.35747270364589,39.24959898,-12.464143337736877
gh200,2,legacy,auto,2146304,34.54523733942521,39.41439837,-12.353762157843606
gh200,2,legacy,auto,2162688,34.732812826634515,39.70880061,-12.531196376937059
gh200,2,legacy,auto,2179072,34.92020078663042,39.60160166,-11.821241255749715
gh200,2,legacy,auto,2195456,35.10740281479036,39.97760266,-12.182320902605214
gh200,2,legacy,auto,2211840,35.2944204811206,40.00479728,-11.774529854284
gh200,2,legacy,auto,2228224,35.4812553308436,40.19039869,-11.71708545486041
gh200,2,legacy,auto,2244608,35.667908884969165,40.36960006,-11.646613214009726
gh200,2,legacy,auto,2260992,35.85438264084746,40.38720205,-11.223405383568874
gh200,2,legacy,auto,2277376,36.04067807270581,40.39680213,-10.783338847653956
gh200,2,legacy,auto,2293760,36.22679663216948,40.58400169,-10.736262754749848
gh200,2,legacy,auto,2310144,36.412739748767144,40.7776013,-10.704066477870178
gh200,2,legacy,auto,2326528,36.598508830421345,41.08319804,-10.916115160295481
gh200,2,legacy,auto,2342912,36.784105263925206,41.07039794,-10.436452752020243
gh200,2,legacy,auto,2359296,36.96953041540444,41.23199731,-10.337764776584757
gh200,2,legacy,auto,2375680,37.15478563076739,41.39680043,-10.247204506555164
gh200,2,legacy,auto,2392064,37.33987223614063,41.45120084,-9.918478887328108
gh200,2,legacy,auto,2408448,37.52479153829437,41.51520133,-9.611924461081788
gh200,2,legacy,auto,2424832,37.70954482505343,41.71039909,-9.591982700318425
gh200,2,legacy,auto,2441216,37.894133365698764,42.00480133,-9.786185945760872
gh200,2,legacy,auto,2457600,38.07855841135713,42.05920175,-9.464381569350333
gh200,2,legacy,auto,2473984,38.262821195379395,42.24000126,-9.41567222060401
gh200,2,legacy,auto,2490368,38.44692293370987,42.27039963,-9.045281638587932
gh200,2,legacy,auto,2506752,38.630864825244146,42.2927998,-8.658530511275941
gh200,2,legacy,auto,2523136,38.81464805217841,42.35040024,-8.348804657770536
gh200,2,legacy,auto,2539520,38.99827378034871,42.50559956,-8.251444082562397
gh200,2,legacy,auto,2555904,39.181743159561506,42.80159995,-8.457293172842007
gh200,2,legacy,auto,2572288,39.36505732391539,42.97919944,-8.40904940802828
gh200,2,legacy,auto,2588672,39.54821739211406,43.02879795,-8.0889560566633
gh200,2,legacy,auto,2605056,39.73122446777188,43.26879978,-8.175811046793314
gh200,2,legacy,auto,2621440,39.91407963971049,43.2847999,-7.78730701788345
gh200,2,legacy,auto,2637824,40.0967839822486,43.12000051,-7.01116997215776
gh200,2,legacy,auto,2654208,40.27933855548394,43.29920188,-6.974408749808713
gh200,2,legacy,auto,2670592,40.46174440556772,43.48320141,-6.9485615282627755
gh200,2,legacy,auto,2686976,40.64400256497331,43.67680103,-6.943728463409138
gh200,2,legacy,auto,2703360,40.82611405275658,43.96640137,-7.142470658028799
gh200,2,legacy,auto,2719744,41.00807987481083,44.10719872,-7.0263334220404765
gh200,2,legacy,auto,2736128,41.18990102411504,44.24479976,-6.904537374913778
gh200,2,legacy,auto,2752512,41.3715784809762,44.15199906,-6.297383217564789
gh200,2,legacy,auto,2768896,41.55311321326485,44.37919706,-6.368037355237255
gh200,2,legacy,auto,2785280,41.73450617664604,44.5520021,-6.324061300387573
gh200,2,legacy,auto,2801664,41.9157583148039,44.54880208,-5.910470410557222
gh200,2,legacy,auto,2818048,42.096870559661106,44.94560137,-6.338174868075841
gh200,2,legacy,auto,2834432,42.27784383159288,44.97919977,-6.005789236403569
gh200,2,legacy,auto,2850816,42.4586790396359,45.1936014,-6.051569858657235
gh200,2,legacy,auto,2867200,42.63937708169236,45.40799931,-6.09721254047394
gh200,2,legacy,auto,2883584,42.81993884472953,45.28320208,-5.43968430262225
gh200,2,legacy,auto,2899968,43.00036520497381,45.27679831,-5.027813781000956
gh200,2,legacy,auto,2916352,43.180657028100704,45.47519982,-5.0457013954453345
gh200,2,legacy,auto,2932736,43.360815169420995,45.57920247,-4.867104250099885
gh200,2,legacy,auto,2949120,43.54084047406134,45.91520131,-5.171186814379802
gh200,2,legacy,auto,2965504,43.72073377714175,46.09439895,-5.149573976293809
gh200,2,legacy,auto,2981888,43.90049590394876,46.31520063,-5.213633306571818
gh200,2,legacy,auto,2998272,44.08012767010443,46.38879746,-4.976783008626773
gh200,2,legacy,auto,3014656,44.25962988173179,46.49440199,-4.806540169607654
gh200,2,legacy,auto,3031040,44.43900333561635,46.15519941,-3.718315804766781
gh200,2,legacy,auto,3047424,44.61824881936424,46.4511998,-3.945971231158074
gh200,2,legacy,auto,3063808,44.79736711155685,46.46559805,-3.5902495791575118
gh200,2,legacy,auto,3080192,44.976358981901605,46.90400138,-4.109761089424547
gh200,2,legacy,auto,3096576,45.15522519137994,47.09280282,-4.114381630725927
gh200,2,legacy,auto,3112960,45.3339664923921,47.33439907,-4.226170854413047
gh200,2,legacy,auto,3129344,45.51258362889802,47.36319929,-3.907286012861688
gh200,2,legacy,auto,3145728,45.69107733655594,47.55679891,-3.923143727513878
gh200,2,legacy,auto,3162112,45.86944834285825,47.48960212,-3.4115968650312856
gh200,2,legacy,auto,3178496,46.047697367262984,47.43840173,-2.9316003744231045
gh200,2,legacy,auto,3194880,46.22582512132414,47.62719944,-2.9423823679603167
gh200,2,legacy,auto,3211264,46.40383230881901,48.01280051,-3.351123417276758
gh200,2,legacy,auto,3227648,46.581719625871145,48.38880152,-3.734504342666878
gh200,2,legacy,auto,3244032,46.759487761073146,48.52960259,-3.6474950019302343
gh200,2,legacy,auto,3260416,46.937137395605184,48.59359935,-3.408806872822878
gh200,2,legacy,auto,3276800,47.114669203352136,48.5823974,-3.0211110920760453
gh200,2,legacy,auto,3293184,47.29208385101688,48.54720086,-2.5853540199003655
gh200,2,legacy,auto,3309568,47.46938199823298,48.63680154,-2.4002802503509724
gh200,2,legacy,auto,3325952,47.646564297674345,48.94239828,-2.64767160553141
gh200,2,legacy,auto,3342336,47.82363139516183,49.25920069,-2.914317071185446
gh200,2,legacy,auto,3358720,48.00058392976893,49.64799806,-3.3181884357958547
gh200,2,legacy,auto,3375104,48.177422533924855,49.76960272,-3.1991016585618204
gh200,2,legacy,auto,3391488,48.35414783351523,49.96480048,-3.223574658582873
gh200,2,legacy,auto,3407872,48.53076044798142,49.88319799,-2.711208576261892
gh200,2,legacy,auto,3424256,48.70726099041732,49.62239787,-1.8442012455346157
gh200,2,legacy,auto,3440640,48.88365006766443,49.81439933,-1.8684341773745672
gh200,2,legacy,auto,3457024,49.05992828040522,49.95999858,-1.801581915887196
gh200,2,legacy,auto,3473408,49.236096223254485,50.40479824,-2.3186324666568336
gh200,2,legacy,auto,3489792,49.41215448484877,50.77279732,-2.679865808014603
gh200,2,legacy,auto,3506176,49.58810364793447,50.87199807,-2.5237743174523763
gh200,2,legacy,auto,3522560,49.76394428945402,51.02559924,-2.4725921289268205
gh200,2,legacy,auto,3538944,49.93967698063024,51.15360022,-2.373094433527556
gh200,2,legacy,auto,3555328,50.11530228704945,50.68160221,-1.1173678381438568
gh200,2,legacy,auto,3571712,50.29082076874258,50.94720051,-1.2883529118122738
gh200,2,legacy,auto,3588096,50.46623298026544,51.27520114,-1.5776986569507212
gh200,2,legacy,auto,3604480,50.641539470776074,51.6015999,-1.8605245401003945
gh200,2,legacy,auto,3620864,50.81674078411247,51.83039978,-1.9557228965821682
gh200,2,legacy,auto,3637248,50.99183745886767,52.04799771,-2.0292043836479867
gh200,2,legacy,auto,3653632,51.166830028463544,52.12960392,-1.8468851077671045
gh200,2,legacy,auto,3670016,51.34171902122378,51.99999735,-1.2659199275444233
gh200,2,legacy,auto,3686400,51.516504960444614,51.95840076,-0.8504799860883705
gh200,2,legacy,auto,3702784,51.691188364465255,52.10400373,-0.7922910639918013
gh200,2,legacy,auto,3719168,51.86576974673634,52.41759866,-1.052755042906539
gh200,2,legacy,auto,3735552,52.040249615887575,52.68960074,-1.2324085113430416
gh200,2,legacy,auto,3751936,52.21462847579367,53.17439884,-1.8049482178336462
gh200,2,legacy,auto,3768320,52.38890682563945,53.23519558,-1.5897166247633598
gh200,2,legacy,auto,3784704,52.56308515998374,53.30880359,-1.3988654402218526
gh200,2,legacy,auto,3801088,52.737163968822365,53.55839804,-1.5333432313720419
gh200,2,legacy,auto,3817472,52.911143737648786,53.40160057,-0.9184309592149997
gh200,2,legacy,auto,3833856,53.08502494751583,53.3536002,-0.5033873093425734
gh200,2,legacy,auto,3850240,53.258808075094464,53.62240225,-0.6780639427722335
gh200,2,legacy,auto,3866624,53.43249359273202,54.12160233,-1.2732600433117636
gh200,2,legacy,auto,3883008,53.60608196850973,54.30240184,-1.2823003180263637
gh200,2,legacy,auto,3899392,53.77957366629963,54.43040282,-1.1957088685392248
gh200,2,legacy,auto,3915776,53.952969145818756,54.64320257,-1.2631642944006205
gh200,2,legacy,auto,3932160,54.12626886268501,54.59200218,-0.8531163883298887
gh200,2,legacy,auto,3948544,54.29947326846917,54.5231998,-0.41033272506290075
gh200,2,legacy,auto,3964928,54.47258281074899,54.60960418,-0.25091075335278434
gh200,2,legacy,auto,3981312,54.64559793315932,54.95039746,-0.5546812051042016
gh200,2,legacy,auto,3997696,54.818519075444314,55.26400357,-0.8061024641318526
gh200,2,legacy,auto,4014080,54.991346673506264,55.36799878,-0.6802703994961634
gh200,2,legacy,auto,4030464,55.16408115945539,55.7728,-1.0914260007469645
gh200,2,legacy,auto,4046848,55.33672296165795,55.83199859,-0.8870820333319762
gh200,2,legacy,auto,4063232,55.509272504783326,55.90559915,-0.7089212015299107
gh200,2,legacy,auto,4079616,55.68173020985132,55.45120314,0.41572960873237363
gh200,2,legacy,auto,4096000,55.85409649427757,55.70559949,0.2665746453446305
gh200,2,legacy,auto,4112384,56.02637177191879,56.00320175,0.04137267369501707
gh200,2,legacy,auto,4128768,56.198556453117384,56.49279803,-0.5208479437084468
gh200,2,legacy,auto,4145152,56.370650944745044,56.55679852,-0.3291338621105422
gh200,2,legacy,auto,4161536,56.54265565024527,56.71200156,-0.2986068294125732
gh200,2,legacy,auto,4177920,56.7145709696763,56.85439706,-0.2459371615112449
gh200,2,legacy,auto,4194304,56.88639729975224,57.00640008,-0.21050755718542424
gh200,2,timing,auto,262144,10.787200180000932,10.80954,-0.20666762877113998
gh200,2,timing,auto,278528,11.033919892591683,11.59319,-4.824126124115247
gh200,2,timing,auto,294912,11.278729704830132,11.66678,-3.326113076357551
gh200,2,timing,auto,311296,11.521749418565088,11.98326,-3.85129406718131
gh200,2,timing,auto,327680,11.763085419850345,12.11414,-2.8978910607740715
gh200,2,timing,auto,344064,12.00283277661894,12.99538,-7.637692959967779
gh200,2,timing,auto,360448,12.241076924076863,13.04754,-6.180958831497252
gh200,2,timing,auto,376832,12.477895033918367,13.52212,-7.722346540939085
gh200,2,timing,auto,393216,12.713357137853349,13.53653,-6.081121691797319
gh200,2,timing,auto,409600,12.947527057937307,14.39309,-10.043451003660042
gh200,2,timing,auto,425984,13.180463183326054,14.50573,-9.136160790762993
gh200,2,timing,auto,442368,13.412219123740241,14.83051,-9.563331781980244
gh200,2,timing,auto,458752,13.64284426305002,14.92619,-8.5979458719873
gh200,2,timing,auto,475136,13.872384231268668,15.81576,-12.28759015520804
gh200,2,timing,auto,491520,14.100881309378641,15.95655,-11.629510706395552
gh200,2,timing,auto,507904,14.328374778468792,16.18279,-11.459181151897846
gh200,2,timing,auto,524288,14.554901222392118,16.22791,-10.309453143429337
gh200,2,timing,auto,540672,14.780494791390478,18.49726,-20.093598774140187
gh200,2,timing,auto,557056,15.005187432750123,18.68606,-19.698494852579294
gh200,2,timing,auto,573440,15.229009093459606,18.65534,-18.36648866512427
gh200,2,timing,auto,589824,15.45198789897054,18.52575,-16.591836233509895
gh200,2,timing,auto,606208,15.67415031146465,19.5865,-19.974725900673175
gh200,2,timing,auto,622592,15.895521270466912,19.7865,-19.6648155537012
gh200,2,timing,auto,638976,16.116124318186117,19.70273,-18.203597581725383
gh200,2,timing,auto,655360,16.335981711590886,19.59035,-16.612098754790573
gh200,2,timing,auto,671744,16.555114522920963,20.39672,-18.834427677974862
gh200,2,timing,auto,688128,16.773542730080486,20.4508,-17.98099472841901
gh200,2,timing,auto,704512,16.991285298147496,20.51831,-17.189645257589458
gh200,2,timing,auto,720896,17.208360253059524,20.58168,-16.38991446247573
gh200,2,timing,auto,737280,17.42478474838693,21.45748,-18.79389029659154
gh200,2,timing,auto,753664,17.640575125981137,21.49204,-17.920424836445783
gh200,2,timing,auto,770048,17.855746971180764,21.59124,-17.300965710256733
gh200,2,timing,auto,786432,18.070315163169354,21.58516,-16.283617248288383
gh200,2,timing,auto,802816,18.284293921002245,22.5448,-18.897954645850724
gh200,2,timing,auto,819200,18.49769684575642,22.548,-17.963026229570602
gh200,2,timing,auto,835584,18.71053695920001,22.56432,-17.07910116857051
gh200,2,timing,auto,851968,18.92282673933229,22.71919,-16.709941070380196
gh200,2,timing,auto,868352,19.134578153101952,23.52781,-18.672506480195338
gh200,2,timing,auto,884736,19.345802686577183,23.6238,-18.108844950527924
gh200,2,timing,auto,901120,19.556511372809265,28.36348,-31.050381078734823
gh200,2,timing,auto,917504,19.766714817604772,28.50012,-30.64339793093933
gh200,2,timing,auto,933888,19.976423223398015,28.57571,-30.092994282913654
gh200,2,timing,auto,950272,20.18564641139404,28.8793,-30.103408284154952
gh200,2,timing,auto,966656,20.39439384213622,29.06841,-29.8400089921113
gh200,2,timing,auto,983040,20.602674634634084,29.21145,-29.4705513261612
gh200,2,timing,auto,999424,20.810497584175224,29.26785,-28.89639114531739
gh200,2,timing,auto,1015808,21.017871178931777,29.29953,-28.26550057652195
gh200,2,timing,auto,1032192,21.224803615461038,29.34105,-27.661744840552604
gh200,2,timing,auto,1048576,21.43130281319004,29.42584,-27.168424713822816
gh200,2,timing,auto,1064960,21.63737642796623,29.87382,-27.5707745846824
gh200,2,timing,auto,1081344,21.843031864746994,30.06614,-27.350062679323006
gh200,2,timing,auto,1097728,22.048276289495654,30.23093,-27.067158405329728
gh200,2,timing,auto,1114112,22.25311664034412,30.29397,-26.54275210431607
gh200,2,timing,auto,1130496,22.45755963807821,30.29525,-25.871020578875537
gh200,2,timing,auto,1146880,22.661611795995093,30.38421,-25.416485088817208
gh200,2,timing,auto,1163264,22.86527942917947,30.36565,-24.700181194278827
gh200,2,timing,auto,1179648,23.06856866324066,30.46549,-24.279672957038724
gh200,2,timing,auto,1196032,23.271485442548034,31.06749,-25.093770232007685
gh200,2,timing,auto,1212416,23.474035538001104,31.23357,-24.8435720348295
gh200,2,timing,auto,1228800,23.676224554365934,31.24402,-24.2215804676673
gh200,2,timing,auto,1245184,23.878057937207636,31.20242,-23.47369871565207
gh200,2,timing,auto,1261568,24.079540979446094,31.26322,-22.97805223055689
gh200,2,timing,auto,1277952,24.280678827560564,31.35698,-22.566909097876888
gh200,2,timing,auto,1294336,24.48147648746535,31.36188,-21.938747015595517
gh200,2,timing,auto,1310720,24.681938830078572,31.54385,-21.753562643499215
gh200,2,timing,auto,1327104,24.882070596603594,32.04698,-22.35751825412693
gh200,2,timing,auto,1343488,25.081876403541163,32.18638,-22.073012238278544
gh200,2,timing,auto,1359872,25.281360747448737,32.17327,-21.421227163267098
gh200,2,timing,auto,1376256,25.480528009464123,32.29528,-21.101386922596355
gh200,2,timing,auto,1392640,25.67938245960528,32.25134,-20.377316230565057
gh200,2,timing,auto,1409024,25.87792826086249,32.26734,-19.801482672998482
gh200,2,timing,auto,1425408,26.07616947309343,32.42253,-19.573921365502855
gh200,2,timing,auto,1441792,26.27411005673346,32.5164,-19.197358696739308
gh200,2,timing,auto,1458176,26.47175387633175,33.09813,-20.020394275048915
gh200,2,timing,auto,1474560,26.669104703923534,33.13355,-19.51027069564374
gh200,2,timing,auto,1490944,26.86616622224758,33.19221,-19.05882066229523
gh200,2,timing,auto,1507328,27.062942027817453,33.15051,-18.36342177596225
gh200,2,timing,auto,1523712,27.259435633855187,33.30325,-18.14782150734482
gh200,2,timing,auto,1540096,27.455650473094433,33.34027,-17.6501855770981
gh200,2,timing,auto,1556480,27.65158990046078,33.3553,-17.09986148989582
gh200,2,timing,auto,1572864,27.847257195635322,33.54698,-16.990270970336752
gh200,2,timing,auto,1589248,28.042655565508017,34.06119,-17.669771474490425
gh200,2,timing,auto,1605632,28.237788146526587,33.9444,-16.811644493564227
gh200,2,timing,auto,1622016,28.432658006946493,34.00488,-16.38653626495229
gh200,2,timing,auto,1638400,28.62726814898698,34.16327,-16.204543215602662
gh200,2,timing,auto,1654784,28.8216215108981,34.24295,-15.831955158950672
gh200,2,timing,auto,1671168,29.015720968943345,34.32423,-15.465777472813391
gh200,2,timing,auto,1687552,29.20956933930176,34.45927,-15.234509206661196
gh200,2,timing,auto,1703936,29.403169379894035,34.60198,-15.024604430457345
gh200,2,timing,auto,1720320,29.596523792136043,34.937,-15.286018283950986
gh200,2,timing,auto,1736704,29.789635222623236,34.93348,-14.724684678929112
gh200,2,timing,auto,1753088,29.98250626474946,35.00655,-14.351724849351156
gh200,2,timing,auto,1769472,30.175139460263733,35.06436,-13.943561324764708
gh200,2,timing,auto,1785856,30.367537300766696,35.17646,-13.67085459774322
gh200,2,timing,auto,1802240,30.55970222915095,35.39459,-13.659962640756817
gh200,2,timing,auto,1818624,30.75163664098738,35.45933,-13.276317852064956
gh200,2,timing,auto,1835008,30.943342885859213,35.49475,-12.822761434129804
gh200,2,timing,auto,1851392,31.134823268647892,35.92908,-13.343666832972367
gh200,2,timing,auto,1867776,31.326080050771,36.02241,-13.037245284890709
gh200,2,timing,auto,1884160,31.51711545137607,36.00641,-12.468042630809151
gh200,2,timing,auto,1900544,31.70793164849081,36.17259,-12.342656004198727
gh200,2,timing,auto,1916928,31.89853078013332,36.34655,-12.237803092361387
gh200,2,timing,auto,1933312,32.08891494538199,36.5763,-12.268559298283355
gh200,2,timing,auto,1949696,32.279086205409,36.63945,-11.900734848888273
gh200,2,timing,auto,1966080,32.46904658447721,36.68447,-11.491029897727255
gh200,2,timing,auto,1982464,32.65879807090311,36.85886,-11.39498597921067
gh200,2,timing,auto,1998848,32.848342617986816,36.97832,-11.168645254876864
gh200,2,timing,auto,2015232,33.03768214491067,37.09388,-10.934951682297267
gh200,2,timing,auto,2031616,33.22681853760723,37.1846,-10.643603702588633
gh200,2,timing,auto,2048000,33.41575364959908,37.39803,-10.648358617822694
gh200,2,timing,auto,2064384,33.60448930281052,37.54396,-10.492954651532438
gh200,2,timing,auto,2080768,33.793027288352214,37.63626,-10.211515999857014
gh200,2,timing,auto,2097152,33.98136936728109,37.76905,-10.028530325011909
gh200,2,timing,auto,2113536,34.16951727133532,39.09122,-12.590302192320113
gh200,2,timing,auto,2129920,34.35747270364589,39.16066,-12.26533795996827
gh200,2,timing,auto,2146304,34.54523733942521,39.27941,-12.052555424266265
gh200,2,timing,auto,2162688,34.732812826634515,39.34709,-11.72711164501743
gh200,2,timing,auto,2179072,34.92020078663042,39.58596,-11.786399049990404
gh200,2,timing,auto,2195456,35.10740281479036,39.68979,-11.545506250372295
gh200,2,timing,auto,2211840,35.2944204811206,39.78292,-11.282478809698715
gh200,2,timing,auto,2228224,35.4812553308436,39.91683,-11.11204138494063
gh200,2,timing,auto,2244608,35.667908884969165,40.08531,-11.019999882826992
gh200,2,timing,auto,2260992,35.85438264084746,40.15134,-10.701902748831138
gh200,2,timing,auto,2277376,36.04067807270581,40.27761,-10.51932308618657
gh200,2,timing,auto,2293760,36.22679663216948,40.48209,-10.511545643593301
gh200,2,timing,auto,2310144,36.412739748767144,40.57921,-10.267499666042923
gh200,2,timing,auto,2326528,36.598508830421345,40.72832,-10.13990061357466
gh200,2,timing,auto,2342912,36.784105263925206,40.89616,-10.05486758677293
gh200,2,timing,auto,2359296,36.96953041540444,40.97504,-9.775486697744673
gh200,2,timing,auto,2375680,37.15478563076739,41.05629,-9.502817641907257
gh200,2,timing,auto,2392064,37.33987223614063,41.14075,-9.238717728430734
gh200,2,timing,auto,2408448,37.52479153829437,41.29018,-9.119331670885488
gh200,2,timing,auto,2424832,37.70954482505343,41.39098,-8.894293333829184
gh200,2,timing,auto,2441216,37.894133365698764,41.64621,-9.009407180872497
gh200,2,timing,auto,2457600,38.07855841135713,41.93132,-9.18826688175538
gh200,2,timing,auto,2473984,38.262821195379395,41.99932,-8.896569764988104
gh200,2,timing,auto,2490368,38.44692293370987,42.12344,-8.72796017203279
gh200,2,timing,auto,2506752,38.630864825244146,41.93464,-7.878391646514327
gh200,2,timing,auto,2523136,38.81464805217841,42.10488,-7.814371986861357
gh200,2,timing,auto,2539520,38.99827378034871,42.24312,-7.681360230142298
gh200,2,timing,auto,2555904,39.181743159561506,42.43671,-7.670167740238332
gh200,2,timing,auto,2572288,39.36505732391539,42.65558,-7.7141670001547595
gh200,2,timing,auto,2588672,39.54821739211406,42.84712,-7.699240013998454
gh200,2,timing,auto,2605056,39.73122446777188,42.97769,-7.553839055165879
gh200,2,timing,auto,2621440,39.91407963971049,43.11336,-7.420624048530444
gh200,2,timing,auto,2637824,40.0967839822486,43.00104,-6.753920411579351
gh200,2,timing,auto,2654208,40.27933855548394,43.07221,-6.484161004313593
gh200,2,timing,auto,2670592,40.46174440556772,43.33319,-6.626434828435846
gh200,2,timing,auto,2686976,40.64400256497331,43.57523,-6.726820340424333
gh200,2,timing,auto,2703360,40.82611405275658,43.80978,-6.8105020094678
gh200,2,timing,auto,2719744,41.00807987481083,43.96274,-6.720827967476928
gh200,2,timing,auto,2736128,41.18990102411504,44.1578,-6.721120562811023
gh200,2,timing,auto,2752512,41.3715784809762,44.18321,-6.363574577365039
gh200,2,timing,auto,2768896,41.55311321326485,43.99109,-5.541978584152263
gh200,2,timing,auto,2785280,41.73450617664604,44.19857,-5.574985397387189
gh200,2,timing,auto,2801664,41.9157583148039,44.39428,-5.58297529590771
gh200,2,timing,auto,2818048,42.096870559661106,44.55491,-5.516876681692084
gh200,2,timing,auto,2834432,42.27784383159288,44.76464,-5.555268998940055
gh200,2,timing,auto,2850816,42.4586790396359,45.03586,-5.722508597291354
gh200,2,timing,auto,2867200,42.63937708169236,45.09729,-5.450245277061305
gh200,2,timing,auto,2883584,42.81993884472953,45.28941,-5.452645895078934
gh200,2,timing,auto,2899968,43.00036520497381,45.05697,-4.564454278719121
gh200,2,timing,auto,2916352,43.180657028100704,45.23568,-4.542924903304868
gh200,2,timing,auto,2932736,43.360815169420995,45.39712,-4.4855374758993705
gh200,2,timing,auto,2949120,43.54084047406134,45.62573,-4.5695477660054
gh200,2,timing,auto,2965504,43.72073377714175,45.86542,-4.676041825973131
gh200,2,timing,auto,2981888,43.90049590394876,46.14381,-4.861571023396727
gh200,2,timing,auto,2998272,44.08012767010443,46.29949,-4.793491958325169
gh200,2,timing,auto,3014656,44.25962988173179,46.31901,-4.446079737602782
gh200,2,timing,auto,3031040,44.43900333561635,46.13981,-3.6862021416725566
gh200,2,timing,auto,3047424,44.61824881936424,46.32781,-3.690140286440824
gh200,2,timing,auto,3063808,44.79736711155685,46.43978,-3.536650880867964
gh200,2,timing,auto,3080192,44.976358981901605,46.80876,-3.9146540478713687
gh200,2,timing,auto,3096576,45.15522519137994,46.97195,-3.86768019769258
gh200,2,timing,auto,3112960,45.3339664923921,47.30217,-4.160915889499139
gh200,2,timing,auto,3129344,45.51258362889802,47.37785,-3.937000879318042
gh200,2,timing,auto,3145728,45.69107733655594,47.49638,-3.8009268568342636
gh200,2,timing,auto,3162112,45.86944834285825,47.30873,-3.0423172576007573
gh200,2,timing,auto,3178496,46.047697367262984,47.43756,-2.9298779969648803
gh200,2,timing,auto,3194880,46.22582512132414,47.65784,-3.0047834284471553
gh200,2,timing,auto,3211264,46.40383230881901,47.87911,-3.0812554602225983
gh200,2,timing,auto,3227648,46.581719625871145,48.15174,-3.2605683078718473
gh200,2,timing,auto,3244032,46.759487761073146,48.44167,-3.4725934075494402
gh200,2,timing,auto,3260416,46.937137395605184,48.45478,-3.1320802702949346
gh200,2,timing,auto,3276800,47.114669203352136,48.72995,-3.3147598071573303
gh200,2,timing,auto,3293184,47.29208385101688,48.434,-2.3576746685863514
gh200,2,timing,auto,3309568,47.46938199823298,48.65639,-2.43957268874041
gh200,2,timing,auto,3325952,47.646564297674345,48.81701,-2.3976185807480954
gh200,2,timing,auto,3342336,47.82363139516183,49.1018,-2.60309928523631
gh200,2,timing,auto,3358720,48.00058392976893,49.43107,-2.893900678725081
gh200,2,timing,auto,3375104,48.177422533924855,49.62513,-2.9172869997018513
gh200,2,timing,auto,3391488,48.35414783351523,49.76064,-2.8265154276246762
gh200,2,timing,auto,3407872,48.53076044798142,49.90719,-2.7579784636614035
gh200,2,timing,auto,3424256,48.70726099041732,49.47218,-1.5461599015500926
gh200,2,timing,auto,3440640,48.88365006766443,49.71332,-1.6689087197064523
gh200,2,timing,auto,3457024,49.05992828040522,49.93699,-1.7563367747931657
gh200,2,timing,auto,3473408,49.236096223254485,50.26018,-2.0375648808768965
gh200,2,timing,auto,3489792,49.41215448484877,50.62209,-2.390133467723732
gh200,2,timing,auto,3506176,49.58810364793447,50.86782,-2.515768027931087
gh200,2,timing,auto,3522560,49.76394428945402,50.86369,-2.162142995417715
gh200,2,timing,auto,3538944,49.93967698063024,51.02432,-2.1257373334319096
gh200,2,timing,auto,3555328,50.11530228704945,50.58527,-0.929060402268389
gh200,2,timing,auto,3571712,50.29082076874258,50.78814,-0.9792034739949496
gh200,2,timing,auto,3588096,50.46623298026544,50.98796,-1.0232357202260345
gh200,2,timing,auto,3604480,50.641539470776074,51.32669,-1.3348815776429879
gh200,2,timing,auto,3620864,50.81674078411247,51.58138,-1.4823938713689588
gh200,2,timing,auto,3637248,50.99183745886767,51.83579,-1.6281270935242453
gh200,2,timing,auto,3653632,51.166830028463544,51.90523,-1.4225926203129458
gh200,2,timing,auto,3670016,51.34171902122378,52.00602,-1.2773540039714981
gh200,2,timing,auto,3686400,51.516504960444614,51.82141,-0.5883765794010398
gh200,2,timing,auto,3702784,51.691188364465255,52.01979,-0.6316858171375617
gh200,2,timing,auto,3719168,51.86576974673634,52.24922,-0.7338870384355212
gh200,2,timing,auto,3735552,52.040249615887575,52.6783,-1.2112205293496991
gh200,2,timing,auto,3751936,52.21462847579367,52.87992,-1.2581174937600692
gh200,2,timing,auto,3768320,52.38890682563945,53.07221,-1.2874971182857187
gh200,2,timing,auto,3784704,52.56308515998374,53.18967,-1.1780197922195312
gh200,2,timing,auto,3801088,52.737163968822365,53.31796,-1.0893065510714117
gh200,2,timing,auto,3817472,52.911143737648786,53.05303,-0.2674423352468591
gh200,2,timing,auto,3833856,53.08502494751583,53.30934,-0.42078002182014407
gh200,2,timing,auto,3850240,53.258808075094464,53.49123,-0.4345047307858452
gh200,2,timing,auto,3866624,53.43249359273202,53.96916,-0.9943945899250184
gh200,2,timing,auto,3883008,53.60608196850973,54.11252,-0.9358980721841714
gh200,2,timing,auto,3899392,53.77957366629963,54.30833,-0.973619210350174
gh200,2,timing,auto,3915776,53.952969145818756,54.44243,-0.8990429967605129
gh200,2,timing,auto,3932160,54.12626886268501,54.52722,-0.7353229035241271
gh200,2,timing,auto,3948544,54.29947326846917,54.25632,0.07953592958234168
gh200,2,timing,auto,3964928,54.47258281074899,54.45744,0.02780668857917945
gh200,2,timing,auto,3981312,54.64559793315932,54.69999,-0.09943706907565852
gh200,2,timing,auto,3997696,54.818519075444314,54.95503,-0.24840478579610803
gh200,2,timing,auto,4014080,54.991346673506264,55.19485,-0.3686998451734813
gh200,2,timing,auto,4030464,55.16408115945539,55.41709,-0.4565538185866691
gh200,2,timing,auto,4046848,55.33672296165795,55.51181,-0.31540502524066705
gh200,2,timing,auto,4063232,55.509272504783326,55.59739,-0.15849214363601316
gh200,2,timing,auto,4079616,55.68173020985132,55.26205,0.7594365570066985
gh200,2,timing,auto,4096000,55.85409649427757,55.5646,0.5210088694556747
gh200,2,timing,auto,4112384,56.02637177191879,55.83579,0.3413254686980949
gh200,2,timing,auto,4128768,56.198556453117384,56.1233,0.13409128315224894
gh200,2,timing,auto,4145152,56.370650944745044,56.26058,0.19564488091847743
gh200,2,timing,auto,4161536,56.54265565024527,56.50601,0.06485265946980512
gh200,2,timing,auto,4177920,56.7145709696763,56.56393,0.266319843186813
gh200,2,timing,auto,4194304,56.88639729975224,56.71177,0.30792073629908323
gh200,4,legacy,auto,262144,11.593600740001444,11.84159983,-2.0943039247979356
gh200,4,legacy,auto,278528,11.756527266990394,11.54400036,1.8410161154083227
gh200,4,legacy,auto,294912,11.917883418977688,11.6063999,2.683722098681862
gh200,4,legacy,auto,311296,12.077770438475559,11.45119965,5.4716606785871535
gh200,4,legacy,auto,327680,12.236278067561578,11.67519949,4.805730112296147
gh200,4,legacy,auto,344064,12.393486363234446,11.54719945,7.328936482814852
gh200,4,legacy,auto,360448,12.549467153455167,11.62880007,7.9171288345588176
gh200,4,legacy,auto,376832,12.704285218094952,11.56480052,9.853042394672906
gh200,4,legacy,auto,393216,12.857999256464673,11.52000017,11.614575231943537
gh200,4,legacy,auto,409600,13.01066268727846,13.74879945,-5.368736124240581
gh200,4,legacy,auto,425984,13.162324315611855,13.84000015,-4.896501640486939
gh200,4,legacy,auto,442368,13.313028893232108,13.74399941,-3.1356994708128583
gh200,4,legacy,auto,458752,13.462817592663033,13.7904007,-2.3754429944661926
gh200,4,legacy,auto,475136,13.611728410870732,13.83520104,-1.6152467064495024
gh200,4,legacy,auto,491520,13.759796515083524,13.80479895,-0.32599123739123215
gh200,4,legacy,auto,507904,13.907054540691925,13.94880004,-0.2992766344657838
gh200,4,legacy,auto,524288,14.053532849199616,13.80479895,1.8017929859066584
gh200,4,legacy,auto,540672,14.199259752662524,14.18079995,0.13017462151367898
gh200,4,legacy,auto,557056,14.344261709852747,13.97279929,2.658468157619609
gh200,4,legacy,auto,573440,14.488563498435585,14.24639951,1.699825898225038
gh200,4,legacy,auto,589824,14.632188366693722,14.26880062,2.5467294439896815
gh200,4,legacy,auto,606208,14.77515816772842,14.28479981,3.432728244361871
gh200,4,legacy,auto,622592,14.9174934785801,14.23839945,4.769454818042074
gh200,4,legacy,auto,638976,15.059213706314516,14.33759928,5.033021304487995
gh200,4,legacy,auto,655360,15.200337182798584,14.41760082,5.4290333916914735
gh200,4,legacy,auto,671744,15.34088124962382,14.37759958,6.699878267327697
gh200,4,legacy,auto,688128,15.480862334416734,14.36959952,7.733429264121439
gh200,4,legacy,auto,704512,15.620296019593866,14.54399992,7.400275752984653
gh200,4,legacy,auto,720896,15.759197104467535,14.56640102,8.18868080612225
gh200,4,legacy,auto,737280,15.897579661482137,14.50079959,9.632434837906324
gh200,4,legacy,auto,753664,16.035457087252908,14.64159973,9.51984334332645
gh200,4,legacy,auto,770048,16.172842148990885,14.58079927,10.918762747571131
gh200,4,legacy,auto,786432,16.309747026819664,14.5855993,11.820890532894769
gh200,4,legacy,auto,802816,16.446183352425706,16.66720025,-1.3260589316690718
gh200,4,legacy,auto,819200,16.582162244428154,16.79040119,-1.240226145971235
gh200,4,legacy,auto,835584,16.717694340806474,16.58399962,0.8061669311981934
gh200,4,legacy,auto,851968,16.852789828683708,16.95200056,-0.5852449742739463
gh200,4,legacy,auto,868352,16.987458471727255,16.87039994,0.6938693341211666
gh200,4,legacy,auto,884736,17.121709635399526,16.83519967,1.701850711697106
gh200,4,legacy,auto,901120,17.255552310263525,16.84319973,2.44818435257923
gh200,4,legacy,auto,917504,17.388995133526056,16.92000031,2.7718369676912546
gh200,4,legacy,auto,933888,17.52204640898052,16.95040055,3.37246224532739
gh200,4,legacy,auto,950272,17.654714125494664,16.98399894,3.949100490786206
gh200,4,legacy,auto,966656,17.787005974172203,16.97440073,4.787239662228737
gh200,4,legacy,auto,983040,17.918929364304567,17.17280038,4.3448300090504155
gh200,4,legacy,auto,999424,18.05049143821673,17.16800034,5.1403254935905585
gh200,4,legacy,auto,1015808,18.18169908510064,17.1360001,6.102351651483939
gh200,4,legacy,auto,1032192,18.312558953920423,17.17280038,6.636998909320702
gh200,4,legacy,auto,1048576,18.44307746546547,17.08799973,7.9299962364025145
gh200,4,legacy,auto,1064960,18.573260823620174,17.27360114,7.52396488194107
gh200,4,legacy,auto,1081344,18.703115025912297,17.26880111,8.305810616358977
gh200,4,legacy,auto,1097728,18.832645873396263,17.37600006,8.383090517762493
gh200,4,legacy,auto,1114112,18.961858979923214,17.35039987,9.287734703506946
gh200,4,legacy,auto,1130496,19.09075978084354,17.41440035,9.626282830023136
gh200,4,legacy,auto,1146880,19.21935354118483,17.47359894,9.99081303845486
gh200,4,legacy,auto,1163264,19.34764536334377,17.56159961,10.17017693722362
gh200,4,legacy,auto,1179648,19.47564019432742,17.34559983,12.2800040656041
gh200,4,legacy,auto,1196032,19.603342832575755,19.61600035,-0.06452649469005367
gh200,4,legacy,auto,1212416,19.73075793439587,19.50239949,1.170924862414835
gh200,4,legacy,auto,1228800,19.8578900200339,19.39840056,2.3686976594419873
gh200,4,legacy,auto,1245184,19.984743479410433,19.39360052,3.048134145079495
gh200,4,legacy,auto,1261568,20.111322577541817,19.4032006,3.649511192198962
gh200,4,legacy,auto,1277952,20.237631459668695,19.42719892,4.171638654682064
gh200,4,legacy,auto,1294336,20.36367415611053,20.00319958,1.8020845848628397
gh200,4,legacy,auto,1310720,20.489454586865193,20.12960054,1.7876859809021983
gh200,4,legacy,auto,1327104,20.614976565968426,19.70559917,4.614817281744332
gh200,4,legacy,auto,1343488,20.74024380563023,19.69760098,5.293247775142151
gh200,4,legacy,auto,1359872,20.865259920160693,19.61760037,6.359898900115524
gh200,4,legacy,auto,1376256,20.990028429699414,19.75839958,6.233444387601628
gh200,4,legacy,auto,1392640,21.114552763760067,20.67040093,2.1487335212518666
gh200,4,legacy,auto,1409024,21.23883626460132,20.94880119,1.3844948547211855
gh200,4,legacy,auto,1425408,21.36288219043499,20.29919997,5.2400204047794885
gh200,4,legacy,auto,1441792,21.486693718480225,20.11680044,6.809697608553833
gh200,4,legacy,auto,1458176,21.610273947873942,20.20799927,6.9392059012774565
gh200,4,legacy,auto,1474560,21.73362590244461,20.36640048,6.71314218625545
gh200,4,legacy,auto,1490944,21.85675253335807,21.50239982,1.647968209708739
gh200,4,legacy,auto,1507328,21.97965672164233,21.41119912,2.654954533169218
gh200,4,legacy,auto,1523712,22.10234128059799,20.46399936,8.005971324453709
gh200,4,legacy,auto,1540096,22.22480895810135,20.62879875,7.73680633294922
gh200,4,legacy,auto,1556480,22.347062438804716,20.47519945,9.142098924973908
gh200,4,legacy,auto,1572864,22.469104346241043,20.5343999,9.421772516668693
gh200,4,legacy,auto,1589248,22.5909372448371,23.11359905,-2.2612739973219442
gh200,4,legacy,auto,1605632,22.712563641840184,22.39679918,1.4098642368600478
gh200,4,legacy,auto,1622016,22.833985989163075,22.65439928,0.7927233335276229
gh200,4,legacy,auto,1638400,22.955206685151527,22.50880003,1.983253903169202
gh200,4,legacy,auto,1654784,23.076228076278085,22.41120115,2.9673863610745643
gh200,4,legacy,auto,1671168,23.19705245876623,22.52000012,3.0064490904018193
gh200,4,legacy,auto,1687552,23.317682080148188,23.72960001,-1.7358823144015156
gh200,4,legacy,auto,1703936,23.43811914075959,22.74719998,3.037381134236594
gh200,4,legacy,auto,1720320,23.55836579517494,22.7760002,3.4350438545172723
gh200,4,legacy,auto,1736704,23.678424153585453,22.84799889,3.6345645305021046
gh200,4,legacy,auto,1753088,23.798296283123243,22.83680066,4.2102903880373965
gh200,4,legacy,auto,1769472,23.917984209133948,22.86400087,4.609793995052214
gh200,4,legacy,auto,1785856,24.037489916400137,24.36639927,-1.3498480015667114
gh200,4,legacy,auto,1802240,24.156815350318325,23.40799943,3.198974446994529
gh200,4,legacy,auto,1818624,24.275962418031128,23.25120009,4.407352412195964
gh200,4,legacy,auto,1835008,24.39493298951703,23.32320064,4.595134115851063
gh200,4,legacy,auto,1851392,24.513728898639982,23.31360057,5.147760531611367
gh200,4,legacy,auto,1867776,24.63235194415998,23.37120101,5.396175120056346
gh200,4,legacy,auto,1884160,24.750803890706756,25.77120066,-3.9594459829612183
gh200,4,legacy,auto,1900544,24.869086469718393,23.8992013,4.058232564108288
gh200,4,legacy,auto,1916928,24.98720138034647,23.87199923,4.671590927939517
gh200,4,legacy,auto,1933312,25.105150290328325,23.90079945,5.038956302896058
gh200,4,legacy,auto,1949696,25.22293483682932,23.77760038,6.078554747875375
gh200,4,legacy,auto,1966080,25.340556627255165,23.83999899,6.294285657833254
gh200,4,legacy,auto,1982464,25.458017240036252,25.63999966,-0.7097598376635372
gh200,4,legacy,auto,1998848,25.575318225384855,25.68640187,-0.43246089965167656
gh200,4,legacy,auto,2015232,25.692461106026915,25.71680024,-0.09464293281412628
gh200,4,legacy,auto,2031616,25.809447377908462,25.6240014,0.7237198242912246
gh200,4,legacy,auto,2048000,25.92627851087873,25.71680024,0.8145580668037722
gh200,4,legacy,auto,2064384,26.04295594935044,25.48160031,2.2029842416535272
gh200,4,legacy,auto,2080768,26.159481112938273,26.04480088,0.44031910040953637
gh200,4,legacy,auto,2097152,26.2758553970764,25.87040141,1.567250467631598
gh200,4,legacy,auto,2113536,26.3920801736159,26.01760067,1.4393314293877024
gh200,4,legacy,auto,2129920,26.508156791402957,26.02719888,1.8479050074518
gh200,4,legacy,auto,2146304,26.624086576838604,26.00960061,2.3625351886501056
gh200,4,legacy,auto,2162688,26.73987083442039,25.99200048,2.8773097130244008
gh200,4,legacy,auto,2179072,26.855510847267542,26.48960054,1.3813356932846466
gh200,4,legacy,auto,2195456,26.971007877628907,26.76000074,0.7885169349547194
gh200,4,legacy,auto,2211840,27.086363167375858,26.5183989,2.1417743564293934
gh200,4,legacy,auto,2228224,27.20157793847959,26.43680014,2.8928531230315135
gh200,4,legacy,auto,2244608,27.316653393473914,26.54879913,2.892237271124798
gh200,4,legacy,auto,2260992,27.431590715904004,26.77280083,2.4606685347832613
gh200,4,legacy,auto,2277376,27.54639107076146,27.96160057,-1.4849275104945936
gh200,4,legacy,auto,2293760,27.661055604906768,27.88160183,-0.7910098796975573
gh200,4,legacy,auto,2310144,27.77558544747845,27.72960067,0.16583281535749173
gh200,4,legacy,auto,2326528,27.889981710291146,27.56479941,1.1797013120043776
gh200,4,legacy,auto,2342912,28.004245488221002,27.48799883,1.8780801811500991
gh200,4,legacy,auto,2359296,28.118377859580438,27.69599855,1.5250553570686831
gh200,4,legacy,auto,2375680,28.232379886482285,28.85279991,-2.1502939938341514
gh200,4,legacy,auto,2392064,28.346252615192626,29.12000194,-2.657106020808786
gh200,4,legacy,auto,2408448,28.459997076474377,28.94560061,-1.6776419327704684
gh200,4,legacy,auto,2424832,28.573614285920915,29.01920117,-1.5354898347089252
gh200,4,legacy,auto,2441216,28.687105244280062,29.02239934,-1.155294198084511
gh200,4,legacy,auto,2457600,28.800470937769305,28.99360098,-0.6661126445242749
gh200,4,legacy,auto,2473984,28.91371233838228,29.76160124,-2.8489357638397106
gh200,4,legacy,auto,2490368,29.026830404186647,30.2799996,-4.138603739655777
gh200,4,legacy,auto,2506752,29.139826079613695,30.48320115,-4.406935688203816
gh200,4,legacy,auto,2523136,29.252700295740485,30.38400039,-3.723341494663257
gh200,4,legacy,auto,2539520,29.36545397056416,30.27519956,-3.004920207488271
gh200,4,legacy,auto,2555904,29.47808800926861,30.39999865,-3.032600926550999
gh200,4,legacy,auto,2572288,29.590603304484304,30.54239973,-3.116311861313248
gh200,4,legacy,auto,2588672,29.703000736541487,30.47519922,-2.533858689106594
gh200,4,legacy,auto,2605056,29.81528117371614,30.43839894,-2.0471437000091353
gh200,4,legacy,auto,2621440,29.927445472469874,30.60160019,-2.2030047884568638
gh200,4,legacy,auto,2637824,30.039494477683306,30.48959933,-1.4762570260272945
gh200,4,legacy,auto,2654208,30.151429022883885,30.2543994,-0.34034844240244944
gh200,4,legacy,auto,2670592,30.263249930467406,30.37920035,-0.38167699675016875
gh200,4,legacy,auto,2686976,30.374958011914064,30.36800027,0.022911426014893266
gh200,4,legacy,auto,2703360,30.486554067998732,30.28959967,0.6502377058281272
gh200,4,legacy,auto,2719744,30.5980388889967,30.24159931,1.1786399764870836
gh200,4,legacy,auto,2736128,30.70941325488317,30.31679988,1.2950356780307093
gh200,4,legacy,auto,2752512,30.820677935528654,30.27360141,1.8071075129764358
gh200,4,legacy,auto,2768896,30.931833690889377,32.47680143,-4.757142548168192
gh200,4,legacy,auto,2785280,31.04288127119234,32.45120123,-4.339808405938827
gh200,4,legacy,auto,2801664,31.153821417116824,32.47839957,-4.078335664380084
gh200,4,legacy,auto,2818048,31.264654859970854,32.39200264,-3.480327513424619
gh200,4,legacy,auto,2834432,31.3753823218634,32.40799904,-3.1863019894010747
gh200,4,legacy,auto,2850816,31.486004515872693,32.42399916,-2.892902382271423
gh200,4,legacy,auto,2867200,31.596522146210315,32.63520077,-3.182694144000764
gh200,4,legacy,auto,2883584,31.70693590838163,32.54719824,-2.581673314619448
gh200,4,legacy,auto,2899968,31.81724648934212,32.50399977,-2.1128269921159903
gh200,4,legacy,auto,2916352,31.92745456765021,32.53279999,-1.860723400801234
gh200,4,legacy,auto,2932736,32.037560813616494,32.61920065,-1.7831210599684288
gh200,4,legacy,auto,2949120,32.14756588944927,32.51520172,-1.1306583108927848
gh200,4,legacy,auto,2965504,32.257470449397545,32.5823985,-0.9972502503228897
gh200,4,legacy,auto,2981888,32.36727513988923,32.59360045,-0.6943857290573341
gh200,4,legacy,auto,2998272,32.47698059966803,32.50399977,-0.08312567844929175
gh200,4,legacy,auto,3014656,32.58658745992539,32.61440247,-0.08528443867765745
gh200,4,legacy,auto,3031040,32.6960963444309,32.4943997,0.6207120189726023
gh200,4,legacy,auto,3047424,32.80550786965911,32.52159804,0.8729885576653107
gh200,4,legacy,auto,3063808,32.914822644913414,32.4815996,1.3337491079516095
gh200,4,legacy,auto,3080192,33.02404127244748,32.48479962,1.6599814644246313
gh200,4,legacy,auto,3096576,33.13316434758376,32.55200014,1.785341008491903
gh200,4,legacy,auto,3112960,33.242192458829656,32.42079914,2.5335381625934073
gh200,4,legacy,auto,3129344,33.35112618799087,32.56959841,2.399562217969864
gh200,4,legacy,auto,3145728,33.45996611028241,32.46400133,3.067905185680342
gh200,4,legacy,auto,3162112,33.568712794437204,33.89599919,-0.9655605480995866
gh200,4,legacy,auto,3178496,33.67736680281239,34.2207998,-1.588019568109611
gh200,4,legacy,auto,3194880,33.785928691493,34.02560204,-0.7043912058491975
gh200,4,legacy,auto,3211264,33.8943990103942,34.14880112,-0.7449810864862294
gh200,4,legacy,auto,3227648,34.00277830336026,34.15519744,-0.44625459099598697
gh200,4,legacy,auto,3244032,34.11106710826268,34.17120129,-0.17597912706368568
gh200,4,legacy,auto,3260416,34.21926595709496,34.0944007,0.3662339109393953
gh200,4,legacy,auto,3276800,34.32737537606668,34.0944007,0.6833223968846003
gh200,4,legacy,auto,3293184,34.435395885694376,34.07359868,1.061810961302223
gh200,4,legacy,auto,3309568,34.54332800089166,34.33439881,0.6085127397972956
gh200,4,legacy,auto,3325952,34.651172231056556,34.35359895,0.8662070064032079
gh200,4,legacy,auto,3342336,34.75892908015777,34.44159776,0.9213606243503536
gh200,4,legacy,auto,3358720,34.86659904681862,34.19680148,1.9586555988587273
gh200,4,legacy,auto,3375104,34.97418262439967,34.31519866,1.9203851066956545
gh200,4,legacy,auto,3391488,35.081680301079345,34.63999927,1.2750607401480707
gh200,4,legacy,auto,3407872,35.18909255993361,34.13759917,3.0801620954576725
gh200,4,legacy,auto,3424256,35.29641987901299,34.14719924,3.3654901854052843
gh200,4,legacy,auto,3440640,35.40366273141893,34.37759727,2.9846921917208613
gh200,4,legacy,auto,3457024,35.510821585378324,34.14719924,3.99336512430859
gh200,4,legacy,auto,3473408,35.617896904316645,34.20960158,4.116666839931815
gh200,4,legacy,auto,3489792,35.7248891469293,34.47999805,3.610473223125088
gh200,4,legacy,auto,3506176,35.83179876725238,34.26880017,4.560995977386684
gh200,4,legacy,auto,3522560,35.93862621473098,34.29279849,4.799339211732501
gh200,4,legacy,auto,3538944,36.04537193428729,34.20000151,5.395819715819905
gh200,4,legacy,auto,3555328,36.15203636638623,39.13279995,-7.617046537488492
gh200,4,legacy,auto,3571712,36.258619947101074,39.01439905,-7.063492377178948
gh200,4,legacy,auto,3588096,36.365123108176675,39.1440019,-7.099117762467011
gh200,4,legacy,auto,3604480,36.471546277092315,39.27680105,-7.142268967721055
gh200,4,legacy,auto,3620864,36.57788987712271,39.29919749,-6.924588252901975
gh200,4,legacy,auto,3637248,36.68415432739856,39.43520039,-6.976117872851106
gh200,4,legacy,auto,3653632,36.79034004296541,39.35360163,-6.513410414462717
gh200,4,legacy,auto,3670016,36.89644743484146,39.20320049,-5.884093712570603
gh200,4,legacy,auto,3686400,37.00247691007468,39.36640173,-6.0049298793896195
gh200,4,legacy,auto,3702784,37.1084288717987,39.2735973,-5.513038216647647
gh200,4,legacy,auto,3719168,37.214303719287294,39.36640173,-5.466839528471956
gh200,4,legacy,auto,3735552,37.32010184800822,39.4096002,-5.3020034240077845
gh200,4,legacy,auto,3751936,37.42582364967643,39.46080059,-5.156958069520923
gh200,4,legacy,auto,3768320,37.53146951230531,39.54559937,-5.093183286590031
gh200,4,legacy,auto,3784704,37.63703982025807,38.95200044,-3.375848749456245
gh200,4,legacy,auto,3801088,37.742534954297454,39.08959776,-3.4460902206596256
gh200,4,legacy,auto,3817472,37.84795529163512,39.09280151,-3.1843361700400252
gh200,4,legacy,auto,3833856,37.95330120597958,39.28960115,-3.401154261960293
gh200,4,legacy,auto,3850240,38.058573067583474,39.02400285,-2.473938376151308
gh200,4,legacy,auto,3866624,38.1637712432905,39.42880034,-3.208388502315529
gh200,4,legacy,auto,3883008,38.26889609658082,39.31520134,-2.66132490171086
gh200,4,legacy,auto,3899392,38.37394798761589,39.28480297,-2.318593739873631
gh200,4,legacy,auto,3915776,38.47892727328287,39.21439871,-1.8755137421744394
gh200,4,legacy,auto,3932160,38.58383430723777,39.19520229,-1.5598031061015982
gh200,4,legacy,auto,3948544,38.68866943994789,40.02080113,-3.3285982600021913
gh200,4,legacy,auto,3964928,38.79343301873405,39.95519876,-2.907671034861725
gh200,4,legacy,auto,3981312,38.89812538781145,40.19359872,-3.2230837084611053
gh200,4,legacy,auto,3997696,39.00274688833012,40.33280164,-3.297699880959415
gh200,4,legacy,auto,4014080,39.107297858414775,40.14559835,-2.5863370687193243
gh200,4,legacy,auto,4030464,39.21177863320371,40.33919796,-2.7948481472393927
gh200,4,legacy,auto,4046848,39.31618954488748,40.35840183,-2.582392359099317
gh200,4,legacy,auto,4063232,39.42053092274638,40.2752012,-2.1220757483233044
gh200,4,legacy,auto,4079616,39.5248030931876,40.54719955,-2.5214970902038614
gh200,4,legacy,auto,4096000,39.62900637978207,40.30720145,-1.6825655114240945
gh200,4,legacy,auto,4112384,39.73314110329973,40.52479938,-1.9535155973923746
gh200,4,legacy,auto,4128768,39.83720758174526,40.68639874,-2.087162257051456
gh200,4,legacy,auto,4145152,39.94120613039314,40.59360176,-1.6071390596577029
gh200,4,legacy,auto,4161536,40.045137061820824,40.37440196,-0.8155288554004714
gh200,4,legacy,auto,4177920,40.149000685942994,40.36960006,-0.5464492433146173
gh200,4,legacy,auto,4194304,40.25279731004483,40.32799974,-0.18647696498712563
gh200,4,timing,auto,262144,11.593600740001444,11.16029,3.882611831784333
gh200,4,timing,auto,278528,11.756527266990394,11.26364,4.3759145976824065
gh200,4,timing,auto,294912,11.917883418977688,11.30936,5.380706060976825
gh200,4,timing,auto,311296,12.077770438475559,11.40632,5.886652649369473
gh200,4,timing,auto,327680,12.236278067561578,11.46104,6.76411623693467
gh200,4,timing,auto,344064,12.393486363234446,11.39448,8.767459008523826
gh200,4,timing,auto,360448,12.549467153455167,11.54587,8.69226098557463
gh200,4,timing,auto,376832,12.704285218094952,11.57655,9.74154837231258
gh200,4,timing,auto,393216,12.857999256464673,11.58043,11.032140054079797
gh200,4,timing,auto,409600,13.01066268727846,13.64884,-4.675689016220719
gh200,4,timing,auto,425984,13.162324315611855,13.56048,-2.9361474253724484
gh200,4,timing,auto,442368,13.313028893232108,13.64752,-2.450929595764595
gh200,4,timing,auto,458752,13.462817592663033,13.6626,-1.46225760350861
gh200,4,timing,auto,475136,13.611728410870732,13.71572,-0.7581927097466745
gh200,4,timing,auto,491520,13.759796515083524,13.7618,-0.01455830571926997
gh200,4,timing,auto,507904,13.907054540691925,13.80147,0.7650238756590877
gh200,4,timing,auto,524288,14.053532849199616,13.82644,1.6424535108069405
gh200,4,timing,auto,540672,14.199259752662524,13.91348,2.0539775287169215
gh200,4,timing,auto,557056,14.344261709852747,13.92692,2.9966547510343
gh200,4,timing,auto,573440,14.488563498435585,13.96339,3.7610744843163735
gh200,4,timing,auto,589824,14.632188366693722,14.03634,4.245040848923032
gh200,4,timing,auto,606208,14.77515816772842,14.07182,4.998203272415513
gh200,4,timing,auto,622592,14.9174934785801,14.04079,6.243975435713378
gh200,4,timing,auto,638976,15.059213706314516,14.15763,6.368182431060254
gh200,4,timing,auto,655360,15.200337182798584,14.1179,7.66712600881565
gh200,4,timing,auto,671744,15.34088124962382,14.2341,7.775561852339252
gh200,4,timing,auto,688128,15.480862334416734,14.24302,8.69086987462444
gh200,4,timing,auto,704512,15.620296019593866,14.32653,9.030560921548103
gh200,4,timing,auto,720896,15.759197104467535,14.38194,9.576295718571593
gh200,4,timing,auto,737280,15.897579661482137,14.35442,10.75041458646282
gh200,4,timing,auto,753664,16.035457087252908,14.44013,11.047872056919905
gh200,4,timing,auto,770048,16.172842148990885,14.50801,11.475261934551217
gh200,4,timing,auto,786432,16.309747026819664,14.46385,12.762141662279847
gh200,4,timing,auto,802816,16.446183352425706,16.45126,-0.030858715832682293
gh200,4,timing,auto,819200,16.582162244428154,16.43622,0.8879307068666353
gh200,4,timing,auto,835584,16.717694340806474,16.49125,1.3731181129779335
gh200,4,timing,auto,851968,16.852789828683708,16.46438,2.35909174037352
gh200,4,timing,auto,868352,16.987458471727255,16.5303,2.7655787960729983
gh200,4,timing,auto,884736,17.121709635399526,16.56747,3.345348658543079
gh200,4,timing,auto,901120,17.255552310263525,16.61292,3.868268253043561
gh200,4,timing,auto,917504,17.388995133526056,16.65157,4.428562192790575
gh200,4,timing,auto,933888,17.52204640898052,16.64906,5.243457642536686
gh200,4,timing,auto,950272,17.654714125494664,16.67141,5.898146140576355
gh200,4,timing,auto,966656,17.787005974172203,16.65861,6.7736502275532295
gh200,4,timing,auto,983040,17.918929364304567,16.76555,6.879460347585176
gh200,4,timing,auto,999424,18.05049143821673,16.77643,7.594353734475878
gh200,4,timing,auto,1015808,18.18169908510064,16.86725,7.792906876347017
gh200,4,timing,auto,1032192,18.312558953920423,16.85061,8.67594083490404
gh200,4,timing,auto,1048576,18.44307746546547,16.88586,9.222020468400594
gh200,4,timing,auto,1064960,18.573260823620174,16.89225,9.951373106721562
gh200,4,timing,auto,1081344,18.703115025912297,16.95882,10.285474024208629
gh200,4,timing,auto,1097728,18.832645873396263,17.03978,10.521649184415892
gh200,4,timing,auto,1114112,18.961858979923214,17.08203,11.004716534997394
gh200,4,timing,auto,1130496,19.09075978084354,17.25129,10.662795540759795
gh200,4,timing,auto,1146880,19.21935354118483,17.17,11.935664188612872
gh200,4,timing,auto,1163264,19.34764536334377,17.18019,12.616015092637323
gh200,4,timing,auto,1179648,19.47564019432742,17.19907,13.236588922118585
gh200,4,timing,auto,1196032,19.603342832575755,19.1446,2.3961996206541603
gh200,4,timing,auto,1212416,19.73075793439587,19.22556,2.627741061357214
gh200,4,timing,auto,1228800,19.8578900200339,19.10973,3.915073734866481
gh200,4,timing,auto,1245184,19.984743479410433,19.0918,4.6771047225009355
gh200,4,timing,auto,1261568,20.111322577541817,19.18595,4.82317830256942
gh200,4,timing,auto,1277952,20.237631459668695,19.19874,5.411248132266455
gh200,4,timing,auto,1294336,20.36367415611053,19.71747,3.2773178106041634
gh200,4,timing,auto,1310720,20.489454586865193,20.11585,1.8572647283867871
gh200,4,timing,auto,1327104,20.614976565968426,19.52417,5.586954866549632
gh200,4,timing,auto,1343488,20.74024380563023,19.45762,6.591884339555554
gh200,4,timing,auto,1359872,20.865259920160693,19.47459,7.140945817912958
gh200,4,timing,auto,1376256,20.990028429699414,19.50619,7.607013105580407
gh200,4,timing,auto,1392640,21.114552763760067,20.70679,1.9692224809353176
gh200,4,timing,auto,1409024,21.23883626460132,20.97343,1.265440438694676
gh200,4,timing,auto,1425408,21.36288219043499,19.98329,6.9037290177693
gh200,4,timing,auto,1441792,21.486693718480225,20.00321,7.41622828776094
gh200,4,timing,auto,1458176,21.610273947873942,20.04025,7.834353103748426
gh200,4,timing,auto,1474560,21.73362590244461,20.01376,8.593417241161138
gh200,4,timing,auto,1490944,21.85675253335807,21.41213,2.0764983836641493
gh200,4,timing,auto,1507328,21.97965672164233,21.52477,2.1133174553889633
gh200,4,timing,auto,1523712,22.10234128059799,20.40767,8.30408998478509
gh200,4,timing,auto,1540096,22.22480895810135,20.34046,9.264042986743416
gh200,4,timing,auto,1556480,22.347062438804716,20.3603,9.75802143782123
gh200,4,timing,auto,1572864,22.469104346241043,20.39064,10.19322760953576
gh200,4,timing,auto,1589248,22.5909372448371,23.36182,-3.2997547073083444
gh200,4,timing,auto,1605632,22.712563641840184,22.04154,3.0443591592973274
gh200,4,timing,auto,1622016,22.833985989163075,22.15474,3.0659172220620645
gh200,4,timing,auto,1638400,22.955206685151527,22.08817,3.925344132861741
gh200,4,timing,auto,1654784,23.076228076278085,22.12409,4.303625940222111
gh200,4,timing,auto,1671168,23.19705245876623,22.14258,4.762193288976402
gh200,4,timing,auto,1687552,23.317682080148188,24.01141,-2.8891594448298252
gh200,4,timing,auto,1703936,23.43811914075959,22.67832,3.3503325676663476
gh200,4,timing,auto,1720320,23.55836579517494,22.63767,4.06709610651157
gh200,4,timing,auto,1736704,23.678424153585453,22.59768,4.782544728421034
gh200,4,timing,auto,1753088,23.798296283123243,22.70327,4.823209533795092
gh200,4,timing,auto,1769472,23.917984209133948,22.6716,5.49755733664119
gh200,4,timing,auto,1785856,24.037489916400137,24.51187,-1.9353076023977844
gh200,4,timing,auto,1802240,24.156815350318325,23.13422,4.42027157309961
gh200,4,timing,auto,1818624,24.275962418031128,23.13494,4.932031023340144
gh200,4,timing,auto,1835008,24.39493298951703,23.20526,5.126738461525671
gh200,4,timing,auto,1851392,24.513728898639982,23.22894,5.530983758363406
gh200,4,timing,auto,1867776,24.63235194415998,23.25652,5.9158977532321355
gh200,4,timing,auto,1884160,24.750803890706756,25.75117,-3.8847404187586143
gh200,4,timing,auto,1900544,24.869086469718393,24.26675,2.482147257949241
gh200,4,timing,auto,1916928,24.98720138034647,24.32339,2.7291071694630853
gh200,4,timing,auto,1933312,25.105150290328325,24.25523,3.5040702163134485
gh200,4,timing,auto,1949696,25.22293483682932,23.89332,5.5647973443176735
gh200,4,timing,auto,1966080,25.340556627255165,23.98612,5.646751651601689
gh200,4,timing,auto,1982464,25.458017240036252,25.35182,0.41889394937424385
gh200,4,timing,auto,1998848,25.575318225384855,25.41807,0.6186473850487317
gh200,4,timing,auto,2015232,25.692461106026915,25.44301,0.9804307981913896
gh200,4,timing,auto,2031616,25.809447377908462,25.41806,1.5398003541909233
gh200,4,timing,auto,2048000,25.92627851087873,25.41231,2.0225178697990343
gh200,4,timing,auto,2064384,26.04295594935044,25.4107,2.488148493943254
gh200,4,timing,auto,2080768,26.159481112938273,25.94892,0.8114446109444007
gh200,4,timing,auto,2097152,26.2758553970764,26.00077,1.0579894252223943
gh200,4,timing,auto,2113536,26.3920801736159,25.9418,1.7357321913510138
gh200,4,timing,auto,2129920,26.508156791402957,25.96844,2.078356618275712
gh200,4,timing,auto,2146304,26.624086576838604,26.0702,2.1245965770826603
gh200,4,timing,auto,2162688,26.73987083442039,26.11405,2.3964909097607956
gh200,4,timing,auto,2179072,26.855510847267542,27.25481,-1.4650593885352947
gh200,4,timing,auto,2195456,26.971007877628907,27.12682,-0.5743840316376647
gh200,4,timing,auto,2211840,27.086363167375858,27.16201,-0.27850233699251437
gh200,4,timing,auto,2228224,27.20157793847959,27.13322,0.2519344865061779
gh200,4,timing,auto,2244608,27.316653393473914,27.17161,0.5338049290193325
gh200,4,timing,auto,2260992,27.431590715904004,27.26729,0.6025560879134195
gh200,4,timing,auto,2277376,27.54639107076146,28.51781,-3.406358795568598
gh200,4,timing,auto,2293760,27.661055604906768,28.49957,-2.9422001633471306
gh200,4,timing,auto,2310144,27.77558544747845,28.34566,-2.0111528626306496
gh200,4,timing,auto,2326528,27.889981710291146,28.42597,-1.8855584865137498
gh200,4,timing,auto,2342912,28.004245488221002,28.49733,-1.7302831941764296
gh200,4,timing,auto,2359296,28.118377859580438,28.3223,-0.720005580124361
gh200,4,timing,auto,2375680,28.232379886482285,29.14307,-3.124894232205866
gh200,4,timing,auto,2392064,28.346252615192626,29.10275,-2.599401722542971
gh200,4,timing,auto,2408448,28.459997076474377,29.26115,-2.7379406603145306
gh200,4,timing,auto,2424832,28.573614285920915,29.33091,-2.5819032347754844
gh200,4,timing,auto,2441216,28.687105244280062,29.48546,-2.7076218438509603
gh200,4,timing,auto,2457600,28.800470937769305,29.44546,-2.190453340619214
gh200,4,timing,auto,2473984,28.91371233838228,30.24672,-4.407114760270603
gh200,4,timing,auto,2490368,29.026830404186647,30.12799,-3.654938798815832
gh200,4,timing,auto,2506752,29.139826079613695,30.10527,-3.206893412303913
gh200,4,timing,auto,2523136,29.252700295740485,30.22014,-3.2013078174340515
gh200,4,timing,auto,2539520,29.36545397056416,30.11969,-2.5041294562986427
gh200,4,timing,auto,2555904,29.47808800926861,30.10368,-2.0781246370257356
gh200,4,timing,auto,2572288,29.590603304484304,30.12706,-1.78064734997605
gh200,4,timing,auto,2588672,29.703000736541487,30.1475,-1.4744150044233018
gh200,4,timing,auto,2605056,29.81528117371614,30.14273,-1.0863277025135343
gh200,4,timing,auto,2621440,29.927445472469874,30.20959,-0.9339568247371921
gh200,4,timing,auto,2637824,30.039494477683306,30.22814,-0.6240725440490036
gh200,4,timing,auto,2654208,30.151429022883885,30.13314,0.060694049421616825
gh200,4,timing,auto,2670592,30.263249930467406,30.09185,0.5695892092623334
gh200,4,timing,auto,2686976,30.374958011914064,30.15906,0.7158645259967011
gh200,4,timing,auto,2703360,30.486554067998732,30.0176,1.5622636986259097
gh200,4,timing,auto,2719744,30.5980388889967,30.14934,1.4882544327560865
gh200,4,timing,auto,2736128,30.70941325488317,30.09313,2.047920089678845
gh200,4,timing,auto,2752512,30.820677935528654,30.15874,2.194846122645222
gh200,4,timing,auto,2768896,30.931833690889377,32.14523,-3.7747320803448003
gh200,4,timing,auto,2785280,31.04288127119234,32.17976,-3.532899961987479
gh200,4,timing,auto,2801664,31.153821417116824,32.2012,-3.252607303091737
gh200,4,timing,auto,2818048,31.264654859970854,32.23834,-3.0202707088179737
gh200,4,timing,auto,2834432,31.3753823218634,32.20536,-2.5771414389921476
gh200,4,timing,auto,2850816,31.486004515872693,32.18427,-2.1695862112992015
gh200,4,timing,auto,2867200,31.596522146210315,32.22427,-1.9480591919993295
gh200,4,timing,auto,2883584,31.70693590838163,32.21304,-1.571115584304894
gh200,4,timing,auto,2899968,31.81724648934212,32.18393,-1.139337273781904
gh200,4,timing,auto,2916352,31.92745456765021,32.23032,-0.9396910497624256
gh200,4,timing,auto,2932736,32.037560813616494,32.24058,-0.6297007882100969
gh200,4,timing,auto,2949120,32.14756588944927,32.31194,-0.5087101255781379
gh200,4,timing,auto,2965504,32.257470449397545,32.31863,-0.1892393043964269
gh200,4,timing,auto,2981888,32.36727513988923,32.31064,0.17528325000442102
gh200,4,timing,auto,2998272,32.47698059966803,32.34519,0.40745038031320124
gh200,4,timing,auto,3014656,32.58658745992539,32.38682,0.6168171494620012
gh200,4,timing,auto,3031040,32.6960963444309,32.28826,1.2631103206889982
gh200,4,timing,auto,3047424,32.80550786965911,32.326,1.4833504598747327
gh200,4,timing,auto,3063808,32.914822644913414,32.30075,1.9011095560115931
gh200,4,timing,auto,3080192,33.02404127244748,32.29785,2.2484198559578505
gh200,4,timing,auto,3096576,33.13316434758376,32.37306,2.3479533525213814
gh200,4,timing,auto,3112960,33.242192458829656,32.33114,2.817879167977555
gh200,4,timing,auto,3129344,33.35112618799087,32.34683,3.104774681138389
gh200,4,timing,auto,3145728,33.45996611028241,32.40378,3.2594534041473278
gh200,4,timing,auto,3162112,33.568712794437204,33.78322,-0.634951924543592
gh200,4,timing,auto,3178496,33.67736680281239,33.7103,-0.09769476150497391
gh200,4,timing,auto,3194880,33.785928691493,33.77939,0.019357044319034955
gh200,4,timing,auto,3211264,33.8943990103942,33.7727,0.36034729350689076
gh200,4,timing,auto,3227648,34.00277830336026,33.89652,0.31347850269070054
gh200,4,timing,auto,3244032,34.11106710826268,33.76916,1.012483308032186
gh200,4,timing,auto,3260416,34.21926595709496,33.91336,0.9020219674339636
gh200,4,timing,auto,3276800,34.32737537606668,33.82709,1.478948901802335
gh200,4,timing,auto,3293184,34.435395885694376,33.99765,1.2875768933863885
gh200,4,timing,auto,3309568,34.54332800089166,33.86612,1.9996622019046173
gh200,4,timing,auto,3325952,34.651172231056556,34.02229,1.8484418040542128
gh200,4,timing,auto,3342336,34.75892908015777,34.04756,2.089339383373656
gh200,4,timing,auto,3358720,34.86659904681862,33.99573,2.561701269008254
gh200,4,timing,auto,3375104,34.97418262439967,34.00468,2.8510858634742897
gh200,4,timing,auto,3391488,35.081680301079345,34.22803,2.494009445122458
gh200,4,timing,auto,3407872,35.18909255993361,33.96821,3.5941916278002584
gh200,4,timing,auto,3424256,35.29641987901299,33.89013,4.149555870729871
gh200,4,timing,auto,3440640,35.40366273141893,33.93204,4.336970990895139
gh200,4,timing,auto,3457024,35.510821585378324,33.96277,4.558084000151719
gh200,4,timing,auto,3473408,35.617896904316645,34.02293,4.687917543599696
gh200,4,timing,auto,3489792,35.7248891469293,34.01064,5.04033192827098
gh200,4,timing,auto,3506176,35.83179876725238,34.06005,5.20183842141273
gh200,4,timing,auto,3522560,35.93862621473098,34.06485,5.50061489990703
gh200,4,timing,auto,3538944,36.04537193428729,34.10613,5.685904364661987
gh200,4,timing,auto,3555328,36.15203636638623,38.96964,-7.2302531755843
gh200,4,timing,auto,3571712,36.258619947101074,38.96932,-6.955984997682608
gh200,4,timing,auto,3588096,36.365123108176675,38.9863,-6.723328173802912
gh200,4,timing,auto,3604480,36.471546277092315,38.9623,-6.392727644178309
gh200,4,timing,auto,3620864,36.57788987712271,38.96038,-6.115161409815029
gh200,4,timing,auto,3637248,36.68415432739856,39.06757,-6.100752293018086
gh200,4,timing,auto,3653632,36.79034004296541,39.04677,-5.778787738485391
gh200,4,timing,auto,3670016,36.89644743484146,39.12548,-5.697137939671382
gh200,4,timing,auto,3686400,37.00247691007468,39.04164,-5.223046700715761
gh200,4,timing,auto,3702784,37.1084288717987,39.20068,-5.337282741527183
gh200,4,timing,auto,3719168,37.214303719287294,39.06565,-4.7390643204777145
gh200,4,timing,auto,3735552,37.32010184800822,39.17891,-4.744410071622163
gh200,4,timing,auto,3751936,37.42582364967643,39.08484,-4.2446543220429405
gh200,4,timing,auto,3768320,37.53146951230531,39.27523,-4.439847933913288
gh200,4,timing,auto,3784704,37.63703982025807,39.15013,-3.8648407546588714
gh200,4,timing,auto,3801088,37.742534954297454,39.09221,-3.4525421962650515
gh200,4,timing,auto,3817472,37.84795529163512,39.16437,-3.361255928194129
gh200,4,timing,auto,3833856,37.95330120597958,39.14774,-3.0511053614344585
gh200,4,timing,auto,3850240,38.058573067583474,39.21858,-2.957799421642826
gh200,4,timing,auto,3866624,38.1637712432905,39.14773,-2.513450350019031
gh200,4,timing,auto,3883008,38.26889609658082,39.1935,-2.3590746001739604
gh200,4,timing,auto,3899392,38.37394798761589,39.22657,-2.1735828862531448
gh200,4,timing,auto,3915776,38.47892727328287,39.20629,-1.8552194729905103
gh200,4,timing,auto,3932160,38.58383430723777,39.24161,-1.6762199429692815
gh200,4,timing,auto,3948544,38.68866943994789,40.0157,-3.3162747622860866
gh200,4,timing,auto,3964928,38.79343301873405,40.1565,-3.394386914362435
gh200,4,timing,auto,3981312,38.89812538781145,40.03266,-2.834022551058446
gh200,4,timing,auto,3997696,39.00274688833012,40.17267,-2.912236382769362
gh200,4,timing,auto,4014080,39.107297858414775,40.13314,-2.55609738382101
gh200,4,timing,auto,4030464,39.21177863320371,40.31409,-2.7343079474106746
gh200,4,timing,auto,4046848,39.31618954488748,40.22146,-2.250715053885466
gh200,4,timing,auto,4063232,39.42053092274638,40.35506,-2.3157667892294564
gh200,4,timing,auto,4079616,39.5248030931876,40.2224,-1.7343492850063646
gh200,4,timing,auto,4096000,39.62900637978207,40.28641,-1.6318247771839878
gh200,4,timing,auto,4112384,39.73314110329973,40.23744,-1.2533076077908323
gh200,4,timing,auto,4128768,39.83720758174526,40.41663,-1.4336237787631934
gh200,4,timing,auto,4145152,39.94120613039314,40.31906,-0.937159421888456
gh200,4,timing,auto,4161536,40.045137061820824,40.08354,-0.09580725200213358
gh200,4,timing,auto,4177920,40.149000685942994,40.04483,0.2601351683675368
gh200,4,timing,auto,4194304,40.25279731004483,40.11218,0.35056012922964896
