architecture,lane,arm,width,bytes,median_us,min_us,max_us,q1_us,q3_us,relative_iqr,repetitions
a100,legacy,auto,2,262144,18.73919927,18.48320104,18.84160005,18.53439957,18.73919927,0.010928946165158038,5
a100,legacy,auto,2,278528,20.12160048,19.96799931,20.32640018,19.96799931,20.27519979,0.015267199063282404,5
a100,legacy,auto,2,294912,20.22400126,20.17280087,20.37760057,20.17280087,20.27519979,0.005063237421890807,5
a100,legacy,auto,2,311296,20.78719996,20.63360065,20.94079927,20.68479918,20.83840035,0.007389218860431924,5
a100,legacy,auto,2,327680,20.83840035,20.73599957,20.94079927,20.73599957,20.88959888,0.007370974135257969,5
a100,legacy,auto,2,344064,22.2207997,21.91359922,22.4255994,22.16960117,22.2207997,0.0023040813423110345,5
a100,legacy,auto,2,360448,22.016,21.65759914,22.37440087,21.70879953,22.32320048,0.027907019894622107,5
a100,legacy,auto,2,376832,22.2207997,21.96479961,22.37440087,22.2207997,22.32320048,0.004608330095338556,5
a100,legacy,auto,2,393216,22.06720039,21.96479961,22.27200009,22.016,22.2207997,0.009280728700538272,5
a100,legacy,auto,2,409600,23.50080013,23.39839935,23.55200052,23.50080013,23.50080013,0.0,5
a100,legacy,auto,2,425984,23.65439944,23.55200052,23.85919914,23.60319905,23.80799875,0.008657996180350238,5
a100,legacy,auto,2,442368,24.16640148,24.0640007,24.26880039,24.11520109,24.26880039,0.006355902848304404,5
a100,legacy,auto,2,458752,24.16640148,24.0640007,24.4223997,24.11520109,24.2176,0.004237242772149855,5
a100,legacy,auto,2,475136,25.54880083,25.39519966,26.41919814,25.54880083,25.65119788,0.004007900436554478,5
a100,legacy,auto,2,491520,25.70239827,25.54880083,25.85599944,25.60000122,25.80479905,0.007968043598446675,5
a100,legacy,auto,2,507904,26.00960061,25.80479905,26.16319992,26.00960061,26.00960061,0.0,5
a100,legacy,auto,2,524288,26.11199953,26.00960061,26.2656007,26.06079914,26.11199953,0.001960799284680372,5
a100,legacy,auto,2,540672,29.13280204,28.92800048,29.1839987,29.08160165,29.1839987,0.0035148369820179656,5
a100,legacy,auto,2,557056,29.1839987,29.03040126,29.33759987,29.08160165,29.1839987,0.0035086710033330843,5
a100,legacy,auto,2,573440,29.49120104,29.08160165,29.49120104,29.13280204,29.49120104,0.012152743440794048,5
a100,legacy,auto,2,589824,29.23519909,29.13280204,29.74719927,29.23519909,29.33759987,0.0035026537594206606,5
a100,legacy,auto,2,606208,48.38399962,48.28160256,49.6127978,48.38399962,49.40799996,0.02116402835735639,5
a100,legacy,auto,2,622592,48.4864004,48.38399962,49.76639897,48.43520001,48.79359901,0.007391742778249189,5
a100,legacy,auto,2,638976,48.58880118,48.28160256,48.8447994,48.58880118,48.64000157,0.001053748780718638,5
a100,legacy,auto,2,655360,48.99840057,48.58880118,49.2031984,48.89599979,48.99840057,0.0020898800534052517,5
a100,legacy,auto,2,671744,48.89599979,48.79359901,48.99840057,48.79359901,48.94720018,0.0031413851983739492,5
a100,legacy,auto,2,688128,48.94720018,48.74239862,49.71519858,48.94720018,49.04960096,0.0020920661370502193,5
a100,legacy,auto,2,704512,49.04960096,48.69120196,49.25439879,48.89599979,49.04960096,0.0031315478004655664,5
a100,legacy,auto,2,720896,49.15199801,48.79359901,49.2031984,49.04960096,49.2031984,0.003124948043185328,5
a100,legacy,auto,2,737280,49.15199801,48.94720018,49.45920035,49.04960096,49.25439879,0.004166622686596336,5
a100,legacy,auto,2,753664,49.35679957,49.10080135,50.02240092,49.30559918,49.97120053,0.013485504647764093,5
a100,legacy,auto,2,770048,49.51040074,49.2031984,49.66399819,49.40799996,49.6127978,0.004136460964545301,5
a100,legacy,auto,2,786432,49.6127978,49.30559918,49.71519858,49.40799996,49.66399819,0.005159923272861725,5
a100,legacy,auto,2,802816,49.92000014,49.45920035,52.58240178,49.6127978,52.58240178,0.05948725904791224,5
a100,legacy,auto,2,819200,49.97120053,49.71519858,50.32960325,49.76639897,50.07360131,0.006147587745376977,5
a100,legacy,auto,2,835584,50.17600209,50.07360131,50.48320442,50.07360131,50.22720248,0.003061247680205558,5
a100,legacy,auto,2,851968,50.07360131,49.92000014,50.58559775,50.02240092,50.38080364,0.007157518345468506,5
a100,legacy,auto,2,868352,51.81439966,50.63679814,51.91680044,50.8415997,51.86560005,0.01976285273436273,5
a100,legacy,auto,2,884736,50.43200403,50.1248017,51.20000243,50.43200403,50.58559775,0.003045560511706605,5
a100,legacy,auto,2,901120,50.48320442,50.38080364,50.79039931,50.43200403,50.48320442,0.0010142064195060106,5
a100,legacy,auto,2,917504,50.48320442,50.22720248,50.73919892,50.27840286,50.53439736,0.005070884523696801,5
a100,legacy,auto,2,933888,51.30239576,51.04640126,51.45599693,51.14880204,51.35359615,0.003991901488539795,5
a100,legacy,auto,2,950272,51.50719732,51.14880204,51.55839771,51.35359615,51.55839771,0.003976173635067433,5
a100,legacy,auto,2,966656,51.40479654,51.30239576,51.55839771,51.30239576,51.55839771,0.00498011795068177,5
a100,legacy,auto,2,983040,51.45599693,51.25120282,51.86560005,51.30239576,51.6095981,0.005970195085675048,5
a100,legacy,auto,2,999424,51.6095981,51.40479654,54.57919836,51.40479654,51.66079849,0.004960355426600351,5
a100,legacy,auto,2,1015808,51.71199888,51.55839771,51.81439966,51.71199888,51.76319927,0.0009901065731148973,5
a100,legacy,auto,2,1032192,51.76319927,51.6095981,52.22399905,51.71199888,51.81439966,0.001978254463482207,5
a100,legacy,auto,2,1048576,52.01920122,51.76319927,52.53120139,51.96800083,52.07039788,0.0019684471810119124,5
a100,legacy,auto,2,1064960,53.96480113,53.04319784,54.8864007,53.35040018,54.68159914,0.024667911900447356,5
a100,legacy,auto,2,1081344,53.40160057,53.09439823,54.63039875,53.2479994,53.45280096,0.0038351202550856414,5
a100,legacy,auto,2,1097728,53.40160057,53.09439823,54.22080308,53.09439823,53.75999957,0.01246407098093455,5
a100,legacy,auto,2,1114112,53.45280096,53.40160057,53.60640213,53.45280096,53.50400135,0.0009578616850840012,5
a100,legacy,auto,2,1130496,53.60640213,53.50400135,53.81119996,53.55520174,53.75999957,0.0038203987184841286,5
a100,legacy,auto,2,1146880,53.91360074,53.55520174,54.78399992,53.70879918,54.47679758,0.014244984372379416,5
a100,legacy,auto,2,1163264,53.91360074,53.81119996,54.27200347,53.86240035,54.01600152,0.002849024511287015,5
a100,legacy,auto,2,1179648,53.96480113,53.86240035,54.42559719,53.86240035,54.06720191,0.003795095241927003,5
a100,legacy,auto,2,1196032,55.34719676,55.09120226,55.44959754,55.14240265,55.34719676,0.0037001713183061973,5
a100,legacy,auto,2,1212416,55.24479598,55.14240265,57.80480057,55.14240265,55.6543991,0.009267777008088755,5
a100,legacy,auto,2,1228800,55.24479598,54.98880148,55.80800027,55.09120226,55.29599637,0.0037070298906368517,5
a100,legacy,auto,2,1245184,55.60319871,55.19359559,55.6543991,55.50079793,55.60319871,0.0018416346968468053,5
a100,legacy,auto,2,1261568,55.70559949,55.34719676,56.0127981,55.39839715,55.80800027,0.007352997252520904,5
a100,legacy,auto,2,1277952,55.6543991,55.50079793,56.524802,55.55199832,55.75679988,0.003679880895524752,5
a100,legacy,auto,2,1294336,56.72960356,55.60319871,57.80480057,56.21759966,56.93439767,0.0126353431897666,5
a100,legacy,auto,2,1310720,56.06399849,55.70559949,56.37120083,56.0127981,56.06399849,0.0009132489900651271,5
a100,legacy,auto,2,1327104,57.13919923,56.93439767,57.59999901,56.98559806,57.54879862,0.00985664075782671,5
a100,legacy,auto,2,1343488,57.13919923,56.93439767,58.06080252,57.13919923,57.24160001,0.0017921283703645704,5
a100,legacy,auto,2,1359872,57.19039962,56.83199689,57.39520118,56.93439767,57.19039962,0.004476309864959781,5
a100,legacy,auto,2,1376256,57.08799884,57.03679845,58.4191978,57.03679845,57.19039962,0.00269060350898791,5
a100,legacy,auto,2,1392640,57.39520118,57.03679845,57.49760196,57.2928004,57.44640157,0.0026762023103340175,5
a100,legacy,auto,2,1409024,57.59999901,57.13919923,58.06080252,57.49760196,57.95840174,0.007999996318055529,5
a100,legacy,auto,2,1425408,57.85600096,57.85600096,59.13599581,57.85600096,58.1632033,0.0053097748704129645,5
a100,legacy,auto,2,1441792,61.54239923,59.80160087,62.97600269,60.62080339,61.64480001,0.016638880394848694,5
a100,legacy,auto,2,1458176,59.23839658,58.26560408,59.59679931,58.77760053,59.34079736,0.009507293622294773,5
a100,legacy,auto,2,1474560,58.67519975,58.36799741,59.54559892,58.62399936,58.98240209,0.006108248996629989,5
a100,legacy,auto,2,1490944,58.88000131,58.21440369,59.95519832,58.82880092,59.1871962,0.006086876223270985,5
a100,legacy,auto,2,1507328,59.1871962,58.57279897,59.49439853,59.13599581,59.44319814,0.005190351118541456,5
a100,legacy,auto,2,1523712,59.44319814,58.98240209,59.75040048,59.23839658,59.69920009,0.007751997275024108,5
a100,legacy,auto,2,1540096,59.85280126,59.34079736,61.54239923,59.80160087,60.00639871,0.003421691812056679,5
a100,legacy,auto,2,1556480,60.21120027,59.1871962,60.31360105,59.59679931,60.31360105,0.011904790749656335,5
a100,legacy,auto,2,1572864,59.80160087,59.6479997,60.21120027,59.75040048,60.15999988,0.006849304935672328,5
a100,legacy,auto,2,1589248,60.46720222,60.31360105,61.44000217,60.41600183,61.23520061,0.013547820139246401,5
a100,legacy,auto,2,1605632,60.67199633,60.36480144,61.74720079,60.569603,60.87679788,0.00506320705732409,5
a100,legacy,auto,2,1622016,60.7743971,60.51840261,62.82240152,60.72319672,61.03039905,0.005054798478617941,5
a100,legacy,auto,2,1638400,60.7743971,59.85280126,62.00320274,60.62080339,61.59359962,0.016006678410965265,5
a100,legacy,auto,2,1654784,61.08159944,59.13599581,61.59359962,59.54559892,61.38880178,0.030176073922402156,5
a100,legacy,auto,2,1671168,61.18400022,59.49439853,61.64480001,60.51840261,61.44000217,0.015062754260692193,5
a100,legacy,auto,2,1687552,61.95200235,60.72319672,64.15359676,60.7743971,63.9487952,0.05123963680893032,5
a100,legacy,auto,2,1703936,63.74400109,60.569603,64.10239637,61.38880178,63.84639442,0.03855410074636094,5
a100,legacy,auto,2,1720320,62.56639957,60.82559749,63.02719563,61.44000217,62.97600269,0.024549926646833926,5
a100,legacy,auto,2,1736704,62.51519918,60.46720222,63.64160031,61.74720079,62.56639957,0.01310399376064182,5
a100,legacy,auto,2,1753088,63.02719563,60.87679788,63.48799914,61.18400022,63.12959641,0.03086915371297151,5
a100,legacy,auto,2,1769472,63.02719563,61.286401,63.43679875,61.54239923,63.1807968,0.025995089161481737,5
a100,legacy,auto,2,1785856,63.23199719,61.38880178,63.89759481,61.95200235,63.6928007,0.027530339501522214,5
a100,legacy,auto,2,1802240,63.74400109,61.33760139,65.84320217,62.10560352,64.25599754,0.033734845369431034,5
a100,legacy,auto,2,1818624,63.38559836,61.79840118,64.05119598,63.02719563,63.9487952,0.014539573560002563,5
a100,legacy,auto,2,1835008,64.15359676,63.12959641,64.25599754,63.59039992,64.20479715,0.009576972469657078,5
a100,legacy,auto,2,1851392,64.25599754,62.82240152,65.12640417,62.97600269,64.66560066,0.026294790131430185,5
a100,legacy,auto,2,1867776,64.40959871,62.36159801,65.53599983,63.59039992,64.51199949,0.0143084196836784,5
a100,legacy,auto,2,1884160,64.76800144,62.66880035,65.02400339,62.72000074,64.87040222,0.03320160314028055,5
a100,legacy,auto,2,1900544,64.87040222,62.77120113,65.28000534,63.38559836,65.12640417,0.026835132054465586,5
a100,legacy,auto,2,1916928,64.76800144,63.38559836,65.43359905,63.64160031,65.33120573,0.026087039625040994,5
a100,legacy,auto,2,1933312,65.02400339,63.48799914,66.35519862,64.10239637,65.63840061,0.023622111219258335,5
a100,legacy,auto,2,1949696,65.38239866,64.20479715,66.71360135,64.66560066,65.63840061,0.014878621309975804,5
a100,legacy,auto,2,1966080,65.28000534,64.10239637,67.07199663,64.4607991,65.94560295,0.0227451551553441,5
a100,legacy,auto,2,1982464,65.02400339,64.51199949,69.42719966,64.92160261,67.2255978,0.035432995046169966,5
a100,legacy,auto,2,1998848,66.50879979,64.30719793,67.2255978,64.71680105,66.96959585,0.03387213131364799,5
a100,legacy,auto,2,2015232,65.689601,65.22880495,66.91840291,65.53599983,66.61120057,0.01636789877898634,5
a100,legacy,auto,2,2031616,65.89440256,64.81920183,67.07199663,65.33120573,66.09920412,0.011654986769182758,5
a100,legacy,auto,2,2048000,66.09920412,62.77120113,67.2255978,65.28000534,66.56000018,0.019364754190931407,5
a100,legacy,auto,2,2064384,65.58720022,63.07839602,68.14719737,65.22880495,67.2255978,0.030444855753899196,5
a100,legacy,auto,2,2080768,66.40639901,63.53919953,67.68640131,66.15039706,67.2255978,0.01619122187062255,5
a100,legacy,auto,2,2097152,66.40639901,63.59039992,68.24959815,65.99680334,67.78879464,0.02698522020039295,5
a100,legacy,auto,2,2113536,71.37279958,67.63520092,73.67680222,71.11679763,72.75520265,0.02295559414288576,5
a100,legacy,auto,2,2129920,71.93599641,67.83999503,73.0112046,71.37279958,72.55040109,0.01637012856940544,5
a100,legacy,auto,2,2146304,71.67999446,68.14719737,72.90880382,70.96319646,72.34559953,0.019285758605511967,5
a100,legacy,auto,2,2162688,71.52640074,68.14719737,72.96000421,71.42399997,72.90880382,0.02075882240177721,5
a100,legacy,auto,2,2179072,72.90880382,68.35199893,74.08639789,72.70400226,73.16480577,0.006320272530292147,5
a100,legacy,auto,2,2195456,71.88479602,68.50560009,73.67680222,71.21919841,72.60160148,0.0192308130027298,5
a100,legacy,auto,2,2211840,71.73119485,68.09599698,73.83040339,71.73119485,73.2671991,0.021413337017625392,5
a100,legacy,auto,2,2228224,73.31839949,70.04160434,74.23999906,72.44800031,73.57440144,0.015363144010715023,5
a100,legacy,auto,2,2244608,73.06240499,69.734402,74.90559667,72.75520265,74.70080256,0.026629289170898376,5
a100,legacy,auto,2,2260992,73.98399711,70.70720196,75.05919784,72.85760343,74.90559667,0.027681570609858017,5
a100,legacy,auto,2,2277376,73.36959988,70.19519806,77.56800205,73.31839949,74.64960217,0.018143790918544532,5
a100,legacy,auto,2,2293760,73.62560183,70.34879923,75.36640018,73.21599871,75.00799745,0.024339342503952626,5
a100,legacy,auto,2,2310144,74.08639789,70.34879923,76.59520209,73.83040339,75.21279901,0.018659236504553953,5
a100,legacy,auto,2,2326528,73.72800261,70.55360079,76.69760287,73.42080027,75.11039823,0.022916638186137893,5
a100,legacy,auto,2,2342912,74.18879867,71.2703988,76.08319819,73.88160378,76.0319978,0.028985427160846535,5
a100,legacy,auto,2,2359296,75.2639994,71.32159919,76.49280131,73.62560183,75.2639994,0.021768675370179826,5
a100,legacy,auto,2,2375680,74.39360023,71.2703988,76.33920014,72.70400226,75.57119429,0.03854084250709207,5
a100,legacy,auto,2,2392064,73.98399711,70.70720196,77.36320049,73.93280417,75.82719624,0.025605430147054797,5
a100,legacy,auto,2,2408448,75.2639994,71.06559724,77.61920244,71.11679763,76.0319978,0.06530612522831208,5
a100,legacy,auto,2,2424832,74.0351975,71.16799802,76.13439858,71.52640074,75.82719624,0.058091227486764076,5
a100,legacy,auto,2,2441216,74.64960217,71.16799802,76.49280131,71.52640074,76.13439858,0.061728364332152424,5
a100,legacy,auto,2,2457600,74.95679706,71.9871968,77.7728036,72.44800031,76.80000365,0.05806015612588658,5
a100,legacy,auto,2,2473984,75.16159862,72.24319875,77.61920244,72.60160148,76.80000365,0.05585834052341227,5
a100,legacy,auto,2,2490368,75.87839663,72.55040109,77.36320049,72.65280187,76.23679936,0.04723343730464382,5
a100,legacy,auto,2,2506752,75.62239468,72.19199836,77.20959932,72.55040109,76.95360482,0.05822618747571247,5
a100,legacy,auto,2,2523136,75.46880096,72.70400226,77.41440088,72.80640304,76.64640248,0.050881945799500346,5
a100,legacy,auto,2,2539520,75.92959702,72.24319875,77.56800205,72.60160148,76.95360482,0.0573162970804872,5
a100,legacy,auto,2,2555904,75.72479546,72.29439914,77.36320049,72.55040109,76.80000365,0.05611903649505084,5
a100,legacy,auto,2,2572288,76.64640248,73.47200066,78.38720083,75.52000135,77.36320049,0.024048084193918396,5
a100,legacy,auto,2,2588672,76.85120404,73.57440144,78.59200239,73.72800261,77.46560127,0.04863422384449072,5
a100,legacy,auto,2,2605056,77.0560056,73.2671991,78.7967965,73.47200066,77.7728036,0.05581398758619272,5
a100,legacy,auto,2,2621440,76.74880326,73.62560183,77.97759771,74.64960217,77.36320049,0.03535688121164852,5
a100,legacy,auto,2,2637824,76.59520209,73.11360538,77.56800205,73.36959988,76.85120404,0.04545459852575478,5
a100,legacy,auto,2,2654208,76.44160092,73.11360538,77.51680166,73.67680222,76.59520209,0.03817816260879014,5
a100,legacy,auto,2,2670592,76.64640248,72.90880382,77.92639732,72.96000421,77.0560056,0.053440230166951624,5
a100,legacy,auto,2,2686976,77.36320049,73.88160378,78.74559611,74.23999906,77.41440088,0.041032452120570224,5
a100,legacy,auto,2,2703360,77.67040282,74.39360023,79.3088004,74.5472014,77.92639732,0.04350686744642276,5
a100,legacy,auto,2,2719744,78.0287981,75.00799745,80.28160036,75.05919784,78.64320278,0.045931822958580205,5
a100,legacy,auto,2,2736128,77.51680166,74.75200295,77.92639732,75.67359507,77.87520438,0.028401704699538233,5
a100,legacy,auto,2,2752512,75.62239468,75.11039823,78.89919728,75.57119429,78.33600044,0.03656067969943864,5
a100,legacy,auto,2,2768896,74.95679706,74.34239984,77.92639732,74.5472014,77.82400399,0.04371588326242162,5
a100,legacy,auto,2,2785280,74.90559667,74.23999906,78.0287981,74.85439628,77.87520438,0.04032820288860796,5
a100,legacy,auto,2,2801664,75.46880096,75.16159862,78.33600044,75.2639994,78.33600044,0.0407055763563572,5
a100,legacy,auto,2,2818048,75.72479546,75.36640018,79.15519923,75.52000135,78.64320278,0.04124410519734925,5
a100,legacy,auto,2,2834432,75.82719624,75.46880096,79.05279845,75.46880096,78.7967965,0.04388920736916862,5
a100,legacy,auto,2,2850816,76.90240443,75.87839663,79.41120118,75.92959702,79.00159806,0.03994674890557259,5
a100,legacy,auto,2,2867200,79.20639962,76.08319819,79.51359451,76.44160092,79.3088004,0.036199088631166804,5
a100,legacy,auto,2,2883584,76.33920014,76.18559897,80.38400114,76.28799975,79.87199724,0.04694832384184319,5
a100,legacy,auto,2,2899968,76.18559897,75.41760057,79.25760001,75.77599585,79.05279845,0.04301078739684543,5
a100,legacy,auto,2,2916352,76.80000365,75.82719624,79.82079685,76.5440017,79.46239412,0.037999899496098576,5
a100,legacy,auto,2,2932736,77.00480521,76.28799975,80.02559841,76.28799975,79.97439802,0.047872314720449095,5
a100,legacy,auto,2,2949120,77.00480521,76.44160092,80.17919958,76.90240443,79.92319763,0.03922863244393628,5
a100,legacy,auto,2,2965504,77.3120001,76.28799975,80.5888027,76.59520209,80.12799919,0.04569532666895777,5
a100,legacy,auto,2,2981888,77.26079971,77.00480521,80.38400114,77.00480521,80.23039997,0.04174943531658136,5
a100,legacy,auto,2,2998272,77.72160321,77.15839893,80.53760231,77.26079971,80.28160036,0.03886693692920798,5
a100,legacy,auto,2,3014656,77.56800205,77.00480521,80.43520153,77.41440088,80.33280075,0.03762375970595212,5
a100,legacy,auto,2,3031040,77.67040282,77.10719854,81.3056007,77.15839893,80.48640192,0.0428477627148735,5
a100,legacy,auto,2,3047424,78.13119888,77.56800205,82.02239871,77.87520438,80.43520153,0.032765363730458616,5
a100,legacy,auto,2,3063808,77.87520438,77.46560127,81.86879754,77.82400399,80.5888027,0.03550294001809473,5
a100,legacy,auto,2,3080192,78.43840122,77.72160321,81.91999793,77.92639732,80.74240386,0.035900866108958526,5
a100,legacy,auto,2,3096576,78.18239927,78.13119888,82.22720027,78.18239927,78.43840122,0.0032744192093146817,5
a100,legacy,auto,2,3112960,78.28480005,77.97759771,82.12479949,78.23359966,78.7967965,0.007194204234286772,5
a100,legacy,auto,2,3129344,78.95039767,78.540802,82.43200183,78.89919728,79.46239412,0.007133552922102759,5
a100,legacy,auto,2,3145728,79.10399884,78.59200239,82.58559555,78.7967965,79.82079685,0.012944988433153582,5
a100,legacy,auto,2,3162112,79.3088004,78.540802,82.68799633,79.25760001,79.41120118,0.0019367481190650027,5
a100,legacy,auto,2,3178496,79.25760001,78.7967965,82.89279789,78.84799689,79.71839607,0.010981901797306171,5
a100,legacy,auto,2,3194880,79.46239412,79.10399884,83.04639906,79.41120118,79.51359451,0.0012885759500949475,5
a100,legacy,auto,2,3211264,79.82079685,79.41120118,82.94399828,79.82079685,80.12799919,0.003848650378388242,5
a100,legacy,auto,2,3227648,80.64000309,79.46239412,83.71199667,79.5647949,81.81759715,0.027936534767808902,5
a100,legacy,auto,2,3244032,80.43520153,79.92319763,83.66079628,80.02559841,80.64000309,0.007638504887326447,5
a100,legacy,auto,2,3260416,80.33280075,80.17919958,83.96799862,80.28160036,81.10079914,0.010197562793178324,5
a100,legacy,auto,2,3276800,80.79360425,80.23039997,83.60959589,80.48640192,80.84480464,0.0044360283629752886,5
a100,legacy,auto,2,3293184,80.53760231,80.28160036,84.17280018,80.48640192,80.89600503,0.0050858617372711796,5
a100,legacy,auto,2,3309568,80.79360425,80.28160036,84.88960564,80.64000309,81.66400343,0.012674274770951323,5
a100,legacy,auto,2,3325952,80.99840581,80.5888027,84.73600447,80.94720542,80.99840581,0.0006321160211485292,5
a100,legacy,auto,2,3342336,81.40800148,80.99840581,85.19680053,81.3056007,82.17599988,0.01069181363227352,5
a100,legacy,auto,2,3358720,81.56160265,81.10079914,84.94079858,81.51040226,82.12479949,0.007532922478687886,5
a100,legacy,auto,2,3375104,81.66400343,81.3056007,85.65760404,81.3056007,82.38080144,0.013166152709150862,5
a100,legacy,auto,2,3391488,82.17599988,81.45920187,85.3504017,82.02239871,82.32960105,0.003738346237935538,5
a100,legacy,auto,2,3407872,82.58559555,82.02239871,85.24800092,82.02239871,82.68799633,0.008059488044704181,5
a100,legacy,auto,2,3424256,82.0735991,81.71520382,85.96479893,81.86879754,82.73919672,0.010605105533869449,5
a100,legacy,auto,2,3440640,82.27840066,81.61280304,86.42560244,82.17599988,83.14879984,0.01182327259884282,5
a100,legacy,auto,2,3457024,82.43200183,82.17599988,85.75999737,82.27840066,82.79039711,0.006211136920535926,5
a100,legacy,auto,2,3473408,83.25120062,82.68799633,86.42560244,82.73919672,83.50719512,0.009225072963278189,5
a100,legacy,auto,2,3489792,83.09759945,82.79039711,86.78399771,82.8415975,83.3536014,0.006161476425177241,5
a100,legacy,auto,2,3506176,83.30240101,83.04639906,83.5583955,83.30240101,83.40479434,0.0012291762153134867,5
a100,legacy,auto,2,3522560,83.45599473,82.99519867,83.60959589,83.3536014,83.45599473,0.0012269140201523565,5
a100,legacy,auto,2,3538944,83.71199667,83.71199667,83.86559784,83.71199667,83.81439745,0.001223250956534572,5
a100,legacy,auto,2,3555328,83.76319706,83.20000023,84.32640135,83.5583955,83.81439745,0.003056258106010718,5
a100,legacy,auto,2,3571712,84.01919901,83.76319706,84.83840525,83.81439745,84.12159979,0.003656335023658582,5
a100,legacy,auto,2,3588096,84.01919901,83.60959589,84.73600447,83.86559784,84.17280018,0.003656335023658413,5
a100,legacy,auto,2,3604480,84.68480408,84.12159979,84.88960564,84.32640135,84.78720486,0.005441395478280773,5
a100,legacy,auto,2,3620864,84.78720486,84.48000252,85.3504017,84.63360369,85.09439975,0.005434735827898275,5
a100,legacy,auto,2,3637248,85.04319936,84.73600447,85.3504017,84.94079858,85.24800092,0.003612309300589197,5
a100,legacy,auto,2,3653632,85.40160209,85.24800092,85.55520326,85.40160209,85.45280248,0.0005995249356803409,5
a100,legacy,auto,2,3670016,85.50400287,85.04319936,85.81119776,85.09439975,85.70880443,0.007185683235604136,5
a100,legacy,auto,2,3686400,85.40160209,85.24800092,85.70880443,85.29920131,85.40160209,0.0011990498713605154,5
a100,legacy,auto,2,3702784,85.70880443,85.60640365,86.22080088,85.65760404,85.75999737,0.0011946652468314937,5
a100,legacy,auto,2,3719168,85.96479893,85.50400287,86.68159693,85.55520326,86.47680283,0.010720662195120636,5
a100,legacy,auto,2,3735552,86.32320166,86.16960049,86.42560244,86.22080088,86.42560244,0.0023724972668026857,5
a100,legacy,auto,2,3751936,86.73279732,86.42560244,86.93759888,86.63039654,86.8351981,0.002361293147785595,5
a100,legacy,auto,2,3768320,86.88639849,86.68159693,87.39839494,86.73279732,86.88639849,0.0017678390711255009,5
a100,legacy,auto,2,3784704,86.88639849,86.73279732,87.24480122,86.88639849,87.19360083,0.0035356781422508383,5
a100,legacy,auto,2,3801088,87.6031965,87.09120005,87.80799806,87.34719455,87.70559728,0.004091206078307985,5
a100,legacy,auto,2,3817472,86.8351981,86.37440205,87.34719455,86.63039654,87.24480122,0.007075525748123936,5
a100,legacy,auto,2,3833856,87.14240044,86.78399771,88.37120235,87.14240044,87.80799806,0.007638045505279402,5
a100,legacy,auto,2,3850240,87.55199611,86.88639849,87.65439689,86.93759888,87.65439689,0.008187112137334055,5
a100,legacy,auto,2,3866624,87.70559728,87.34719455,88.16640079,87.55199611,87.91039884,0.004086429385524784,5
a100,legacy,auto,2,3883008,88.01279962,87.96159923,88.06400001,87.96159923,88.06400001,0.001163475999424144,5
a100,legacy,auto,2,3899392,88.57600391,88.1152004,89.54880387,88.47360313,88.6272043,0.0017341171786895272,5
a100,legacy,auto,2,3915776,88.52480352,88.32000196,88.78080547,88.37120235,88.6272043,0.0028918669098447736,5
a100,legacy,auto,2,3932160,88.78080547,88.57600391,89.24160153,88.6272043,89.24160153,0.006920383598092112,5
a100,legacy,auto,2,3948544,88.42240274,87.96159923,89.13920075,88.26880157,88.6272043,0.004053302318122562,5
a100,legacy,auto,2,3964928,88.93439919,88.78080547,89.75359797,88.83200586,89.03679997,0.0023027547480529488,5
a100,legacy,auto,2,3981312,89.08800036,89.03679997,89.19040114,89.03679997,89.13920075,0.0011494340380994092,5
a100,legacy,auto,2,3997696,89.49760348,89.34400231,91.39199555,89.44640309,90.41919559,0.010869480993615508,5
a100,legacy,auto,2,4014080,89.75359797,89.6511972,90.57279676,89.75359797,90.31680226,0.006275005155651272,5
a100,legacy,auto,2,4030464,90.00959992,89.95839953,90.47039598,89.95839953,90.1120007,0.0017064976417684506,5
a100,legacy,auto,2,4046848,90.47039598,90.26560187,90.93119949,90.36800265,90.57279676,0.002263658822111069,5
a100,legacy,auto,2,4063232,90.62399715,90.31680226,90.8799991,90.62399715,90.77759832,0.001694928218027754,5
a100,legacy,auto,2,4079616,90.57279676,90.06080031,91.44319594,90.52159637,91.18720144,0.007348840864036912,5
a100,legacy,auto,2,4096000,90.62399715,90.00959992,91.44319594,90.47039598,90.67519754,0.002259904290703567,5
a100,legacy,auto,2,4112384,91.13600105,90.57279676,91.49439633,90.8799991,91.18720144,0.00337081215393079,5
a100,legacy,auto,2,4128768,91.34079516,91.08480066,92.05760062,91.18720144,91.39199555,0.0022420881013929723,5
a100,legacy,auto,2,4145152,91.69919789,91.54559672,91.75039828,91.6479975,91.75039828,0.001116703115798611,5
a100,legacy,auto,2,4161536,92.05760062,91.85279906,92.56960452,91.85279906,92.31360257,0.005005599829851454,5
a100,legacy,auto,2,4177920,92.46720374,92.00640023,92.82559901,92.10880101,92.56960452,0.004983426462161612,5
a100,legacy,auto,2,4194304,92.51840413,92.21120179,92.72320569,92.26240218,92.51840413,0.0027670381088748916,5
a100,legacy,auto,4,262144,19.2512013,18.73919927,19.35360022,18.89279857,19.2512013,0.018617161828753077,5
a100,legacy,auto,4,278528,18.84160005,18.68800074,18.94399896,18.79039966,18.94399896,0.008152136739575882,5
a100,legacy,auto,4,294912,18.99519935,18.89279857,19.96799931,18.99519935,19.30239983,0.01617253256149685,5
a100,legacy,auto,4,311296,19.35360022,18.94399896,20.83840035,19.14880052,20.63360065,0.07671958256457154,5
a100,legacy,auto,4,327680,19.20000091,18.73919927,19.35360022,19.04639974,19.30239983,0.013333337388888726,5
a100,legacy,auto,4,344064,18.94399896,18.84160005,19.30239983,18.94399896,18.99519935,0.0027027234380719036,5
a100,legacy,auto,4,360448,18.68800074,18.43200065,18.84160005,18.43200065,18.79039966,0.019178028457205606,5
a100,legacy,auto,4,376832,18.63680035,18.53439957,18.84160005,18.58559996,18.84160005,0.013736268307451206,5
a100,legacy,auto,4,393216,18.63680035,18.38080026,18.68800074,18.43200065,18.68800074,0.013736268307451206,5
a100,legacy,auto,4,409600,22.27200009,22.2207997,22.73279987,22.2207997,22.37440087,0.0068966042285966145,5
a100,legacy,auto,4,425984,22.4255994,22.4255994,22.63039909,22.4255994,22.47679979,0.0022831224747554245,5
a100,legacy,auto,4,442368,22.63039909,22.47679979,23.50080013,22.52800018,22.88639918,0.015837060520880197,5
a100,legacy,auto,4,458752,24.11520109,22.52800018,25.75359866,22.68159948,24.26880039,0.06581744452706116,5
a100,legacy,auto,4,475136,23.14240113,22.52800018,24.4223997,22.88639918,23.55200052,0.028761118444929422,5
a100,legacy,auto,4,491520,22.52800018,22.47679979,22.93759957,22.47679979,22.57920057,0.004545489132715373,5
a100,legacy,auto,4,507904,22.98879996,22.93759957,23.44959974,22.93759957,23.09120074,0.0066815653825891014,5
a100,legacy,auto,4,524288,22.83519879,22.83519879,22.98879996,22.83519879,22.93759957,0.0044843393281447305,5
a100,legacy,auto,4,540672,22.93759957,22.83519879,23.80799875,22.88639918,22.93759957,0.002232159901638662,5
a100,legacy,auto,4,557056,22.98879996,22.88639918,23.19359966,22.93759957,23.04000035,0.004454376921726016,5
a100,legacy,auto,4,573440,23.09120074,22.93759957,23.50080013,23.04000035,23.24480005,0.008869166324695803,5
a100,legacy,auto,4,589824,23.29600044,23.04000035,23.55200052,23.09120074,23.55200052,0.0197802099629424,5
a100,legacy,auto,4,606208,24.47360009,23.70559983,25.34399927,23.85919914,24.57599901,0.029288697509316827,5
a100,legacy,auto,4,622592,23.96159992,23.75680022,24.98560026,23.91039953,24.0640007,0.006410305259783409,5
a100,legacy,auto,4,638976,23.75680022,23.70559983,23.85919914,23.75680022,23.75680022,0.0,5
a100,legacy,auto,4,655360,24.0640007,23.75680022,25.24160221,23.80799875,25.08800104,0.053191582977306105,5
a100,legacy,auto,4,671744,24.11520109,24.01280031,25.13920143,24.01280031,24.26880039,0.010615714090236506,5
a100,legacy,auto,4,688128,24.93439987,24.16640148,29.1839987,24.26880039,24.98560026,0.02874742820108624,5
a100,legacy,auto,4,704512,26.47039853,24.32000078,28.67200039,24.4223997,27.18720213,0.10444884034770138,5
a100,legacy,auto,4,720896,24.47360009,24.4223997,25.80479905,24.4223997,24.6271994,0.008368188547939895,5
a100,legacy,auto,4,737280,24.7807987,24.6271994,25.13920143,24.72960018,24.83199909,0.004132187636066854,5
a100,legacy,auto,4,753664,25.24160221,25.03680065,27.44320035,25.24160221,25.65119788,0.016227007564429945,5
a100,legacy,auto,4,770048,25.34399927,25.13920143,25.70239827,25.19040182,25.49760044,0.012121158019588185,5
a100,legacy,auto,4,786432,25.54880083,25.39519966,25.60000122,25.49760044,25.54880083,0.0020040232158325434,5
a100,legacy,auto,4,802816,27.64799818,27.49440074,28.16000022,27.59679779,27.75039896,0.005555598238975223,5
a100,legacy,auto,4,819200,27.69919857,27.54560113,28.92800048,27.69919857,28.00639905,0.011090590914522578,5
a100,legacy,auto,4,835584,27.90400013,27.85279974,30.61760031,27.85279974,28.56959961,0.025688068615988883,5
a100,legacy,auto,4,851968,28.10879983,28.00639905,31.18079901,28.00639905,28.6208,0.021857957426708114,5
a100,legacy,auto,4,868352,28.41599844,28.31360139,30.51519953,28.41599844,28.56959961,0.005405446876143681,5
a100,legacy,auto,4,884736,28.46719883,28.31360139,30.87360039,28.46719883,30.41279875,0.06834532373974357,5
a100,legacy,auto,4,901120,28.67200039,28.46719883,29.95199896,28.6208,28.67200039,0.0017857278635451971,5
a100,legacy,auto,4,917504,28.87680009,28.77439931,28.92800048,28.8255997,28.87680009,0.0017730631455155185,5
a100,legacy,auto,4,933888,28.97920087,28.92800048,29.38880026,28.97920087,29.28639948,0.010600658430095639,5
a100,legacy,auto,4,950272,29.23519909,29.13280204,29.54240143,29.1839987,29.23519909,0.0017513268797102696,5
a100,legacy,auto,4,966656,29.69599888,29.54240143,29.79839966,29.5935981,29.79839966,0.006896604516574522,5
a100,legacy,auto,4,983040,29.79839966,29.69599888,30.20800091,29.79839966,30.10560013,0.010309294240803466,5
a100,legacy,auto,4,999424,30.31040169,30.31040169,30.51519953,30.31040169,30.36159836,0.0016890792317308778,5
a100,legacy,auto,4,1015808,30.61760031,30.46399914,30.72000109,30.56639992,30.6688007,0.0033445070470318637,5
a100,legacy,auto,4,1032192,30.72000109,30.56639992,33.5871987,30.72000109,32.30720013,0.05166663358344295,5
a100,legacy,auto,4,1048576,30.8224,30.72000109,32.30720013,30.8224,30.92480078,0.003322284442483503,5
a100,legacy,auto,4,1064960,31.28319979,31.18079901,32.35840052,31.18079901,31.33440018,0.004910021066614112,5
a100,legacy,auto,4,1081344,31.64159879,31.48800135,32.15359896,31.5903984,31.74399957,0.0048544060943134845,5
a100,legacy,auto,4,1097728,32.05119818,31.69279918,34.56000239,31.99999779,32.4608013,0.014377107133783965,5
a100,legacy,auto,4,1114112,32.71679953,31.99999779,33.48479792,32.10239857,32.71679953,0.018779372335506823,5
a100,legacy,auto,4,1130496,32.25599974,32.10239857,32.71679953,32.25599974,32.35840052,0.003174627381739817,5
a100,legacy,auto,4,1146880,32.92160109,32.35840052,33.07519853,32.8704007,33.02400187,0.004665665244533273,5
a100,legacy,auto,4,1163264,33.28000009,32.81920031,38.60479966,32.8704007,33.63839909,0.02307687463711189,5
a100,legacy,auto,4,1179648,32.8704007,32.81920031,35.68639979,32.8704007,32.97280148,0.003115288460721549,5
a100,legacy,auto,4,1196032,34.45760161,34.30400044,35.32800078,34.35520083,34.508802,0.004457686049612486,5
a100,legacy,auto,4,1212416,34.71359983,34.61120278,36.71040013,34.61120278,34.71359983,0.0029497675407177855,5
a100,legacy,auto,4,1228800,34.81600061,34.71359983,35.12319922,34.81600061,34.96960178,0.004411798233823463,5
a100,legacy,auto,4,1245184,35.32800078,35.07199883,36.35200113,35.12319922,35.6351994,0.014492758398314355,5
a100,legacy,auto,4,1261568,35.48159823,35.32800078,35.58399901,35.43039784,35.53279862,0.002886025013197482,5
a100,legacy,auto,4,1277952,35.94239801,35.73760018,36.96640208,35.73760018,36.09599918,0.009971482701301226,5
a100,legacy,auto,4,1294336,35.9935984,35.73760018,37.52959892,35.9935984,37.11999953,0.031294485132667305,5
a100,legacy,auto,4,1310720,36.30080074,36.09599918,36.71040013,36.09599918,36.45440191,0.009873135652489236,5
a100,legacy,auto,4,1327104,36.19839996,36.14719957,36.30080074,36.19839996,36.30080074,0.0028288758650424173,5
a100,legacy,auto,4,1343488,36.65919974,36.40320152,37.17119992,36.5056023,36.65919974,0.00418987433139201,5
a100,legacy,auto,4,1359872,37.06879914,36.91520169,38.24640065,37.01759875,37.32480109,0.008287356135810432,5
a100,legacy,auto,4,1376256,37.32480109,37.17119992,39.06559944,37.17119992,37.68320009,0.013717425278849633,5
a100,legacy,auto,4,1392640,37.68320009,37.42719814,37.78559715,37.68320009,37.73440048,0.0013587059983683624,5
a100,legacy,auto,4,1409024,37.73440048,37.42719814,39.32160139,37.58079931,37.83679754,0.006784213522503959,5
a100,legacy,auto,4,1425408,37.88799793,37.78559715,39.11679983,37.83679754,37.93919832,0.002702723437358558,5
a100,legacy,auto,4,1441792,38.09279948,37.99039871,38.19520026,38.04159909,38.14399987,0.002688192556017506,5
a100,legacy,auto,4,1458176,38.5024026,38.29760104,39.01439905,38.29760104,38.912002,0.015957470664441017,5
a100,legacy,auto,4,1474560,44.85119879,44.64640096,48.74239862,44.74880174,46.02880031,0.028538781672105305,5
a100,legacy,auto,4,1490944,45.00479996,44.90239918,46.79679871,44.95359957,45.26079819,0.00682590790922385,5
a100,legacy,auto,4,1507328,46.64320126,44.80000213,46.89919949,45.05600035,46.79679871,0.03732158841963669,5
a100,legacy,auto,4,1523712,45.56800053,44.95359957,48.43520001,45.00479996,46.64320126,0.0359550842903749,5
a100,legacy,auto,4,1540096,45.67039758,45.10720074,47.97440022,45.36319897,46.0800007,0.015695105976346973,5
a100,legacy,auto,4,1556480,45.92639953,45.05600035,47.10400105,45.77279836,46.33600265,0.012263192755445563,5
a100,legacy,auto,4,1572864,46.89919949,45.82399875,47.82079905,46.4383997,47.46240005,0.021834068835617164,5
a100,legacy,auto,4,1589248,49.2031984,47.87199944,49.45920035,48.076801,49.30559918,0.02497394925448583,5
a100,legacy,auto,4,1605632,47.46240005,46.74560204,48.74239862,47.2063981,48.02560061,0.017260031290811148,5
a100,legacy,auto,4,1622016,47.5647971,47.35999927,48.23040217,47.35999927,47.71839827,0.007534963289058129,5
a100,legacy,auto,4,1638400,46.89919949,46.74560204,48.64000157,46.89919949,47.51360044,0.013100457079891124,5
a100,legacy,auto,4,1654784,47.66719788,47.10400105,48.28160256,47.30879888,48.23040217,0.019334119289329623,5
a100,legacy,auto,4,1671168,48.076801,47.10400105,49.51040074,47.25759849,49.45920035,0.045793434966690146,5
a100,legacy,auto,4,1687552,48.58880118,47.30879888,50.02240092,48.53760079,48.94720018,0.008429913479087897,5
a100,legacy,auto,4,1703936,48.58880118,47.10400105,49.10080135,47.82079905,48.89599979,0.02212857106757701,5
a100,legacy,auto,4,1720320,47.30879888,47.10400105,49.76639897,47.30879888,47.87199944,0.011904774023719743,5
a100,legacy,auto,4,1736704,48.076801,47.30879888,51.25120282,47.35999927,48.076801,0.014909513842237552,5
a100,legacy,auto,4,1753088,47.71839827,47.30879888,47.97440022,47.41119966,47.97440022,0.011802587270706362,5
a100,legacy,auto,4,1769472,49.86879975,47.35999927,50.07360131,49.04960096,50.07360131,0.020533888024846667,5
a100,legacy,auto,4,1785856,49.15199801,48.8447994,51.55839771,48.99840057,50.48320442,0.030208412884821376,5
a100,legacy,auto,4,1802240,49.40799996,48.12800139,50.17600209,48.89599979,49.92000014,0.020725395701688337,5
a100,legacy,auto,4,1818624,48.8447994,47.82079905,49.81759936,48.28160256,49.15199801,0.017819613565656218,5
a100,legacy,auto,4,1835008,48.74239862,48.17920178,51.45599693,48.38399962,50.02240092,0.03361347300064416,5
a100,legacy,auto,4,1851392,47.82079905,47.61599749,49.56159741,47.71839827,48.28160256,0.011777391871079611,5
a100,legacy,auto,4,1867776,47.76959866,47.71839827,49.30559918,47.76959866,47.82079905,0.00107181955545444,5
a100,legacy,auto,4,1884160,48.02560061,47.71839827,49.45920035,47.92319983,49.04960096,0.023454181013729085,5
a100,legacy,auto,4,1900544,49.25439879,48.64000157,50.17600209,49.2031984,50.07360131,0.017671577186659692,5
a100,legacy,auto,4,1916928,49.04960096,48.28160256,49.66399819,48.58880118,49.10080135,0.010438416622747594,5
a100,legacy,auto,4,1933312,48.38399962,47.97440022,51.55839771,48.17920178,48.74239862,0.01164014642078495,5
a100,legacy,auto,4,1949696,48.53760079,48.38399962,51.50719732,48.38399962,49.66399819,0.026371278125962017,5
a100,legacy,auto,4,1966080,48.8447994,48.43520001,51.09760165,48.69120196,51.04640126,0.04821801561129971,5
a100,legacy,auto,4,1982464,51.25120282,49.97120053,52.63360217,50.73919892,52.42880061,0.03296706412792057,5
a100,legacy,auto,4,1998848,50.1248017,49.92000014,52.88959667,50.1248017,52.88959667,0.055158222601008396,5
a100,legacy,auto,4,2015232,51.66079849,50.8415997,54.16960269,50.94400048,52.73600295,0.03468785853836306,5
a100,legacy,auto,4,2031616,50.32960325,50.17600209,51.81439966,50.22720248,51.55839771,0.02644954746389738,5
a100,legacy,auto,4,2048000,51.09760165,50.38080364,52.53120139,51.04640126,51.14880204,0.0020040232162245996,5
a100,legacy,auto,4,2064384,51.55839771,49.97120053,52.88959667,50.32960325,51.66079849,0.025819173968274964,5
a100,legacy,auto,4,2080768,51.14880204,50.68799853,52.32639983,51.09760165,51.81439966,0.014013974548992154,5
a100,legacy,auto,4,2097152,51.09760165,50.48320442,52.58240178,50.63679814,51.14880204,0.010020116081123277,5
a100,legacy,auto,4,2113536,51.45599693,50.38080364,52.27519944,50.89280009,51.81439966,0.017910440473123644,5
a100,legacy,auto,4,2129920,51.25120282,50.48320442,52.01920122,50.63679814,51.96800083,0.025974077031427567,5
a100,legacy,auto,4,2146304,50.8415997,50.68799853,54.32320386,50.73919892,52.42880061,0.03323266183538287,5
a100,legacy,auto,4,2162688,51.40479654,51.14880204,54.73279953,51.14880204,51.6095981,0.008964067383117393,5
a100,legacy,auto,4,2179072,51.35359615,50.79039931,54.47679758,51.25120282,53.45280096,0.0428713528370884,5
a100,legacy,auto,4,2195456,51.6095981,51.20000243,52.53120139,51.40479654,52.12159827,0.01388892292110293,5
a100,legacy,auto,4,2211840,51.91680044,51.09760165,54.32320386,51.71199888,53.50400135,0.03451681256958446,5
a100,legacy,auto,4,2228224,52.01920122,51.20000243,54.8864007,51.96800083,52.01920122,0.0009842594426519764,5
a100,legacy,auto,4,2244608,51.96800083,51.25120282,52.07039788,51.45599693,51.96800083,0.009852291637596239,5
a100,legacy,auto,4,2260992,51.91680044,51.30239576,54.16960269,51.55839771,53.09439823,0.029585808581851076,5
a100,legacy,auto,4,2277376,52.68480256,51.76319927,53.19679901,52.17279866,52.94079706,0.014577228397608012,5
a100,legacy,auto,4,2293760,52.88959667,51.66079849,54.73279953,51.86560005,53.2479994,0.026137453053865382,5
a100,legacy,auto,4,2310144,53.96480113,51.81439966,55.09120226,51.86560005,54.73279953,0.05313091904282171,5
a100,legacy,auto,4,2326528,52.73600295,52.01920122,53.86240035,52.07039788,53.81119996,0.033009746333078925,5
a100,legacy,auto,4,2342912,52.01920122,51.81439966,53.40160057,51.91680044,53.19679901,0.02460627114566056,5
a100,legacy,auto,4,2359296,52.17279866,51.55839771,52.480001,52.17279866,52.22399905,0.0009813617692558208,5
a100,legacy,auto,4,2375680,53.60640213,53.35040018,58.52159858,53.50400135,53.60640213,0.0019102341498626596,5
a100,legacy,auto,4,2392064,54.1184023,53.50400135,54.83520031,53.65759879,54.83520031,0.021759724418176255,5
a100,legacy,auto,4,2408448,54.1184023,53.50400135,56.72960356,53.75999957,54.63039875,0.01608323865835928,5
a100,legacy,auto,4,2424832,54.32320386,53.81119996,57.90720135,53.96480113,54.52799797,0.010367518849798625,5
a100,legacy,auto,4,2441216,55.09120226,54.73279953,57.19039962,54.98880148,56.42240122,0.026022299045756897,5
a100,legacy,auto,4,2457600,55.96160144,54.37440425,56.62720278,55.24479598,56.21759966,0.01738341389395375,5
a100,legacy,auto,4,2473984,54.73279953,53.70879918,54.8864007,54.27200347,54.8864007,0.011225393827393019,5
a100,legacy,auto,4,2490368,54.52799797,53.86240035,54.98880148,54.27200347,54.98880148,0.013145503900479954,5
a100,legacy,auto,4,2506752,55.24479598,53.81119996,56.11519888,55.24479598,55.75679988,0.009267911862419796,5
a100,legacy,auto,4,2523136,55.44959754,54.68159914,58.1632033,55.24479598,55.6543991,0.007386944868346828,5
a100,legacy,auto,4,2539520,54.98880148,54.52799797,56.42240122,54.83520031,55.04000187,0.0037244230550194553,5
a100,legacy,auto,4,2555904,55.24479598,55.09120226,57.19039962,55.09120226,56.47360161,0.025023159656530604,5
a100,legacy,auto,4,2572288,55.34719676,54.37440425,57.08799884,55.19359559,55.50079793,0.0055504588847038894,5
a100,legacy,auto,4,2588672,55.14240265,54.83520031,55.34719676,55.04000187,55.14240265,0.001857024269507479,5
a100,legacy,auto,4,2605056,56.06399849,54.83520031,57.6511994,55.6543991,56.16639927,0.009132423369541232,5
a100,legacy,auto,4,2621440,55.04000187,54.78399992,56.57600239,54.98880148,55.55199832,0.010232500379092072,5
a100,legacy,auto,4,2637824,55.80800027,54.93760109,57.03679845,55.6543991,56.47360161,0.014678943987182643,5
a100,legacy,auto,4,2654208,57.2928004,55.75679988,58.67519975,57.19039962,57.2928004,0.0017873237000996102,5
a100,legacy,auto,4,2670592,55.80800027,54.8864007,56.37120083,55.24479598,55.80800027,0.010091819941141238,5
a100,legacy,auto,4,2686976,56.16639927,55.80800027,57.44640157,55.96160144,56.83199689,0.015496728672526787,5
a100,legacy,auto,4,2703360,55.80800027,55.19359559,56.42240122,55.75679988,55.85920066,0.001834876352934701,5
a100,legacy,auto,4,2719744,55.75679988,55.39839715,56.67840317,55.6543991,56.06399849,0.00734617823981192,5
a100,legacy,auto,4,2736128,56.26880005,55.39839715,57.03679845,55.96160144,56.72960356,0.013648809274723435,5
a100,legacy,auto,4,2752512,56.57600239,55.6543991,62.36159801,56.06399849,57.34400079,0.02262447408667114,5
a100,legacy,auto,4,2768896,59.28959697,58.47039819,60.31360105,58.57279897,60.00639871,0.024179616884988892,5
a100,legacy,auto,4,2785280,58.72640014,57.39520118,60.0575991,58.4191978,59.39199775,0.016564951157927426,5
a100,legacy,auto,4,2801664,59.54559892,53.81119996,60.67199633,59.44319814,59.6479997,0.0034394071722269937,5
a100,legacy,auto,4,2818048,59.44319814,53.65759879,61.08159944,59.1871962,59.75040048,0.009474663167912801,5
a100,legacy,auto,4,2834432,59.28959697,54.68159914,60.62080339,58.47039819,59.69920009,0.0207254217063031,5
a100,legacy,auto,4,2850816,59.69920009,58.72640014,61.33760139,59.6479997,60.62080339,0.016295087514295693,5
a100,legacy,auto,4,2867200,59.69920009,54.83520031,60.87679788,59.13599581,59.75040048,0.010291673407244243,5
a100,legacy,auto,4,2883584,60.51840261,54.37440425,61.79840118,60.46720222,61.08159944,0.010152237889677517,5
a100,legacy,auto,4,2899968,59.69920009,56.42240122,62.36159801,58.98240209,60.31360105,0.0222984388064353,5
a100,legacy,auto,4,2916352,60.00639871,58.1632033,60.87679788,59.28959697,60.41600183,0.018771412452923738,5
a100,legacy,auto,4,2932736,60.10879949,54.42559719,61.49119884,59.03360248,61.08159944,0.034071499969662744,5
a100,legacy,auto,4,2949120,60.36480144,55.14240265,61.59359962,57.39520118,60.41600183,0.05004241839513948,5
a100,legacy,auto,4,2965504,59.34079736,55.29599637,61.59359962,55.44959754,60.82559749,0.09059534399893006,5
a100,legacy,auto,4,2981888,59.49439853,54.83520031,63.33439797,55.55199832,61.79840118,0.10499144481392232,5
a100,legacy,auto,4,2998272,59.6479997,54.78399992,61.79840118,56.42240122,60.67199633,0.07124455357050308,5
a100,legacy,auto,4,3014656,60.00639871,54.8864007,60.31360105,55.50079793,60.15999988,0.0776450853602643,5
a100,legacy,auto,4,3031040,60.15999988,54.93760109,60.72319672,54.98880148,60.26240066,0.08765956101261876,5
a100,legacy,auto,4,3047424,60.36480144,55.60319871,62.4127984,56.62720278,61.23520061,0.07633584009350469,5
a100,legacy,auto,4,3063808,60.46720222,55.60319871,61.33760139,56.06399849,60.97919866,0.08128704470428198,5
a100,legacy,auto,4,3080192,60.67199633,56.32000044,60.97919866,57.03679845,60.82559749,0.0624472453385646,5
a100,legacy,auto,4,3096576,60.36480144,55.44959754,63.12959641,57.49760196,60.92799827,0.05682775770263523,5
a100,legacy,auto,4,3112960,60.72319672,55.50079793,61.64480001,55.60319871,61.18400022,0.09190559475538759,5
a100,legacy,auto,4,3129344,60.67199633,55.55199832,62.51519918,55.91040105,62.51519918,0.1088607352571022,5
a100,legacy,auto,4,3145728,61.286401,56.47360161,61.6960004,59.23839658,61.33760139,0.03425237533527223,5
a100,legacy,auto,4,3162112,62.36159801,57.13919923,64.10239637,58.67519975,63.64160031,0.07963876357375602,5
a100,legacy,auto,4,3178496,62.25919724,58.62399936,64.10239637,60.26240066,62.56639957,0.03700656308044624,5
a100,legacy,auto,4,3194880,62.66880035,57.70239979,64.20479715,59.49439853,63.99999559,0.07189537752177506,5
a100,legacy,auto,4,3211264,62.87360191,58.1632033,64.71680105,58.21440369,64.51199949,0.10016279660603265,5
a100,legacy,auto,4,3227648,63.43679875,57.59999901,65.07520378,59.69920009,65.07520378,0.08474582254988075,5
a100,legacy,auto,4,3244032,62.25919724,57.75360018,64.66560066,59.95519832,64.20479715,0.06825656318083301,5
a100,legacy,auto,4,3260416,62.36159801,57.90720135,65.58720022,57.90720135,64.05119598,0.09852208452090629,5
a100,legacy,auto,4,3276800,62.51519918,57.90720135,64.10239637,58.26560408,63.74400109,0.08763304095418535,5
a100,legacy,auto,4,3293184,62.82240152,57.6511994,65.689601,58.9312017,63.38559836,0.07090459059547267,5
a100,legacy,auto,4,3309568,60.15999988,58.62399936,63.74400109,59.23839658,62.82240152,0.05957455031830029,5
a100,legacy,auto,4,3325952,59.34079736,57.75360018,63.84639442,58.62399936,63.12959641,0.07592747739242711,5
a100,legacy,auto,4,3342336,58.98240209,57.80480057,64.30719793,58.00960213,63.38559836,0.09114576618627512,5
a100,legacy,auto,4,3358720,59.95519832,58.00960213,64.56319988,58.9312017,63.64160031,0.07856530779631651,5
a100,legacy,auto,4,3375104,59.90399793,58.4191978,64.10239637,59.6479997,63.48799914,0.06410255696935585,5
a100,legacy,auto,4,3391488,61.18400022,58.36799741,63.9487952,58.98240209,63.33439797,0.0711296395193429,5
a100,legacy,auto,4,3407872,59.69920009,58.1632033,68.55680048,58.57279897,65.12640417,0.10977710237524223,5
a100,legacy,auto,4,3424256,59.28959697,58.26560408,64.10239637,58.57279897,63.9487952,0.09067351617721746,5
a100,legacy,auto,4,3440640,62.4127984,59.13599581,64.4607991,59.59679931,63.9487952,0.06972922223593163,5
a100,legacy,auto,4,3457024,61.23520061,58.4191978,67.32799858,59.28959697,64.81920183,0.0903010818110554,5
a100,legacy,auto,4,3473408,60.62080339,58.62399936,66.09920412,58.77760053,65.63840061,0.11317567066641286,5
a100,legacy,auto,4,3489792,61.95200235,58.67519975,66.40639901,59.23839658,64.972803,0.09256208358857022,5
a100,legacy,auto,4,3506176,59.90399793,59.23839658,65.22880495,59.49439853,64.81920183,0.08888894704861311,5
a100,legacy,auto,4,3522560,60.569603,59.6479997,64.4607991,60.41600183,64.05119598,0.060016806615027736,5
a100,legacy,auto,4,3538944,59.6479997,59.44319814,64.30719793,59.59679931,60.7743971,0.019742452318983635,5
a100,legacy,auto,4,3555328,65.28000534,64.15359676,68.60800087,64.76800144,65.58720022,0.012548999892590902,5
a100,legacy,auto,4,3571712,65.689601,63.64160031,70.60480118,63.84639442,66.40639901,0.03897123062141904,5
a100,legacy,auto,4,3588096,63.99999559,63.9487952,67.9935962,63.9487952,64.51199949,0.008800067637629576,5
a100,legacy,auto,4,3604480,65.53599983,64.15359676,67.89119542,64.61440027,65.79200178,0.017968773087382414,5
a100,legacy,auto,4,3620864,64.61440027,64.20479715,68.81280243,64.25599754,66.25279784,0.030903332564507353,5
a100,legacy,auto,4,3637248,64.87040222,64.15359676,70.39999962,64.25599754,65.38239866,0.017363868288961123,5
a100,legacy,auto,4,3653632,65.89440256,64.81920183,69.12000477,64.972803,66.04800373,0.016317026761430674,5
a100,legacy,auto,4,3670016,65.07520378,64.20479715,69.58080083,64.76800144,65.33120573,0.008654668096069502,5
a100,legacy,auto,4,3686400,64.20479715,64.20479715,68.91520321,64.20479715,65.74080139,0.023923512076698412,5
a100,legacy,auto,4,3702784,65.79200178,64.51199949,71.11679763,64.87040222,66.56000018,0.025680902150534934,5
a100,legacy,auto,4,3719168,65.07520378,64.40959871,69.734402,64.972803,65.12640417,0.0023603640262008525,5
a100,legacy,auto,4,3735552,65.22880495,64.20479715,70.29759884,64.87040222,67.32799858,0.03767655044245904,5
a100,legacy,auto,4,3751936,66.09920412,64.61440027,71.52640074,64.87040222,67.02079624,0.0325328277190154,5
a100,legacy,auto,4,3768320,67.32799858,65.79200178,70.45120001,66.15039706,70.24639845,0.06083652382942998,5
a100,legacy,auto,4,3784704,65.43359905,64.81920183,70.86079568,65.22880495,65.74080139,0.007824671841889222,5
a100,legacy,auto,4,3801088,66.20159745,64.81920183,70.91199607,66.20159745,66.35519862,0.00232020337750931,5
a100,legacy,auto,4,3817472,65.22880495,65.17760456,70.96319646,65.22880495,65.48479944,0.003924562012077859,5
a100,legacy,auto,4,3833856,65.58720022,65.07520378,70.86079568,65.58720022,65.63840061,0.0007806460685661712,5
a100,legacy,auto,4,3850240,67.89119542,65.689601,72.80640304,66.35519862,68.30079854,0.02865761764782321,5
a100,legacy,auto,4,3866624,66.96959585,65.53599983,71.01439685,66.61120057,67.27679819,0.00993880299786817,5
a100,legacy,auto,4,3883008,65.99680334,65.53599983,71.16799802,65.89440256,66.35519862,0.006982096657410509,5
a100,legacy,auto,4,3899392,66.15039706,65.89440256,71.73119485,65.94560295,66.35519862,0.006191885282691327,5
a100,legacy,auto,4,3915776,66.66240096,66.35519862,72.03839719,66.50879979,66.71360135,0.00307221997783872,5
a100,legacy,auto,4,3932160,66.81600213,66.25279784,73.52320105,66.61120057,67.32799858,0.010727939223382043,5
a100,legacy,auto,4,3948544,66.96959585,66.35519862,71.11679763,66.66240096,67.27679819,0.009174271133069626,5
a100,legacy,auto,4,3964928,67.17439741,66.30399823,71.16799802,66.61120057,67.48159975,0.012957305365726047,5
a100,legacy,auto,4,3981312,68.09599698,66.50879979,71.37279958,66.56000018,68.50560009,0.028571428516883705,5
a100,legacy,auto,4,3997696,68.30079854,67.37919897,72.03839719,67.58400053,68.55680048,0.014242878133120133,5
a100,legacy,auto,4,4014080,67.9935962,66.76480174,72.24319875,66.81600213,68.40319932,0.023343333471160004,5
a100,legacy,auto,4,4030464,68.19839776,67.53280014,72.4992007,67.58400053,69.22240555,0.024024098421868957,5
a100,legacy,auto,4,4046848,68.30079854,66.76480174,73.31839949,66.81600213,68.40319932,0.023238340164800034,5
a100,legacy,auto,4,4063232,66.86720252,66.61120057,73.11360538,66.66240096,68.19839776,0.022970854800461994,5
a100,legacy,auto,4,4079616,67.43039936,67.2255978,73.11360538,67.43039936,68.4543997,0.015186034039825694,5
a100,legacy,auto,4,4096000,67.58400053,67.17439741,73.0112046,67.17439741,67.78879464,0.009090868033585591,5
a100,legacy,auto,4,4112384,68.76160204,67.48159975,73.21599871,68.04479659,69.06880438,0.014892145610631832,5
a100,legacy,auto,4,4128768,68.30079854,67.32799858,73.47200066,68.04479659,71.21919841,0.04647678925951251,5
a100,legacy,auto,4,4145152,68.60800087,67.73759425,75.46880096,67.78879464,68.60800087,0.011940389161786575,5
a100,legacy,auto,4,4161536,68.65920126,67.58400053,73.779203,67.68640131,69.12000477,0.020879990353677477,5
a100,legacy,auto,4,4177920,69.17120516,67.83999503,70.60480118,69.12000477,69.52960044,0.005921476560261822,5
a100,legacy,auto,4,4194304,70.29759884,67.83999503,70.5024004,69.17120516,70.34879923,0.016751554668037048,5
a100,timing,Ring_LL,2,524288,26.93765,26.8155,27.18762,26.876575000000003,27.062635,0.00690706130638707,3
a100,timing,Ring_LL,2,557056,29.48867,29.43565,29.62642,29.462159999999997,29.557544999999998,0.003234632148550622,3
a100,timing,Ring_LL,2,589824,29.85938,29.73263,29.91539,29.796005,29.887385000000002,0.003060344856457197,3
a100,timing,Ring_LL,2,622592,31.3184,31.23703,31.48521,31.277715,31.401805,0.003962207520179796,3
a100,timing,Ring_LL,2,655360,31.50034,29.70407,31.57589,30.602205,31.538115,0.029711107880105413,3
a100,timing,Ring_LL,2,688128,32.9846,31.02542,33.02579,32.00501,33.005195,0.03032278699756862,3
a100,timing,Ring_LL,2,720896,33.1417,31.19685,33.23239,32.169275,33.187045,0.030709649776565436,3
a100,timing,Ring_LL,2,753664,34.42638,32.52912,34.55493,33.47775,34.490655000000004,0.029422349953727445,3
a100,timing,Ring_LL,2,786432,34.85801,33.11706,35.00881,33.987535,34.933409999999995,0.027135083155922952,3
a100,timing,Ring_LL,2,819200,34.43801,34.42789,34.63057,34.43295,34.53429,0.002942678743632412,3
a100,timing,Ring_LL,2,851968,34.98576,34.7956,35.08705,34.89068,35.036405,0.004165266096834792,3
a100,timing,Ring_LL,2,884736,36.12074,36.00052,36.21543,36.06063,36.168085,0.002974883681784884,3
a100,timing,Ring_LL,2,917504,36.91197,36.77262,36.94775,36.842295,36.92986,0.002372265690506302,3
a100,timing,Ring_LL,2,950272,38.06221,37.98624,38.21869,38.024225,38.14045,0.0030535536428389215,3
a100,timing,Ring_LL,2,983040,38.57809,38.52248,38.74842,38.550285,38.66325500000001,0.002928346115632065,3
a100,timing,Ring_LL,2,1015808,39.64084,39.626,39.86066,39.63342,39.75075,0.0029598262801695295,3
a100,timing,Ring_LL,2,1048576,40.29009,40.23288,40.38847,40.261485,40.33928,0.0019308718347365776,3
a100,timing,Ring_LL,2,1081344,42.80374,42.74322,42.87688,42.77348,42.84031,0.0015613121657126938,3
a100,timing,Ring_LL,2,1114112,43.22364,43.18477,43.36942,43.204205,43.296530000000004,0.0021359839199105494,3
a100,timing,Ring_LL,2,1146880,44.6483,44.6004,44.83565,44.62435,44.741975,0.0026344788043441017,3
a100,timing,Ring_LL,2,1179648,44.87825,44.83565,45.02993,44.85695,44.95409,0.002164522903633789,3
a100,timing,Ring_LL,2,1212416,46.01844,46.01302,46.12695,46.01573,46.072694999999996,0.0012378733394699637,3
a100,timing,Ring_LL,2,1245184,46.2537,46.16973,46.43013,46.211715,46.341915,0.002814909942339793,3
a100,timing,Ring_LL,2,1277952,47.48025,47.42416,47.72833,47.452205,47.60429,0.003203121297802762,3
a100,timing,Ring_LL,2,1310720,47.85468,47.79165,47.98101,47.823165,47.917845,0.0019784898781058983,3
a100,timing,Ring_LL,2,1343488,48.92014,48.84628,49.04137,48.883210000000005,48.980755,0.001993964040168255,3
a100,timing,Ring_LL,2,1376256,49.39325,49.34485,49.54714,49.36905,49.470195000000004,0.002047749439447748,3
a100,timing,Ring_LL,2,1409024,50.87371,50.81308,50.99663,50.843395,50.93517,0.0018039769460493128,3
a100,timing,Ring_LL,2,1441792,51.57917,51.503,51.6048,51.541084999999995,51.591984999999994,0.0009868324752026567,3
a100,timing,Ring_LL,2,1474560,52.95282,52.85852,53.0044,52.90567,52.97861,0.001377452607812061,3
a100,timing,Ring_LL,2,1507328,53.39635,53.3686,53.48083,53.382475,53.43859,0.0010509145288020317,3
a100,timing,Ring_LL,2,1540096,54.79487,54.77501,54.94434,54.784940000000006,54.869605,0.0015451263959563,3
a100,timing,Ring_LL,2,1572864,55.22289,55.14573,55.23871,55.184309999999996,55.2308,0.0008418610471129941,3
a100,timing,Ring_LL,2,1605632,57.9221,57.92048,58.05675,57.92129,57.989425,0.0011763213005053003,3
a100,timing,Ring_LL,2,1638400,58.03893,57.97449,58.07207,58.00671,58.055499999999995,0.0008406426514065091,3
a100,timing,Ring_LL,2,1671168,59.39324,59.20206,59.4325,59.297650000000004,59.41287,0.0019399514153461517,3
a100,timing,Ring_LL,2,1703936,59.68961,59.64561,59.78427,59.667609999999996,59.736940000000004,0.0011615086779760814,3
a100,timing,Ring_LL,2,1736704,61.07627,61.0431,61.12808,61.059685,61.102175,0.0006956875395305051,3
a100,timing,Ring_LL,2,1769472,61.13608,61.0424,61.17237,61.089240000000004,61.154225,0.0010629566043487409,3
a100,timing,Ring_LL,2,1802240,62.20296,62.11838,62.24422,62.160669999999996,62.22359,0.0010115274257045874,3
a100,timing,Ring_LL,2,1835008,62.55372,62.55232,62.64571,62.553020000000004,62.599715,0.0007464783868968897,3
a100,timing,Ring_LL,2,1867776,63.6776,63.65884,63.6873,63.66822,63.68245,0.0002234694774929465,3
a100,timing,Ring_LL,2,1900544,64.06844,63.94269,64.10983,64.00556499999999,64.089135,0.0013043863718237686,3
a100,timing,Ring_LL,2,1933312,65.3993,65.32976,65.40313,65.36453,65.40121500000001,0.0005609387256439386,3
a100,timing,Ring_LL,2,1966080,66.23652,66.17861,66.24424,66.207565,66.24038,0.0004954215589828598,3
a100,timing,Ring_LL,2,1998848,67.78069,67.74553,67.91537,67.76311000000001,67.84803,0.0012528642007035124,3
a100,timing,Ring_LL,2,2031616,68.33788,68.22044,68.33857,68.27915999999999,68.338225,0.000864308345532579,3
a100,timing,Ring_LL,2,2064384,69.87573,69.86471,69.88438,69.87022,69.880055,0.0001407498712356261,3
a100,timing,Ring_LL,2,2097152,70.12371,70.10157,70.1616,70.11264,70.142655,0.0004280292642817372,3
a100,timing,Ring_LL,2,2129920,73.22118,73.11087,73.26689,73.166025,73.244035,0.001065402114524676,3
a100,timing,Ring_LL,2,2162688,73.3333,73.25414,73.34214,73.29372000000001,73.33771999999999,0.0006000002727271611,3
a100,timing,Ring_LL,2,2195456,74.85664,74.686,74.86978,74.77132,74.86321000000001,0.0012275464140523334,3
a100,timing,Ring_LL,2,2228224,74.96357,74.95353,75.00292,74.95855,74.98324500000001,0.00032942668018623374,3
a100,timing,Ring_LL,2,2260992,76.35874,76.30214,76.36284,76.33044,76.36079000000001,0.00039746596132954467,3
a100,timing,Ring_LL,2,2293760,76.23088,76.1858,76.32278,76.20833999999999,76.27682999999999,0.000898454799419829,3
a100,timing,Ring_LL,2,2326528,77.49985,77.49956,77.55073,77.499705,77.52529,0.0003301296712186207,3
a100,timing,Ring_LL,2,2359296,77.66096,77.60764,77.71815,77.6343,77.689555,0.0007114900459639244,3
a100,timing,Ring_LL,2,2392064,78.82699,78.7759,78.86088,78.801445,78.84393499999999,0.0005390285738423679,3
a100,timing,Ring_LL,2,2424832,79.03071,78.91797,79.05363,78.97434,79.04217,0.0008582739545171836,3
a100,timing,Ring_LL,2,2457600,80.41195,80.34163,80.47619,80.37679,80.44407000000001,0.0008366915613911973,3
a100,timing,Ring_LL,2,2490368,80.56915,80.47857,80.63149,80.52386,80.60032,0.0009489984690169539,3
a100,timing,Ring_LL,2,2523136,82.29087,82.27184,82.33649,82.28135499999999,82.31368,0.00039281392941907615,3
a100,timing,Ring_LL,2,2555904,82.71119,82.62151,82.72974,82.66635,82.720465,0.000654264555981,3
a100,timing,Ring_LL,2,2588672,84.56176,84.56046,84.62648,84.56111000000001,84.59412,0.0003903655742263431,3
a100,timing,Ring_LL,2,2621440,84.73589,84.71895,84.8295,84.72742,84.78269499999999,0.0006523209940911064,3
a100,timing,Ring_LL,4,524288,22.99534,22.95035,23.05225,22.972845,23.023795,0.002215666304564328,3
a100,timing,Ring_LL,4,557056,23.07481,22.91658,23.2327,22.995694999999998,23.153755,0.006849893888617177,3
a100,timing,Ring_LL,4,589824,23.05516,22.89254,23.1284,22.97385,23.09178,0.005115123902848699,3
a100,timing,Ring_LL,4,622592,23.57647,23.44461,23.74789,23.51054,23.66218,0.00643183648782029,3
a100,timing,Ring_LL,4,655360,23.6966,23.56685,23.81552,23.631725,23.756059999999998,0.0052469552594042405,3
a100,timing,Ring_LL,4,688128,23.87484,23.39882,24.01131,23.63683,23.943075,0.012827101668534766,3
a100,timing,Ring_LL,4,720896,23.24863,22.27505,24.19135,22.76184,23.71999,0.0412131811637933,3
a100,timing,Ring_LL,4,753664,22.56151,22.37334,24.64893,22.467425,23.60522,0.050430800066130356,3
a100,timing,Ring_LL,4,786432,22.99965,22.97891,25.3082,22.98928,24.153925,0.050637509701234595,3
a100,timing,Ring_LL,4,819200,25.23436,25.04509,25.27544,25.139725,25.2549,0.004564213239408517,3
a100,timing,Ring_LL,4,851968,25.22174,25.16031,25.34347,25.191025,25.282605,0.00363099453090867,3
a100,timing,Ring_LL,4,884736,25.94434,25.74164,25.97258,25.84299,25.958460000000002,0.004450681728654572,3
a100,timing,Ring_LL,4,917504,26.30943,26.18018,26.35983,26.244805,26.334629999999997,0.003414175069547216,3
a100,timing,Ring_LL,4,950272,26.4481,26.32446,26.57465,26.38628,26.511375,0.004729829363924128,3
a100,timing,Ring_LL,4,983040,26.93464,26.93213,27.05247,26.933385,26.993555,0.00223392627486387,3
a100,timing,Ring_LL,4,1015808,27.64532,27.55112,27.74009,27.59822,27.692705,0.0034177575083232463,3
a100,timing,Ring_LL,4,1048576,27.86723,27.80531,28.21411,27.83627,28.04067,0.007334779954807123,3
a100,timing,Ring_LL,4,1081344,28.52891,28.46669,28.77769,28.497799999999998,28.6533,0.0054506113272467654,3
a100,timing,Ring_LL,4,1114112,28.87637,28.76377,28.94342,28.82007,28.909895,0.003110674922090193,3
a100,timing,Ring_LL,4,1146880,29.29389,29.27134,29.38887,29.282615,29.34138,0.002006049725727825,3
a100,timing,Ring_LL,4,1179648,29.91799,29.89294,30.03302,29.905465,29.975505,0.0023410663617441803,3
a100,timing,Ring_LL,4,1212416,31.39454,31.38632,31.58301,31.390430000000002,31.488775,0.003132551074167621,3
a100,timing,Ring_LL,4,1245184,31.91274,31.85312,32.01664,31.88293,31.96469,0.0025619862161631738,3
a100,timing,Ring_LL,4,1277952,32.34477,32.30219,32.49867,32.32348,32.42171999999999,0.00303727619642959,3
a100,timing,Ring_LL,4,1310720,32.52201,32.48444,32.75426,32.503225,32.638135000000005,0.004148267588627055,3
a100,timing,Ring_LL,4,1343488,33.18289,33.15874,33.35703,33.170815000000005,33.26996,0.0029878349956858168,3
a100,timing,Ring_LL,4,1376256,33.78375,33.73184,33.89617,33.757795,33.83996,0.002432086432086322,3
a100,timing,Ring_LL,4,1409024,34.2823,34.19424,34.34964,34.23827,34.31597,0.0022664757032054474,3
a100,timing,Ring_LL,4,1441792,34.76002,34.72857,34.85621,34.744294999999994,34.808115,0.0018360173555713396,3
a100,timing,Ring_LL,4,1474560,35.18815,35.15158,35.36439,35.169865,35.27627,0.0030238873029697555,3
a100,timing,Ring_LL,4,1507328,35.49344,35.44174,35.64113,35.46759,35.567285,0.0028088288990866196,3
a100,timing,Ring_LL,4,1540096,36.03868,35.99461,36.36402,36.016645,36.20135,0.00512518771497738,3
a100,timing,Ring_LL,4,1572864,36.60909,36.55488,36.81419,36.581985,36.71164,0.0035416067430247412,3
a100,timing,Ring_LL,4,1605632,37.8599,37.83255,38.04998,37.846225000000004,37.95494,0.0028715078486735717,3
a100,timing,Ring_LL,4,1638400,38.38812,38.33883,38.62668,38.363475,38.507400000000004,0.0037492067858494495,3
a100,timing,Ring_LL,4,1671168,38.97144,38.8928,39.06243,38.93212,39.016935000000004,0.002176337338317652,3
a100,timing,Ring_LL,4,1703936,39.34086,39.24468,39.39767,39.292770000000004,39.369265,0.0019444160600453118,3
a100,timing,Ring_LL,4,1736704,39.93621,39.89594,40.0836,39.916075000000006,40.009905,0.0023494968601175965,3
a100,timing,Ring_LL,4,1769472,40.5026,40.5023,40.69918,40.502449999999996,40.60089,0.0024304612543393175,3
a100,timing,Ring_LL,4,1802240,40.52413,40.50301,40.70539,40.51357,40.614760000000004,0.0024970307814135076,3
a100,timing,Ring_LL,4,1835008,41.2833,41.25846,41.43811,41.27088,41.360704999999996,0.0021758192780130855,3
a100,timing,Ring_LL,4,1867776,41.88727,41.88637,41.98477,41.88682,41.93602,0.0011745812033106722,3
a100,timing,Ring_LL,4,1900544,42.09227,41.98085,42.23345,42.036559999999994,42.162859999999995,0.0030005509325108986,3
a100,timing,Ring_LL,4,1933312,42.67509,42.67419,42.92287,42.67464,42.79898,0.002913643533030714,3
a100,timing,Ring_LL,4,1966080,43.24157,43.17816,43.33086,43.209865,43.286215,0.0017656620700866761,3
a100,timing,Ring_LL,4,1998848,44.60121,44.54449,44.73326,44.57285,44.667235000000005,0.002116198192829356,3
a100,timing,Ring_LL,4,2031616,45.24735,45.23612,45.43852,45.241735,45.342935,0.0022365950713135385,3
a100,timing,Ring_LL,4,2064384,45.76023,45.69742,45.92757,45.728825,45.843900000000005,0.002514738234488867,3
a100,timing,Ring_LL,4,2097152,45.9975,45.97616,46.11434,45.98683,46.05592,0.0015020381542475733,3
a100,timing,Ring_LL,4,2129920,46.58443,46.54465,46.6701,46.564539999999994,46.627264999999994,0.0013464799290235036,3
a100,timing,Ring_LL,4,2162688,47.06304,47.03759,47.24962,47.050315,47.15633,0.002252616915524354,3
a100,timing,Ring_LL,4,2195456,47.58245,47.50481,47.62494,47.54363,47.603695,0.0012623351676931639,3
a100,timing,Ring_LL,4,2228224,47.99104,47.9699,48.12079,47.98047,48.055915,0.0015720642853333036,3
a100,timing,Ring_LL,4,2260992,48.41686,48.40955,48.55865,48.413205000000005,48.487755,0.0015397528877336326,3
a100,timing,Ring_LL,4,2293760,48.79749,48.70673,48.83046,48.75211,48.813975,0.0012677906179190239,3
a100,timing,Ring_LL,4,2326528,49.4691,49.3721,49.5699,49.4206,49.519499999999994,0.0019992278007886404,3
a100,timing,Ring_LL,4,2359296,49.94661,49.87808,50.06957,49.912345,50.008089999999996,0.001916946915916691,3
a100,timing,Ring_LL,4,2392064,50.90857,50.88602,51.04534,50.897295,50.976955000000004,0.0015647660109094415,3
a100,timing,Ring_LL,4,2424832,51.59539,51.55531,51.86642,51.57535,51.730905,0.0030149011374853386,3
a100,timing,Ring_LL,4,2457600,52.16538,52.16099,52.30116,52.163185,52.233270000000005,0.0013435155653041529,3
a100,timing,Ring_LL,4,2490368,52.46436,52.3822,52.59132,52.42328,52.52784,0.001992971990890565,3
a100,timing,Ring_LL,4,2523136,53.08746,53.00241,53.23305,53.044934999999995,53.160255,0.002172264410465373,3
a100,timing,Ring_LL,4,2555904,53.72249,53.64394,53.92428,53.683215000000004,53.823385,0.002609149352533691,3
a100,timing,Ring_LL,4,2588672,53.8309,53.7774,53.94783,53.80415,53.889365,0.0015830127306063625,3
a100,timing,Ring_LL,4,2621440,54.50429,54.47645,54.65259,54.49037,54.57844,0.001615836111249259,3
a100,timing,Ring_LL128,2,524288,33.8148,33.74486,33.95257,33.779830000000004,33.883685,0.003071288311626738,3
a100,timing,Ring_LL128,2,557056,36.53015,36.48895,36.68354,36.509550000000004,36.606845,0.0026634163834529964,3
a100,timing,Ring_LL128,2,589824,36.7704,36.74757,37.00296,36.758985,36.88668,0.0034727661379804317,3
a100,timing,Ring_LL128,2,622592,36.93772,33.91731,36.9692,35.427515,36.95346,0.04131129371276841,3
a100,timing,Ring_LL128,2,655360,37.34782,34.75482,37.40272,36.051320000000004,37.37527,0.03544919087646873,3
a100,timing,Ring_LL128,2,688128,38.07301,35.10941,38.09185,36.59121,38.08243,0.03916737867586528,3
a100,timing,Ring_LL128,2,720896,36.06564,35.27182,38.17903,35.66873,37.122335,0.04030442825914092,3
a100,timing,Ring_LL128,2,753664,35.53493,35.38303,38.43752,35.45898,36.986225000000005,0.04297869729868632,3
a100,timing,Ring_LL128,2,786432,36.00854,35.86866,38.67368,35.9386,37.34111,0.03894937145466046,3
a100,timing,Ring_LL128,2,819200,36.38817,36.26493,36.44208,36.32655,36.415125,0.002434170226202797,3
a100,timing,Ring_LL128,2,851968,36.52904,36.42514,36.59968,36.477090000000004,36.56436,0.00238905813018893,3
a100,timing,Ring_LL128,2,884736,36.96609,36.86248,37.09102,36.914285,37.028555,0.0030912114318825076,3
a100,timing,Ring_LL128,2,917504,37.22658,37.19313,37.30865,37.209855,37.267615,0.0015515795434337995,3
a100,timing,Ring_LL128,2,950272,38.12101,38.1152,38.3215,38.118105,38.221255,0.002705856953947427,3
a100,timing,Ring_LL128,2,983040,38.1668,38.10608,38.40245,38.13644,38.284625000000005,0.0038825628556757473,3
a100,timing,Ring_LL128,2,1015808,38.68219,38.64732,38.82387,38.664755,38.753029999999995,0.002282057970347488,3
a100,timing,Ring_LL128,2,1048576,39.06704,39.03849,39.16814,39.052765,39.11759,0.0016593271463617163,3
a100,timing,Ring_LL128,2,1081344,39.60287,39.5685,39.76869,39.585685,39.68578,0.002527468337522082,3
a100,timing,Ring_LL128,2,1114112,39.8242,39.80375,39.95085,39.813975,39.887525,0.0018468669803786979,3
a100,timing,Ring_LL128,2,1146880,40.29951,40.18379,40.47846,40.24165,40.388985,0.0036559997875904252,3
a100,timing,Ring_LL128,2,1179648,40.69067,40.66232,40.83315,40.676495,40.76191,0.0020991298496681817,3
a100,timing,Ring_LL128,2,1212416,42.95995,42.94611,43.12085,42.95303,43.0404,0.0020337546947796713,3
a100,timing,Ring_LL128,2,1245184,43.25191,43.21363,43.32957,43.23277,43.29074,0.0013402876312282488,3
a100,timing,Ring_LL128,2,1277952,43.75398,43.68614,43.9199,43.720060000000004,43.83694,0.002671299845179679,3
a100,timing,Ring_LL128,2,1310720,44.19533,44.08892,44.23641,44.142125,44.215869999999995,0.0016686152134172386,3
a100,timing,Ring_LL128,2,1343488,44.44271,44.30693,44.546,44.37482,44.494355,0.002689642463297109,3
a100,timing,Ring_LL128,2,1376256,44.6968,44.66593,44.8574,44.681365,44.777100000000004,0.0021418759284782085,3
a100,timing,Ring_LL128,2,1409024,45.24605,45.115,45.4253,45.180525,45.335674999999995,0.0034290286113371647,3
a100,timing,Ring_LL128,2,1441792,45.65594,45.62889,45.87476,45.642415,45.76535,0.002692639774802539,3
a100,timing,Ring_LL128,2,1474560,46.17154,46.04619,46.29898,46.108865,46.23526,0.0027375088636851868,3
a100,timing,Ring_LL128,2,1507328,46.70898,46.61309,46.74645,46.661035,46.727715,0.0014275627513168814,3
a100,timing,Ring_LL128,2,1540096,47.0894,47.07558,47.23679,47.08249,47.163095,0.0017117440443071793,3
a100,timing,Ring_LL128,2,1572864,47.56322,47.49097,47.706,47.527095,47.63461,0.0022604651241021814,3
a100,timing,Ring_LL128,2,1605632,47.76752,47.68726,47.92903,47.72739,47.848275,0.0025306944970138966,3
a100,timing,Ring_LL128,2,1638400,48.32087,48.30485,48.49121,48.31286,48.406040000000004,0.0019283593196894803,3
a100,timing,Ring_LL128,2,1671168,48.7928,48.66785,48.93216,48.730325,48.862480000000005,0.0027084938761457525,3
a100,timing,Ring_LL128,2,1703936,49.13565,48.99137,49.31841,49.06351,49.22703,0.003327929924606642,3
a100,timing,Ring_LL128,2,1736704,49.50707,49.49304,49.65316,49.500055,49.580115,0.0016171427636496368,3
a100,timing,Ring_LL128,2,1769472,50.00493,49.98429,50.22005,49.99461,50.11249,0.002357367563558224,3
a100,timing,Ring_LL128,2,1802240,50.43095,50.40799,50.58455,50.419470000000004,50.50775,0.0017505123341915523,3
a100,timing,Ring_LL128,2,1835008,50.75486,50.74556,50.89294,50.750209999999996,50.8239,0.001451880667191403,3
a100,timing,Ring_LL128,2,1867776,53.02987,53.00822,53.25249,53.019045000000006,53.141180000000006,0.0023031359496072704,3
a100,timing,Ring_LL128,2,1900544,53.50969,53.50438,53.73292,53.507035,53.621305,0.002135501065321022,3
a100,timing,Ring_LL128,2,1933312,53.80676,53.74343,53.97769,53.77509499999999,53.892224999999996,0.0021768640222901933,3
a100,timing,Ring_LL128,2,1966080,54.25713,54.18418,54.36484,54.220654999999994,54.310985,0.0016648503155255114,3
a100,timing,Ring_LL128,2,1998848,55.04173,55.02611,55.27079,55.03392,55.15626,0.0022226772305303853,3
a100,timing,Ring_LL128,2,2031616,55.45384,55.44542,55.61425,55.44963,55.534045,0.0015222570700243645,3
a100,timing,Ring_LL128,2,2064384,55.8479,55.73728,55.9505,55.792590000000004,55.8992,0.0019089348032781234,3
a100,timing,Ring_LL128,2,2097152,56.16089,56.10369,56.24326,56.13229,56.202075,0.001242590706806874,3
a100,timing,Ring_LL128,2,2129920,56.73641,56.70214,56.77889,56.719274999999996,56.75765,0.0006763734258124906,3
a100,timing,Ring_LL128,2,2162688,57.21062,57.18848,57.28908,57.19955,57.249849999999995,0.0008792073919141744,3
a100,timing,Ring_LL128,2,2195456,57.54717,57.47503,57.61511,57.5111,57.581140000000005,0.0012170885205998118,3
a100,timing,Ring_LL128,2,2228224,57.81228,57.7213,57.81739,57.76679,57.814835,0.0008310518111377356,3
a100,timing,Ring_LL128,2,2260992,58.61272,58.60491,58.66002,58.608815,58.63637,0.00047011979652197594,3
a100,timing,Ring_LL128,2,2293760,59.09757,59.05848,59.13354,59.078025,59.115555,0.000635051491964963,3
a100,timing,Ring_LL128,2,2326528,59.25267,59.20586,59.34515,59.229265,59.29891,0.0011753900710297323,3
a100,timing,Ring_LL128,2,2359296,59.47409,59.47369,59.60063,59.47389,59.53736,0.0010671874088363919,3
a100,timing,Ring_LL128,2,2392064,62.06629,61.82942,62.17791,61.947855000000004,62.1221,0.00280740157015989,3
a100,timing,Ring_LL128,2,2424832,62.44572,62.3402,62.46085,62.39296,62.453285,0.0009660389855381418,3
a100,timing,Ring_LL128,2,2457600,62.5904,62.41365,62.76154,62.502025,62.67597,0.00277910030931255,3
a100,timing,Ring_LL128,2,2490368,62.91955,62.80771,62.93987,62.86363,62.92971,0.0010502300159489295,3
a100,timing,Ring_LL128,2,2523136,64.07677,63.92828,64.18047,64.00252499999999,64.12862,0.0019678738488223815,3
a100,timing,Ring_LL128,2,2555904,64.36312,64.28105,64.47964,64.32208499999999,64.42138,0.0015427313032682713,3
a100,timing,Ring_LL128,2,2588672,64.52192,64.42895,64.65308,64.475435,64.5875,0.0017368516002003846,3
a100,timing,Ring_LL128,2,2621440,64.70527,64.63004,64.84575,64.667655,64.77551,0.0016668657746115687,3
a100,timing,Ring_LL128,4,524288,39.5233,39.38876,39.60548,39.45603,39.56439,0.002741673898687728,3
a100,timing,Ring_LL128,4,557056,39.71179,39.40918,39.84353,39.560485,39.77766,0.005468778919308282,3
a100,timing,Ring_LL128,4,589824,39.47373,39.3111,39.75866,39.392415,39.616195000000005,0.005669086757192821,3
a100,timing,Ring_LL128,4,622592,39.96786,39.84685,40.07617,39.907355,40.022014999999996,0.0028688050848855442,3
a100,timing,Ring_LL128,4,655360,39.59604,39.19457,39.65708,39.395305,39.62656,0.0058403567629489546,3
a100,timing,Ring_LL128,4,688128,39.88311,39.6219,39.96505,39.752505,39.924080000000004,0.004301946362758677,3
a100,timing,Ring_LL128,4,720896,36.59897,36.16975,39.68161,36.38436,38.14029,0.04797757969691495,3
a100,timing,Ring_LL128,4,753664,36.74045,36.08549,39.7841,36.41297,38.262275,0.050334304560777046,3
a100,timing,Ring_LL128,4,786432,36.10823,36.02476,36.22465,36.066495,36.166439999999994,0.002767928530420657,3
a100,timing,Ring_LL128,4,819200,37.43148,37.19913,37.51714,37.315304999999995,37.47431,0.004247895087236935,3
a100,timing,Ring_LL128,4,851968,37.66803,37.53699,37.73857,37.60251,37.7033,0.0026757438602442543,3
a100,timing,Ring_LL128,4,884736,37.66882,37.64339,37.67135,37.656105,37.670085,0.00037112922570984853,3
a100,timing,Ring_LL128,4,917504,37.66722,37.62516,37.74759,37.646190000000004,37.707405,0.0016251531172196178,3
a100,timing,Ring_LL128,4,950272,37.8051,37.75101,37.92762,37.778055,37.86636,0.002335795964036553,3
a100,timing,Ring_LL128,4,983040,37.77354,37.69798,37.9602,37.73576,37.86687,0.003470948182246081,3
a100,timing,Ring_LL128,4,1015808,37.88825,37.84557,37.93716,37.866910000000004,37.912705,0.0012086860702196132,3
a100,timing,Ring_LL128,4,1048576,37.81073,37.75729,37.96581,37.784009999999995,37.88827,0.002757418330722617,3
a100,timing,Ring_LL128,4,1081344,38.10618,37.97071,38.12571,38.038444999999996,38.115944999999996,0.0020337908444247248,3
a100,timing,Ring_LL128,4,1114112,38.05908,37.94929,38.12621,38.004185,38.092645000000005,0.002324281091398028,3
a100,timing,Ring_LL128,4,1146880,38.13974,38.0611,38.17691,38.10042,38.158325000000005,0.001518232688529214,3
a100,timing,Ring_LL128,4,1179648,38.04697,38.0221,38.16288,38.034535000000005,38.104925,0.0018500816227940405,3
a100,timing,Ring_LL128,4,1212416,39.85113,39.7729,40.05242,39.812015,39.951775,0.003507052372165995,3
a100,timing,Ring_LL128,4,1245184,39.83862,39.81837,39.99511,39.828495000000004,39.916865,0.0022181993251773687,3
a100,timing,Ring_LL128,4,1277952,39.9327,39.85746,40.07037,39.89508,40.001535,0.0026658603099714486,3
a100,timing,Ring_LL128,4,1310720,39.97028,39.94682,40.07377,39.95855,40.022025,0.001588054924809054,3
a100,timing,Ring_LL128,4,1343488,40.06404,40.06206,40.10733,40.063050000000004,40.085685,0.0005649704822577545,3
a100,timing,Ring_LL128,4,1376256,40.03931,40.03369,40.06595,40.036500000000004,40.05263,0.00040285409513792495,3
a100,timing,Ring_LL128,4,1409024,40.15544,40.14531,40.24159,40.150375,40.198515,0.001198841302697807,3
a100,timing,Ring_LL128,4,1441792,40.25743,40.22605,40.41934,40.24174,40.338385,0.0024006748567904686,3
a100,timing,Ring_LL128,4,1474560,40.33979,40.3036,40.53186,40.321695000000005,40.435825,0.0028292165130258695,3
a100,timing,Ring_LL128,4,1507328,40.32427,40.27034,40.45851,40.297304999999994,40.39139,0.002333210247823627,3
a100,timing,Ring_LL128,4,1540096,40.5496,40.43676,40.65479,40.493179999999995,40.602194999999995,0.002688435890859575,3
a100,timing,Ring_LL128,4,1572864,40.56282,40.461,40.60429,40.51191,40.583555000000004,0.0017662726605301045,3
a100,timing,Ring_LL128,4,1605632,42.4163,42.35075,42.51357,42.383525,42.464935,0.001919309322123764,3
a100,timing,Ring_LL128,4,1638400,42.57939,42.53933,42.76005,42.55936,42.66972,0.0025918642798781295,3
a100,timing,Ring_LL128,4,1671168,42.65024,42.59825,42.82177,42.624245,42.736005,0.00262038384778132,3
a100,timing,Ring_LL128,4,1703936,42.61748,42.61406,42.81245,42.61577,42.714965,0.002327566059748293,3
a100,timing,Ring_LL128,4,1736704,42.79411,42.71618,42.82287,42.755145,42.808490000000006,0.0012465500509300765,3
a100,timing,Ring_LL128,4,1769472,42.92607,42.90292,42.94331,42.914495,42.93469,0.000470460025807186,3
a100,timing,Ring_LL128,4,1802240,43.32193,43.16916,43.34277,43.245545,43.332350000000005,0.0020037195942102615,3
a100,timing,Ring_LL128,4,1835008,43.18666,43.15752,43.31432,43.17209,43.25049,0.0018153753960135379,3
a100,timing,Ring_LL128,4,1867776,43.32754,43.26764,43.4081,43.29759,43.367819999999995,0.0016209090107584029,3
a100,timing,Ring_LL128,4,1900544,43.30319,43.24279,43.39508,43.27299,43.349135000000004,0.0017584154885587852,3
a100,timing,Ring_LL128,4,1933312,43.44688,43.40769,43.55818,43.427285,43.50253,0.0017318850053214972,3
a100,timing,Ring_LL128,4,1966080,43.77881,43.73683,43.80177,43.757819999999995,43.79029,0.0007416830197075606,3
a100,timing,Ring_LL128,4,1998848,45.49371,45.44845,45.50615,45.47108,45.49993,0.0006341536005746396,3
a100,timing,Ring_LL128,4,2031616,45.50745,45.50495,45.50784,45.5062,45.507645,3.1753042633608563e-05,3
a100,timing,Ring_LL128,4,2064384,45.53952,45.51275,45.54382,45.526135,45.541669999999996,0.00034113227368228415,3
a100,timing,Ring_LL128,4,2097152,45.70853,45.68099,45.77116,45.69476,45.739845,0.0009863585637079175,3
a100,timing,Ring_LL128,4,2129920,45.91273,45.82347,45.93947,45.8681,45.926100000000005,0.0012632662008991173,3
a100,timing,Ring_LL128,4,2162688,46.30057,46.25951,46.32731,46.28004,46.31394,0.0007321724117003895,3
a100,timing,Ring_LL128,4,2195456,46.42792,46.28085,46.45988,46.354385,46.4439,0.0019280424365338503,3
a100,timing,Ring_LL128,4,2228224,46.41579,46.36561,46.49976,46.390699999999995,46.457775,0.0014450901298890455,3
a100,timing,Ring_LL128,4,2260992,46.61026,46.60826,46.66299,46.60926,46.636624999999995,0.0005871024963172505,3
a100,timing,Ring_LL128,4,2293760,46.71196,46.69103,46.77049,46.701494999999994,46.741225,0.000850531641147274,3
a100,timing,Ring_LL128,4,2326528,46.96737,46.93561,46.9962,46.95149,46.981785,0.0006450222782327902,3
a100,timing,Ring_LL128,4,2359296,47.24501,47.16585,47.27845,47.20543,47.26173,0.0011916602409439692,3
a100,timing,Ring_LL128,4,2392064,48.56426,48.47376,48.58418,48.519009999999994,48.57422,0.0011368442554257477,3
a100,timing,Ring_LL128,4,2424832,48.76915,48.71261,48.8543,48.740880000000004,48.811725,0.0014526601345317375,3
a100,timing,Ring_LL128,4,2457600,48.81984,48.806,48.99938,48.81292,48.90961,0.001980547252920173,3
a100,timing,Ring_LL128,4,2490368,49.19718,49.17762,49.34003,49.1874,49.268605,0.001650602737799284,3
a100,timing,Ring_LL128,4,2523136,49.65424,49.5905,49.71287,49.622370000000004,49.683555,0.001232221055039705,3
a100,timing,Ring_LL128,4,2555904,49.70474,49.69914,49.70715,49.70194,49.705945,8.057581631046395e-05,3
a100,timing,Ring_LL128,4,2588672,49.77057,49.76885,49.88019,49.76971,49.825379999999996,0.00111853249822118,3
a100,timing,Ring_LL128,4,2621440,49.97968,49.87658,50.00721,49.928129999999996,49.993445,0.0013068310961575852,3
a100,timing,Ring_LL128_cta16,2,524288,31.40977,31.37239,31.67398,31.391080000000002,31.541875,0.0048008947534476905,3
a100,timing,Ring_LL128_cta16,2,557056,32.13748,32.03427,32.14008,32.085875,32.13878,0.0016462087257618067,3
a100,timing,Ring_LL128_cta16,2,589824,32.40129,32.32233,32.41541,32.361810000000006,32.40835,0.0014363625645766923,3
a100,timing,Ring_LL128_cta16,2,622592,32.70938,32.64586,32.80185,32.677620000000005,32.755615000000006,0.002384484206059588,3
a100,timing,Ring_LL128_cta16,2,655360,33.07469,32.81718,33.20444,32.945935,33.139565,0.005854325467600721,3
a100,timing,Ring_LL128_cta16,2,688128,33.25993,33.22697,33.35152,33.243449999999996,33.305724999999995,0.0018723731529200344,3
a100,timing,Ring_LL128_cta16,2,720896,31.27702,31.20017,33.67553,31.238595,32.476275,0.03957154485945275,3
a100,timing,Ring_LL128_cta16,2,753664,31.64443,31.60013,31.79411,31.62228,31.71927,0.0030649943765775427,3
a100,timing,Ring_LL128_cta16,2,786432,31.96825,31.95322,32.1496,31.960735,32.058925,0.003071484989012612,3
a100,timing,Ring_LL128_cta16,2,819200,33.50662,33.4466,33.62835,33.476609999999994,33.567485,0.002712150613819121,3
a100,timing,Ring_LL128_cta16,2,851968,33.89747,33.84346,34.02952,33.870464999999996,33.963494999999995,0.002744452609590003,3
a100,timing,Ring_LL128_cta16,2,884736,34.22319,34.21598,34.41768,34.219585,34.320435,0.0029468322502958144,3
a100,timing,Ring_LL128_cta16,2,917504,34.80532,34.78437,34.87505,34.794845,34.840185000000005,0.0013026744187383723,3
a100,timing,Ring_LL128_cta16,2,950272,35.19547,35.09667,35.25429,35.14607,35.22488,0.002239208625428135,3
a100,timing,Ring_LL128_cta16,2,983040,35.6781,35.66308,35.78732,35.670590000000004,35.73271,0.0017411241069449626,3
a100,timing,Ring_LL128_cta16,2,1015808,35.99722,35.96013,36.13889,35.978674999999996,36.068055,0.002482969518201838,3
a100,timing,Ring_LL128_cta16,2,1048576,36.54868,36.42744,36.57704,36.48806,36.56286,0.0020465855401618693,3
a100,timing,Ring_LL128_cta16,2,1081344,39.09088,39.02365,39.17825,39.057265,39.134564999999995,0.0019774433320506966,3
a100,timing,Ring_LL128_cta16,2,1114112,39.2027,39.14358,39.27093,39.173140000000004,39.236815,0.001624250370510102,3
a100,timing,Ring_LL128_cta16,2,1146880,39.82169,39.77912,39.89203,39.800405,39.85686,0.0014176947286767515,3
a100,timing,Ring_LL128_cta16,2,1179648,40.06035,39.96126,40.16245,40.010805000000005,40.1114,0.00251108639839638,3
a100,timing,Ring_LL128_cta16,2,1212416,40.50782,40.42576,40.56773,40.46679,40.537774999999996,0.0017523776890485143,3
a100,timing,Ring_LL128_cta16,2,1245184,40.98855,40.89487,41.06129,40.94171,41.024919999999995,0.00203007913185497,3
a100,timing,Ring_LL128_cta16,2,1277952,41.34022,41.26949,41.34954,41.304855,41.34488,0.0009681854620028625,3
a100,timing,Ring_LL128_cta16,2,1310720,41.68569,41.58851,41.72156,41.637100000000004,41.703625,0.0015958713889586238,3
a100,timing,Ring_LL128_cta16,2,1343488,41.73268,41.73178,41.91272,41.73223,41.8227,0.0021678454391138137,3
a100,timing,Ring_LL128_cta16,2,1376256,42.26921,42.20199,42.37391,42.235600000000005,42.321560000000005,0.0020336315724850318,3
a100,timing,Ring_LL128_cta16,2,1409024,42.53352,42.5186,42.71367,42.52606,42.623595,0.002293132569324161,3
a100,timing,Ring_LL128_cta16,2,1441792,43.09802,42.98119,43.14501,43.039604999999995,43.121515,0.0019005513478347197,3
a100,timing,Ring_LL128_cta16,2,1474560,43.55439,43.41813,43.62944,43.48626,43.591915,0.002425817466390844,3
a100,timing,Ring_LL128_cta16,2,1507328,43.89555,43.87261,44.05295,43.88408,43.97425,0.002054194559585209,3
a100,timing,Ring_LL128_cta16,2,1540096,44.4341,44.37898,44.50924,44.40654,44.47167,0.0014657661570731367,3
a100,timing,Ring_LL128_cta16,2,1572864,44.81632,44.65151,44.82464,44.733914999999996,44.82048,0.0019315508279128526,3
a100,timing,Ring_LL128_cta16,2,1605632,44.71564,44.69218,44.84638,44.70391,44.78101,0.001724228927507277,3
a100,timing,Ring_LL128_cta16,2,1638400,45.03013,44.96261,45.13424,44.99637,45.082184999999996,0.0019057240119004018,3
a100,timing,Ring_LL128_cta16,2,1671168,45.89471,45.87877,46.02166,45.88674,45.958185,0.0015567153600054796,3
a100,timing,Ring_LL128_cta16,2,1703936,46.08428,46.00021,46.1006,46.042245,46.092439999999996,0.0010892000482593002,3
a100,timing,Ring_LL128_cta16,2,1736704,46.62111,46.58593,46.75998,46.60352,46.690545,0.0018666436727910816,3
a100,timing,Ring_LL128_cta16,2,1769472,47.15273,47.10123,47.17478,47.12698,47.163754999999995,0.0007799124250068144,3
a100,timing,Ring_LL128_cta16,2,1802240,47.48126,47.3947,47.57223,47.437979999999996,47.526745,0.001869474398952391,3
a100,timing,Ring_LL128_cta16,2,1835008,47.90047,47.83374,48.06669,47.867104999999995,47.98358,0.0024316045333168616,3
a100,timing,Ring_LL128_cta16,2,1867776,48.42949,48.274,48.45434,48.351745,48.441915,0.0018618820887851704,3
a100,timing,Ring_LL128_cta16,2,1900544,49.28364,49.24517,49.35168,49.264405,49.317660000000004,0.0010805817102796619,3
a100,timing,Ring_LL128_cta16,2,1933312,49.72228,49.66096,49.78922,49.69162,49.75575,0.001289763864408444,3
a100,timing,Ring_LL128_cta16,2,1966080,50.36362,50.28016,50.38446,50.321889999999996,50.374039999999994,0.0010354696505135547,3
a100,timing,Ring_LL128_cta16,2,1998848,50.69045,50.68374,50.86929,50.687095,50.77987,0.0018302264035928496,3
a100,timing,Ring_LL128_cta16,2,2031616,51.45454,51.39151,51.71553,51.423024999999996,51.585035000000005,0.003148604574057203,3
a100,timing,Ring_LL128_cta16,2,2064384,52.03795,51.89458,52.26038,51.966265,52.149164999999996,0.003514742606117199,3
a100,timing,Ring_LL128_cta16,2,2097152,52.66255,52.56026,52.75214,52.611405000000005,52.707345000000004,0.001821787968869696,3
a100,timing,Ring_LL128_cta16,2,2129920,52.15116,51.8581,52.19505,52.00463,52.173105,0.0032305129933830968,3
a100,timing,Ring_LL128_cta16,2,2162688,52.97456,52.87406,52.99459,52.92431,52.984575,0.00113762153003255,3
a100,timing,Ring_LL128_cta16,2,2195456,53.4627,53.36352,53.69886,53.41311,53.580780000000004,0.0031362052421595077,3
a100,timing,Ring_LL128_cta16,2,2228224,54.29671,54.28328,54.41514,54.289995,54.355925,0.0012142540496468681,3
a100,timing,Ring_LL128_cta16,2,2260992,54.99276,54.82463,54.99717,54.908694999999994,54.99496499999999,0.0015687519593488117,3
a100,timing,Ring_LL128_cta16,2,2293760,55.4376,55.41607,55.44492,55.426835,55.44126,0.00026020246186708653,3
a100,timing,Ring_LL128_cta16,2,2326528,56.04688,55.91323,56.11641,55.980055,56.081645,0.001812589746298128,3
a100,timing,Ring_LL128_cta16,2,2359296,56.43684,56.41138,56.46149,56.42411,56.449164999999994,0.000443947605854522,3
a100,timing,Ring_LL128_cta16,2,2392064,57.80307,57.68895,58.09453,57.74601,57.9488,0.003508291168617865,3
a100,timing,Ring_LL128_cta16,2,2424832,58.48819,58.40203,58.51274,58.44511,58.500465000000005,0.0009464303819284853,3
a100,timing,Ring_LL128_cta16,2,2457600,59.46427,59.44774,59.53741,59.456005000000005,59.50084,0.0007539821812323933,3
a100,timing,Ring_LL128_cta16,2,2490368,59.8868,59.69462,59.92076,59.790710000000004,59.90378,0.001888062143911402,3
a100,timing,Ring_LL128_cta16,2,2523136,60.52403,60.28265,60.63664,60.40334,60.580335000000005,0.002924375657073812,3
a100,timing,Ring_LL128_cta16,2,2555904,60.8244,60.80657,60.84373,60.815484999999995,60.834064999999995,0.00030546951552337616,3
a100,timing,Ring_LL128_cta16,2,2588672,61.45521,61.39579,61.57304,61.4255,61.514125,0.0014421071866811683,3
a100,timing,Ring_LL128_cta16,2,2621440,61.8671,61.85228,61.98483,61.85969,61.925965000000005,0.0010712478845784678,3
a100,timing,Ring_LL128_cta16,4,524288,39.33645,39.2579,39.54236,39.297174999999996,39.439405,0.003615730448477302,3
a100,timing,Ring_LL128_cta16,4,557056,40.10414,39.98221,40.26004,40.043175000000005,40.18209,0.003463856848694355,3
a100,timing,Ring_LL128_cta16,4,589824,40.2884,40.01617,40.3454,40.152285000000006,40.316900000000004,0.004085915548892429,3
a100,timing,Ring_LL128_cta16,4,622592,40.45662,40.19902,40.45872,40.32782,40.45767,0.003209610689177632,3
a100,timing,Ring_LL128_cta16,4,655360,40.45562,40.2393,40.47054,40.34746,40.463080000000005,0.002857946559711776,3
a100,timing,Ring_LL128_cta16,4,688128,40.59879,40.37717,40.60741,40.48798,40.6031,0.0028355524881405933,3
a100,timing,Ring_LL128_cta16,4,720896,40.43599,36.95676,40.45732,38.696375,40.446655,0.043285202118211935,3
a100,timing,Ring_LL128_cta16,4,753664,38.77357,37.26706,41.05537,38.020315,39.91447,0.04885170491136114,3
a100,timing,Ring_LL128_cta16,4,786432,37.32629,37.19102,38.17582,37.258655000000005,37.751055,0.013191774483882443,3
a100,timing,Ring_LL128_cta16,4,819200,38.28673,38.19405,38.35596,38.24039,38.321345,0.0021144401728745966,3
a100,timing,Ring_LL128_cta16,4,851968,38.38843,38.22812,38.40025,38.308274999999995,38.39434,0.0022419515463384396,3
a100,timing,Ring_LL128_cta16,4,884736,38.49044,38.32411,38.5233,38.407275,38.50687,0.0025875256297408075,3
a100,timing,Ring_LL128_cta16,4,917504,38.50395,38.33192,38.55745,38.417935,38.5307,0.002928660565993959,3
a100,timing,Ring_LL128_cta16,4,950272,38.59012,38.50687,38.83299,38.548495,38.711555000000004,0.004225433867528827,3
a100,timing,Ring_LL128_cta16,4,983040,39.22855,39.0438,39.32493,39.136174999999994,39.276740000000004,0.0035832321102872624,3
a100,timing,Ring_LL128_cta16,4,1015808,39.17795,39.11413,39.56971,39.14604,39.37383,0.005814239897697526,3
a100,timing,Ring_LL128_cta16,4,1048576,39.30379,39.2031,39.32113,39.253445,39.31246,0.0015015091419937432,3
a100,timing,Ring_LL128_cta16,4,1081344,40.4474,40.37917,40.58096,40.413285,40.514179999999996,0.002494474304899553,3
a100,timing,Ring_LL128_cta16,4,1114112,40.56031,40.40952,40.58887,40.484915,40.57459,0.0022109051927857487,3
a100,timing,Ring_LL128_cta16,4,1146880,40.55701,40.50541,40.59709,40.53121,40.57705,0.001130260835303153,3
a100,timing,Ring_LL128_cta16,4,1179648,40.73567,40.54289,40.82112,40.63928,40.778395,0.0034150659606188845,3
a100,timing,Ring_LL128_cta16,4,1212416,40.78074,40.63606,40.92072,40.7084,40.85073,0.0034901279378451978,3
a100,timing,Ring_LL128_cta16,4,1245184,41.29623,41.1722,41.47849,41.234215,41.38736,0.0037084498996640147,3
a100,timing,Ring_LL128_cta16,4,1277952,41.26838,41.21969,41.68979,41.244035,41.479085,0.005695643977301776,3
a100,timing,Ring_LL128_cta16,4,1310720,41.41747,41.41337,41.66535,41.41542,41.54141,0.0030419530695622306,3
a100,timing,Ring_LL128_cta16,4,1343488,42.81146,42.7302,42.89151,42.770830000000004,42.851485,0.001883958173815914,3
a100,timing,Ring_LL128_cta16,4,1376256,42.86107,42.80645,42.94431,42.83376,42.90269,0.001608219300171501,3
a100,timing,Ring_LL128_cta16,4,1409024,43.03199,42.99682,43.11534,43.014405,43.073665000000005,0.0013771150253569257,3
a100,timing,Ring_LL128_cta16,4,1441792,43.26774,43.16986,43.36453,43.2188,43.316135,0.002249597506132769,3
a100,timing,Ring_LL128_cta16,4,1474560,43.83023,43.6636,43.85518,43.746915,43.842704999999995,0.0021854779224291963,3
a100,timing,Ring_LL128_cta16,4,1507328,43.63625,43.58294,43.74917,43.609595,43.69271,0.0019047237102179813,3
a100,timing,Ring_LL128_cta16,4,1540096,43.79305,43.62864,43.82572,43.710845,43.809385,0.0022501287304720692,3
a100,timing,Ring_LL128_cta16,4,1572864,43.72141,43.64958,43.84837,43.685495,43.784890000000004,0.0022733713299731466,3
a100,timing,Ring_LL128_cta16,4,1605632,45.30397,45.15979,45.38062,45.231880000000004,45.342295,0.0024372036269668233,3
a100,timing,Ring_LL128_cta16,4,1638400,45.42771,45.26619,45.57018,45.34695,45.498945,0.003345865331974679,3
a100,timing,Ring_LL128_cta16,4,1671168,45.64062,45.44664,45.7376,45.54363,45.68911,0.0031875114755233204,3
a100,timing,Ring_LL128_cta16,4,1703936,45.84742,45.64462,45.89121,45.74602,45.869315,0.002689246199677077,3
a100,timing,Ring_LL128_cta16,4,1736704,46.35971,46.18397,46.36072,46.27184,46.360215,0.0019062888874843956,3
a100,timing,Ring_LL128_cta16,4,1769472,46.38806,46.1538,46.45499,46.27093,46.421525,0.003246417289276652,3
a100,timing,Ring_LL128_cta16,4,1802240,46.36521,46.24007,46.39667,46.30264,46.380939999999995,0.0016887662106997619,3
a100,timing,Ring_LL128_cta16,4,1835008,46.29297,46.1503,46.3606,46.221635,46.326785,0.0022714031957768504,3
a100,timing,Ring_LL128_cta16,4,1867776,48.7476,48.59601,48.82195,48.671805,48.784774999999996,0.0023174474230525633,3
a100,timing,Ring_LL128_cta16,4,1900544,49.02755,48.83849,49.07635,48.93302,49.05195,0.0024257789752904005,3
a100,timing,Ring_LL128_cta16,4,1933312,49.11622,48.93156,49.18395,49.023889999999994,49.150085000000004,0.0025693141695352336,3
a100,timing,Ring_LL128_cta16,4,1966080,49.63252,49.40667,49.72168,49.519594999999995,49.677099999999996,0.003173423392566012,3
a100,timing,Ring_LL128_cta16,4,1998848,49.63602,49.5763,49.74192,49.60616,49.68897,0.0016683448834131935,3
a100,timing,Ring_LL128_cta16,4,2031616,49.67289,49.55676,49.74603,49.614824999999996,49.70946,0.0019051639636832847,3
a100,timing,Ring_LL128_cta16,4,2064384,49.6769,49.59925,49.79623,49.638075,49.736565,0.001982611636394344,3
a100,timing,Ring_LL128_cta16,4,2097152,49.71217,49.55397,49.71417,49.633070000000004,49.713170000000005,0.0016112754683612004,3
a100,timing,Ring_LL128_cta16,4,2129920,51.2325,51.14943,51.27337,51.190965000000006,51.252935,0.0012095837603083041,3
a100,timing,Ring_LL128_cta16,4,2162688,51.45803,51.26196,51.55692,51.359995,51.507475,0.0028660249916291317,3
a100,timing,Ring_LL128_cta16,4,2195456,51.76423,51.59069,51.7981,51.677459999999996,51.781165,0.0020034104631712875,3
a100,timing,Ring_LL128_cta16,4,2228224,52.04507,51.9121,52.05078,51.978585,52.047925000000006,0.0013323067871751147,3
a100,timing,Ring_LL128_cta16,4,2260992,52.0654,51.87984,52.15679,51.97262,52.111095,0.0026596357657868697,3
a100,timing,Ring_LL128_cta16,4,2293760,52.04065,51.88627,52.19696,51.96346,52.118804999999995,0.0029850703248325483,3
a100,timing,Ring_LL128_cta16,4,2326528,52.09616,51.87675,52.10979,51.986455,52.102975,0.002236633179873551,3
a100,timing,Ring_LL128_cta16,4,2359296,52.10819,52.00259,52.13223,52.05539,52.12021,0.001243950327194198,3
a100,timing,Ring_LL128_cta16,4,2392064,58.3381,58.27488,58.40473,58.30649,58.371415,0.0011129090594311837,3
a100,timing,Ring_LL128_cta16,4,2424832,58.44451,58.41836,58.63186,58.431435,58.538185,0.001826518863790596,3
a100,timing,Ring_LL128_cta16,4,2457600,59.37119,59.27962,59.37781,59.325405,59.3745,0.0008269162198028053,3
a100,timing,Ring_LL128_cta16,4,2490368,59.23142,58.98014,59.59052,59.105779999999996,59.41097,0.005152501830953963,3
a100,timing,Ring_LL128_cta16,4,2523136,59.37249,58.90309,59.56598,59.137789999999995,59.469235,0.005582467570418593,3
a100,timing,Ring_LL128_cta16,4,2555904,59.34004,59.05478,59.59413,59.197410000000005,59.467085,0.004544570579999479,3
a100,timing,Ring_LL128_cta16,4,2588672,59.3756,59.20718,59.47921,59.29139,59.427405,0.0022907557986782522,3
a100,timing,Ring_LL128_cta16,4,2621440,59.33152,59.3194,59.62128,59.32546,59.4764,0.0025440103337989405,3
a100,timing,Ring_LL128_cta24,2,524288,31.49794,31.46308,31.5774,31.480510000000002,31.53767,0.001814721851651127,3
a100,timing,Ring_LL128_cta24,2,557056,31.5823,31.50916,31.633,31.54573,31.60765,0.001960591850498559,3
a100,timing,Ring_LL128_cta24,2,589824,31.82648,31.80524,31.85844,31.81586,31.842460000000003,0.0008357820280471467,3
a100,timing,Ring_LL128_cta24,2,622592,32.11383,32.09018,32.26372,32.102005,32.188775,0.0027019511531325086,3
a100,timing,Ring_LL128_cta24,2,655360,32.44277,32.42102,32.58914,32.431895,32.515955000000005,0.0025910241326498325,3
a100,timing,Ring_LL128_cta24,2,688128,32.85536,32.80836,32.97369,32.83186,32.914525,0.0025160278262054856,3
a100,timing,Ring_LL128_cta24,2,720896,33.14151,30.98185,33.46353,32.061679999999996,33.30252,0.03744065976474837,3
a100,timing,Ring_LL128_cta24,2,753664,31.35046,31.28112,31.51828,31.31579,31.43437,0.0037824006410113746,3
a100,timing,Ring_LL128_cta24,2,786432,31.77588,31.70684,31.87998,31.74136,31.827930000000002,0.002724393470770969,3
a100,timing,Ring_LL128_cta24,2,819200,32.67421,32.65217,32.7249,32.66319,32.699555000000004,0.001112957283435576,3
a100,timing,Ring_LL128_cta24,2,851968,33.02388,33.01156,33.05415,33.01772,33.039015,0.0006448364032331169,3
a100,timing,Ring_LL128_cta24,2,884736,33.25734,33.2414,33.32777,33.24937,33.292555,0.0012985103438820165,3
a100,timing,Ring_LL128_cta24,2,917504,33.6024,33.59468,33.88124,33.59854,33.741820000000004,0.004263981144204113,3
a100,timing,Ring_LL128_cta24,2,950272,34.05377,34.04546,34.27931,34.049615,34.16654,0.0034335405448499487,3
a100,timing,Ring_LL128_cta24,2,983040,34.66145,34.62527,34.85461,34.64336,34.758030000000005,0.0033082862950050795,3
a100,timing,Ring_LL128_cta24,2,1015808,34.97585,34.94859,35.17213,34.96222,35.07399,0.0031956335585839922,3
a100,timing,Ring_LL128_cta24,2,1048576,35.51289,35.39826,35.55456,35.455574999999996,35.533725000000004,0.0022006094125262107,3
a100,timing,Ring_LL128_cta24,2,1081344,35.67761,35.58472,35.76447,35.631164999999996,35.72104,0.002519086900720266,3
a100,timing,Ring_LL128_cta24,2,1114112,36.10683,36.09501,36.16605,36.10092,36.13644,0.0009837473962681913,3
a100,timing,Ring_LL128_cta24,2,1146880,36.46071,36.42605,36.54587,36.44338,36.50329,0.0016431386004277517,3
a100,timing,Ring_LL128_cta24,2,1179648,36.85046,36.77982,36.89535,36.81514,36.872905,0.0015675516669263667,3
a100,timing,Ring_LL128_cta24,2,1212416,38.45736,38.42811,38.70924,38.442735,38.5833,0.0036550870886613712,3
a100,timing,Ring_LL128_cta24,2,1245184,38.88348,38.87096,39.23056,38.877219999999994,39.057019999999994,0.004624071713745791,3
a100,timing,Ring_LL128_cta24,2,1277952,39.48905,39.46851,39.82981,39.47878,39.65943,0.004574685893937686,3
a100,timing,Ring_LL128_cta24,2,1310720,39.95655,39.92089,40.30332,39.93872,40.129935,0.004785573329028649,3
a100,timing,Ring_LL128_cta24,2,1343488,40.3432,40.30032,40.58407,40.32176,40.463635,0.0035167016994189565,3
a100,timing,Ring_LL128_cta24,2,1376256,40.69639,40.64619,40.99686,40.67129,40.846625,0.004308367400646692,3
a100,timing,Ring_LL128_cta24,2,1409024,41.1238,41.10787,41.3798,41.115835000000004,41.2518,0.003306236291393275,3
a100,timing,Ring_LL128_cta24,2,1441792,41.45203,41.44262,41.61916,41.447325,41.535595,0.002129449390054031,3
a100,timing,Ring_LL128_cta24,2,1474560,41.94509,41.8993,42.00962,41.922195,41.977355,0.001315052608064514,3
a100,timing,Ring_LL128_cta24,2,1507328,42.33594,42.29245,42.39746,42.314195,42.3667,0.0012401992255280873,3
a100,timing,Ring_LL128_cta24,2,1540096,42.77188,42.75445,42.78891,42.763165,42.780395,0.0004028347596598012,3
a100,timing,Ring_LL128_cta24,2,1572864,43.15843,43.0916,43.16604,43.125015000000005,43.162235,0.0008624039382340323,3
a100,timing,Ring_LL128_cta24,2,1605632,45.78991,45.70344,46.03208,45.746674999999996,45.910995,0.003588563506676549,3
a100,timing,Ring_LL128_cta24,2,1638400,46.05682,45.9998,46.30048,46.028310000000005,46.178650000000005,0.0032642288373361406,3
a100,timing,Ring_LL128_cta24,2,1671168,46.43255,46.42663,46.69375,46.429590000000005,46.56315,0.0028764304351149286,3
a100,timing,Ring_LL128_cta24,2,1703936,46.85998,46.78723,47.03091,46.823605,46.945445,0.0026000864703740554,3
a100,timing,Ring_LL128_cta24,2,1736704,47.17467,47.14692,47.42325,47.160795,47.29896,0.0029287963222636377,3
a100,timing,Ring_LL128_cta24,2,1769472,47.5527,47.50351,47.68676,47.528105,47.619730000000004,0.0019268096238490688,3
a100,timing,Ring_LL128_cta24,2,1802240,47.87181,47.85969,47.92682,47.865750000000006,47.899315,0.0007011433242235011,3
a100,timing,Ring_LL128_cta24,2,1835008,48.26076,48.25245,48.3304,48.256605,48.29558,0.0008075919235420381,3
a100,timing,Ring_LL128_cta24,2,1867776,48.66445,48.54332,48.7405,48.603885000000005,48.702475,0.002025914194036805,3
a100,timing,Ring_LL128_cta24,2,1900544,48.88407,48.8481,49.00461,48.866085,48.94434,0.0016008282452749665,3
a100,timing,Ring_LL128_cta24,2,1933312,49.28835,49.27984,49.48984,49.284095,49.389095,0.002130320856754119,3
a100,timing,Ring_LL128_cta24,2,1966080,49.76607,49.63993,49.87458,49.703,49.820325,0.0023575299395751747,3
a100,timing,Ring_LL128_cta24,2,1998848,50.58154,50.46532,50.75177,50.52343,50.666655,0.002831566615014115,3
a100,timing,Ring_LL128_cta24,2,2031616,50.79054,50.74947,51.19032,50.770005,50.99043,0.004339882978208262,3
a100,timing,Ring_LL128_cta24,2,2064384,51.20446,51.077,51.39562,51.14073,51.300039999999996,0.0031112524182463374,3
a100,timing,Ring_LL128_cta24,2,2097152,51.44972,51.36526,51.77995,51.407489999999996,51.614835,0.004030051086769834,3
a100,timing,Ring_LL128_cta24,2,2129920,51.83716,51.75412,52.03685,51.79564,51.937005,0.0027270977036550695,3
a100,timing,Ring_LL128_cta24,2,2162688,52.13534,52.07172,52.21018,52.10353,52.17276,0.0013278900645895368,3
a100,timing,Ring_LL128_cta24,2,2195456,52.50687,52.45816,52.60264,52.482515,52.554755,0.0013758199641304223,3
a100,timing,Ring_LL128_cta24,2,2228224,52.91234,52.87989,52.9444,52.896115,52.92837,0.0006095931497264958,3
a100,timing,Ring_LL128_cta24,2,2260992,53.0981,52.9997,53.33265,53.0489,53.215375,0.00313523459408149,3
a100,timing,Ring_LL128_cta24,2,2293760,53.45148,53.44096,53.69766,53.44622,53.574569999999994,0.00240124314612051,3
a100,timing,Ring_LL128_cta24,2,2326528,53.84474,53.83622,54.21966,53.84048,54.0322,0.0035606077771014153,3
a100,timing,Ring_LL128_cta24,2,2359296,54.39581,54.35062,54.73617,54.373215,54.56599,0.0035439310491009782,3
a100,timing,Ring_LL128_cta24,2,2392064,54.83074,54.81221,55.1797,54.821475,55.005219999999994,0.0033511311355636404,3
a100,timing,Ring_LL128_cta24,2,2424832,55.26057,55.225,55.52748,55.242785,55.394025,0.002736851972391913,3
a100,timing,Ring_LL128_cta24,2,2457600,55.54842,55.4886,55.66295,55.51851,55.605685,0.0015693515675153677,3
a100,timing,Ring_LL128_cta24,2,2490368,56.06042,56.01723,56.06602,56.038825,56.06322,0.00043515549829984133,3
a100,timing,Ring_LL128_cta24,2,2523136,56.35648,56.20329,56.364,56.279885,56.36024,0.001425834260762867,3
a100,timing,Ring_LL128_cta24,2,2555904,56.80466,56.5245,56.85504,56.66458,56.82985,0.002909444401216372,3
a100,timing,Ring_LL128_cta24,2,2588672,57.11113,56.91015,57.21714,57.01064,57.164135,0.0026876547531102866,3
a100,timing,Ring_LL128_cta24,2,2621440,57.5096,57.32986,57.54056,57.41973,57.52508,0.0018318680707221297,3
a100,timing,Ring_LL128_cta24,4,524288,39.64916,39.21752,39.77209,39.43334,39.710625,0.0069934646786968275,3
a100,timing,Ring_LL128_cta24,4,557056,39.67701,39.48475,39.85795,39.58088,39.767480000000006,0.004702975350209243,3
a100,timing,Ring_LL128_cta24,4,589824,39.73441,39.4638,39.79163,39.599104999999994,39.76302,0.004125265733151768,3
a100,timing,Ring_LL128_cta24,4,622592,39.85415,39.42141,40.00714,39.63778,39.930645,0.007348419173411027,3
a100,timing,Ring_LL128_cta24,4,655360,39.77129,39.42242,39.92308,39.596855000000005,39.847184999999996,0.006294238884380946,3
a100,timing,Ring_LL128_cta24,4,688128,39.89493,39.3074,39.93772,39.601165,39.916325,0.007899750670072581,3
a100,timing,Ring_LL128_cta24,4,720896,39.9819,39.38445,40.07307,39.683175000000006,40.027485,0.008611646770163324,3
a100,timing,Ring_LL128_cta24,4,753664,36.57373,36.16774,39.54516,36.370734999999996,38.059445,0.0461727584252413,3
a100,timing,Ring_LL128_cta24,4,786432,36.29839,35.99872,36.30059,36.148555,36.29949,0.004158173406589023,3
a100,timing,Ring_LL128_cta24,4,819200,37.35694,37.17719,37.45692,37.267065,37.40693,0.003744016506705323,3
a100,timing,Ring_LL128_cta24,4,851968,37.61042,37.393,38.03203,37.50171,37.821225,0.008495385055524388,3
a100,timing,Ring_LL128_cta24,4,884736,37.60892,37.3388,37.67324,37.47386,37.64108,0.00444628561522108,3
a100,timing,Ring_LL128_cta24,4,917504,37.78796,37.5434,37.86091,37.665679999999995,37.824434999999994,0.004201205886742744,3
a100,timing,Ring_LL128_cta24,4,950272,37.59549,37.47686,37.83856,37.536175,37.717025,0.004810417419749005,3
a100,timing,Ring_LL128_cta24,4,983040,37.78646,37.59659,37.79578,37.691525,37.79112,0.0026357324819525504,3
a100,timing,Ring_LL128_cta24,4,1015808,37.88465,37.84357,38.09015,37.86411,37.9874,0.0032543523564294336,3
a100,timing,Ring_LL128_cta24,4,1048576,37.8597,37.75791,37.91992,37.808805,37.88981,0.002139610192368074,3
a100,timing,Ring_LL128_cta24,4,1081344,37.93424,37.8081,38.07743,37.871170000000006,38.005835000000005,0.00354995908709383,3
a100,timing,Ring_LL128_cta24,4,1114112,37.94817,37.83756,38.0174,37.892865,37.982785,0.0023695477278614313,3
a100,timing,Ring_LL128_cta24,4,1146880,38.00598,37.97203,38.18463,37.989005,38.095304999999996,0.0027969282728664644,3
a100,timing,Ring_LL128_cta24,4,1179648,38.02582,37.94277,38.1122,37.984295,38.069010000000006,0.0022278283545233936,3
a100,timing,Ring_LL128_cta24,4,1212416,39.62591,39.61399,39.86116,39.61995,39.743534999999994,0.0031187927293024036,3
a100,timing,Ring_LL128_cta24,4,1245184,39.80786,39.80676,39.81868,39.80731,39.81327,0.0001497191760622586,3
a100,timing,Ring_LL128_cta24,4,1277952,39.83701,39.77119,40.00805,39.8041,39.922529999999995,0.002972863676264772,3
a100,timing,Ring_LL128_cta24,4,1310720,39.95043,39.86187,39.99782,39.90615,39.974125,0.001701483563506178,3
a100,timing,Ring_LL128_cta24,4,1343488,39.92509,39.92118,40.13248,39.923135,40.028785,0.002646205681690314,3
a100,timing,Ring_LL128_cta24,4,1376256,40.03259,40.02388,40.09791,40.028234999999995,40.06525,0.0009246216644989444,3
a100,timing,Ring_LL128_cta24,4,1409024,40.08328,40.07017,40.15383,40.076724999999996,40.118555,0.0010435772721195588,3
a100,timing,Ring_LL128_cta24,4,1441792,40.27556,40.17798,40.30602,40.22677,40.29079,0.0015895495928548058,3
a100,timing,Ring_LL128_cta24,4,1474560,40.37134,40.21876,40.48005,40.29505,40.425695,0.003236082825093102,3
a100,timing,Ring_LL128_cta24,4,1507328,40.39078,40.37344,40.39169,40.38211,40.391234999999995,0.00022591789512352536,3
a100,timing,Ring_LL128_cta24,4,1540096,40.41193,40.32045,40.41563,40.36619,40.41378,0.001177622548588983,3
a100,timing,Ring_LL128_cta24,4,1572864,40.56522,40.5562,40.67273,40.56071,40.618975,0.0014363289537194345,3
a100,timing,Ring_LL128_cta24,4,1605632,42.20798,42.17172,42.50756,42.18985,42.35777,0.0039783946068966645,3
a100,timing,Ring_LL128_cta24,4,1638400,42.50636,42.48452,42.62028,42.49544,42.563320000000004,0.0015969374935892507,3
a100,timing,Ring_LL128_cta24,4,1671168,42.5265,42.48593,42.69903,42.506215,42.612764999999996,0.0025054965727252087,3
a100,timing,Ring_LL128_cta24,4,1703936,42.6315,42.5749,42.64995,42.6032,42.640725,0.0008802176794155084,3
a100,timing,Ring_LL128_cta24,4,1736704,42.62298,42.58452,42.84913,42.60375,42.736055,0.003104076721055223,3
a100,timing,Ring_LL128_cta24,4,1769472,42.84311,42.75695,42.84932,42.80003000000001,42.846215,0.0010780029741070186,3
a100,timing,Ring_LL128_cta24,4,1802240,43.1466,43.05212,43.17976,43.099360000000004,43.16318,0.0014791432001592863,3
a100,timing,Ring_LL128_cta24,4,1835008,43.06263,43.0455,43.1498,43.054064999999994,43.106215,0.001211026823025082,3
a100,timing,Ring_LL128_cta24,4,1867776,43.13117,43.08469,43.32263,43.107929999999996,43.2269,0.0027583299966127623,3
a100,timing,Ring_LL128_cta24,4,1900544,43.11915,43.0997,43.29027,43.109425,43.20471,0.00220980701150178,3
a100,timing,Ring_LL128_cta24,4,1933312,43.45109,43.28647,43.49667,43.36878,43.47388,0.002418811587925647,3
a100,timing,Ring_LL128_cta24,4,1966080,43.59426,43.58976,43.64536,43.59201,43.61981,0.0006376986328016386,3
a100,timing,Ring_LL128_cta24,4,1998848,45.38752,45.37088,45.51215,45.3792,45.449835,0.0015562648058321514,3
a100,timing,Ring_LL128_cta24,4,2031616,45.3277,45.25637,45.47539,45.292035,45.401545,0.002415961983511191,3
a100,timing,Ring_LL128_cta24,4,2064384,45.50194,45.44664,45.57237,45.474289999999996,45.537155,0.001381589444318246,3
a100,timing,Ring_LL128_cta24,4,2097152,45.58309,45.582,45.73028,45.582544999999996,45.656684999999996,0.0016264803461108028,3
a100,timing,Ring_LL128_cta24,4,2129920,45.79561,45.74451,45.91884,45.77006,45.857225,0.0019033483777156548,3
a100,timing,Ring_LL128_cta24,4,2162688,46.05651,46.04178,46.30168,46.049145,46.179095000000004,0.0028215338070557427,3
a100,timing,Ring_LL128_cta24,4,2195456,46.27624,46.19647,46.44917,46.236355,46.362705000000005,0.002730342828198708,3
a100,timing,Ring_LL128_cta24,4,2228224,46.30058,46.28325,46.55277,46.291915,46.426675,0.002910546692935596,3
a100,timing,Ring_LL128_cta24,4,2260992,46.5206,46.39275,46.66939,46.456675000000004,46.594995,0.0029733064491858038,3
a100,timing,Ring_LL128_cta24,4,2293760,46.73712,46.669,46.76297,46.703059999999994,46.750045,0.0010053037072033214,3
a100,timing,Ring_LL128_cta24,4,2326528,46.94132,46.80416,47.07487,46.87274,47.008095,0.0028834936895681036,3
a100,timing,Ring_LL128_cta24,4,2359296,47.25482,47.08529,47.26935,47.170055000000005,47.262085,0.0019475261994436558,3
a100,timing,Ring_LL128_cta24,4,2392064,48.50463,48.46495,48.52616,48.484790000000004,48.515395,0.0006309706929007442,3
a100,timing,Ring_LL128_cta24,4,2424832,48.65031,48.6412,48.77525,48.645754999999994,48.712779999999995,0.0013776890630296293,3
a100,timing,Ring_LL128_cta24,4,2457600,48.74819,48.74009,48.93346,48.74414,48.840824999999995,0.001983355689718812,3
a100,timing,Ring_LL128_cta24,4,2490368,49.20908,49.12954,49.22411,49.169309999999996,49.216595,0.0009608998989617818,3
a100,timing,Ring_LL128_cta24,4,2523136,49.53662,49.41929,49.61316,49.477954999999994,49.574889999999996,0.0019568351655805745,3
a100,timing,Ring_LL128_cta24,4,2555904,49.59012,49.56688,49.68921,49.5785,49.639665,0.001233411010096418,3
a100,timing,Ring_LL128_cta24,4,2588672,49.64023,49.62118,49.7855,49.630705000000006,49.712865,0.0016551091725399878,3
a100,timing,Ring_LL128_cta24,4,2621440,49.91926,49.84461,49.91945,49.881935,49.919354999999996,0.0007496104709884991,3
a100,timing,Ring_LL128_cta4,2,524288,39.16171,39.10981,39.20491,39.135760000000005,39.18331,0.0012141962135972608,3
a100,timing,Ring_LL128_cta4,2,557056,39.56119,39.49956,39.70505,39.53037500000001,39.633120000000005,0.002597116011929842,3
a100,timing,Ring_LL128_cta4,2,589824,39.86926,39.84453,39.89923,39.856894999999994,39.884245,0.0006859921653927245,3
a100,timing,Ring_LL128_cta4,2,622592,43.02247,42.92767,43.08036,42.97507,43.051415,0.001774537817098747,3
a100,timing,Ring_LL128_cta4,2,655360,43.13448,43.11493,43.31241,43.124705000000006,43.223445,0.0022891199801178146,3
a100,timing,Ring_LL128_cta4,2,688128,44.14092,44.0305,44.15754,44.085710000000006,44.14923,0.0014390275508529707,3
a100,timing,Ring_LL128_cta4,2,720896,44.20475,42.96965,44.32687,43.587199999999996,44.26581,0.015351517653645959,3
a100,timing,Ring_LL128_cta4,2,753664,41.44481,41.4376,45.36688,41.441205,43.405845,0.04740376418663767,3
a100,timing,Ring_LL128_cta4,2,786432,41.67385,41.57927,41.77476,41.62656,41.724305,0.0023454756399997434,3
a100,timing,Ring_LL128_cta4,2,819200,42.45938,42.40167,42.47559,42.430525,42.467484999999996,0.0008704790319593324,3
a100,timing,Ring_LL128_cta4,2,851968,42.59273,42.5825,42.64954,42.587615,42.621135,0.0007869887654537026,3
a100,timing,Ring_LL128_cta4,2,884736,43.44458,43.38766,43.55829,43.41612,43.501435,0.001963766251164158,3
a100,timing,Ring_LL128_cta4,2,917504,43.65347,43.5645,43.74196,43.608985000000004,43.697715,0.002032599012174707,3
a100,timing,Ring_LL128_cta4,2,950272,46.42373,46.35989,46.66578,46.39181,46.544754999999995,0.0032945435448637032,3
a100,timing,Ring_LL128_cta4,2,983040,46.63884,46.58844,46.72528,46.613640000000004,46.68206,0.0014670176187914655,3
a100,timing,Ring_LL128_cta4,2,1015808,47.66011,47.44048,47.75276,47.550295000000006,47.706435,0.0032761149732972394,3
a100,timing,Ring_LL128_cta4,2,1048576,47.78093,47.77974,47.8748,47.780334999999994,47.827865,0.000994748323232908,3
a100,timing,Ring_LL128_cta4,2,1081344,48.62918,48.39691,48.63858,48.513045,48.63388,0.0024848249548933294,3
a100,timing,Ring_LL128_cta4,2,1114112,48.79558,48.7008,48.85511,48.74819,48.825345,0.0015811882961530048,3
a100,timing,Ring_LL128_cta4,2,1146880,49.61959,49.51568,49.71485,49.567635,49.66722,0.0020069694247775442,3
a100,timing,Ring_LL128_cta4,2,1179648,49.84192,49.67859,49.86254,49.760255,49.852230000000006,0.0018453342086341181,3
a100,timing,Ring_LL128_cta4,2,1212416,52.41316,52.2752,52.45907,52.344179999999994,52.436115,0.0017540442133236489,3
a100,timing,Ring_LL128_cta4,2,1245184,52.49873,52.49732,52.62509,52.498025,52.56191,0.0012168865799229635,3
a100,timing,Ring_LL128_cta4,2,1277952,53.75807,53.5216,53.81465,53.639835,53.78636,0.0027256372857136432,3
a100,timing,Ring_LL128_cta4,2,1310720,53.84594,53.80294,53.90593,53.824439999999996,53.875935,0.0009563395123198282,3
a100,timing,Ring_LL128_cta4,2,1343488,54.78095,54.52223,54.79856,54.65159,54.789755,0.0025221358884794944,3
a100,timing,Ring_LL128_cta4,2,1376256,54.83284,54.75477,54.94954,54.793805,54.891189999999995,0.0017760342159916507,3
a100,timing,Ring_LL128_cta4,2,1409024,55.78074,55.48638,55.86363,55.63356,55.822185000000005,0.0033815435220113936,3
a100,timing,Ring_LL128_cta4,2,1441792,55.87396,55.75059,55.95378,55.812275,55.91387,0.0018182888773232329,3
a100,timing,Ring_LL128_cta4,2,1474560,57.01452,56.81074,57.0952,56.91263,57.05486,0.002494627684316168,3
a100,timing,Ring_LL128_cta4,2,1507328,57.22313,57.02115,57.23086,57.12214,57.226995,0.0018323884065761624,3
a100,timing,Ring_LL128_cta4,2,1540096,59.53829,59.38941,59.5823,59.46385,59.560294999999996,0.0016198819280835186,3
a100,timing,Ring_LL128_cta4,2,1572864,59.77426,59.69699,59.79892,59.735625,59.786590000000004,0.0008526245243354754,3
a100,timing,Ring_LL128_cta4,2,1605632,60.80264,60.65004,60.92929,60.72633999999999,60.865965,0.002296364105242954,3
a100,timing,Ring_LL128_cta4,2,1638400,60.8971,60.89192,61.02768,60.89451,60.96239,0.0011146672009012314,3
a100,timing,Ring_LL128_cta4,2,1671168,61.83846,61.64506,61.95926,61.74176,61.89886,0.0025404901739144183,3
a100,timing,Ring_LL128_cta4,2,1703936,61.97832,61.88753,62.01636,61.932925,61.997339999999994,0.0010393150379035248,3
a100,timing,Ring_LL128_cta4,2,1736704,63.08085,62.82905,63.08322,62.95495,63.082035,0.0020146367716985586,3
a100,timing,Ring_LL128_cta4,2,1769472,63.22382,63.16641,63.28321,63.195115,63.253515,0.000923702490611907,3
a100,timing,Ring_LL128_cta4,2,1802240,64.04982,63.91234,64.26711,63.98108,64.158465,0.0027694847542117703,3
a100,timing,Ring_LL128_cta4,2,1835008,64.22816,64.16382,64.31791,64.19599,64.273035,0.0011995517231070958,3
a100,timing,Ring_LL128_cta4,2,1867776,66.78405,66.55873,66.79982,66.67139,66.791935,0.0018049968517930973,3
a100,timing,Ring_LL128_cta4,2,1900544,66.80982,66.80832,66.85362,66.80906999999999,66.83172,0.0003390220180208978,3
a100,timing,Ring_LL128_cta4,2,1933312,67.7935,67.61617,67.79624,67.704835,67.79487,0.0013280771755404327,3
a100,timing,Ring_LL128_cta4,2,1966080,67.90606,67.86065,68.0482,67.883355,67.97712999999999,0.0013809518620281273,3
a100,timing,Ring_LL128_cta4,2,1998848,69.11518,68.93252,69.21334,69.02385,69.16426,0.0020315363426674548,3
a100,timing,Ring_LL128_cta4,2,2031616,69.21397,69.06246,69.31405,69.138215,69.26401,0.001817479910486229,3
a100,timing,Ring_LL128_cta4,2,2064384,70.02043,69.97883,70.29072,69.99963,70.155575,0.0022271357088210204,3
a100,timing,Ring_LL128_cta4,2,2097152,70.22822,70.22641,70.35955,70.227315,70.29388499999999,0.0009479095440548612,3
a100,timing,Ring_LL128_cta4,2,2129920,71.97921,71.78592,72.05472,71.882565,72.016965,0.0018672058223478615,3
a100,timing,Ring_LL128_cta4,2,2162688,72.05765,72.0384,72.17124,72.048025,72.11444499999999,0.0009217619503271854,3
a100,timing,Ring_LL128_cta4,2,2195456,73.92776,73.76284,73.98875,73.84530000000001,73.95825500000001,0.0015279104899160946,3
a100,timing,Ring_LL128_cta4,2,2228224,74.20026,74.15599,74.22984,74.178125,74.21504999999999,0.0004976397656827152,3
a100,timing,Ring_LL128_cta4,2,2260992,75.09912,74.85343,75.14458,74.976275,75.12185,0.0019384381601274927,3
a100,timing,Ring_LL128_cta4,2,2293760,75.19067,75.06715,75.23458,75.12890999999999,75.212625,0.001113369517787409,3
a100,timing,Ring_LL128_cta4,2,2326528,76.14363,75.83502,76.21103,75.98932500000001,76.17733,0.002469083756579372,3
a100,timing,Ring_LL128_cta4,2,2359296,76.38971,76.11797,76.42936,76.25384,76.409535,0.002038167182464871,3
a100,timing,Ring_LL128_cta4,2,2392064,77.2619,77.13383,77.40575,77.19786500000001,77.33382499999999,0.0017597289220169707,3
a100,timing,Ring_LL128_cta4,2,2424832,77.34525,77.29354,77.5402,77.31939499999999,77.442725,0.0015945387725815087,3
a100,timing,Ring_LL128_cta4,2,2457600,79.89768,79.6117,80.00616,79.75469,79.95192,0.0024685322527513275,3
a100,timing,Ring_LL128_cta4,2,2490368,80.04347,79.84005,80.12018,79.94176,80.08182500000001,0.0017498616689157402,3
a100,timing,Ring_LL128_cta4,2,2523136,81.20435,80.88537,81.23206,81.04486,81.21820500000001,0.0021346762827362305,3
a100,timing,Ring_LL128_cta4,2,2555904,81.25195,81.07944,81.34137,81.165695,81.29666,0.0016118382389592291,3
a100,timing,Ring_LL128_cta4,2,2588672,82.13751,82.03498,82.29637,82.086245,82.21694,0.0015911731436707623,3
a100,timing,Ring_LL128_cta4,2,2621440,82.36751,82.06313,82.36885,82.21531999999999,82.36818,0.0018558288334806284,3
a100,timing,Ring_LL128_cta4,4,524288,51.03019,50.95113,51.07857,50.99066,51.054379999999995,0.0012486725994944649,3
a100,timing,Ring_LL128_cta4,4,557056,53.14297,53.02292,53.24916,53.082944999999995,53.196065000000004,0.002128597630128862,3
a100,timing,Ring_LL128_cta4,4,589824,53.04478,53.03216,53.25828,53.038470000000004,53.15153,0.0021314067095762725,3
a100,timing,Ring_LL128_cta4,4,622592,60.35215,60.32452,60.49183,60.338335,60.42199,0.0013861146620294431,3
a100,timing,Ring_LL128_cta4,4,655360,60.47299,60.28725,60.47951,60.380120000000005,60.47625,0.0015896353066053978,3
a100,timing,Ring_LL128_cta4,4,688128,61.91888,61.63175,62.12467,61.775315,62.021775000000005,0.003980369153964124,3
a100,timing,Ring_LL128_cta4,4,720896,61.53735,55.94548,61.95254,58.741415,61.744945,0.048808244098909,3
a100,timing,Ring_LL128_cta4,4,753664,56.93427,56.76316,56.93758,56.848715,56.935925,0.0015317663684806867,3
a100,timing,Ring_LL128_cta4,4,786432,56.87025,56.79211,56.96834,56.83118,56.919295,0.001549404126058789,3
a100,timing,Ring_LL128_cta4,4,819200,57.79013,57.54976,57.87327,57.669945,57.8317,0.0027990073737504907,3
a100,timing,Ring_LL128_cta4,4,851968,57.78993,57.60716,58.02206,57.698544999999996,57.905995000000004,0.0035897257532585447,3
a100,timing,Ring_LL128_cta4,4,884736,58.85599,58.5591,58.94055,58.707544999999996,58.89827,0.003240536774591685,3
a100,timing,Ring_LL128_cta4,4,917504,58.77784,58.55379,58.96458,58.665814999999995,58.87121,0.0034944291930428693,3
a100,timing,Ring_LL128_cta4,4,950272,60.02724,59.76232,60.1663,59.89478,60.09677,0.003364972302574666,3
a100,timing,Ring_LL128_cta4,4,983040,60.07303,59.96862,60.1719,60.020825,60.122465000000005,0.0016919406262677823,3
a100,timing,Ring_LL128_cta4,4,1015808,61.6123,61.61218,61.68945,61.61224,61.650875,0.0006270663487647647,3
a100,timing,Ring_LL128_cta4,4,1048576,61.60128,61.53504,61.72119,61.568160000000006,61.661235000000005,0.001510926396334604,3
a100,timing,Ring_LL128_cta4,4,1081344,62.92371,62.88727,63.03875,62.90549,62.98123,0.0012036798211675082,3
a100,timing,Ring_LL128_cta4,4,1114112,62.92294,62.82213,62.92962,62.872535,62.92628,0.000854140000451334,3
a100,timing,Ring_LL128_cta4,4,1146880,64.06734,63.68989,64.1082,63.878614999999996,64.08777,0.003264611891175906,3
a100,timing,Ring_LL128_cta4,4,1179648,63.97417,63.73629,64.11421,63.85523,64.04419,0.002953692091667646,3
a100,timing,Ring_LL128_cta4,4,1212416,69.98034,69.53586,70.02031,69.7581,70.000325,0.0034613292819098166,3
a100,timing,Ring_LL128_cta4,4,1245184,70.09875,69.88065,70.11368,69.9897,70.10621499999999,0.001662155173950928,3
a100,timing,Ring_LL128_cta4,4,1277952,71.86265,71.7267,71.9903,71.794675,71.92647500000001,0.001834054268803232,3
a100,timing,Ring_LL128_cta4,4,1310720,71.9407,71.90464,71.96064,71.92267000000001,71.95067,0.0003892094461131402,3
a100,timing,Ring_LL128_cta4,4,1343488,72.93904,72.83003,72.99013,72.884535,72.964585,0.0010974918233088884,3
a100,timing,Ring_LL128_cta4,4,1376256,72.88652,72.84427,72.91599,72.865395,72.90125499999999,0.0004919976972420325,3
a100,timing,Ring_LL128_cta4,4,1409024,73.88658,73.39952,74.01339,73.64304999999999,73.949985,0.004154137327780092,3
a100,timing,Ring_LL128_cta4,4,1441792,73.83327,73.43609,73.90319,73.63468,73.86823,0.003163208130968518,3
a100,timing,Ring_LL128_cta4,4,1474560,74.93669,74.60233,75.09218,74.76951,75.01443499999999,0.0032684256537084165,3
a100,timing,Ring_LL128_cta4,4,1507328,74.96014,74.54864,74.99308,74.75439,74.97661,0.002964508870981204,3
a100,timing,Ring_LL128_cta4,4,1540096,76.00174,75.7796,76.1407,75.89067,76.07122,0.002375603505919689,3
a100,timing,Ring_LL128_cta4,4,1572864,76.03291,75.96246,76.0929,75.99768499999999,76.062905,0.0008577864506305324,3
a100,timing,Ring_LL128_cta4,4,1605632,77.03983,76.97402,77.05546,77.006925,77.04764499999999,0.0005285577603168803,3
a100,timing,Ring_LL128_cta4,4,1638400,77.03242,76.72282,77.05107,76.87762000000001,77.04174499999999,0.0021305964423808093,3
a100,timing,Ring_LL128_cta4,4,1671168,78.03036,77.69248,78.17122,77.86142000000001,78.10079,0.0030676521292480755,3
a100,timing,Ring_LL128_cta4,4,1703936,78.14306,77.9956,78.19416,78.06933000000001,78.16861,0.0012704903032974796,3
a100,timing,Ring_LL128_cta4,4,1736704,79.27064,79.15553,79.38024,79.213085,79.32544,0.001417359567173846,3
a100,timing,Ring_LL128_cta4,4,1769472,79.19671,78.99721,79.31212,79.09696,79.254415,0.0019881507704044626,3
a100,timing,Ring_LL128_cta4,4,1802240,80.47407,80.12307,80.6011,80.29857,80.537585,0.0029700871348995904,3
a100,timing,Ring_LL128_cta4,4,1835008,80.50663,80.11125,80.63717,80.30894,80.5719,0.003266314836430149,3
a100,timing,Ring_LL128_cta4,4,1867776,86.5635,86.52745,86.81658,86.54547500000001,86.69004000000001,0.0016700456890028712,3
a100,timing,Ring_LL128_cta4,4,1900544,86.83061,86.70008,86.83833,86.765345,86.83447,0.0007960902267069144,3
a100,timing,Ring_LL128_cta4,4,1933312,88.17831,88.13145,88.32199,88.15487999999999,88.25014999999999,0.001080424426369697,3
a100,timing,Ring_LL128_cta4,4,1966080,88.21558,88.04728,88.30796,88.13143,88.26177,0.0014775167833165513,3
a100,timing,Ring_LL128_cta4,4,1998848,89.17725,88.76022,89.29626,88.96873500000001,89.236755,0.003005475051091986,3
a100,timing,Ring_LL128_cta4,4,2031616,89.18247,88.80121,89.30027,88.99184,89.24136999999999,0.0027979713950509887,3
a100,timing,Ring_LL128_cta4,4,2064384,90.06356,89.7279,90.15141,89.89573,90.107485,0.0023511728827951793,3
a100,timing,Ring_LL128_cta4,4,2097152,90.18537,90.05464,90.20943,90.120005,90.1974,0.0008581768861179553,3
a100,timing,Ring_LL128_cta4,4,2129920,91.04105,91.03672,91.17759,91.038885,91.10932,0.0007736619909370922,3
a100,timing,Ring_LL128_cta4,4,2162688,90.99925,90.965,91.09504,90.982125,91.047145,0.0007145113833356217,3
a100,timing,Ring_LL128_cta4,4,2195456,91.92474,91.84189,92.06982,91.88331500000001,91.99728,0.001239764181002777,3
a100,timing,Ring_LL128_cta4,4,2228224,91.98685,91.86444,92.06982,91.925645,92.028335,0.0011163552181642866,3
a100,timing,Ring_LL128_cta4,4,2260992,92.99271,92.94049,93.15551,92.9666,93.07411,0.0011561121296497852,3
a100,timing,Ring_LL128_cta4,4,2293760,93.05932,92.97138,93.14298,93.01535,93.10114999999999,0.0009219925527071538,3
a100,timing,Ring_LL128_cta4,4,2326528,94.15844,94.03502,94.23007,94.09673000000001,94.194255,0.0010357542032343602,3
a100,timing,Ring_LL128_cta4,4,2359296,94.15465,94.08971,94.18629,94.12218,94.17047,0.0005128796081764883,3
a100,timing,Ring_LL128_cta4,4,2392064,95.32901,94.83745,95.50853,95.08323,95.41877,0.003519809971801812,3
a100,timing,Ring_LL128_cta4,4,2424832,95.33092,94.87242,95.46545,95.10167000000001,95.39818500000001,0.003110375940985353,3
a100,timing,Ring_LL128_cta4,4,2457600,101.92744,101.59278,101.92771,101.76011,101.927575,0.0016429824981379604,3
a100,timing,Ring_LL128_cta4,4,2490368,101.81372,101.75769,102.09013,101.78570500000001,101.951925,0.0016325893995425722,3
a100,timing,Ring_LL128_cta4,4,2523136,103.34889,103.24866,103.47861,103.298775,103.41375,0.0011124938061742797,3
a100,timing,Ring_LL128_cta4,4,2555904,103.3739,102.84962,103.44504,103.11176,103.40947,0.0028799339098166464,3
a100,timing,Ring_LL128_cta4,4,2588672,104.14228,103.51841,104.34468,103.830345,104.24348,0.00396702472809325,3
a100,timing,Ring_LL128_cta4,4,2621440,104.24938,104.14862,104.26041,104.199,104.254895,0.0005361662582550294,3
a100,timing,Ring_LL128_cta8,2,524288,33.98293,33.94687,34.10425,33.9649,34.04359,0.002315574319224437,3
a100,timing,Ring_LL128_cta8,2,557056,36.70436,36.66219,36.76399,36.683275,36.734175,0.0013867562327744881,3
a100,timing,Ring_LL128_cta8,2,589824,36.94443,36.77641,37.02981,36.86042,36.98712,0.0034294750250578937,3
a100,timing,Ring_LL128_cta8,2,622592,37.10804,37.03361,37.24784,37.070825,37.17794,0.00288657121206079,3
a100,timing,Ring_LL128_cta8,2,655360,37.61664,37.36935,37.86591,37.49299499999999,37.741275,0.006600270518579233,3
a100,timing,Ring_LL128_cta8,2,688128,38.26589,38.06359,38.28162,38.164739999999995,38.273754999999994,0.002848881863194595,3
a100,timing,Ring_LL128_cta8,2,720896,38.3273,35.36588,38.40627,36.84659,38.366785,0.03966350356012558,3
a100,timing,Ring_LL128_cta8,2,753664,38.42791,35.61937,38.64192,37.02364,38.534915,0.039327535637509244,3
a100,timing,Ring_LL128_cta8,2,786432,36.04039,35.91847,36.10932,35.97943,36.074855,0.0026477238453856563,3
a100,timing,Ring_LL128_cta8,2,819200,36.60468,36.41382,36.63303,36.50925,36.618854999999996,0.0029942892548164564,3
a100,timing,Ring_LL128_cta8,2,851968,36.58214,36.51953,36.6663,36.550835000000006,36.62422,0.002006033545330992,3
a100,timing,Ring_LL128_cta8,2,884736,37.09713,37.04734,37.10025,37.072235,37.098690000000005,0.0007131279427817103,3
a100,timing,Ring_LL128_cta8,2,917504,37.46053,37.29953,37.46654,37.38003,37.463535,0.002229146250733836,3
a100,timing,Ring_LL128_cta8,2,950272,38.2671,38.15518,38.40866,38.21114,38.33788,0.003311983400884783,3
a100,timing,Ring_LL128_cta8,2,983040,38.43942,38.29304,38.4819,38.36623,38.460660000000004,0.002456592737351466,3
a100,timing,Ring_LL128_cta8,2,1015808,38.80592,38.76655,38.85433,38.786235000000005,38.830124999999995,0.0011310130000780922,3
a100,timing,Ring_LL128_cta8,2,1048576,39.2539,39.17515,39.2614,39.214525,39.25765,0.0010986169527103372,3
a100,timing,Ring_LL128_cta8,2,1081344,39.81528,39.79595,39.9402,39.805615,39.87774,0.001811490462957934,3
a100,timing,Ring_LL128_cta8,2,1114112,39.93791,39.92258,40.03689,39.930245,39.9874,0.0014310964194170807,3
a100,timing,Ring_LL128_cta8,2,1146880,40.36001,40.31775,40.48257,40.33888,40.42129,0.0020418726358094525,3
a100,timing,Ring_LL128_cta8,2,1179648,40.8628,40.80449,40.87341,40.833645000000004,40.868105,0.0008433098074531289,3
a100,timing,Ring_LL128_cta8,2,1212416,43.18859,43.00543,43.21152,43.09701,43.200055,0.002385931098931491,3
a100,timing,Ring_LL128_cta8,2,1245184,43.44347,43.37435,43.52622,43.40891,43.484845,0.0017479036550257427,3
a100,timing,Ring_LL128_cta8,2,1277952,43.80566,43.77992,43.85326,43.79279,43.82946,0.0008371064378438966,3
a100,timing,Ring_LL128_cta8,2,1310720,44.30942,44.30723,44.41115,44.308324999999996,44.360285000000005,0.0011726626076353113,3
a100,timing,Ring_LL128_cta8,2,1343488,44.57704,44.37938,44.59519,44.47821,44.586115,0.0024206407603556083,3
a100,timing,Ring_LL128_cta8,2,1376256,44.80119,44.78607,44.91871,44.79363,44.85995,0.0014803178219149422,3
a100,timing,Ring_LL128_cta8,2,1409024,45.28411,45.27261,45.40717,45.27836,45.34564,0.001485730866743407,3
a100,timing,Ring_LL128_cta8,2,1441792,45.78007,45.76054,45.84842,45.770305,45.814245,0.0009598063087277761,3
a100,timing,Ring_LL128_cta8,2,1474560,46.24337,46.22254,46.24966,46.232955000000004,46.246515,0.0002932312242814103,3
a100,timing,Ring_LL128_cta8,2,1507328,46.62649,46.59975,46.70978,46.613119999999995,46.668135,0.001179908674232276,3
a100,timing,Ring_LL128_cta8,2,1540096,47.13299,47.05782,47.33799,47.095405,47.23549,0.002972122074156533,3
a100,timing,Ring_LL128_cta8,2,1572864,47.54968,47.51834,47.69608,47.53401,47.62288,0.0018689925988986677,3
a100,timing,Ring_LL128_cta8,2,1605632,47.85178,47.70569,47.91287,47.778735,47.882324999999994,0.002164809752113651,3
a100,timing,Ring_LL128_cta8,2,1638400,48.31986,48.24083,48.4302,48.280345,48.375029999999995,0.0019595462404071195,3
a100,timing,Ring_LL128_cta8,2,1671168,48.74718,48.65021,48.90531,48.698695,48.826245,0.0026165616144359404,3
a100,timing,Ring_LL128_cta8,2,1703936,49.16149,49.14558,49.19487,49.153535000000005,49.17818,0.0005013070189693697,3
a100,timing,Ring_LL128_cta8,2,1736704,49.5271,49.4705,49.64705,49.4988,49.587075,0.0017823575375904483,3
a100,timing,Ring_LL128_cta8,2,1769472,49.98608,49.98196,50.18298,49.98402,50.08453,0.002010759795527072,3
a100,timing,Ring_LL128_cta8,2,1802240,50.42262,50.40229,50.54598,50.412455,50.484300000000005,0.0014248565425597334,3
a100,timing,Ring_LL128_cta8,2,1835008,50.72029,50.69476,50.87982,50.707525000000004,50.800055,0.0018243192221494879,3
a100,timing,Ring_LL128_cta8,2,1867776,53.02573,52.98287,53.16442,53.0043,53.095075,0.0017119047677420134,3
a100,timing,Ring_LL128_cta8,2,1900544,53.57982,53.45365,53.70156,53.516735,53.64069,0.0023134642856210094,3
a100,timing,Ring_LL128_cta8,2,1933312,53.83079,53.81688,53.99543,53.823835,53.91311,0.0016584374853127859,3
a100,timing,Ring_LL128_cta8,2,1966080,54.23408,54.23156,54.3451,54.232820000000004,54.289590000000004,0.0010467587907824786,3
a100,timing,Ring_LL128_cta8,2,1998848,55.01548,54.94333,55.1717,54.979405,55.09359,0.002075506748282467,3
a100,timing,Ring_LL128_cta8,2,2031616,55.46124,55.40613,55.57046,55.433685,55.51585,0.0014814850876035837,3
a100,timing,Ring_LL128_cta8,2,2064384,55.76871,55.73979,55.99358,55.75425,55.881145000000004,0.0022753798680300234,3
a100,timing,Ring_LL128_cta8,2,2097152,56.07923,55.95938,56.22213,56.019305,56.15068,0.0023426676864143543,3
a100,timing,Ring_LL128_cta8,2,2129920,56.70173,56.68711,56.92667,56.694419999999994,56.8142,0.0021124575916820487,3
a100,timing,Ring_LL128_cta8,2,2162688,57.16623,57.1105,57.37495,57.138365,57.27059,0.0023129914286808533,3
a100,timing,Ring_LL128_cta8,2,2195456,57.5091,57.42642,57.69166,57.46776,57.60038,0.0023060698219934386,3
a100,timing,Ring_LL128_cta8,2,2228224,57.70967,57.68513,57.97039,57.6974,57.84003,0.0024715095407753488,3
a100,timing,Ring_LL128_cta8,2,2260992,58.56203,58.49518,58.75921,58.528605,58.66062,0.0022542763630291275,3
a100,timing,Ring_LL128_cta8,2,2293760,58.91249,58.88725,59.09976,58.89987,59.006125,0.0018036073504955796,3
a100,timing,Ring_LL128_cta8,2,2326528,59.24324,59.1822,59.33964,59.212720000000004,59.29144,0.0013287591968298327,3
a100,timing,Ring_LL128_cta8,2,2359296,59.42248,59.3382,59.62018,59.380340000000004,59.52133,0.0023726710834013503,3
a100,timing,Ring_LL128_cta8,2,2392064,61.95004,61.92861,62.07442,61.939325,62.01223,0.001176835398330748,3
a100,timing,Ring_LL128_cta8,2,2424832,62.32727,62.27809,62.42048,62.302679999999995,62.373875,0.0011422768877892937,3
a100,timing,Ring_LL128_cta8,2,2457600,62.50804,62.5011,62.54762,62.50457,62.52783,0.00037211213149541245,3
a100,timing,Ring_LL128_cta8,2,2490368,62.83647,62.75791,62.87875,62.79719,62.857609999999994,0.0009615435112760708,3
a100,timing,Ring_LL128_cta8,2,2523136,64.008,64.00763,64.25561,64.007815,64.131805,0.0019371016122985607,3
a100,timing,Ring_LL128_cta8,2,2555904,64.30589,64.23396,64.53445,64.269925,64.42017000000001,0.0023364111747774955,3
a100,timing,Ring_LL128_cta8,2,2588672,64.51741,64.41759,64.70418,64.4675,64.610795,0.002221028401481009,3
a100,timing,Ring_LL128_cta8,2,2621440,64.58572,64.48645,64.89654,64.536085,64.74113,0.0031747729993564892,3
a100,timing,Ring_LL128_cta8,4,524288,42.10862,41.91631,42.13384,42.012465000000006,42.12123,0.0025829628232887022,3
a100,timing,Ring_LL128_cta8,4,557056,43.68031,43.63945,43.82009,43.65988,43.7502,0.002067750892793536,3
a100,timing,Ring_LL128_cta8,4,589824,43.75637,43.64518,43.8308,43.700775,43.793585,0.0021210626018565997,3
a100,timing,Ring_LL128_cta8,4,622592,43.77382,43.60867,43.90585,43.691244999999995,43.839835,0.0033944947002570434,3
a100,timing,Ring_LL128_cta8,4,655360,44.21767,44.04092,44.27326,44.129295,44.245464999999996,0.002627230245284222,3
a100,timing,Ring_LL128_cta8,4,688128,46.07796,46.01041,46.08325,46.044185,46.080605,0.000790399574981177,3
a100,timing,Ring_LL128_cta8,4,720896,45.92404,41.71715,46.14937,43.820595,46.036705,0.048255989673382405,3
a100,timing,Ring_LL128_cta8,4,753664,42.97335,41.65734,45.58689,42.315345,44.28012,0.045720778110154216,3
a100,timing,Ring_LL128_cta8,4,786432,41.95469,41.83506,41.99598,41.894875,41.975335,0.0019177832085042743,3
a100,timing,Ring_LL128_cta8,4,819200,43.77071,43.5188,43.81147,43.644755,43.79109,0.003343217416395426,3
a100,timing,Ring_LL128_cta8,4,851968,43.7759,43.58042,43.87762,43.67816,43.82676,0.0033945618479574798,3
a100,timing,Ring_LL128_cta8,4,884736,43.73093,43.57693,43.79834,43.65393,43.764635,0.002531503446187763,3
a100,timing,Ring_LL128_cta8,4,917504,44.05385,43.92799,44.16596,43.99092,44.109905,0.0027008990133664825,3
a100,timing,Ring_LL128_cta8,4,950272,46.24538,46.11201,46.28273,46.178695,46.264055,0.0018458060026753254,3
a100,timing,Ring_LL128_cta8,4,983040,46.21532,46.19247,46.29536,46.203895,46.255340000000004,0.0011131590130718791,3
a100,timing,Ring_LL128_cta8,4,1015808,46.25219,46.2148,46.34255,46.233495,46.29737,0.0013810156881220762,3
a100,timing,Ring_LL128_cta8,4,1048576,46.53815,46.50586,46.56298,46.522005,46.550565000000006,0.0006136900585864696,3
a100,timing,Ring_LL128_cta8,4,1081344,48.23531,48.06587,48.2895,48.150589999999994,48.262405,0.002318115090376886,3
a100,timing,Ring_LL128_cta8,4,1114112,48.24594,48.17668,48.31936,48.21131,48.282650000000004,0.0014786736459069178,3
a100,timing,Ring_LL128_cta8,4,1146880,48.29273,48.20573,48.44239,48.24923,48.36756,0.00245026528837778,3
a100,timing,Ring_LL128_cta8,4,1179648,48.62776,48.51054,48.64,48.56915,48.633880000000005,0.00133113266989893,3
a100,timing,Ring_LL128_cta8,4,1212416,55.12087,54.83552,55.21658,54.978195,55.168724999999995,0.003456585500192494,3
a100,timing,Ring_LL128_cta8,4,1245184,55.12681,54.82942,55.21907,54.978115,55.17294,0.003534124321722851,3
a100,timing,Ring_LL128_cta8,4,1277952,55.14051,54.89553,55.21347,55.01802,55.17699,0.0028829983618215284,3
a100,timing,Ring_LL128_cta8,4,1310720,55.50371,55.185,55.59291,55.344355,55.54831,0.00367461922815611,3
a100,timing,Ring_LL128_cta8,4,1343488,56.40076,56.18062,56.42008,56.29069,56.41042,0.0021228437347298886,3
a100,timing,Ring_LL128_cta8,4,1376256,56.41336,56.23822,56.48804,56.32579,56.4507,0.0022141918155557452,3
a100,timing,Ring_LL128_cta8,4,1409024,56.53532,56.31989,56.68759,56.427605,56.611455,0.0032519494008347283,3
a100,timing,Ring_LL128_cta8,4,1441792,56.64825,56.62848,56.81895,56.638365,56.733599999999996,0.001681164025366985,3
a100,timing,Ring_LL128_cta8,4,1474560,57.15179,56.97577,57.44414,57.063779999999994,57.297965,0.004097596943157924,3
a100,timing,Ring_LL128_cta8,4,1507328,57.06483,56.95394,57.42812,57.009385,57.246475000000004,0.004154748204804991,3
a100,timing,Ring_LL128_cta8,4,1540096,57.21831,57.05803,57.39426,57.13817,57.306285,0.0029381329158446,3
a100,timing,Ring_LL128_cta8,4,1572864,57.63635,57.50517,57.66979,57.57076,57.65307,0.00142809182052645,3
a100,timing,Ring_LL128_cta8,4,1605632,58.29051,58.13327,58.30982,58.21189,58.300165,0.0015143974550917978,3
a100,timing,Ring_LL128_cta8,4,1638400,58.39531,58.15633,58.49809,58.275819999999996,58.4467,0.0029262624001825475,3
a100,timing,Ring_LL128_cta8,4,1671168,58.45743,58.25241,58.52585,58.35492,58.491640000000004,0.0023387959409095463,3
a100,timing,Ring_LL128_cta8,4,1703936,58.82855,58.4504,58.84314,58.639475000000004,58.835845,0.0033380051012645152,3
a100,timing,Ring_LL128_cta8,4,1736704,59.14923,58.97082,59.60011,59.060025,59.37467,0.005319511344441825,3
a100,timing,Ring_LL128_cta8,4,1769472,59.20185,59.07702,59.53318,59.139435,59.367515,0.0038525823095055052,3
a100,timing,Ring_LL128_cta8,4,1802240,59.29031,59.13604,59.71253,59.213175,59.501419999999996,0.00486158699456954,3
a100,timing,Ring_LL128_cta8,4,1835008,59.70023,59.54,59.75832,59.620115,59.729275,0.001828468667541194,3
a100,timing,Ring_LL128_cta8,4,1867776,60.69164,60.38873,60.75112,60.540185,60.721379999999996,0.0029855017923390327,3
a100,timing,Ring_LL128_cta8,4,1900544,60.74344,60.44965,60.89481,60.596545,60.819125,0.003664263992951349,3
a100,timing,Ring_LL128_cta8,4,1933312,60.83161,60.56256,60.87807,60.697085,60.854839999999996,0.0025933063418836777,3
a100,timing,Ring_LL128_cta8,4,1966080,61.01263,60.72658,61.0312,60.869605,61.021915,0.002496368374875824,3
a100,timing,Ring_LL128_cta8,4,1998848,62.32299,62.05173,62.33347,62.18736,62.32823,0.0022603215924011286,3
a100,timing,Ring_LL128_cta8,4,2031616,62.31166,62.20402,62.45162,62.25784,62.381640000000004,0.0019867870636090064,3
a100,timing,Ring_LL128_cta8,4,2064384,62.44442,62.2392,62.50811,62.341809999999995,62.476265,0.00215319479306562,3
a100,timing,Ring_LL128_cta8,4,2097152,62.62969,62.50982,62.72635,62.569755,62.67802,0.0017286529759287623,3
a100,timing,Ring_LL128_cta8,4,2129920,63.6825,63.42509,63.73668,63.553794999999994,63.70959,0.002446433478585244,3
a100,timing,Ring_LL128_cta8,4,2162688,63.64324,63.4855,63.78989,63.56437,63.716565,0.002391377308886318,3
a100,timing,Ring_LL128_cta8,4,2195456,63.79963,63.58188,63.90009,63.690754999999996,63.84986,0.0024938232400407937,3
a100,timing,Ring_LL128_cta8,4,2228224,64.14401,63.86133,64.2096,64.00267,64.176805,0.002714750761606685,3
a100,timing,Ring_LL128_cta8,4,2260992,64.70929,64.64534,64.79933,64.677315,64.75431,0.001189860064915112,3
a100,timing,Ring_LL128_cta8,4,2293760,64.816,64.71306,64.95083,64.76453000000001,64.883415,0.001834192174771533,3
a100,timing,Ring_LL128_cta8,4,2326528,64.93951,64.91549,65.00472,64.92750000000001,64.972115,0.0006870239704610212,3
a100,timing,Ring_LL128_cta8,4,2359296,65.21536,65.17305,65.38877,65.19420500000001,65.302065,0.0016539048469561169,3
a100,timing,Ring_LL128_cta8,4,2392064,71.0399,70.75982,71.08715,70.89986,71.063525,0.0023038461484320024,3
a100,timing,Ring_LL128_cta8,4,2424832,71.03258,70.73698,71.15519,70.88478,71.093885,0.0029437900186082763,3
a100,timing,Ring_LL128_cta8,4,2457600,71.03549,70.86062,71.19636,70.948055,71.115925,0.002363184937557378,3
a100,timing,Ring_LL128_cta8,4,2490368,71.23709,71.17673,71.33664,71.20691,71.286865,0.001122378805759927,3
a100,timing,Ring_LL128_cta8,4,2523136,72.98492,72.74014,72.99977,72.86252999999999,72.992345,0.0017786550975188817,3
a100,timing,Ring_LL128_cta8,4,2555904,73.09643,72.82761,73.19996,72.96202,73.148195,0.0025469780124693607,3
a100,timing,Ring_LL128_cta8,4,2588672,73.21296,73.06506,73.5347,73.13901,73.37383,0.0032073556375810945,3
a100,timing,Ring_LL128_cta8,4,2621440,73.50695,73.11366,73.71743,73.310305,73.61219,0.0041068905729322,3
a100,timing,Ring_Simple,2,524288,44.72265,44.62685,44.92504,44.67475,44.823845000000006,0.0033337693540074803,3
a100,timing,Ring_Simple,2,557056,47.38558,47.37044,47.63045,47.37801,47.508015,0.0027435561620222236,3
a100,timing,Ring_Simple,2,589824,47.88543,47.79768,48.0164,47.841555,47.950914999999995,0.002283784441321614,3
a100,timing,Ring_Simple,2,622592,47.94677,47.0852,47.99925,47.515985,47.97301,0.0095319246739666,3
a100,timing,Ring_Simple,2,655360,47.79876,44.65722,48.67868,46.227990000000005,48.23872,0.04206657243828073,3
a100,timing,Ring_Simple,2,688128,44.63327,44.40072,48.10437,44.516995,46.36882,0.04148979001538534,3
a100,timing,Ring_Simple,2,720896,44.8039,44.54318,47.41042,44.67354,46.10716,0.03199766091791111,3
a100,timing,Ring_Simple,2,753664,44.78456,44.70331,44.93705,44.743935,44.860805,0.0026096047387760136,3
a100,timing,Ring_Simple,2,786432,45.37751,45.35946,45.40977,45.368485,45.393640000000005,0.0005543495004464799,3
a100,timing,Ring_Simple,2,819200,45.6292,45.46216,45.69191,45.54568,45.660555,0.0025175764641940895,3
a100,timing,Ring_Simple,2,851968,45.50535,45.4837,45.64131,45.494524999999996,45.57333,0.0017317743957579203,3
a100,timing,Ring_Simple,2,884736,45.90001,45.86203,46.15671,45.88102,46.02836,0.003210021087141371,3
a100,timing,Ring_Simple,2,917504,46.1558,46.11734,46.37823,46.13657,46.267015,0.0028261886913454365,3
a100,timing,Ring_Simple,2,950272,46.85416,46.81697,46.94002,46.835565,46.89709,0.0013131171276999961,3
a100,timing,Ring_Simple,2,983040,46.8754,46.82679,47.12287,46.851095,46.999134999999995,0.0031581597170369665,3
a100,timing,Ring_Simple,2,1015808,47.31415,47.31403,47.47225,47.31409,47.3932,0.0016720156655038718,3
a100,timing,Ring_Simple,2,1048576,47.84315,47.8121,47.99946,47.827625,47.921305000000004,0.001958065052154931,3
a100,timing,Ring_Simple,2,1081344,48.96883,48.91762,49.18315,48.943225,49.07599,0.002711214460300545,3
a100,timing,Ring_Simple,2,1114112,49.06471,49.0038,49.23655,49.034255,49.15063,0.0023718676824951764,3
a100,timing,Ring_Simple,2,1146880,49.3709,49.27332,49.55937,49.322109999999995,49.465135000000004,0.002896949417572064,3
a100,timing,Ring_Simple,2,1179648,50.03067,49.96866,50.32725,49.999665,50.178960000000004,0.0035837017573421125,3
a100,timing,Ring_Simple,2,1212416,51.13351,51.03491,51.13692,51.08421,51.135215,0.0009974867753065166,3
a100,timing,Ring_Simple,2,1245184,51.16336,51.0867,51.30214,51.125029999999995,51.232749999999996,0.0021054129361324295,3
a100,timing,Ring_Simple,2,1277952,51.48368,51.33569,51.6456,51.409684999999996,51.56464,0.0030097887330509604,3
a100,timing,Ring_Simple,2,1310720,52.19275,52.16288,52.3229,52.177814999999995,52.257825,0.001532971533402656,3
a100,timing,Ring_Simple,2,1343488,52.839,52.60333,53.01504,52.721165,52.92702,0.0038958912924165804,3
a100,timing,Ring_Simple,2,1376256,53.00802,52.852,53.16543,52.930009999999996,53.086725,0.0029564394218083508,3
a100,timing,Ring_Simple,2,1409024,53.41351,53.32792,53.65999,53.370715000000004,53.53675,0.003108483228306728,3
a100,timing,Ring_Simple,2,1441792,54.17938,53.95233,54.25243,54.065855,54.215905,0.0027695038223028803,3
a100,timing,Ring_Simple,2,1474560,54.52475,54.41061,54.73706,54.46768,54.630905,0.0029935946519699234,3
a100,timing,Ring_Simple,2,1507328,54.88815,54.82792,55.20837,54.858035,55.04826,0.003465684305264398,3
a100,timing,Ring_Simple,2,1540096,55.23171,55.23049,55.75101,55.2311,55.49136,0.0047121481482286605,3
a100,timing,Ring_Simple,2,1572864,55.91854,55.89968,56.28796,55.90911,56.10325,0.003471835995718136,3
a100,timing,Ring_Simple,2,1605632,56.55186,56.28673,56.78681,56.419295,56.669335000000004,0.004421428402178206,3
a100,timing,Ring_Simple,2,1638400,56.89522,56.75243,57.27276,56.823825,57.08399,0.004572703998683907,3
a100,timing,Ring_Simple,2,1671168,57.405,57.20881,57.73082,57.306905,57.56791,0.004546729378973909,3
a100,timing,Ring_Simple,2,1703936,57.89385,57.82259,58.11819,57.85822,58.00602,0.002552948197433693,3
a100,timing,Ring_Simple,2,1736704,58.23089,58.19672,58.4446,58.213805,58.337745,0.002128423590984055,3
a100,timing,Ring_Simple,2,1769472,58.73655,58.73157,59.03034,58.73406,58.883445,0.0025433056589125903,3
a100,timing,Ring_Simple,2,1802240,58.66904,58.66481,59.07331,58.666925000000006,58.871175,0.003481393252727413,3
a100,timing,Ring_Simple,2,1835008,59.91745,59.73268,60.04629,59.825065,59.98187,0.0026170172462279106,3
a100,timing,Ring_Simple,2,1867776,60.30368,60.17694,60.43434,60.24031,60.36901,0.0021341981119560537,3
a100,timing,Ring_Simple,2,1900544,60.70166,60.68001,60.9315,60.690835,60.81658,0.0020715248973422144,3
a100,timing,Ring_Simple,2,1933312,61.51773,61.22255,61.6046,61.37014,61.561165,0.0031052023538580393,3
a100,timing,Ring_Simple,2,1966080,61.91719,61.81331,62.02791,61.86525,61.97255,0.0017329597806359602,3
a100,timing,Ring_Simple,2,1998848,62.21598,62.0274,62.35955,62.12169,62.287765,0.0026693302910281136,3
a100,timing,Ring_Simple,2,2031616,62.76694,62.44261,62.92645,62.604775000000004,62.846695,0.0038542583085935567,3
a100,timing,Ring_Simple,2,2064384,63.3661,63.32219,63.7822,63.344145,63.57415,0.00362977996120963,3
a100,timing,Ring_Simple,2,2097152,64.06314,63.76695,64.18838,63.915045000000006,64.12576,0.003289176896418023,3
a100,timing,Ring_Simple,2,2129920,68.25152,68.16874,68.31614,68.21012999999999,68.28383,0.0010798294309050161,3
a100,timing,Ring_Simple,2,2162688,68.22467,68.039,68.36815,68.131835,68.29641000000001,0.0024122505832569574,3
a100,timing,Ring_Simple,2,2195456,68.25142,68.2009,68.26284,68.22616,68.25712999999999,0.00045376345283360247,3
a100,timing,Ring_Simple,2,2228224,69.53288,69.50945,69.64421,69.521165,69.58854500000001,0.0009690379572946526,3
a100,timing,Ring_Simple,2,2260992,70.06782,69.94186,70.14998,70.00484,70.1089,0.00148513254729495,3
a100,timing,Ring_Simple,2,2293760,70.04268,69.85881,70.13926,69.95074500000001,70.09097,0.002001993641590909,3
a100,timing,Ring_Simple,2,2326528,70.11562,69.88706,70.214,70.00134,70.16481,0.0023314348500377484,3
a100,timing,Ring_Simple,2,2359296,71.3011,71.16021,71.57312,71.23065500000001,71.43711,0.0028955373760010876,3
a100,timing,Ring_Simple,2,2392064,71.16614,70.99829,71.3542,71.08221499999999,71.26017,0.0025005571469804517,3
a100,timing,Ring_Simple,2,2424832,70.97126,70.80753,71.02336,70.88939500000001,70.99731,0.0015205450769789253,3
a100,timing,Ring_Simple,2,2457600,72.37939,72.15132,72.4441,72.265355,72.411745,0.0020225370785799204,3
a100,timing,Ring_Simple,2,2490368,72.64629,72.60449,72.88015,72.62539,72.76321999999999,0.0018972751395837822,3
a100,timing,Ring_Simple,2,2523136,72.41114,72.14511,72.59179,72.278125,72.501465,0.003084332051670409,3
a100,timing,Ring_Simple,2,2555904,72.08491,71.94212,72.25735,72.013515,72.17113,0.0021865186486326607,3
a100,timing,Ring_Simple,2,2588672,73.7409,73.57267,73.95232,73.656785,73.84661,0.0025742159371529103,3
a100,timing,Ring_Simple,2,2621440,73.85974,73.7458,74.1047,73.80277000000001,73.98222,0.002429605086614014,3
a100,timing,Ring_Simple,4,524288,70.17392,70.10118,70.19495,70.13755,70.18443500000001,0.0006681257082403716,3
a100,timing,Ring_Simple,4,557056,69.94899,69.82493,69.99849,69.88695999999999,69.97373999999999,0.001240618342023302,3
a100,timing,Ring_Simple,4,589824,69.62625,69.54111,69.69531,69.58368,69.66078,0.0011073409813109497,3
a100,timing,Ring_Simple,4,622592,69.82273,69.67187,69.92345,69.7473,69.87309,0.001801562327912546,3
a100,timing,Ring_Simple,4,655360,69.78297,69.77294,69.85261,69.777955,69.81779,0.000570841281189329,3
a100,timing,Ring_Simple,4,688128,69.96582,69.83216,69.98304,69.89899,69.97443,0.0010782407752814218,3
a100,timing,Ring_Simple,4,720896,64.09881,64.00421,66.17321,64.05151000000001,65.13601,0.016919190855493125,3
a100,timing,Ring_Simple,4,753664,64.17506,64.08638,64.17876,64.13072,64.17690999999999,0.0007197500088039767,3
a100,timing,Ring_Simple,4,786432,64.17935,64.13528,64.25311,64.157315,64.21623,0.00091797439519096,3
a100,timing,Ring_Simple,4,819200,65.01157,64.85637,65.02349,64.93397,65.01753,0.0012853096764159273,3
a100,timing,Ring_Simple,4,851968,65.01357,64.89974,65.0279,64.956655,65.020735,0.0009856403824617557,3
a100,timing,Ring_Simple,4,884736,65.0815,65.03693,65.16777,65.059215,65.12463500000001,0.001005201170839906,3
a100,timing,Ring_Simple,4,917504,65.17459,65.02638,65.28269,65.10048499999999,65.22864,0.001966333811996465,3
a100,timing,Ring_Simple,4,950272,65.38891,65.24802,65.41396,65.318465,65.40143499999999,0.0012688695988354736,3
a100,timing,Ring_Simple,4,983040,65.48536,65.48368,65.60502,65.48452,65.54518999999999,0.000926466617882036,3
a100,timing,Ring_Simple,4,1015808,65.71363,65.63126,65.74999,65.672445,65.73181,0.000903389449038193,3
a100,timing,Ring_Simple,4,1048576,65.56163,65.52035,65.57444,65.54099,65.568035,0.000412512623618435,3
a100,timing,Ring_Simple,4,1081344,65.70851,65.7006,65.73146,65.704555,65.71998500000001,0.00023482498690061848,3
a100,timing,Ring_Simple,4,1114112,65.75059,65.71972,65.75841,65.73515499999999,65.75450000000001,0.000294217892189492,3
a100,timing,Ring_Simple,4,1146880,65.68968,65.66662,65.79118,65.67814999999999,65.74043,0.0009480941298544222,3
a100,timing,Ring_Simple,4,1179648,65.84829,65.81921,65.87774,65.83375000000001,65.863015,0.0004444306754206557,3
a100,timing,Ring_Simple,4,1212416,66.87887,66.82847,66.99529,66.85367,66.93708000000001,0.001247180163181807,3
a100,timing,Ring_Simple,4,1245184,67.21652,67.18745,67.34247,67.20198500000001,67.279495,0.0011531391390091235,3
a100,timing,Ring_Simple,4,1277952,67.22574,67.1654,67.24338,67.19557,67.23456,0.0005799861779133752,3
a100,timing,Ring_Simple,4,1310720,67.34365,67.33506,67.45768,67.339355,67.400665,0.000910405064174662,3
a100,timing,Ring_Simple,4,1343488,67.45807,67.45279,67.4619,67.45543,67.459985,6.75234260333317e-05,3
a100,timing,Ring_Simple,4,1376256,67.54926,67.53462,67.58023,67.54194000000001,67.564745,0.0003376054748784973,3
a100,timing,Ring_Simple,4,1409024,67.50596,67.48924,67.56459,67.4976,67.535275,0.000558098870084849,3
a100,timing,Ring_Simple,4,1441792,67.69735,67.65014,67.69955,67.673745,67.69845000000001,0.0003649330439080928,3
a100,timing,Ring_Simple,4,1474560,67.76348,67.72851,67.80554,67.745995,67.78451,0.0005683739973213278,3
a100,timing,Ring_Simple,4,1507328,67.76598,67.76346,67.85295,67.76472,67.809465,0.000660287064394347,3
a100,timing,Ring_Simple,4,1540096,67.77991,67.70335,67.8257,67.74163,67.802805,0.0009025535737655266,3
a100,timing,Ring_Simple,4,1572864,67.8349,67.83161,67.9298,67.83325500000001,67.88235,0.0007237424983304186,3
a100,timing,Ring_Simple,4,1605632,69.03882,68.94085,69.12121,68.989835,69.080015,0.0013062216300916455,3
a100,timing,Ring_Simple,4,1638400,69.2376,69.17791,69.34753,69.20775499999999,69.292565,0.0012249124753025017,3
a100,timing,Ring_Simple,4,1671168,69.30194,69.2374,69.35505,69.26966999999999,69.328495,0.0008488218367337625,3
a100,timing,Ring_Simple,4,1703936,69.46005,69.33851,69.47937,69.39928,69.46970999999999,0.0010139641419778357,3
a100,timing,Ring_Simple,4,1736704,69.4448,69.25385,69.48289,69.349325,69.46384499999999,0.0016490795567126529,3
a100,timing,Ring_Simple,4,1769472,69.46595,69.45344,69.47297,69.45969500000001,69.46946,0.00014057246751807706,3
a100,timing,Ring_Simple,4,1802240,69.58619,69.57216,69.64198,69.57917499999999,69.614085,0.0005016800028857831,3
a100,timing,Ring_Simple,4,1835008,69.63629,69.63137,69.63699,69.63383,69.63664,4.035252308812903e-05,3
a100,timing,Ring_Simple,4,1867776,69.79519,69.73609,69.82814,69.76564,69.811665,0.0006594293962091113,3
a100,timing,Ring_Simple,4,1900544,69.75613,69.68957,69.81022,69.72285,69.783175,0.0008647985488874735,3
a100,timing,Ring_Simple,4,1933312,69.86934,69.77296,69.86982,69.82114999999999,69.86958,0.0006931509586323617,3
a100,timing,Ring_Simple,4,1966080,69.98535,69.86794,69.99217,69.92664500000001,69.98876,0.0008875428929053221,3
a100,timing,Ring_Simple,4,1998848,71.22375,71.21062,71.27483,71.217185,71.24929,0.00045076256164553797,3
a100,timing,Ring_Simple,4,2031616,71.361,71.28457,71.44347,71.32278500000001,71.402235,0.0011133532321575405,3
a100,timing,Ring_Simple,4,2064384,71.54687,71.54195,71.56691,71.54441,71.55689,0.00017443111068305984,3
a100,timing,Ring_Simple,4,2097152,71.55818,71.44547,71.62002,71.501825,71.5891,0.0012196369443717731,3
a100,timing,Ring_Simple,4,2129920,71.5611,71.55459,71.70736,71.557845,71.63423,0.0010674095283611058,3
a100,timing,Ring_Simple,4,2162688,71.91217,71.87131,71.91719,71.89174,71.91468,0.00031900024710706837,3
a100,timing,Ring_Simple,4,2195456,71.73754,71.70258,71.81707,71.72005999999999,71.777305,0.0007979782969977626,3
a100,timing,Ring_Simple,4,2228224,71.85417,71.7675,71.9279,71.810835,71.89103499999999,0.0011161495568036027,3
a100,timing,Ring_Simple,4,2260992,72.08171,72.04233,72.09592,72.06202,72.08881500000001,0.00037173091481884944,3
a100,timing,Ring_Simple,4,2293760,71.88751,71.85487,71.89314,71.87119000000001,71.890325,0.0002661797577909078,3
a100,timing,Ring_Simple,4,2326528,72.04843,72.04263,72.09772,72.04553,72.07307499999999,0.000382312286332808,3
a100,timing,Ring_Simple,4,2359296,72.23899,72.20695,72.34481,72.22297,72.2919,0.0009541938501631129,3
a100,timing,Ring_Simple,4,2392064,73.74011,73.61307,73.86142,73.67659,73.800765,0.0016839546347299174,3
a100,timing,Ring_Simple,4,2424832,73.63911,73.59072,73.73908,73.614915,73.68909500000001,0.0010073451458065227,3
a100,timing,Ring_Simple,4,2457600,73.6866,73.65823,73.71556,73.672415,73.70107999999999,0.00038901238488394773,3
a100,timing,Ring_Simple,4,2490368,73.89028,73.85172,73.95201,73.87100000000001,73.921145,0.0006786413585113812,3
a100,timing,Ring_Simple,4,2523136,74.19978,74.15408,74.28676,74.17693,74.24327,0.0008940727317519908,3
a100,timing,Ring_Simple,4,2555904,73.8515,73.8411,73.9501,73.8463,73.9008,0.0007379674075679496,3
a100,timing,Ring_Simple,4,2588672,74.2675,74.15612,74.33745,74.21181,74.302475,0.0012207897128623062,3
a100,timing,Ring_Simple,4,2621440,74.4223,74.28606,74.4614,74.35418000000001,74.44185,0.0011780071295833183,3
a100,timing,Tree_LL,2,524288,33.42627,33.26285,33.50722,33.34456,33.466745,0.0036553584949801984,3
a100,timing,Tree_LL,2,557056,34.59301,34.33101,34.60163,34.46201,34.597319999999996,0.0039114838517954045,3
a100,timing,Tree_LL,2,589824,35.75254,35.4704,35.75404,35.61147,35.75329000000001,0.0039667111763250894,3
a100,timing,Tree_LL,2,622592,36.50209,36.36503,36.52825,36.43356,36.51517,0.002235762390591819,3
a100,timing,Tree_LL,2,655360,35.14217,35.12695,37.51354,35.13456,36.327855,0.03395621272106985,3
a100,timing,Tree_LL,2,688128,36.16704,36.1451,38.6838,36.15607,37.42542,0.035096872732742375,3
a100,timing,Tree_LL,2,720896,37.10997,37.08472,39.48414,37.097345,38.297055,0.032328509023316465,3
a100,timing,Tree_LL,2,753664,38.47179,38.32681,40.15864,38.3993,39.315214999999995,0.023807444363779233,3
a100,timing,Tree_LL,2,786432,39.70116,39.58414,39.79404,39.64265,39.747600000000006,0.0026434995854026006,3
a100,timing,Tree_LL,2,819200,41.56666,41.4833,41.70934,41.52498,41.638,0.0027190060495598826,3
a100,timing,Tree_LL,2,851968,42.74944,42.71808,42.86507,42.733760000000004,42.807255,0.0017192038071140604,3
a100,timing,Tree_LL,2,884736,43.75418,43.71711,43.78473,43.735645,43.769455,0.0007727261715338411,3
a100,timing,Tree_LL,2,917504,45.08394,45.04457,45.17982,45.064255,45.131879999999995,0.001499979815428565,3
a100,timing,Tree_LL,2,950272,46.48805,46.37894,46.53183,46.433495,46.50994,0.0016444010880215377,3
a100,timing,Tree_LL,2,983040,47.52265,47.45912,47.66221,47.490885,47.59243,0.0021367705715064616,3
a100,timing,Tree_LL,2,1015808,48.86904,48.73989,48.96132,48.804465,48.91518,0.0022655448111933243,3
a100,timing,Tree_LL,2,1048576,50.10973,49.77599,50.20342,49.942859999999996,50.156575000000004,0.004264940162319926,3
a100,timing,Tree_LL,2,1081344,51.29743,51.24252,51.32348,51.269975,51.310455000000005,0.0007891233537431075,3
a100,timing,Tree_LL,2,1114112,52.29064,52.2171,52.29515,52.253870000000006,52.292895,0.0007463094733588115,3
a100,timing,Tree_LL,2,1146880,53.07555,52.87476,53.19198,52.975155,53.133765,0.0029883816559601534,3
a100,timing,Tree_LL,2,1179648,54.1348,54.08269,54.20854,54.108745,54.17167,0.0011623761425183044,3
a100,timing,Tree_LL,2,1212416,55.38691,55.20646,55.52067,55.296685,55.45379,0.0028365005377624674,3
a100,timing,Tree_LL,2,1245184,56.36641,56.2638,56.4161,56.315105,56.391255,0.001350981905712966,3
a100,timing,Tree_LL,2,1277952,57.66531,57.57142,57.73183,57.618365,57.698570000000004,0.001390870871933343,3
a100,timing,Tree_LL,2,1310720,58.97914,58.84678,59.04336,58.91296,59.011250000000004,0.00166652141757248,3
a100,timing,Tree_LL,2,1343488,60.43044,60.28365,60.43314,60.357045,60.43179,0.0012368766469348902,3
a100,timing,Tree_LL,2,1376256,61.76461,61.52154,61.78725,61.643074999999996,61.77593,0.002150989053440253,3
a100,timing,Tree_LL,2,1409024,62.77606,62.75001,62.9038,62.763035,62.839929999999995,0.0012249096231906442,3
a100,timing,Tree_LL,2,1441792,63.74824,63.70926,63.84261,63.728750000000005,63.795425,0.0010459112282942475,3
a100,timing,Tree_LL,2,1474560,65.12099,64.9241,65.2848,65.02254500000001,65.20289500000001,0.002769460353720117,3
a100,timing,Tree_LL,2,1507328,66.04527,65.96961,66.18744,66.00744,66.116355,0.0016490961426911587,3
a100,timing,Tree_LL,2,1540096,67.57743,67.42863,67.76228,67.50303,67.66985500000001,0.002468649666020402,3
a100,timing,Tree_LL,2,1572864,68.81842,68.69578,68.99726,68.75710000000001,68.90784,0.002190401930180681,3
a100,timing,Tree_LL,2,1605632,70.53683,70.32091,70.60947,70.42886999999999,70.57315,0.002045456253137674,3
a100,timing,Tree_LL,2,1638400,71.67702,71.55338,71.76379,71.6152,71.720405,0.0014677647033874734,3
a100,timing,Tree_LL,2,1671168,72.95128,72.94056,73.05929,72.94592,73.005285,0.0008137622807989068,3
a100,timing,Tree_LL,2,1703936,73.92385,73.86214,73.93508,73.892995,73.929465,0.0004933455170421214,3
a100,timing,Tree_LL,2,1736704,74.99862,74.83191,75.18419,74.915265,75.09140500000001,0.0023485765471418507,3
a100,timing,Tree_LL,2,1769472,75.97793,75.92072,76.07881,75.949325,76.02837,0.0010403679068381251,3
a100,timing,Tree_LL,2,1802240,77.25869,77.02644,77.33774,77.14256499999999,77.298215,0.0020146600984304614,3
a100,timing,Tree_LL,2,1835008,78.21994,78.1442,78.37304,78.18207,78.29649,0.0014627983606227484,3
a100,timing,Tree_LL,2,1867776,79.31215,79.2865,79.51283,79.29932500000001,79.41248999999999,0.0014268305675735793,3
a100,timing,Tree_LL,2,1900544,80.55174,80.51387,80.67698,80.532805,80.61436,0.0010124548519995808,3
a100,timing,Tree_LL,2,1933312,81.47001,81.33766,81.64364,81.403835,81.556825,0.001877868923791744,3
a100,timing,Tree_LL,2,1966080,83.03202,82.8153,83.08563,82.92366,83.058825,0.0016278659726693466,3
a100,timing,Tree_LL,2,1998848,84.50145,84.40658,84.63351,84.454015,84.56748,0.001342758023678943,3
a100,timing,Tree_LL,2,2031616,85.34138,85.15622,85.5133,85.2488,85.42734,0.0020920683494923347,3
a100,timing,Tree_LL,2,2064384,86.7027,86.50261,86.77695,86.602655,86.739825,0.0015820729919598534,3
a100,timing,Tree_LL,2,2097152,88.24667,88.11762,88.29658,88.18214499999999,88.271625,0.0010139759381289843,3
a100,timing,Tree_LL,2,2129920,90.02741,89.99905,90.09684,90.01323,90.06212500000001,0.000543112369888414,3
a100,timing,Tree_LL,2,2162688,90.92995,90.8509,91.30328,90.890425,91.116615,0.002487519238710706,3
a100,timing,Tree_LL,2,2195456,92.05784,91.90513,92.05983,91.98148499999999,92.058835,0.0008402326189709622,3
a100,timing,Tree_LL,2,2228224,93.06308,92.93632,93.2367,92.99969999999999,93.14989,0.0016138515939941936,3
a100,timing,Tree_LL,2,2260992,94.50145,94.30116,94.64011,94.40130500000001,94.57078000000001,0.0017933587262418257,3
a100,timing,Tree_LL,2,2293760,95.14558,94.94611,95.2623,95.045845,95.20393999999999,0.001661611606130193,3
a100,timing,Tree_LL,2,2326528,96.49889,96.45671,96.72593,96.4778,96.61241000000001,0.0013949383251974112,3
a100,timing,Tree_LL,2,2359296,97.49912,97.35073,97.69841,97.424925,97.598765,0.0017829904516061112,3
a100,timing,Tree_LL,2,2392064,99.21894,99.16914,99.31492,99.19404,99.26693,0.0007346379632759734,3
a100,timing,Tree_LL,2,2424832,100.49269,100.43548,100.51293,100.464085,100.50281,0.0003853514121275832,3
a100,timing,Tree_LL,2,2457600,101.50394,101.38551,101.60794,101.444725,101.55593999999999,0.0010956717542194637,3
a100,timing,Tree_LL,2,2490368,102.53513,102.363,102.57541,102.44906499999999,102.55527000000001,0.0010357913429281944,3
a100,timing,Tree_LL,2,2523136,103.89987,103.79917,104.14124,103.84952000000001,104.020555,0.0016461522040401894,3
a100,timing,Tree_LL,2,2555904,104.95471,104.72946,105.01142,104.842085,104.98306500000001,0.0013432460534645201,3
a100,timing,Tree_LL,2,2588672,106.50498,106.48965,106.64006,106.497315,106.57252,0.0007061172163029077,3
a100,timing,Tree_LL,2,2621440,107.28909,107.17819,107.395,107.23364000000001,107.342045,0.0010104009643477313,3
a100,timing,Tree_LL,4,524288,28.97657,28.85414,34.25756,28.915354999999998,31.617064999999997,0.09323774345962958,3
a100,timing,Tree_LL,4,557056,29.36112,29.358,29.49027,29.359560000000002,29.425694999999997,0.002252468570681078,3
a100,timing,Tree_LL,4,589824,30.10887,29.89353,30.20235,30.001199999999997,30.15561,0.005128389076043112,3
a100,timing,Tree_LL,4,622592,31.10918,30.61323,31.27662,30.861204999999998,31.1929,0.010662286823375075,3
a100,timing,Tree_LL,4,655360,31.04927,30.95169,31.07872,31.00048,31.063995,0.0020456197520907536,3
a100,timing,Tree_LL,4,688128,31.28023,31.24554,31.51136,31.262884999999997,31.395795,0.004249009677997973,3
a100,timing,Tree_LL,4,720896,31.896,30.69899,33.24039,31.297494999999998,32.568195,0.03983885126661666,3
a100,timing,Tree_LL,4,753664,31.4228,31.14877,33.16334,31.285784999999997,32.29307,0.032055863895006274,3
a100,timing,Tree_LL,4,786432,32.00011,31.7914,32.0464,31.895755,32.023255,0.003984361303757947,3
a100,timing,Tree_LL,4,819200,33.42436,33.09882,33.46152,33.26159,33.44294,0.005425683543379796,3
a100,timing,Tree_LL,4,851968,33.38959,33.14812,33.54419,33.268855,33.46689,0.005931040183482257,3
a100,timing,Tree_LL,4,884736,33.95359,33.92942,34.07461,33.941505,34.0141,0.0021380655182559414,3
a100,timing,Tree_LL,4,917504,34.90251,34.8014,34.99037,34.851955000000004,34.946439999999996,0.0027071118953906673,3
a100,timing,Tree_LL,4,950272,34.99728,34.8517,35.01192,34.924490000000006,35.0046,0.002289035033579686,3
a100,timing,Tree_LL,4,983040,35.32732,35.20377,35.38362,35.265545,35.35547,0.0025454803817553614,3
a100,timing,Tree_LL,4,1015808,36.4521,36.19779,36.53556,36.324945,36.49383,0.00463306640769676,3
a100,timing,Tree_LL,4,1048576,36.39318,36.26342,36.46052,36.3283,36.42685,0.0027079249463773988,3
a100,timing,Tree_LL,4,1081344,36.79485,36.6183,36.79536,36.706575,36.795105,0.002406043237029059,3
a100,timing,Tree_LL,4,1114112,38.35015,38.06649,38.36629,38.20832,38.35822,0.003908720044119837,3
a100,timing,Tree_LL,4,1146880,38.46908,38.3315,38.477,38.40029,38.47304,0.001891129187388916,3
a100,timing,Tree_LL,4,1179648,38.74682,38.65232,38.87657,38.69957,38.811695,0.002893785864233476,3
a100,timing,Tree_LL,4,1212416,40.73716,40.51551,40.78214,40.626335,40.75965,0.0032725649014315964,3
a100,timing,Tree_LL,4,1245184,40.76921,40.58635,40.82643,40.67778,40.79782,0.0029443788584572286,3
a100,timing,Tree_LL,4,1277952,40.84848,40.76059,40.89696,40.804535,40.87272,0.0016692175571771512,3
a100,timing,Tree_LL,4,1310720,42.65987,42.54543,42.82409,42.60265,42.74198,0.0032660671492904473,3
a100,timing,Tree_LL,4,1343488,42.85363,42.6867,42.86676,42.770165000000006,42.860195000000004,0.0021008722014914188,3
a100,timing,Tree_LL,4,1376256,42.86706,42.67648,42.92126,42.771770000000004,42.89416,0.0028551059951392927,3
a100,timing,Tree_LL,4,1409024,44.78977,44.76472,44.85098,44.77724499999999,44.820375,0.0009629431006233119,3
a100,timing,Tree_LL,4,1441792,44.99948,44.80699,45.05428,44.903234999999995,45.02688,0.0027476984178484583,3
a100,timing,Tree_LL,4,1474560,45.24242,45.14557,45.24465,45.193995,45.243535,0.0010949900557927794,3
a100,timing,Tree_LL,4,1507328,47.14521,46.79893,47.15653,46.97207,47.15087,0.0037925379906038263,3
a100,timing,Tree_LL,4,1540096,47.26645,47.11293,47.34159,47.18969,47.304019999999994,0.002418840424867858,3
a100,timing,Tree_LL,4,1572864,47.42936,47.25109,47.61822,47.340225000000004,47.523790000000005,0.0038702820362746097,3
a100,timing,Tree_LL,4,1605632,49.68241,49.51937,49.734,49.60089,49.708205,0.002160020015132113,3
a100,timing,Tree_LL,4,1638400,49.75846,49.75423,50.10612,49.756344999999996,49.932289999999995,0.0035359816200099176,3
a100,timing,Tree_LL,4,1671168,50.15863,49.99519,50.21182,50.07691,50.185225,0.0021594489323174216,3
a100,timing,Tree_LL,4,1703936,51.26004,51.1414,51.27659,51.20072,51.268315,0.0013186684988931788,3
a100,timing,Tree_LL,4,1736704,51.60422,51.33809,51.79087,51.471154999999996,51.697545,0.004387044315368047,3
a100,timing,Tree_LL,4,1769472,51.69787,51.56675,51.81201,51.632310000000004,51.754940000000005,0.0023720513050150983,3
a100,timing,Tree_LL,4,1802240,52.75854,52.70542,52.82236,52.73198,52.79045000000001,0.001108256596941593,3
a100,timing,Tree_LL,4,1835008,52.87767,52.86552,53.1045,52.871595,52.991085,0.0022597440469672545,3
a100,timing,Tree_LL,4,1867776,53.27223,53.25287,53.412,53.262550000000005,53.342115,0.0014935548971761689,3
a100,timing,Tree_LL,4,1900544,54.72823,54.39848,54.76701,54.563355,54.74762,0.003366909545585456,3
a100,timing,Tree_LL,4,1933312,54.68737,54.68635,54.73793,54.686859999999996,54.71265,0.00047158969246465215,3
a100,timing,Tree_LL,4,1966080,55.09753,55.06039,55.23241,55.078959999999995,55.16497,0.0015610500144017654,3
a100,timing,Tree_LL,4,1998848,56.40357,56.30986,56.58331,56.356715,56.49344,0.0024240486905349862,3
a100,timing,Tree_LL,4,2031616,56.71958,56.62208,56.75885,56.670829999999995,56.739215,0.0012056683071349674,3
a100,timing,Tree_LL,4,2064384,57.04921,56.96205,57.08987,57.00563,57.06954,0.001120260911588557,3
a100,timing,Tree_LL,4,2097152,58.04103,57.85655,58.12298,57.94879,58.082004999999995,0.0022951866980994782,3
a100,timing,Tree_LL,4,2129920,58.47186,58.44738,58.78525,58.45962,58.628555,0.002889167541446392,3
a100,timing,Tree_LL,4,2162688,58.93044,58.84067,58.99564,58.885555,58.96304,0.0013148552768315138,3
a100,timing,Tree_LL,4,2195456,60.21602,59.96731,60.23575,60.091665,60.225885000000005,0.00222897494719854,3
a100,timing,Tree_LL,4,2228224,60.71496,60.68774,60.79564,60.70135,60.7553,0.0008885783668473204,3
a100,timing,Tree_LL,4,2260992,60.98701,60.94971,61.09481,60.968360000000004,61.04091,0.001189597588076421,3
a100,timing,Tree_LL,4,2293760,62.45305,62.35642,62.48659,62.404735,62.46982,0.0010421428577146558,3
a100,timing,Tree_LL,4,2326528,62.85282,62.83093,62.94789,62.841875,62.900355000000005,0.0009304276244089442,3
a100,timing,Tree_LL,4,2359296,63.35118,63.20807,63.41007,63.279624999999996,63.380624999999995,0.0015942875886447434,3
a100,timing,Tree_LL,4,2392064,64.95027,64.74944,65.03811,64.849855,64.99419,0.002222238645043325,3
a100,timing,Tree_LL,4,2424832,65.14029,65.0248,65.1909,65.082545,65.165595,0.0012749405936019025,3
a100,timing,Tree_LL,4,2457600,65.67431,65.66262,65.88023,65.668465,65.77727,0.0016567360966564218,3
a100,timing,Tree_LL,4,2490368,66.81723,66.738,66.93296,66.777615,66.87509499999999,0.0014589051356961409,3
a100,timing,Tree_LL,4,2523136,67.103,67.04346,67.12405,67.07323,67.113525,0.0006004947617841292,3
a100,timing,Tree_LL,4,2555904,67.39688,67.36368,67.55017,67.38028,67.473525,0.0013835210175900728,3
a100,timing,Tree_LL,4,2588672,68.41995,68.39707,68.43206,68.40851,68.426005,0.00025570027455437645,3
a100,timing,Tree_LL,4,2621440,68.86346,68.82813,68.90437,68.84579500000001,68.883915,0.0005535591734715647,3
a100,timing,Tree_LL128,2,524288,38.04986,37.91782,38.08054,37.98384,38.065200000000004,0.00213824702640177,3
a100,timing,Tree_LL128,2,557056,41.06388,41.03683,41.10154,41.050354999999996,41.08271,0.000787918725653849,3
a100,timing,Tree_LL128,2,589824,41.11168,41.04375,41.15554,41.077715,41.133610000000004,0.0013595892943320898,3
a100,timing,Tree_LL128,2,622592,41.12882,41.04154,41.18139,41.085179999999994,41.155105,0.0017001460289890376,3
a100,timing,Tree_LL128,2,655360,41.52025,41.32097,41.54842,41.420609999999996,41.534335,0.0027390249336167846,3
a100,timing,Tree_LL128,2,688128,43.99032,43.84104,45.45775,43.915679999999995,44.724035,0.018375747209840847,3
a100,timing,Tree_LL128,2,720896,44.01827,41.18091,44.24661,42.59959,44.13244,0.034823040523855285,3
a100,timing,Tree_LL128,2,753664,42.9934,41.23452,44.24049,42.113960000000006,43.616945,0.034958505258946615,3
a100,timing,Tree_LL128,2,786432,41.55734,41.35435,41.56864,41.455845,41.56299,0.0025782449021040012,3
a100,timing,Tree_LL128,2,819200,44.61702,44.50562,44.66904,44.561319999999995,44.643029999999996,0.001831363905523073,3
a100,timing,Tree_LL128,2,851968,44.54258,44.51564,44.64259,44.52911,44.592585,0.001425040938355992,3
a100,timing,Tree_LL128,2,884736,44.63908,44.61993,44.74649,44.629504999999995,44.692785,0.0014175919396189616,3
a100,timing,Tree_LL128,2,917504,44.92663,44.89697,44.96981,44.9118,44.948220000000006,0.000810655061374663,3
a100,timing,Tree_LL128,2,950272,48.45253,48.40232,48.46677,48.427425,48.459649999999996,0.0006650839491765825,3
a100,timing,Tree_LL128,2,983040,48.42579,48.36707,48.45011,48.396429999999995,48.43795,0.0008573943760133919,3
a100,timing,Tree_LL128,2,1015808,48.47656,48.36196,48.50333,48.41926,48.489945,0.0014581273918775888,3
a100,timing,Tree_LL128,2,1048576,48.75402,48.66674,48.80008,48.71038,48.77705,0.001367476979334258,3
a100,timing,Tree_LL128,2,1081344,52.41877,52.29023,52.43922,52.3545,52.428995,0.0014211512402904315,3
a100,timing,Tree_LL128,2,1114112,52.43239,52.31227,52.44934,52.37233,52.440865,0.001307111882559697,3
a100,timing,Tree_LL128,2,1146880,52.45814,52.39433,52.58862,52.426235,52.52338,0.0018518575000944506,3
a100,timing,Tree_LL128,2,1179648,52.92927,52.72156,53.02503,52.825415,52.97715,0.002866750287695299,3
a100,timing,Tree_LL128,2,1212416,56.23463,56.19906,56.30177,56.216845000000006,56.2682,0.0009132273120672052,3
a100,timing,Tree_LL128,2,1245184,56.1615,56.14955,56.16771,56.155525,56.164604999999995,0.00016167659339578382,3
a100,timing,Tree_LL128,2,1277952,56.19306,56.19254,56.35388,56.192800000000005,56.27347,0.0014355865297244498,3
a100,timing,Tree_LL128,2,1310720,56.60183,56.46618,56.7267,56.534005,56.664265,0.002301339020310824,3
a100,timing,Tree_LL128,2,1343488,59.86662,59.86052,59.9948,59.863569999999996,59.93071,0.0011214930791149055,3
a100,timing,Tree_LL128,2,1376256,59.8992,59.89789,60.00632,59.898545,59.95276,0.0009051039078985903,3
a100,timing,Tree_LL128,2,1409024,59.897,59.89527,60.00391,59.896135,59.950455,0.0009068901614437625,3
a100,timing,Tree_LL128,2,1441792,60.54533,60.26641,60.55748,60.40587,60.551405,0.002403736175853735,3
a100,timing,Tree_LL128,2,1474560,63.80514,63.71144,63.81585,63.75829,63.810495,0.000818194270869098,3
a100,timing,Tree_LL128,2,1507328,63.79963,63.74961,63.90663,63.77462,63.85313,0.0012305713998655072,3
a100,timing,Tree_LL128,2,1540096,63.80513,63.7443,63.84652,63.774715,63.825824999999995,0.0008010327696220385,3
a100,timing,Tree_LL128,2,1572864,64.28875,64.24349,64.38828,64.26612,64.338515,0.0011260912679123519,3
a100,timing,Tree_LL128,2,1605632,67.51166,67.45126,67.51189,67.48146,67.511775,0.0004490335447240024,3
a100,timing,Tree_LL128,2,1638400,67.50367,67.43013,67.59411,67.46690000000001,67.54889,0.0012146006283805081,3
a100,timing,Tree_LL128,2,1671168,67.50888,67.49376,67.60254,67.50131999999999,67.55571,0.0008056717871784,3
a100,timing,Tree_LL128,2,1703936,68.00965,67.96817,68.10561,67.98891,68.05762999999999,0.0010104448412833296,3
a100,timing,Tree_LL128,2,1736704,71.20531,71.16581,71.39166,71.18556,71.298485,0.0015859070060927221,3
a100,timing,Tree_LL128,2,1769472,71.32754,71.17783,71.48795,71.252685,71.407745,0.00217391487215185,3
a100,timing,Tree_LL128,2,1802240,71.53263,71.43907,71.60866,71.48585,71.570645,0.0011854030810834124,3
a100,timing,Tree_LL128,2,1835008,71.84943,71.7716,71.9791,71.81051500000001,71.914265,0.0014439919704302582,3
a100,timing,Tree_LL128,2,1867776,74.86096,74.81995,74.95313,74.840455,74.90704500000001,0.0008895157101913338,3
a100,timing,Tree_LL128,2,1900544,74.83439,74.82469,75.13508,74.82954000000001,74.984735,0.0020738459951366206,3
a100,timing,Tree_LL128,2,1933312,74.84924,74.78588,74.96085,74.81756,74.905045,0.0011688161429561734,3
a100,timing,Tree_LL128,2,1966080,75.6037,75.4562,75.85685,75.52995,75.730275,0.00264967190759191,3
a100,timing,Tree_LL128,2,1998848,79.10936,78.92707,79.25874,79.018215,79.18405,0.0020962753332854833,3
a100,timing,Tree_LL128,2,2031616,79.11647,78.96734,79.30643,79.041905,79.21145000000001,0.002142979837194627,3
a100,timing,Tree_LL128,2,2064384,79.06207,78.95452,79.28047,79.008295,79.17126999999999,0.0020613550846820573,3
a100,timing,Tree_LL128,2,2097152,79.69325,79.63317,79.75559,79.66321,79.72442000000001,0.0007680700686695881,3
a100,timing,Tree_LL128,2,2129920,82.68104,82.64605,82.75247,82.663545,82.716755,0.0006435574588806223,3
a100,timing,Tree_LL128,2,2162688,82.69974,82.64838,82.84274,82.67406,82.77124,0.0011750943836100175,3
a100,timing,Tree_LL128,2,2195456,82.60004,82.59839,82.76951,82.599215,82.684775,0.0010358348494746608,3
a100,timing,Tree_LL128,2,2228224,83.35222,83.29533,83.54378,83.32377500000001,83.44800000000001,0.0014903622243054304,3
a100,timing,Tree_LL128,2,2260992,86.50001,86.35108,86.72884,86.425545,86.61442500000001,0.002183583562591631,3
a100,timing,Tree_LL128,2,2293760,86.43106,86.39276,86.58216,86.41191,86.50661,0.0010956709312599996,3
a100,timing,Tree_LL128,2,2326528,86.56068,86.43629,86.7114,86.498485,86.63604000000001,0.0015891164440945483,3
a100,timing,Tree_LL128,2,2359296,87.38641,87.10867,87.46344,87.24754,87.424925,0.00202989229103245,3
a100,timing,Tree_LL128,2,2392064,90.02567,89.96088,90.35723,89.99327500000001,90.19145,0.0022013165800375822,3
a100,timing,Tree_LL128,2,2424832,90.16645,90.04976,90.50853,90.108105,90.33749,0.002544017203738283,3
a100,timing,Tree_LL128,2,2457600,90.26813,90.01739,90.45092,90.14276000000001,90.35952499999999,0.002401345857059197,3
a100,timing,Tree_LL128,2,2490368,90.94256,90.87134,91.16065,90.90695,91.051605,0.0015906193975625956,3
a100,timing,Tree_LL128,2,2523136,91.37581,91.27979,91.59703,91.3278,91.48642000000001,0.001735908004536576,3
a100,timing,Tree_LL128,2,2555904,91.36377,91.32858,91.44725,91.346175,91.40550999999999,0.0006494368610225929,3
a100,timing,Tree_LL128,2,2588672,91.39752,91.38633,91.53441,91.391925,91.465965,0.000810087626009946,3
a100,timing,Tree_LL128,2,2621440,92.4576,92.29948,92.50364,92.37854,92.48062,0.0011040736510573585,3
a100,timing,Tree_LL128,4,524288,38.7362,38.6421,38.75834,38.68915,38.74727,0.0015004053056314867,3
a100,timing,Tree_LL128,4,557056,38.69541,38.65805,38.73289,38.676730000000006,38.714150000000004,0.0009670397600128114,3
a100,timing,Tree_LL128,4,589824,38.74722,38.59171,38.75453,38.669465,38.750875,0.0021010539594840147,3
a100,timing,Tree_LL128,4,622592,38.74953,38.52769,38.91825,38.63861,38.83389,0.005039544995771479,3
a100,timing,Tree_LL128,4,655360,38.84069,38.6902,38.99099,38.765445,38.91584,0.0038720990795993366,3
a100,timing,Tree_LL128,4,688128,38.08825,37.92234,38.3238,38.005295000000004,38.206025,0.005270129239332155,3
a100,timing,Tree_LL128,4,720896,38.29163,37.01769,38.31648,37.65466,38.304055,0.01695918925363058,3
a100,timing,Tree_LL128,4,753664,37.37346,36.36452,37.38849,36.86899,37.380975,0.013699159778088589,3
a100,timing,Tree_LL128,4,786432,35.93761,35.85694,35.97217,35.897275,35.95489,0.0016031950928288893,3
a100,timing,Tree_LL128,4,819200,40.62424,40.62103,40.63586,40.622635,40.63005,0.00018252649157238685,3
a100,timing,Tree_LL128,4,851968,40.63005,40.58365,40.63265,40.606849999999994,40.63135,0.0006030019652942415,3
a100,timing,Tree_LL128,4,884736,40.60952,40.59257,40.67714,40.601045,40.643330000000006,0.001041258305934342,3
a100,timing,Tree_LL128,4,917504,40.8117,40.52073,40.81621,40.666215,40.813955,0.003620040331571556,3
a100,timing,Tree_LL128,4,950272,40.78175,40.7635,40.87101,40.772625000000005,40.82638,0.0013181141074131279,3
a100,timing,Tree_LL128,4,983040,40.9634,40.87222,40.98654,40.91781,40.97497,0.0013953919840637276,3
a100,timing,Tree_LL128,4,1015808,41.02271,40.93604,41.06509,40.979375,41.043899999999994,0.0015729092495351032,3
a100,timing,Tree_LL128,4,1048576,41.20776,41.02641,41.21277,41.117085,41.210265,0.002261224584883932,3
a100,timing,Tree_LL128,4,1081344,41.19844,41.06448,41.25496,41.131460000000004,41.226699999999994,0.0023117380172644835,3
a100,timing,Tree_LL128,4,1114112,41.25254,41.07161,41.55243,41.162075,41.402485,0.005827762363238654,3
a100,timing,Tree_LL128,4,1146880,41.17319,41.02491,41.50614,41.09905,41.339665,0.00584397274051387,3
a100,timing,Tree_LL128,4,1179648,41.33771,41.16187,41.35855,41.249790000000004,41.34813,0.0023789416491623075,3
a100,timing,Tree_LL128,4,1212416,45.96734,45.94109,45.99479,45.954215000000005,45.981065,0.0005841103705369082,3
a100,timing,Tree_LL128,4,1245184,46.02955,45.86915,46.15391,45.949349999999995,46.09173,0.003093230327039974,3
a100,timing,Tree_LL128,4,1277952,46.22072,46.08877,46.28636,46.154745,46.25354,0.0021374612944152025,3
a100,timing,Tree_LL128,4,1310720,46.19668,46.10861,46.26332,46.152645,46.230000000000004,0.0016744709792999037,3
a100,timing,Tree_LL128,4,1343488,46.417,46.21852,46.42854,46.31776,46.42277,0.0022623176853308067,3
a100,timing,Tree_LL128,4,1376256,46.38423,46.21582,46.39998,46.300025000000005,46.392105,0.0019851574554540564,3
a100,timing,Tree_LL128,4,1409024,46.59815,46.27192,46.6154,46.435035,46.606775,0.0036855540402354983,3
a100,timing,Tree_LL128,4,1441792,46.48414,46.42542,46.59765,46.45478,46.540895,0.0018525673487774434,3
a100,timing,Tree_LL128,4,1474560,46.58392,46.41069,46.65948,46.497305,46.621700000000004,0.002670342040773016,3
a100,timing,Tree_LL128,4,1507328,46.71799,46.46711,46.90074,46.59255,46.809365,0.004640931683918698,3
a100,timing,Tree_LL128,4,1540096,46.66629,46.42222,47.02388,46.544255,46.845085,0.006446409174588289,3
a100,timing,Tree_LL128,4,1572864,46.80585,46.5179,47.09221,46.661874999999995,46.94903,0.0061350237203256774,3
a100,timing,Tree_LL128,4,1605632,51.29231,51.12248,51.35995,51.207395000000005,51.32613,0.002314869421946366,3
a100,timing,Tree_LL128,4,1638400,51.4463,51.15264,51.48809,51.29947,51.467195000000004,0.0032601955825784235,3
a100,timing,Tree_LL128,4,1671168,51.43998,51.25474,51.53277,51.347359999999995,51.486374999999995,0.002702469946527984,3
a100,timing,Tree_LL128,4,1703936,51.4979,51.19032,51.5464,51.34411,51.522149999999996,0.0034572283530007195,3
a100,timing,Tree_LL128,4,1736704,51.50733,51.40864,51.55913,51.457985,51.53323,0.001460860036814225,3
a100,timing,Tree_LL128,4,1769472,51.62385,51.35393,51.71372,51.48889,51.668785,0.003484726536281233,3
a100,timing,Tree_LL128,4,1802240,51.58488,51.42175,51.58548,51.503315,51.585179999999994,0.0015869960344968026,3
a100,timing,Tree_LL128,4,1835008,51.71823,51.37115,51.80169,51.54469,51.75996,0.004162362091664713,3
a100,timing,Tree_LL128,4,1867776,51.61814,51.45061,51.81843,51.534375,51.718284999999995,0.0035628947497913983,3
a100,timing,Tree_LL128,4,1900544,51.66903,51.40071,51.8032,51.53487,51.736115,0.0038948863564885992,3
a100,timing,Tree_LL128,4,1933312,51.79117,51.51153,51.80329,51.65135,51.79723,0.0028166963596303815,3
a100,timing,Tree_LL128,4,1966080,51.702,51.68416,51.9081,51.693079999999995,51.805049999999994,0.0021656802444779597,3
a100,timing,Tree_LL128,4,1998848,56.838,56.67299,56.99111,56.755494999999996,56.914555,0.0027984798902143592,3
a100,timing,Tree_LL128,4,2031616,56.7358,56.67819,56.90915,56.706995,56.822475,0.0020353991659586724,3
a100,timing,Tree_LL128,4,2064384,56.90794,56.76605,57.02185,56.836995,56.964895,0.002247489541881094,3
a100,timing,Tree_LL128,4,2097152,56.90814,56.63992,57.16232,56.774029999999996,57.03523,0.004589853050899262,3
a100,timing,Tree_LL128,4,2129920,57.09891,56.7848,57.10081,56.941855,57.09986,0.0027672156964117676,3
a100,timing,Tree_LL128,4,2162688,57.1456,56.83149,57.15391,56.988545,57.149755,0.002821039590099622,3
a100,timing,Tree_LL128,4,2195456,57.10772,56.89019,57.34618,56.998954999999995,57.22695,0.003992367406718515,3
a100,timing,Tree_LL128,4,2228224,57.32163,56.86335,57.43686,57.09249,57.379245,0.005002561860156444,3
a100,timing,Tree_LL128,4,2260992,57.24098,56.97667,57.53665,57.108824999999996,57.388815,0.004891425688379288,3
a100,timing,Tree_LL128,4,2293760,57.20331,57.04149,57.39408,57.1224,57.298695,0.003081902078743401,3
a100,timing,Tree_LL128,4,2326528,57.25871,57.08096,57.50389,57.169835,57.381299999999996,0.0036931499155324473,3
a100,timing,Tree_LL128,4,2359296,57.43315,57.14338,57.59006,57.288264999999996,57.511605,0.0038886949435997754,3
a100,timing,Tree_LL128,4,2392064,61.32685,61.08499,61.38338,61.20592,61.355115,0.002432784335083228,3
a100,timing,Tree_LL128,4,2424832,61.30122,61.17966,61.39338,61.24044,61.347300000000004,0.0017431953230295353,3
a100,timing,Tree_LL128,4,2457600,61.33007,61.13659,61.37415,61.233329999999995,61.352109999999996,0.0019367334816347184,3
a100,timing,Tree_LL128,4,2490368,61.38326,61.16184,61.43638,61.272549999999995,61.409819999999996,0.0022362774476298733,3
a100,timing,Tree_LL128,4,2523136,61.42284,61.17335,61.62384,61.298095,61.523340000000005,0.003667121220705539,3
a100,timing,Tree_LL128,4,2555904,61.51142,61.25342,61.82553,61.382419999999996,61.668475,0.00465043726839674,3
a100,timing,Tree_LL128,4,2588672,61.5595,61.34059,61.88835,61.450045,61.723925,0.004449028988214627,3
a100,timing,Tree_LL128,4,2621440,61.6085,61.30932,61.79677,61.45891,61.702635,0.0039560287947279634,3
a100,timing,Tree_Simple,2,524288,44.76963,44.51564,44.82894,44.642635,44.799285,0.0034990237801831078,3
a100,timing,Tree_Simple,2,557056,45.88548,45.86234,45.9977,45.87391,45.941590000000005,0.0014749763977624914,3
a100,timing,Tree_Simple,2,589824,45.91072,45.90423,46.19639,45.907475,46.053555,0.0031818276864315105,3
a100,timing,Tree_Simple,2,622592,46.48044,46.3556,46.52751,46.41802,46.503975,0.0018492725111896196,3
a100,timing,Tree_Simple,2,655360,46.83542,46.59756,46.97267,46.71649,46.904044999999996,0.0040045546725105945,3
a100,timing,Tree_Simple,2,688128,47.46041,47.42616,48.77346,47.443285,48.116935,0.01419393553490151,3
a100,timing,Tree_Simple,2,720896,44.74518,44.6997,47.51594,44.72244,46.13056,0.031469758306928344,3
a100,timing,Tree_Simple,2,753664,45.3245,45.16169,45.64002,45.243095,45.48226,0.005276726715131989,3
a100,timing,Tree_Simple,2,786432,46.18245,46.04109,46.18867,46.11177,46.18556,0.0015977931010590053,3
a100,timing,Tree_Simple,2,819200,46.36731,46.32463,46.40308,46.34597,46.385195,0.0008459623816866202,3
a100,timing,Tree_Simple,2,851968,46.44336,46.38645,46.71098,46.414905000000005,46.577169999999995,0.0034938255974587278,3
a100,timing,Tree_Simple,2,884736,47.42295,47.32296,47.46482,47.372955000000005,47.443885,0.0014956893234182405,3
a100,timing,Tree_Simple,2,917504,47.78785,47.74447,47.88333,47.76616,47.835589999999996,0.001452879759185588,3
a100,timing,Tree_Simple,2,950272,48.5339,48.49862,48.63046,48.51626,48.58218,0.0013582258998349282,3
a100,timing,Tree_Simple,2,983040,48.9009,48.8517,49.03627,48.8763,48.968585000000004,0.0018871840804566776,3
a100,timing,Tree_Simple,2,1015808,49.53152,49.50457,49.56497,49.518045,49.548245,0.0006097127647203371,3
a100,timing,Tree_Simple,2,1048576,49.95243,49.91977,50.03217,49.936099999999996,49.9923,0.0011250703919710018,3
a100,timing,Tree_Simple,2,1081344,51.32687,51.15885,51.34722,51.24286,51.337045,0.0018350037709293995,3
a100,timing,Tree_Simple,2,1114112,51.80238,51.80039,51.8493,51.801384999999996,51.82584,0.00047208255682467147,3
a100,timing,Tree_Simple,2,1146880,52.02482,51.89397,52.14795,51.959395,52.086385,0.0024409503002605156,3
a100,timing,Tree_Simple,2,1179648,52.37781,52.24905,52.52258,52.31343,52.450194999999994,0.002611124825570159,3
a100,timing,Tree_Simple,2,1212416,54.31774,54.14261,54.37826,54.230175,54.348,0.0021691808237970928,3
a100,timing,Tree_Simple,2,1245184,54.47986,54.33217,54.56291,54.406015,54.521385,0.002117663297960122,3
a100,timing,Tree_Simple,2,1277952,54.67373,54.67354,54.7696,54.673635000000004,54.721665,0.0008784840544077957,3
a100,timing,Tree_Simple,2,1310720,55.12741,55.08122,55.2847,55.104315,55.206055,0.001845542897807089,3
a100,timing,Tree_Simple,2,1343488,57.28776,57.27405,57.39037,57.280905000000004,57.339065,0.0010152255909463693,3
a100,timing,Tree_Simple,2,1376256,57.01644,56.95663,57.02678,56.986535,57.02161,0.0006151734482194798,3
a100,timing,Tree_Simple,2,1409024,57.15912,57.08498,57.31482,57.12205,57.23697,0.0020105278037870055,3
a100,timing,Tree_Simple,2,1441792,57.66601,57.59476,57.72662,57.630385000000004,57.696315,0.0011433078168577033,3
a100,timing,Tree_Simple,2,1474560,59.5412,59.4261,59.65504,59.48365,59.59812,0.0019225343123753685,3
a100,timing,Tree_Simple,2,1507328,59.04356,59.00759,59.04756,59.025575,59.045559999999995,0.00033847891285673255,3
a100,timing,Tree_Simple,2,1540096,59.00649,58.99255,59.37741,58.999520000000004,59.19195,0.003261166695392228,3
a100,timing,Tree_Simple,2,1572864,59.35826,59.24416,59.3819,59.30121,59.37008,0.0011602429046943758,3
a100,timing,Tree_Simple,2,1605632,61.66382,61.57914,61.72853,61.621480000000005,61.696175,0.0012113261877060373,3
a100,timing,Tree_Simple,2,1638400,61.42806,61.32875,61.53035,61.378405,61.479205,0.00164094389437009,3
a100,timing,Tree_Simple,2,1671168,61.64969,61.61292,61.80117,61.631305,61.72543,0.0015267716674650812,3
a100,timing,Tree_Simple,2,1703936,61.91711,61.85278,61.96728,61.884945,61.942195,0.0009246232584175238,3
a100,timing,Tree_Simple,2,1736704,63.57819,63.56618,63.62459,63.572185000000005,63.601389999999995,0.00045935563752271615,3
a100,timing,Tree_Simple,2,1769472,63.67889,63.63131,63.74653,63.655100000000004,63.71271,0.0009046954179006077,3
a100,timing,Tree_Simple,2,1802240,63.75143,63.67629,63.76236,63.71386,63.756895,0.0006750436813731592,3
a100,timing,Tree_Simple,2,1835008,64.03078,64.00963,64.11122,64.020205,64.071,0.0007932903519212747,3
a100,timing,Tree_Simple,2,1867776,67.08926,67.07014,67.26963,67.0797,67.179445,0.001486750636390961,3
a100,timing,Tree_Simple,2,1900544,67.43555,67.30017,67.44637,67.36786000000001,67.44096,0.0010839979802937264,3
a100,timing,Tree_Simple,2,1933312,67.53494,67.44574,67.59606,67.49034,67.5655,0.0011129054086669327,3
a100,timing,Tree_Simple,2,1966080,67.25279,67.21222,67.40086,67.232505,67.326825,0.0014024696967961654,3
a100,timing,Tree_Simple,2,1998848,70.15507,70.06922,70.22102,70.112145,70.18804499999999,0.0010818890209929246,3
a100,timing,Tree_Simple,2,2031616,70.50066,70.30136,70.66958,70.40101,70.58511999999999,0.0026114649139453417,3
a100,timing,Tree_Simple,2,2064384,70.44186,70.19314,70.49444,70.3175,70.46815000000001,0.002138643130661414,3
a100,timing,Tree_Simple,2,2097152,70.17283,70.12154,70.19545,70.14718500000001,70.18414,0.0005266283260913356,3
a100,timing,Tree_Simple,2,2129920,73.14626,72.88144,73.1757,73.01384999999999,73.16098,0.002011449389210114,3
a100,timing,Tree_Simple,2,2162688,73.31398,73.23974,73.50373,73.27686,73.408855,0.0018004069619464585,3
a100,timing,Tree_Simple,2,2195456,72.90227,72.77754,73.0138,72.839905,72.958035,0.0016203885009341084,3
a100,timing,Tree_Simple,2,2228224,72.49919,72.388,72.7535,72.443595,72.626345,0.0025207178176749096,3
a100,timing,Tree_Simple,2,2260992,76.26106,76.24451,76.29012,76.252785,76.27559,0.00029903859191035483,3
a100,timing,Tree_Simple,2,2293760,76.5485,76.54652,76.7955,76.54751,76.672,0.0016262892153339965,3
a100,timing,Tree_Simple,2,2326528,76.13412,75.3468,76.35623,75.74046,76.24517499999999,0.006629287893522514,3
a100,timing,Tree_Simple,2,2359296,74.86335,74.81398,74.95685,74.83866499999999,74.9101,0.0009542052285932721,3
a100,timing,Tree_Simple,2,2392064,78.36861,78.21854,78.55458,78.293575,78.461595,0.002143970653556296,3
a100,timing,Tree_Simple,2,2424832,78.70918,78.65999,78.8809,78.684585,78.79504,0.0014033305899007174,3
a100,timing,Tree_Simple,2,2457600,78.12506,77.92748,78.22704,78.02627000000001,78.17605,0.0019171825276037252,3
a100,timing,Tree_Simple,2,2490368,76.92074,76.69869,77.36499,76.809715,77.142865,0.004331081578258392,3
a100,timing,Tree_Simple,2,2523136,82.80169,82.63774,82.85428,82.719715,82.827985,0.0013075820070822773,3
a100,timing,Tree_Simple,2,2555904,83.20326,83.09231,83.47828,83.147785,83.34076999999999,0.0023194403680816484,3
a100,timing,Tree_Simple,2,2588672,82.68163,82.60872,83.15967,82.645175,82.92065,0.0033317557962996153,3
a100,timing,Tree_Simple,2,2621440,81.65855,80.80413,82.68626,81.23134,82.172405,0.01152439028123809,3
a100,timing,Tree_Simple,4,524288,74.21391,73.86574,74.25198,74.03982500000001,74.232945,0.002602207591541711,3
a100,timing,Tree_Simple,4,557056,73.97354,73.84029,74.03225,73.906915,74.002895,0.0012974909677162575,3
a100,timing,Tree_Simple,4,589824,74.09388,73.84429,74.14518,73.969085,74.11953,0.0020304645943766287,3
a100,timing,Tree_Simple,4,622592,73.11869,72.93975,74.01702,73.02922000000001,73.56785500000001,0.007366584384922641,3
a100,timing,Tree_Simple,4,655360,72.78014,70.79561,74.33624,71.787875,73.55819,0.0243241494176845,3
a100,timing,Tree_Simple,4,688128,70.61757,69.65973,72.78555,70.13865,71.70156,0.022132027482678916,3
a100,timing,Tree_Simple,4,720896,69.61674,69.52737,70.87065,69.572055,70.243695,0.00964767956672485,3
a100,timing,Tree_Simple,4,753664,70.04927,69.90089,70.08525,69.97508,70.06726,0.00131593091548276,3
a100,timing,Tree_Simple,4,786432,70.3725,69.5452,70.49083,69.95885,70.43166500000001,0.006718746669508846,3
a100,timing,Tree_Simple,4,819200,78.28215,78.2032,78.34387,78.24267499999999,78.31300999999999,0.0008984806881262208,3
a100,timing,Tree_Simple,4,851968,78.2602,78.22805,78.61099,78.244125,78.435595,0.0024465820429798234,3
a100,timing,Tree_Simple,4,884736,78.89062,78.78001,78.98491,78.83531500000001,78.937765,0.0012986334750568621,3
a100,timing,Tree_Simple,4,917504,78.70717,78.68492,78.85586,78.696045,78.78151500000001,0.001085923938060726,3
a100,timing,Tree_Simple,4,950272,78.29908,78.16322,78.41731,78.23115,78.358195,0.0016225605715928643,3
a100,timing,Tree_Simple,4,983040,78.96376,78.9298,79.00213,78.94677999999999,78.982945,0.00045799490804403323,3
a100,timing,Tree_Simple,4,1015808,79.30181,79.24459,79.4989,79.2732,79.400355,0.0016034312457685633,3
a100,timing,Tree_Simple,4,1048576,79.7617,79.69969,79.92993,79.730695,79.845815,0.0014432992275741935,3
a100,timing,Tree_Simple,4,1081344,80.00898,78.48163,80.15075,79.245305,80.079865,0.010430829139429052,3
a100,timing,Tree_Simple,4,1114112,80.42978,78.7205,80.47909,79.57514,80.45443499999999,0.010932455615320406,3
a100,timing,Tree_Simple,4,1146880,79.83104,79.78784,80.66945,79.80944,80.250245,0.005521724381894707,3
a100,timing,Tree_Simple,4,1179648,81.28164,81.23825,81.60255,81.25994499999999,81.442095,0.002240973484294942,3
a100,timing,Tree_Simple,4,1212416,87.29892,87.13042,87.56755,87.21467,87.433235,0.0025036392202789923,3
a100,timing,Tree_Simple,4,1245184,87.32649,87.32099,87.62095,87.32374,87.47372,0.001717462822563913,3
a100,timing,Tree_Simple,4,1277952,86.57163,86.4477,86.75749,86.509665,86.66456,0.0017892120085990784,3
a100,timing,Tree_Simple,4,1310720,87.36575,87.25846,87.40164,87.312105,87.383695,0.0008194286662679653,3
a100,timing,Tree_Simple,4,1343488,87.60904,87.54321,87.84128,87.57612499999999,87.72515999999999,0.0017011372342397293,3
a100,timing,Tree_Simple,4,1376256,88.17953,87.47327,88.21591,87.8264,88.19772,0.004210954628585537,3
a100,timing,Tree_Simple,4,1409024,88.51197,88.14557,88.61909,88.32877,88.56553,0.0026748924467503055,3
a100,timing,Tree_Simple,4,1441792,88.90604,88.49464,89.06093,88.70034000000001,88.983485,0.003184766749255623,3
a100,timing,Tree_Simple,4,1474560,89.01524,88.66477,89.12796,88.840005,89.0716,0.0026017454988606294,3
a100,timing,Tree_Simple,4,1507328,89.59827,89.559,89.63755,89.57863499999999,89.61791,0.00043834551716236825,3
a100,timing,Tree_Simple,4,1540096,89.64736,89.53825,89.83262,89.592805,89.73999,0.00164182191198946,3
a100,timing,Tree_Simple,4,1572864,91.16749,91.02141,91.29735,91.09445,91.23241999999999,0.0015133684167458784,3
a100,timing,Tree_Simple,4,1605632,94.34442,93.91439,94.42127,94.12940499999999,94.382845,0.0026863273948794417,3
a100,timing,Tree_Simple,4,1638400,93.75719,93.72012,94.47488,93.738655,94.116035,0.004025077970020244,3
a100,timing,Tree_Simple,4,1671168,94.1821,93.89065,94.61354,94.03637499999999,94.39782,0.003837725002946455,3
a100,timing,Tree_Simple,4,1703936,94.899,94.81222,95.13596,94.85561,95.01748,0.00170570817395344,3
a100,timing,Tree_Simple,4,1736704,94.7992,94.78606,95.23394,94.79263,95.01657,0.0023622562215714787,3
a100,timing,Tree_Simple,4,1769472,95.24627,95.02744,95.48161,95.136855,95.36394,0.002384187853235643,3
a100,timing,Tree_Simple,4,1802240,95.76746,95.6283,95.81496,95.69788,95.79121,0.0009745481398379867,3
a100,timing,Tree_Simple,4,1835008,95.87708,95.7807,96.28165,95.82889,96.079365,0.0026124596201719374,3
a100,timing,Tree_Simple,4,1867776,97.1354,96.3557,97.37567,96.74555000000001,97.25553500000001,0.005250248622026577,3
a100,timing,Tree_Simple,4,1900544,97.38047,97.36856,97.68637,97.374515,97.53342,0.001631795369235785,3
a100,timing,Tree_Simple,4,1933312,98.89981,98.79169,98.93256,98.84575000000001,98.916185,0.0007121853924692994,3
a100,timing,Tree_Simple,4,1966080,100.06717,100.00785,100.18689,100.03751,100.12703,0.0008945990977860908,3
a100,timing,Tree_Simple,4,1998848,107.96588,107.74075,108.435,107.85331500000001,108.20044,0.0032151361152244697,3
a100,timing,Tree_Simple,4,2031616,108.05726,107.95357,108.13621,108.005415,108.096735,0.0008451074920833276,3
a100,timing,Tree_Simple,4,2064384,108.81111,108.6431,108.89479,108.727105,108.85294999999999,0.001156545503487633,3
a100,timing,Tree_Simple,4,2097152,108.99747,108.72616,109.17362,108.861815,109.085545,0.0020526164506386164,3
a100,timing,Tree_Simple,4,2129920,109.51778,108.92013,109.60405,109.218955,109.560915,0.003122415374015071,3
a100,timing,Tree_Simple,4,2162688,109.83158,109.36809,109.97366,109.599835,109.90262,0.002756811838635118,3
a100,timing,Tree_Simple,4,2195456,109.98969,109.97436,110.19799,109.982025,110.09384,0.0010165952827033797,3
a100,timing,Tree_Simple,4,2228224,110.36461,110.18787,110.81667,110.27624,110.59064000000001,0.002848739283362721,3
a100,timing,Tree_Simple,4,2260992,112.32529,112.19754,112.41387,112.261415,112.36958,0.0009629621254483262,3
a100,timing,Tree_Simple,4,2293760,112.39693,112.2745,112.47448,112.335715,112.435705,0.000889615045535544,3
a100,timing,Tree_Simple,4,2326528,112.94749,112.8957,113.03596,112.921595,112.991725,0.0006209079989294673,3
a100,timing,Tree_Simple,4,2359296,112.59291,112.44243,114.57534,112.51767000000001,113.584125,0.00947177757462695,3
a100,timing,Tree_Simple,4,2392064,115.7,115.66954,116.25236,115.68477,115.97618,0.002518668971477952,3
a100,timing,Tree_Simple,4,2424832,116.14345,115.77615,116.73861,115.9598,116.44103,0.004143410584066484,3
a100,timing,Tree_Simple,4,2457600,116.66416,116.58881,116.67106,116.626485,116.66761,0.00035250757387696326,3
a100,timing,Tree_Simple,4,2490368,117.31792,116.77347,117.35409,117.045695,117.336005,0.0024745580214855937,3
a100,timing,Tree_Simple,4,2523136,118.05144,117.9814,118.07368,118.01642,118.06255999999999,0.00039084656654754974,3
a100,timing,Tree_Simple,4,2555904,118.14802,118.10374,118.21635,118.12588,118.182185,0.0004765632128241246,3
a100,timing,Tree_Simple,4,2588672,118.75478,118.67243,118.78976,118.713605,118.77226999999999,0.0004940011677844938,3
a100,timing,Tree_Simple,4,2621440,120.07213,119.58058,120.30608,119.826355,120.189105,0.0030211007333674454,3
a100,timing,auto,2,262144,19.10839,19.07304,19.14312,19.0842,19.11867,0.0018039196394883318,5
a100,timing,auto,2,278528,19.92513,19.90925,20.00112,19.9138,19.94676,0.001654192469509748,5
a100,timing,auto,2,294912,20.13127,20.08653,20.16494,20.09876,20.13393,0.0017470333466294383,5
a100,timing,auto,2,311296,20.56556,20.5049,20.5865,20.55338,20.57938,0.0012642495511913997,5
a100,timing,auto,2,327680,20.67146,20.39569,20.70533,20.65884,20.68383,0.001208913158528665,5
a100,timing,auto,2,344064,21.98364,21.58362,22.00513,21.69338,21.9856,0.013292612142484153,5
a100,timing,auto,2,360448,22.14701,20.54913,22.18072,21.81542,22.17656,0.016306490131173412,5
a100,timing,auto,2,376832,21.12433,21.08712,22.6065,21.1035,21.15194,0.0022930904790826206,5
a100,timing,auto,2,393216,21.21175,21.17803,22.69697,21.18831,21.23806,0.0023453981873253985,5
a100,timing,auto,2,409600,22.37805,22.34505,23.95479,22.36839,22.40501,0.0016364249789413826,5
a100,timing,auto,2,425984,22.48856,22.47188,22.56862,22.47394,22.50585,0.0014189436762513867,5
a100,timing,auto,2,442368,23.06824,23.04303,23.09243,23.04854,23.08707,0.0016702617971722815,5
a100,timing,auto,2,458752,23.09092,23.07801,23.14398,23.08026,23.10806,0.0012039364390851104,5
a100,timing,auto,2,475136,24.36664,24.31759,24.3761,24.32126,24.37089,0.002036801134666105,5
a100,timing,auto,2,491520,24.41332,24.39484,24.43332,24.41244,24.4228,0.00042435850593031154,5
a100,timing,auto,2,507904,24.98538,24.95803,25.03582,24.98525,25.02546,0.0016093411427001833,5
a100,timing,auto,2,524288,25.09775,25.07215,25.14904,25.09569,25.13787,0.0016806287416201982,5
a100,timing,auto,2,540672,27.54692,27.53994,27.55053,27.54448,27.54813,0.00013250120158625267,5
a100,timing,auto,2,557056,28.14147,28.1019,28.16782,28.1251,28.16445,0.0013982922711570818,5
a100,timing,auto,2,573440,27.93076,27.87005,27.96863,27.9175,27.94423,0.0009570094046850349,5
a100,timing,auto,2,589824,27.99399,27.95992,28.07758,27.97334,28.02701,0.0019171972269762306,5
a100,timing,auto,2,606208,43.97911,43.90697,44.04595,43.94844,44.02479,0.0017360515026339784,5
a100,timing,auto,2,622592,44.02951,43.93383,44.13481,44.0262,44.03392,0.00017533695015000306,5
a100,timing,auto,2,638976,44.24472,44.14393,44.2821,44.23459,44.25083,0.000367049446804124,5
a100,timing,auto,2,655360,44.68287,44.61784,44.74639,44.67405,44.72624,0.001168009127435099,5
a100,timing,auto,2,671744,44.51524,44.37126,44.57777,44.48579,44.52235,0.0008212917643486025,5
a100,timing,auto,2,688128,44.57186,44.46215,44.6437,44.53328,44.62456,0.002047928895047339,5
a100,timing,auto,2,704512,44.84848,44.60852,44.8515,44.79477,44.84999,0.001231256889865576,5
a100,timing,auto,2,720896,44.7517,44.62516,44.87564,44.69279,44.81734,0.0027831344954493188,5
a100,timing,auto,2,737280,44.79139,44.6487,44.84058,44.78035,44.82133,0.0009149079767340259,5
a100,timing,auto,2,753664,44.91692,44.698,45.00048,44.89047,44.98716,0.0021526409201700026,5
a100,timing,auto,2,770048,45.35115,45.14346,45.43792,45.34063,45.4206,0.00176335109473526,5
a100,timing,auto,2,786432,45.50937,45.3193,45.59603,45.49793,45.54092,0.000944640631149216,5
a100,timing,auto,2,802816,45.50425,45.30146,45.56526,45.47701,45.55254,0.0016598449595367586,5
a100,timing,auto,2,819200,45.61758,45.47039,45.70143,45.60314,45.6876,0.0018514791885058345,5
a100,timing,auto,2,835584,45.76295,45.72077,45.7975,45.75442,45.79472,0.0008806250471176989,5
a100,timing,auto,2,851968,45.86414,45.64873,45.94409,45.84392,45.87426,0.0006615189993751649,5
a100,timing,auto,2,868352,45.88148,45.80343,45.94089,45.80503,45.889,0.001830150204396213,5
a100,timing,auto,2,884736,46.12135,45.87747,46.22073,46.09701,46.21623,0.0025849199990894815,5
a100,timing,auto,2,901120,46.07554,45.9987,46.12725,46.07275,46.1028,0.0006521898603901939,5
a100,timing,auto,2,917504,46.24948,46.10972,46.34276,46.1474,46.2605,0.0024454329000023972,5
a100,timing,auto,2,933888,46.8731,46.67942,46.92287,46.80936,46.88581,0.0016309994431774565,5
a100,timing,auto,2,950272,47.10764,46.94884,47.19072,47.07588,47.16624,0.0019181601965202245,5
a100,timing,auto,2,966656,47.20864,47.0882,47.24811,47.17249,47.23007,0.001219691988585022,5
a100,timing,auto,2,983040,47.22987,47.06957,47.34639,47.14744,47.24832,0.0021359364317538147,5
a100,timing,auto,2,999424,47.34469,47.16996,47.37438,47.28668,47.36975,0.0017545790245961357,5
a100,timing,auto,2,1015808,47.42337,47.33247,47.49477,47.39389,47.48968,0.0020198901933793597,5
a100,timing,auto,2,1032192,47.63505,47.49368,47.70089,47.56122,47.64139,0.0016830044263625738,5
a100,timing,auto,2,1048576,47.86128,47.707,47.88995,47.85468,47.87805,0.0004882861469647258,5
a100,timing,auto,2,1064960,48.96793,48.90211,48.97153,48.96402,48.96865,9.455167902745331e-05,5
a100,timing,auto,2,1081344,49.15559,48.99899,49.17675,49.14407,49.16049,0.0003340413572495754,5
a100,timing,auto,2,1097728,49.15669,49.14617,49.28586,49.15608,49.22021,0.0013046037070437145,5
a100,timing,auto,2,1114112,49.28513,49.17312,49.44123,49.22573,49.38265,0.003183921803594705,5
a100,timing,auto,2,1130496,49.41178,49.31749,49.45908,49.33374,49.45318,0.0024172373470456726,5
a100,timing,auto,2,1146880,49.49115,49.40277,49.65856,49.49043,49.56218,0.0014497541479637154,5
a100,timing,auto,2,1163264,49.77781,49.58241,49.82949,49.69661,49.7817,0.0017093962148997915,5
a100,timing,auto,2,1179648,49.97166,49.79062,50.00513,49.95682,49.98571,0.0005781276827705338,5
a100,timing,auto,2,1196032,50.95064,50.94354,51.09656,50.94713,51.06459,0.0023053684899738496,5
a100,timing,auto,2,1212416,51.20865,50.98652,51.25151,51.15894,51.24695,0.0017186549538016924,5
a100,timing,auto,2,1228800,51.16516,51.10045,51.25194,51.10855,51.17761,0.0013497465853717714,5
a100,timing,auto,2,1245184,51.27899,51.1302,51.29944,51.16355,51.28639,0.0023955230007454615,5
a100,timing,auto,2,1261568,51.37014,51.26385,51.43066,51.32971,51.40813,0.0015265677687466156,5
a100,timing,auto,2,1277952,51.56864,51.51454,51.66525,51.53355,51.65071,0.002271923401509103,5
a100,timing,auto,2,1294336,51.8039,51.67294,51.8083,51.70008,51.80503,0.002025909246215098,5
a100,timing,auto,2,1310720,51.92926,51.9086,52.05609,51.91841,52.01027,0.0017689449069753149,5
a100,timing,auto,2,1327104,52.9451,52.75002,53.01957,52.93615,53.01333,0.0014577364099794992,5
a100,timing,auto,2,1343488,52.90051,52.74712,52.99703,52.90011,52.93336,0.000628538363807881,5
a100,timing,auto,2,1359872,53.02345,52.89942,53.05228,52.98006,53.04682,0.0012590655643869844,5
a100,timing,auto,2,1376256,53.17245,53.02426,53.24477,53.12122,53.19752,0.0014349536273012859,5
a100,timing,auto,2,1392640,53.27293,53.1494,53.32684,53.17953,53.31685,0.002577669371667797,5
a100,timing,auto,2,1409024,53.58374,53.40589,53.6556,53.55425,53.6241,0.0013035670895685018,5
a100,timing,auto,2,1425408,53.7217,53.56059,53.80389,53.65184,53.76809,0.0021639300319982588,5
a100,timing,auto,2,1441792,53.93888,53.74755,54.02371,53.91216,53.95644,0.0008209291702015419,5
a100,timing,auto,2,1458176,54.71529,54.64858,54.87836,54.71161,54.85698,0.002656844183773855,5
a100,timing,auto,2,1474560,54.81698,54.74127,54.83377,54.80519,54.82843,0.0004239562267019116,5
a100,timing,auto,2,1490944,54.90246,54.88164,54.97014,54.89323,54.94175,0.0008837491070526958,5
a100,timing,auto,2,1507328,54.99633,54.99124,55.05066,54.99349,55.01368,0.0003671154057006983,5
a100,timing,auto,2,1523712,55.24532,55.12891,55.29103,55.21795,55.28624,0.0012361228064204808,5
a100,timing,auto,2,1540096,55.52982,55.44009,55.57807,55.50734,55.53419,0.00048352398765209663,5
a100,timing,auto,2,1556480,55.65356,55.61111,55.66274,55.64119,55.65593,0.000264852778510417,5
a100,timing,auto,2,1572864,55.79019,55.69207,55.94472,55.7535,55.8496,0.001722525053239644,5
a100,timing,auto,2,1589248,56.58445,56.46529,56.66164,56.50697,56.64553,0.00244872928870031,5
a100,timing,auto,2,1605632,56.53191,56.46528,56.63024,56.5265,56.5399,0.0002370342696718419,5
a100,timing,auto,2,1622016,56.69276,56.55727,56.80053,56.56067,56.74059,0.0031735974752330923,5
a100,timing,auto,2,1638400,56.83661,56.65646,56.87301,56.71156,56.84499,0.002347606586670179,5
a100,timing,auto,2,1654784,57.05583,56.90925,57.09153,57.02703,57.07176,0.0007839689651345737,5
a100,timing,auto,2,1671168,57.39933,57.13579,57.5104,57.39148,57.44094,0.0008616825318343662,5
a100,timing,auto,2,1687552,57.60062,57.32996,57.70955,57.56742,57.66671,0.0017237661677947812,5
a100,timing,auto,2,1703936,57.77327,57.62813,58.00755,57.69035,57.90461,0.0037086354987348976,5
a100,timing,auto,2,1720320,58.43408,58.20204,58.51321,58.21526,58.48654,0.004642496296681616,5
a100,timing,auto,2,1736704,58.56022,58.2316,58.63182,58.32928,58.5749,0.004194314843762582,5
a100,timing,auto,2,1753088,58.59119,58.5439,58.71056,58.58908,58.63423,0.000770593667751066,5
a100,timing,auto,2,1769472,58.81799,58.54741,58.95498,58.7006,58.88389,0.0031162234547627266,5
a100,timing,auto,2,1785856,58.61327,58.52836,58.79236,58.57617,58.73363,0.0026864223750014352,5
a100,timing,auto,2,1802240,58.65505,58.53939,58.8067,58.63397,58.68202,0.0008191963010858141,5
a100,timing,auto,2,1818624,59.20855,59.13704,59.29734,59.17692,59.28095,0.001757009756192214,5
a100,timing,auto,2,1835008,59.76492,59.56256,59.87952,59.67157,59.86453,0.003228649850112731,5
a100,timing,auto,2,1851392,60.23005,60.05652,60.35888,60.18362,60.26496,0.0013504886680320606,5
a100,timing,auto,2,1867776,60.36546,60.3098,60.55937,60.31291,60.38511,0.0011960482037243676,5
a100,timing,auto,2,1884160,60.55973,60.38595,60.62199,60.49196,60.61525,0.002035841309067995,5
a100,timing,auto,2,1900544,60.79178,60.67842,60.84562,60.69084,60.83207,0.002323175929377297,5
a100,timing,auto,2,1916928,60.87585,60.81278,60.98264,60.85916,60.98199,0.0020177130996938924,5
a100,timing,auto,2,1933312,61.26759,61.08951,61.32342,61.21455,61.30551,0.0014846348615964082,5
a100,timing,auto,2,1949696,61.33883,61.29781,61.43443,61.29971,61.40571,0.0017281059974571026,5
a100,timing,auto,2,1966080,61.6097,61.57444,61.79471,61.60025,61.75249,0.0024710394629416967,5
a100,timing,auto,2,1982464,62.20402,62.00377,62.30029,62.04124,62.26357,0.0035742062972778845,5
a100,timing,auto,2,1998848,62.47868,62.21037,62.61521,62.32308,62.49848,0.0028073576458402024,5
a100,timing,auto,2,2015232,62.67776,62.45644,62.77121,62.6373,62.72171,0.0013467296852982353,5
a100,timing,auto,2,2031616,62.79135,62.53379,63.03114,62.61104,63.01758,0.00647445866349425,5
a100,timing,auto,2,2048000,62.94975,62.89168,63.13785,62.8977,62.99343,0.0015207367781444104,5
a100,timing,auto,2,2064384,63.24893,63.12153,63.31394,63.14887,63.29305,0.0022795642550790763,5
a100,timing,auto,2,2080768,63.47546,63.34315,63.53191,63.43443,63.50673,0.0011390228601730256,5
a100,timing,auto,2,2097152,63.71332,63.47972,63.79257,63.65877,63.78911,0.002045726074233832,5
a100,timing,auto,2,2113536,68.11355,67.94564,68.20232,67.9638,68.19117,0.003338102330593449,5
a100,timing,auto,2,2129920,68.05513,67.93742,68.12376,68.02084,68.0686,0.0007017839801348803,5
a100,timing,auto,2,2146304,68.06516,67.78863,68.17696,67.83476,68.07884,0.0035859755563638833,5
a100,timing,auto,2,2162688,68.10474,67.91808,68.25953,68.08434,68.14137,0.0008373866488587646,5
a100,timing,auto,2,2179072,68.37296,68.15624,68.55168,68.30135,68.45317,0.0022204684424954064,5
a100,timing,auto,2,2195456,68.66379,68.50093,68.8667,68.52885,68.68726,0.0023070383968025834,5
a100,timing,auto,2,2211840,68.68423,68.5556,68.82391,68.57969,68.72614,0.0021322216176843144,5
a100,timing,auto,2,2228224,69.18175,69.05827,69.31746,69.13428,69.24233,0.0015618280832732844,5
a100,timing,auto,2,2244608,69.85891,69.79332,69.93986,69.82345,69.90868,0.001220030487163483,5
a100,timing,auto,2,2260992,69.80932,69.6935,70.01221,69.71447,69.93112,0.003103453808173484,5
a100,timing,auto,2,2277376,69.87716,69.66248,70.02873,69.7971,69.9185,0.0017373344881216435,5
a100,timing,auto,2,2293760,69.92319,69.78026,70.18734,69.88373,70.08034,0.002811799633283419,5
a100,timing,auto,2,2310144,70.26116,69.97293,70.38543,70.20433,70.2644,0.0008549531490797485,5
a100,timing,auto,2,2326528,70.35735,70.19727,70.70655,70.30411,70.51248,0.00296159534149598,5
a100,timing,auto,2,2342912,70.939,70.71775,71.07666,70.72068,70.99323,0.0038420332962121745,5
a100,timing,auto,2,2359296,71.23764,71.00656,71.44336,71.00753,71.39008,0.005370054370133469,5
a100,timing,auto,2,2375680,71.10288,70.75098,71.18467,70.96686,71.10851,0.0019921837202655996,5
a100,timing,auto,2,2392064,70.94692,70.8704,71.03057,70.92608,70.96622,0.000565775089320411,5
a100,timing,auto,2,2408448,71.01867,70.80438,71.1527,70.87785,71.12917,0.003538787758205087,5
a100,timing,auto,2,2424832,71.3138,71.08408,71.41181,71.1842,71.4082,0.003141047034374687,5
a100,timing,auto,2,2441216,71.57456,71.41259,71.80387,71.48264,71.6198,0.001916323341701219,5
a100,timing,auto,2,2457600,72.09341,71.77661,72.17709,71.78276,72.12297,0.004719016620243085,5
a100,timing,auto,2,2473984,72.3893,72.09647,72.47804,72.29672,72.44249,0.002013695394208993,5
a100,timing,auto,2,2490368,72.52907,72.3749,72.81029,72.37728,72.5582,0.00249444808819416,5
a100,timing,auto,2,2506752,72.22762,72.05626,72.45179,72.11196,72.36463,0.0034982462387658495,5
a100,timing,auto,2,2523136,72.07539,71.97941,72.34761,72.04035,72.28717,0.003424469850249851,5
a100,timing,auto,2,2539520,72.16045,72.06076,72.51763,72.15758,72.49829,0.004721561464763612,5
a100,timing,auto,2,2555904,72.71101,72.60101,72.84376,72.60749,72.71897,0.0015331928410841802,5
a100,timing,auto,2,2572288,73.24572,72.96922,73.31587,73.02082,73.28646,0.0036266965496414634,5
a100,timing,auto,2,2588672,73.33245,73.26188,73.58289,73.29504,73.49069,0.0026679866825668657,5
a100,timing,auto,2,2605056,73.3761,73.32914,73.70953,73.34774,73.68838,0.004642383555408279,5
a100,timing,auto,2,2621440,73.5855,73.53243,73.84329,73.53702,73.72075,0.002496823423092825,5
a100,timing,auto,2,2637824,73.38061,72.99317,73.51356,73.09058,73.50081,0.005590441398620133,5
a100,timing,auto,2,2654208,73.42851,73.23005,73.60983,73.31107,73.55022,0.003256909339437707,5
a100,timing,auto,2,2670592,73.24285,73.18917,73.51486,73.22949,73.483,0.003461225225397505,5
a100,timing,auto,2,2686976,73.83616,73.71786,74.00901,73.83532,73.8403,6.744662777700404e-05,5
a100,timing,auto,2,2703360,74.21632,74.0473,74.50667,74.14401,74.44926,0.004112976768452019,5
a100,timing,auto,2,2719744,74.63011,74.34537,74.69287,74.60107,74.684,0.0011112136910958646,5
a100,timing,auto,2,2736128,74.83813,74.56449,74.91935,74.74116,74.89131,0.002006330195583597,5
a100,timing,auto,2,2752512,75.07347,74.80976,75.13136,75.04664,75.10773,0.0008137361973545008,5
a100,timing,auto,2,2768896,74.43813,74.4129,74.54875,74.42164,74.4688,0.0006335462752759264,5
a100,timing,auto,2,2785280,74.60828,74.56176,74.71227,74.60196,74.6087,9.033849862231819e-05,5
a100,timing,auto,2,2801664,75.25953,75.23599,75.32345,75.2552,75.31817,0.0008367046671696311,5
a100,timing,auto,2,2818048,75.45759,75.39589,75.51034,75.44329,75.48756,0.0005866871708995393,5
a100,timing,auto,2,2834432,75.58616,75.53399,75.66392,75.57051,75.60227,0.00042018274244922033,5
a100,timing,auto,2,2850816,75.70762,75.63876,75.75588,75.65109,75.7169,0.0008692652073859808,5
a100,timing,auto,2,2867200,75.88236,75.66622,75.96749,75.76119,75.89263,0.0017321548776289743,5
a100,timing,auto,2,2883584,76.16177,76.1219,76.28853,76.13871,76.23741,0.001295925764330238,5
a100,timing,auto,2,2899968,75.96862,75.68636,76.10274,75.84927,76.00817,0.0020916531062431134,5
a100,timing,auto,2,2916352,76.47677,76.31226,76.68017,76.47398,76.6385,0.002151241481563565,5
a100,timing,auto,2,2932736,76.89217,76.83046,76.9999,76.86984,76.90419,0.0004467294914424113,5
a100,timing,auto,2,2949120,76.96634,76.88427,77.24365,76.95639,76.98517,0.00037392969446120973,5
a100,timing,auto,2,2965504,77.0517,77.01702,77.19505,77.03518,77.16008,0.0016209895433844637,5
a100,timing,auto,2,2981888,77.22762,76.99458,77.35529,77.19485,77.23253,0.0004879083416010309,5
a100,timing,auto,2,2998272,77.45896,77.11481,77.55819,77.29877,77.51688,0.0028158136902431403,5
a100,timing,auto,2,3014656,77.67048,77.49414,77.75463,77.63213,77.72768,0.0012301971096355128,5
a100,timing,auto,2,3031040,77.41819,77.24078,77.60535,77.27352,77.48561,0.0027395370519510886,5
a100,timing,auto,2,3047424,77.7934,77.45466,77.91433,77.77118,77.83933,0.0008760383271588955,5
a100,timing,auto,2,3063808,78.01276,77.75795,78.15521,77.9408,78.05452,0.0014577102515024557,5
a100,timing,auto,2,3080192,78.09769,77.90023,78.18727,78.0444,78.12067,0.0009765973871955502,5
a100,timing,auto,2,3096576,78.24461,78.10442,78.33005,78.12005,78.25539,0.001729703809629818,5
a100,timing,auto,2,3112960,78.43345,78.24058,78.5181,78.39128,78.44836,0.0007277507237026949,5
a100,timing,auto,2,3129344,78.59618,78.28958,78.78012,78.51369,78.67251,0.002020708894503597,5
a100,timing,auto,2,3145728,78.80828,78.53966,79.00695,78.72844,78.90234,0.002206620928663702,5
a100,timing,auto,2,3162112,79.21666,78.88503,79.37346,79.04774,79.26234,0.0027090261063769934,5
a100,timing,auto,2,3178496,79.31926,79.21758,79.57064,79.31335,79.44839,0.0017024868865393298,5
a100,timing,auto,2,3194880,79.42396,79.25765,79.69738,79.41785,79.68737,0.003393434424574146,5
a100,timing,auto,2,3211264,79.59639,79.46935,79.77773,79.56405,79.67604,0.001406973356455058,5
a100,timing,auto,2,3227648,79.72585,79.5973,79.96279,79.61234,79.94727,0.004201021375124881,5
a100,timing,auto,2,3244032,79.82223,79.66293,80.14844,79.71905,79.93614,0.0027196684432394193,5
a100,timing,auto,2,3260416,80.17821,79.89958,80.40334,79.98576,80.31076,0.004053470388026907,5
a100,timing,auto,2,3276800,80.28593,80.21659,80.53168,80.2687,80.46065,0.0023908298751724698,5
a100,timing,auto,2,3293184,80.55716,80.30117,80.73729,80.51477,80.66555,0.0018717144447495105,5
a100,timing,auto,2,3309568,80.6906,80.5252,81.01352,80.59482,80.81625,0.00274418581594384,5
a100,timing,auto,2,3325952,80.99239,80.64724,81.12944,80.83679,81.00591,0.0020880974126088465,5
a100,timing,auto,2,3342336,80.97895,80.76997,81.09728,80.90261,81.07154,0.0020860976834103572,5
a100,timing,auto,2,3358720,81.05782,81.04119,81.46398,81.04559,81.21351,0.0020716076499466083,5
a100,timing,auto,2,3375104,81.36851,81.10051,81.5215,81.2057,81.47702,0.0033344594856167687,5
a100,timing,auto,2,3391488,81.7774,81.24578,81.90073,81.46971,81.81026,0.004164353476632826,5
a100,timing,auto,2,3407872,81.92468,81.63033,81.98329,81.84804,81.96716,0.0014540184960137707,5
a100,timing,auto,2,3424256,82.42214,82.23449,82.66469,82.28788,82.45651,0.002045930862751115,5
a100,timing,auto,2,3440640,82.54428,82.43106,82.92731,82.48908,82.63785,0.001802305380821045,5
a100,timing,auto,2,3457024,82.72623,82.63116,82.84234,82.67844,82.83264,0.0018639795382915793,5
a100,timing,auto,2,3473408,82.88774,82.63988,83.11227,82.69818,83.05176,0.00426576958184658,5
a100,timing,auto,2,3489792,82.87182,82.81981,83.08823,82.8628,83.01578,0.0018459833511562031,5
a100,timing,auto,2,3506176,83.03172,82.93554,83.40192,82.93784,83.19633,0.0031131476019045368,5
a100,timing,auto,2,3522560,83.51656,83.23531,83.81843,83.48109,83.71624,0.0028156092635999905,5
a100,timing,auto,2,3538944,83.96592,83.66865,84.17833,83.69429,84.03173,0.004018773330894259,5
a100,timing,auto,2,3555328,84.08024,83.72966,84.14106,83.92004,84.12982,0.002494997635591846,5
a100,timing,auto,2,3571712,84.06251,83.80171,84.24174,83.96071,84.10108,0.0016698287976410662,5
a100,timing,auto,2,3588096,84.1137,83.98025,84.27181,84.01753,84.11471,0.0011553409254379335,5
a100,timing,auto,2,3604480,84.43031,84.05469,84.71597,84.2118,84.47128,0.0030733038881415498,5
a100,timing,auto,2,3620864,84.58571,84.33213,84.76817,84.51048,84.63862,0.0015149130982053814,5
a100,timing,auto,2,3637248,84.69362,84.63321,84.89211,84.66597,84.79583,0.0015332914096716334,5
a100,timing,auto,2,3653632,85.07015,84.91706,85.25021,84.9371,85.08216,0.0017051809594787462,5
a100,timing,auto,2,3670016,85.26282,85.03268,85.44607,85.17916,85.43056,0.0029485302034345548,5
a100,timing,auto,2,3686400,85.36923,85.10683,85.56349,85.1463,85.4051,0.0030315372412285774,5
a100,timing,auto,2,3702784,85.57232,85.22465,85.79255,85.40859,85.60198,0.002259959762689544,5
a100,timing,auto,2,3719168,85.83834,85.62121,85.98723,85.77011,85.85205,0.0009545850956577563,5
a100,timing,auto,2,3735552,86.1291,85.93943,86.14552,86.12068,86.13841,0.00020585377067681244,5
a100,timing,auto,2,3751936,86.40642,86.20985,86.57547,86.27788,86.44881,0.0019782094895263395,5
a100,timing,auto,2,3768320,86.62015,86.46835,86.84466,86.49018,86.6544,0.0018958637222401516,5
a100,timing,auto,2,3784704,86.8092,86.61713,87.05488,86.7507,86.91931,0.0019423056542394242,5
a100,timing,auto,2,3801088,86.99746,86.85549,87.05408,86.93715,87.01251,0.0008662321865489339,5
a100,timing,auto,2,3817472,86.95566,86.76291,87.20486,86.90969,87.1114,0.002319687988108027,5
a100,timing,auto,2,3833856,87.20376,87.05919,87.45827,87.19385,87.21078,0.00019414300484293462,5
a100,timing,auto,2,3850240,87.54462,87.31148,87.66547,87.53942,87.61615,0.0008764673374560053,5
a100,timing,auto,2,3866624,87.71524,87.64842,87.92327,87.70433,87.74051,0.00041247108256218254,5
a100,timing,auto,2,3883008,88.02846,87.81825,88.13988,87.95971,88.13787,0.0020238909098262703,5
a100,timing,auto,2,3899392,88.2064,88.12254,88.28814,88.1519,88.2537,0.0011541112663026405,5
a100,timing,auto,2,3915776,88.55335,88.36139,88.67992,88.42832,88.57601,0.0016678081631016468,5
a100,timing,auto,2,3932160,88.75847,88.5789,88.85103,88.65246,88.79533,0.001609649197423097,5
a100,timing,auto,2,3948544,88.58171,88.34226,88.70204,88.54946,88.69616,0.0016560980816469882,5
a100,timing,auto,2,3964928,88.81246,88.74163,88.96696,88.78433,88.95464,0.0019176363316588756,5
a100,timing,auto,2,3981312,89.22307,88.89973,89.26875,89.0826,89.25981,0.0019861455114692007,5
a100,timing,auto,2,3997696,89.3515,89.29672,89.62853,89.32145,89.39938,0.0008721733826516057,5
a100,timing,auto,2,4014080,89.79026,89.57914,90.14005,89.72101,89.80186,0.0009004317394781804,5
a100,timing,auto,2,4030464,89.96169,89.85477,90.16939,89.91056,90.07382,0.0018147724881557245,5
a100,timing,auto,2,4046848,90.25156,89.97201,90.39741,90.23991,90.26246,0.00024985717698408334,5
a100,timing,auto,2,4063232,90.47957,90.08803,90.56154,90.41017,90.51634,0.0011734140646336613,5
a100,timing,auto,2,4079616,90.25934,90.19854,90.43829,90.24535,90.279,0.0003728146028986519,5
a100,timing,auto,2,4096000,90.55775,90.37899,90.88386,90.49902,90.87474,0.004148954672570831,5
a100,timing,auto,2,4112384,91.03607,90.97033,91.2697,90.97887,91.08444,0.001159650235340785,5
a100,timing,auto,2,4128768,91.33886,91.29847,91.67558,91.33273,91.3729,0.00043979090608316516,5
a100,timing,auto,2,4145152,91.54883,91.32133,91.70723,91.50185,91.65194,0.001639452956416719,5
a100,timing,auto,2,4161536,91.78901,91.42761,92.02936,91.76856,91.83001,0.0006694701250183194,5
a100,timing,auto,2,4177920,92.07575,91.9918,92.33024,91.99932,92.24211,0.002636850636568254,5
a100,timing,auto,2,4194304,92.26175,92.21892,92.34246,92.2504,92.29819,0.0005179828043583198,5
a100,timing,auto,4,262144,18.18878,17.95061,18.49643,18.05692,18.23546,0.009815941476008734,5
a100,timing,auto,4,278528,18.26172,18.20446,18.34908,18.20792,18.32674,0.006506506506506478,5
a100,timing,auto,4,294912,18.36291,18.28016,18.44336,18.31267,18.37844,0.003581676324721983,5
a100,timing,auto,4,311296,18.41,18.2044,18.44417,18.40976,18.42443,0.0007968495382945358,5
a100,timing,auto,4,327680,18.23245,18.07816,18.48184,18.17254,18.42108,0.013631739014778509,5
a100,timing,auto,4,344064,18.25089,17.87467,18.53694,18.11189,18.26863,0.008588074335005184,5
a100,timing,auto,4,360448,18.15707,16.88937,18.48143,17.92577,18.39046,0.025592785620146913,5
a100,timing,auto,4,376832,17.759,16.96031,18.39216,17.10078,18.28366,0.06660735401768123,5
a100,timing,auto,4,393216,17.05305,17.02263,17.8922,17.04868,17.74061,0.04057514638143906,5
a100,timing,auto,4,409600,20.15011,20.08754,20.29593,20.10016,20.24794,0.007333955000741976,5
a100,timing,auto,4,425984,20.26714,20.12531,20.40755,20.2224,20.38651,0.008097343779142042,5
a100,timing,auto,4,442368,20.32265,20.26969,20.489,20.2716,20.36576,0.00463325402937128,5
a100,timing,auto,4,458752,20.34408,20.18423,20.36908,20.329,20.36538,0.0017882352015916982,5
a100,timing,auto,4,475136,20.23347,20.1174,20.38992,20.21739,20.37609,0.007843439607739039,5
a100,timing,auto,4,491520,20.22676,20.12962,20.39522,20.19785,20.25425,0.0027883852876090885,5
a100,timing,auto,4,507904,20.74135,20.64992,21.03836,20.72737,20.86884,0.006820674642682285,5
a100,timing,auto,4,524288,20.73254,20.61455,20.82495,20.6931,20.77446,0.003924265912425593,5
a100,timing,auto,4,540672,20.73113,20.65303,20.88938,20.69802,20.82145,0.005953848150100792,5
a100,timing,auto,4,557056,20.78533,20.71114,20.92184,20.76234,20.90191,0.006714832047410488,5
a100,timing,auto,4,573440,20.83057,20.6895,20.92935,20.78022,20.85251,0.003470380311244428,5
a100,timing,auto,4,589824,20.85872,20.72797,21.02424,20.80627,20.93217,0.00603584496076451,5
a100,timing,auto,4,606208,21.2872,21.21782,21.49385,21.22462,21.4721,0.011625765718365943,5
a100,timing,auto,4,622592,21.40352,21.34206,21.60025,21.38464,21.50957,0.005836890380647627,5
a100,timing,auto,4,638976,21.45964,21.38544,21.73571,21.45527,21.54144,0.004015444807089157,5
a100,timing,auto,4,655360,21.56413,21.48093,21.6779,21.53504,21.65215,0.005430777870472876,5
a100,timing,auto,4,671744,21.67249,21.52962,21.76517,21.55952,21.69613,0.00630338276773924,5
a100,timing,auto,4,688128,21.86666,21.79609,21.94813,21.84653,21.94121,0.004329879368865676,5
a100,timing,auto,4,704512,22.22235,22.15362,22.37374,22.17342,22.31292,0.006277463904582468,5
a100,timing,auto,4,720896,22.42715,22.32986,22.57593,22.38171,22.56211,0.008043821885527085,5
a100,timing,auto,4,737280,22.46753,22.37745,22.62823,22.43681,22.56281,0.005608093101466769,5
a100,timing,auto,4,753664,22.58735,22.48531,22.77021,22.53846,22.63696,0.00436084799677686,5
a100,timing,auto,4,770048,22.7172,22.54943,22.78534,22.61942,22.7706,0.006654869438134986,5
a100,timing,auto,4,786432,22.94243,22.84551,23.11137,22.90236,22.98272,0.0035026804048219336,5
a100,timing,auto,4,802816,25.03788,24.99024,25.25419,24.9936,25.07254,0.0031528228428285197,5
a100,timing,auto,4,819200,25.22113,25.15545,25.40068,25.18356,25.32904,0.005768179300451612,5
a100,timing,auto,4,835584,25.32143,25.22614,25.40278,25.23851,25.32344,0.0033540759743821715,5
a100,timing,auto,4,851968,25.32755,25.20645,25.49596,25.23266,25.35289,0.0047470047438461045,5
a100,timing,auto,4,868352,25.61039,25.43819,25.68101,25.48104,25.62,0.005425922838348063,5
a100,timing,auto,4,884736,25.8744,25.7698,25.93871,25.79909,25.88742,0.0034137989673190153,5
a100,timing,auto,4,901120,26.28172,26.17378,26.45972,26.24351,26.32085,0.002942729775676764,5
a100,timing,auto,4,917504,26.33789,26.19472,26.49659,26.29706,26.41153,0.004346209965946426,5
a100,timing,auto,4,933888,26.35282,26.24652,26.46333,26.3208,26.43467,0.0043209796902191925,5
a100,timing,auto,4,950272,26.4983,26.38357,26.6064,26.46047,26.58105,0.004550480596868491,5
a100,timing,auto,4,966656,26.66092,26.61467,26.79256,26.63957,26.72052,0.0030362793181931236,5
a100,timing,auto,4,983040,26.94306,26.86435,26.94597,26.93694,26.94496,0.00029766477898198504,5
a100,timing,auto,4,999424,27.70913,27.66118,27.87595,27.66885,27.80341,0.004856161128119161,5
a100,timing,auto,4,1015808,27.81838,27.67527,27.92114,27.77206,27.83257,0.00217518058204686,5
a100,timing,auto,4,1032192,27.85405,27.74911,27.91002,27.77086,27.87344,0.003682767856020926,5
a100,timing,auto,4,1048576,27.98096,27.78128,28.08225,27.84433,27.99608,0.005423330722033834,5
a100,timing,auto,4,1064960,28.21073,28.16041,28.32061,28.18104,28.28685,0.0037507005313227176,5
a100,timing,auto,4,1081344,28.42822,28.35027,28.59393,28.38318,28.49324,0.003871505145239509,5
a100,timing,auto,4,1097728,28.90124,28.73772,29.05683,28.80508,29.04029,0.008138405134174125,5
a100,timing,auto,4,1114112,28.94933,28.768,29.10472,28.92488,29.03028,0.0036408441922489913,5
a100,timing,auto,4,1130496,28.96746,28.92839,29.10732,28.95247,29.0945,0.0049030878095628104,5
a100,timing,auto,4,1146880,29.21404,29.07721,29.32365,29.20211,29.31324,0.003803992874658872,5
a100,timing,auto,4,1163264,29.47363,29.44652,29.68425,29.46161,29.61712,0.005276241847373384,5
a100,timing,auto,4,1179648,29.73674,29.67842,29.93473,29.70862,29.90036,0.006447915945056498,5
a100,timing,auto,4,1196032,31.28115,31.20227,31.4262,31.2706,31.33792,0.0021520947919113818,5
a100,timing,auto,4,1212416,31.37574,31.34284,31.45314,31.3719,31.43141,0.001896688333087905,5
a100,timing,auto,4,1228800,31.55254,31.45589,31.56036,31.45816,31.55394,0.003035571779641237,5
a100,timing,auto,4,1245184,31.83318,31.75934,31.90042,31.79043,31.8892,0.0031027374582117857,5
a100,timing,auto,4,1261568,32.1535,32.06707,32.18817,32.11282,32.16082,0.0014928390377408935,5
a100,timing,auto,4,1277952,32.33234,32.23716,32.38735,32.29881,32.3617,0.0019451113034192975,5
a100,timing,auto,4,1294336,32.54377,32.35942,32.60046,32.38776,32.56108,0.0053257505199919,5
a100,timing,auto,4,1310720,32.61159,32.54268,32.66959,32.58573,32.64856,0.0019266156602608237,5
a100,timing,auto,4,1327104,32.77791,32.66041,32.8274,32.7235,32.79935,0.0023140584619335256,5
a100,timing,auto,4,1343488,33.0819,33.01338,33.21254,33.05925,33.15974,0.0030376127126918537,5
a100,timing,auto,4,1359872,33.43418,33.38708,33.50363,33.41153,33.47014,0.0017529964844360355,5
a100,timing,auto,4,1376256,33.66402,33.51025,33.74999,33.58145,33.68385,0.003041823287890244,5
a100,timing,auto,4,1392640,33.99846,33.89649,34.11889,33.97031,34.11578,0.004278723212757375,5
a100,timing,auto,4,1409024,34.21779,34.1083,34.24213,34.11508,34.22341,0.0031658970377690158,5
a100,timing,auto,4,1425408,34.37609,34.32662,34.47488,34.34162,34.38491,0.001259305523112109,5
a100,timing,auto,4,1441792,34.5394,34.52798,34.67527,34.53101,34.66054,0.003750209905209572,5
a100,timing,auto,4,1458176,34.87645,34.78237,34.95311,34.84052,34.91553,0.002150734951521698,5
a100,timing,auto,4,1474560,40.35291,40.18399,40.36936,40.26976,40.36663,0.0024005703677876683,5
a100,timing,auto,4,1490944,40.30773,40.28379,40.56411,40.30062,40.30782,0.0001786257871628452,5
a100,timing,auto,4,1507328,40.38277,40.31434,40.43086,40.37136,40.39972,0.0007022797098861538,5
a100,timing,auto,4,1523712,40.36975,40.26425,40.42936,40.33919,40.38227,0.0010671356646993412,5
a100,timing,auto,4,1540096,40.45069,40.3451,40.49949,40.35623,40.46725,0.0027445761741024307,5
a100,timing,auto,4,1556480,40.47114,40.41203,40.51112,40.41524,40.48426,0.0017054127953895508,5
a100,timing,auto,4,1572864,40.52605,40.46674,40.58615,40.47725,40.57062,0.0023039501752576473,5
a100,timing,auto,4,1589248,42.27503,42.05019,42.35306,42.26191,42.33573,0.0017461844497803497,5
a100,timing,auto,4,1605632,42.29385,42.13054,42.41849,42.212,42.32742,0.002729001970735537,5
a100,timing,auto,4,1622016,42.39937,42.19627,42.50776,42.28855,42.50606,0.005130029054676926,5
a100,timing,auto,4,1638400,42.54483,42.35709,42.5742,42.38093,42.56808,0.004398889359764808,5
a100,timing,auto,4,1654784,42.55697,42.41048,42.59494,42.41239,42.56859,0.0036703740891327165,5
a100,timing,auto,4,1671168,42.6267,42.45878,42.70724,42.61067,42.68039,0.0016355945921219279,5
a100,timing,auto,4,1687552,42.60547,42.50387,42.70003,42.55526,42.64363,0.002074146817298453,5
a100,timing,auto,4,1703936,42.64323,42.53143,42.69562,42.57901,42.65345,0.0017456463781004095,5
a100,timing,auto,4,1720320,42.66047,42.44135,42.73991,42.54525,42.67809,0.003113889743830636,5
a100,timing,auto,4,1736704,42.78069,42.67049,42.80533,42.71237,42.79393,0.0019064676142437904,5
a100,timing,auto,4,1753088,42.76547,42.65255,42.84662,42.73721,42.79391,0.0013258360074143768,5
a100,timing,auto,4,1769472,42.8318,42.7819,42.92847,42.78572,42.87567,0.0021000751777885064,5
a100,timing,auto,4,1785856,42.95323,42.77399,43.08678,42.90123,43.01393,0.0026237840553551806,5
a100,timing,auto,4,1802240,43.01686,42.89893,43.16403,42.97398,43.13036,0.0036353188029067144,5
a100,timing,auto,4,1818624,43.2517,43.09831,43.34437,43.10302,43.32766,0.005193784290559697,5
a100,timing,auto,4,1835008,43.10722,43.01806,43.16944,43.09331,43.14189,0.001126957386720695,5
a100,timing,auto,4,1851392,43.11936,43.03289,43.21784,43.07828,43.13537,0.0013239992430314899,5
a100,timing,auto,4,1867776,43.09651,43.08198,43.27134,43.08418,43.21382,0.0030081322130259473,5
a100,timing,auto,4,1884160,43.21924,43.12397,43.26632,43.1466,43.24979,0.0023875940437637936,5
a100,timing,auto,4,1900544,43.27887,43.20662,43.40219,43.21664,43.32203,0.0024351375162983665,5
a100,timing,auto,4,1916928,43.24339,43.20271,43.45689,43.21824,43.29448,0.0017630440166693346,5
a100,timing,auto,4,1933312,43.42675,43.38145,43.49297,43.39739,43.43325,0.0008257583171662526,5
a100,timing,auto,4,1949696,43.47293,43.43015,43.57091,43.44298,43.50258,0.001370968094398128,5
a100,timing,auto,4,1966080,43.59677,43.52663,43.62263,43.57894,43.6166,0.0008638254622990502,5
a100,timing,auto,4,1982464,45.38642,45.28943,45.50855,45.33573,45.39092,0.0012160024959008264,5
a100,timing,auto,4,1998848,45.36357,45.28563,45.58199,45.29635,45.51937,0.004916279737243019,5
a100,timing,auto,4,2015232,45.3762,45.33302,45.52318,45.37128,45.41668,0.0010005245040351721,5
a100,timing,auto,4,2031616,45.41669,45.31358,45.56105,45.40205,45.5331,0.0028855031046955376,5
a100,timing,auto,4,2048000,45.46436,45.30557,45.47779,45.32801,45.46668,0.0030500814264183555,5
a100,timing,auto,4,2064384,45.48892,45.46026,45.52799,45.47088,45.51107,0.0008835118529961913,5
a100,timing,auto,4,2080768,45.56978,45.45566,45.78829,45.55604,45.64,0.0018424490967478358,5
a100,timing,auto,4,2097152,45.75784,45.65464,45.8959,45.69992,45.77296,0.001596229192636691,5
a100,timing,auto,4,2113536,45.66215,45.63991,45.7845,45.64462,45.72055,0.0016628651957912542,5
a100,timing,auto,4,2129920,45.92124,45.83439,45.97995,45.83729,45.97507,0.0030003545200434343,5
a100,timing,auto,4,2146304,46.03899,45.92666,46.28615,45.93879,46.13546,0.0042718139559535205,5
a100,timing,auto,4,2162688,46.2089,46.12664,46.26641,46.14228,46.26302,0.002612916559364059,5
a100,timing,auto,4,2179072,46.23276,46.13767,46.26471,46.1519,46.24056,0.0019176878040593813,5
a100,timing,auto,4,2195456,46.22333,46.13176,46.43584,46.16483,46.23165,0.0014455903544811654,5
a100,timing,auto,4,2211840,46.25739,46.19788,46.45327,46.20901,46.29579,0.0018760245660206384,5
a100,timing,auto,4,2228224,46.35028,46.30679,46.50257,46.33334,46.39838,0.0014032277690664073,5
a100,timing,auto,4,2244608,46.42573,46.34508,46.52582,46.39246,46.46269,0.0015127387334566895,5
a100,timing,auto,4,2260992,46.55927,46.42953,46.57181,46.5111,46.55928,0.0010348100389031467,5
a100,timing,auto,4,2277376,46.56789,46.47712,46.61919,46.50328,46.56859,0.0014024685249858595,5
a100,timing,auto,4,2293760,46.67651,46.64544,46.74805,46.64594,46.74464,0.0021145539801496254,5
a100,timing,auto,4,2310144,46.79874,46.71387,46.88542,46.74824,46.8243,0.0016252574321445029,5
a100,timing,auto,4,2326528,46.80536,46.78471,46.87679,46.80035,46.86197,0.001316515886214694,5
a100,timing,auto,4,2342912,47.0409,46.99653,47.06686,47.03338,47.04211,0.00018558318399520215,5
a100,timing,auto,4,2359296,47.07247,47.02438,47.23878,47.07037,47.09662,0.0005576507882421412,5
a100,timing,auto,4,2375680,48.54913,48.46214,48.64189,48.49894,48.62185,0.002531662256357725,5
a100,timing,auto,4,2392064,48.65593,48.53459,48.69419,48.63498,48.68658,0.0010605079380868999,5
a100,timing,auto,4,2408448,48.55071,48.41186,48.65311,48.45053,48.61895,0.0034689502995939206,5
a100,timing,auto,4,2424832,48.7428,48.69849,48.91361,48.71835,48.80761,0.0018312448197476529,5
a100,timing,auto,4,2441216,48.69761,48.66324,48.84588,48.66443,48.74209,0.0015947394543591464,5
a100,timing,auto,4,2457600,48.93096,48.86363,49.14126,48.91691,48.98546,0.0014009535067368776,5
a100,timing,auto,4,2473984,48.97065,48.9028,49.05619,48.94929,49.03105,0.0016695714678078139,5
a100,timing,auto,4,2490368,49.19536,49.13095,49.24006,49.13353,49.21199,0.0015948658572678348,5
a100,timing,auto,4,2506752,49.3701,49.1599,49.39854,49.34245,49.39595,0.0010836518459553385,5
a100,timing,auto,4,2523136,49.43803,49.33763,49.45896,49.41297,49.44906,0.0007300048161304468,5
a100,timing,auto,4,2539520,49.57901,49.41117,49.67348,49.43062,49.66517,0.004730832664871804,5
a100,timing,auto,4,2555904,49.54254,49.43714,49.65855,49.49674,49.54514,0.000976938203006969,5
a100,timing,auto,4,2572288,49.64251,49.49114,49.67328,49.63131,49.65334,0.00044377288739028066,5
a100,timing,auto,4,2588672,49.58993,49.49235,49.78109,49.57288,49.64382,0.0014305323681642669,5
a100,timing,auto,4,2605056,49.72257,49.68251,49.80053,49.70244,49.79401,0.00184161840387569,5
a100,timing,auto,4,2621440,49.74081,49.70944,49.85553,49.72338,49.77859,0.0011099537783965001,5
a100,timing,auto,4,2637824,49.88208,49.79343,49.90964,49.85794,49.90573,0.000958059487495291,5
a100,timing,auto,4,2654208,50.04439,50.01525,50.19357,50.02046,50.0968,0.0015254457092993212,5
a100,timing,auto,4,2670592,50.00351,49.95253,50.05482,49.97887,50.00764,0.0005753596097554255,5
a100,timing,auto,4,2686976,50.22264,50.17675,50.25151,50.19208,50.25051,0.0011634195255367165,5
a100,timing,auto,4,2703360,50.16502,50.1011,50.20452,50.14709,50.18147,0.0006853381101013963,5
a100,timing,auto,4,2719744,50.40301,50.30321,50.44426,50.35609,50.41682,0.0012048883588499874,5
a100,timing,auto,4,2736128,50.37755,50.3133,50.51341,50.37032,50.47883,0.0021539356320424983,5
a100,timing,auto,4,2752512,50.6172,50.54115,50.72592,50.60367,50.64777,0.000871245347431313,5
a100,timing,auto,4,2768896,53.24867,53.24698,53.33183,53.24736,53.27674,0.0005517508700216585,5
a100,timing,auto,4,2785280,53.53142,53.38515,53.57081,53.51367,53.5707,0.0010653556359985327,5
a100,timing,auto,4,2801664,53.471,53.42212,53.57128,53.45749,53.47693,0.00036356155673174267,5
a100,timing,auto,4,2818048,53.60345,53.57281,53.69445,53.58422,53.61317,0.0005400771778681167,5
a100,timing,auto,4,2834432,53.74483,53.58764,53.84592,53.66837,53.78031,0.0020828049879401804,5
a100,timing,auto,4,2850816,53.76546,53.6807,53.83741,53.76107,53.79243,0.0005832740945582256,5
a100,timing,auto,4,2867200,54.13469,54.10253,54.29649,54.11204,54.16112,0.0009066275247904156,5
a100,timing,auto,4,2883584,54.22146,54.15453,54.23237,54.16422,54.22546,0.0011294421065017055,5
a100,timing,auto,4,2899968,54.31922,54.20233,54.3502,54.28829,54.31983,0.0005806416218789533,5
a100,timing,auto,4,2916352,54.29188,54.21976,54.31034,54.27585,54.30041,0.00045236967296032163,5
a100,timing,auto,4,2932736,54.42606,54.32293,54.54177,54.35853,54.47243,0.0020927474816292233,5
a100,timing,auto,4,2949120,54.41103,54.37636,54.43004,54.4073,54.42624,0.00034809118665830483,5
a100,timing,auto,4,2965504,54.50661,54.41964,54.56861,54.48747,54.52854,0.0007534865954789285,5
a100,timing,auto,4,2981888,54.52514,54.34991,54.59838,54.49776,54.52615,0.000520677250897507,5
a100,timing,auto,4,2998272,54.53908,54.48246,54.72011,54.5065,54.55197,0.0008337141000543935,5
a100,timing,auto,4,3014656,54.715,54.59657,54.79367,54.63336,54.71861,0.0015580736543908424,5
a100,timing,auto,4,3031040,54.78135,54.69387,54.80918,54.72963,54.78954,0.0010936203653250992,5
a100,timing,auto,4,3047424,54.90899,54.8672,55.0674,54.89404,54.9355,0.0007550676127898312,5
a100,timing,auto,4,3063808,54.97763,54.90917,55.00597,54.95595,54.98852,0.0005924227726804478,5
a100,timing,auto,4,3080192,55.1388,55.07089,55.31868,55.0748,55.17068,0.0017388844153299304,5
a100,timing,auto,4,3096576,55.20934,55.06748,55.34684,55.19003,55.287,0.001756405709613607,5
a100,timing,auto,4,3112960,55.45973,55.36595,55.55203,55.39441,55.46376,0.0012504568630247572,5
a100,timing,auto,4,3129344,55.44482,55.37466,55.46717,55.39391,55.46585,0.0012975062413405796,5
a100,timing,auto,4,3145728,55.77565,55.70058,55.91343,55.74218,55.86473,0.00219719537109839,5
a100,timing,auto,4,3162112,56.64102,56.54765,56.69431,56.61318,56.65411,0.0007226211674860909,5
a100,timing,auto,4,3178496,56.77898,56.6796,56.94489,56.76425,56.7821,0.00031437690497439035,5
a100,timing,auto,4,3194880,56.88247,56.7325,56.92226,56.74773,56.88379,0.00239194957602932,5
a100,timing,auto,4,3211264,57.01113,56.94271,57.11673,57.0096,57.10011,0.0015875847400323737,5
a100,timing,auto,4,3227648,57.37751,57.25231,57.42863,57.28597,57.39306,0.0018664107243412875,5
a100,timing,auto,4,3244032,57.37443,57.23928,57.42521,57.33637,57.40599,0.0012134325343188675,5
a100,timing,auto,4,3260416,57.42703,57.34469,57.65735,57.4059,57.54195,0.002369093439099973,5
a100,timing,auto,4,3276800,57.52152,57.44909,57.58704,57.50285,57.53063,0.00048294968561331334,5
a100,timing,auto,4,3293184,57.52904,57.50259,57.6197,57.5241,57.54305,0.0003293988566470742,5
a100,timing,auto,4,3309568,57.55679,57.48433,57.61479,57.55169,57.57792,0.0004557238164254504,5
a100,timing,auto,4,3325952,57.63764,57.54106,57.70326,57.58706,57.65695,0.0012125756710372059,5
a100,timing,auto,4,3342336,57.70136,57.51828,57.80546,57.62432,57.75228,0.0022176253731281486,5
a100,timing,auto,4,3358720,57.68481,57.66621,57.7218,57.67372,57.69365,0.00034549823428377626,5
a100,timing,auto,4,3375104,57.81618,57.79843,57.82953,57.81379,57.8227,0.00015410910924935193,5
a100,timing,auto,4,3391488,57.9688,57.81798,58.03131,57.93982,58.00111,0.0010572928885883375,5
a100,timing,auto,4,3407872,58.1309,57.96895,58.16516,58.09835,58.16015,0.001063117894269624,5
a100,timing,auto,4,3424256,58.27345,58.15676,58.36666,58.1917,58.27807,0.00148215010437862,5
a100,timing,auto,4,3440640,58.43209,58.39949,58.50541,58.40112,58.45913,0.000992776400775721,5
a100,timing,auto,4,3457024,58.45992,58.41183,58.55342,58.41972,58.52176,0.0017454693745732521,5
a100,timing,auto,4,3473408,58.55903,58.44166,58.61201,58.50051,58.57124,0.001207841045181326,5
a100,timing,auto,4,3489792,58.86682,58.72142,58.89635,58.79216,58.87174,0.0013518651083921297,5
a100,timing,auto,4,3506176,59.03804,58.95399,59.13844,58.99484,59.06499,0.0011882169530017962,5
a100,timing,auto,4,3522560,59.19574,59.10555,59.35154,59.19325,59.26749,0.0012541443016001353,5
a100,timing,auto,4,3538944,59.24435,59.11966,59.34374,59.23151,59.3296,0.0016556853100759671,5
a100,timing,auto,4,3555328,63.44655,63.24016,63.52408,63.37239,63.492,0.0018852088884264697,5
a100,timing,auto,4,3571712,63.53021,63.44685,63.66867,63.49032,63.66533,0.0027547524240829732,5
a100,timing,auto,4,3588096,63.91283,63.67489,63.96014,63.79177,63.94469,0.0023926338420627237,5
a100,timing,auto,4,3604480,64.06449,63.78821,64.1456,64.06242,64.10841,0.000717870383421507,5
a100,timing,auto,4,3620864,64.05,64.00563,64.12905,64.01435,64.09205,0.0012131147540984733,5
a100,timing,auto,4,3637248,63.98379,63.97205,64.34727,63.97707,64.02472,0.0007447198735805493,5
a100,timing,auto,4,3653632,64.05471,63.94812,64.35636,64.05401,64.0955,0.0006477275441571125,5
a100,timing,auto,4,3670016,64.1524,64.12977,64.23355,64.13468,64.15516,0.00031923981020183284,5
a100,timing,auto,4,3686400,64.21912,64.13859,64.35379,64.21815,64.227,0.0001378094249813696,5
a100,timing,auto,4,3702784,64.22323,64.08609,64.37202,64.18328,64.22651,0.0006731209252478942,5
a100,timing,auto,4,3719168,64.37953,64.17225,64.49035,64.24745,64.39899,0.0023538537792990584,5
a100,timing,auto,4,3735552,64.30216,64.22986,64.40178,64.30199,64.3027,1.1041619752711107e-05,5
a100,timing,auto,4,3751936,64.45319,64.42602,64.46156,64.44688,64.45348,0.00010239989673134773,5
a100,timing,auto,4,3768320,64.60182,64.50919,64.74715,64.57283,64.62763,0.0008482733149004189,5
a100,timing,auto,4,3784704,64.71949,64.59882,64.74443,64.69086,64.72011,0.0004519504093744352,5
a100,timing,auto,4,3801088,64.74021,64.69314,64.92879,64.73885,64.83835,0.0015369119130136607,5
a100,timing,auto,4,3817472,64.92325,64.88352,65.01887,64.90187,64.94222,0.0006215030824859147,5
a100,timing,auto,4,3833856,65.03681,65.00417,65.20965,65.00942,65.13179,0.0018815498484625773,5
a100,timing,auto,4,3850240,65.05705,65.02624,65.15556,65.03201,65.15323,0.0018632876836560202,5
a100,timing,auto,4,3866624,65.32237,65.23941,65.34149,65.29903,65.32883,0.00045619900196509244,5
a100,timing,auto,4,3883008,65.47327,65.257,65.48715,65.37126,65.47826,0.0016342547118847021,5
a100,timing,auto,4,3899392,65.70351,65.57441,65.76448,65.63065,65.70991,0.0012063282463903495,5
a100,timing,auto,4,3915776,65.73246,65.67635,65.84489,65.71046,65.79404,0.0012715179075908274,5
a100,timing,auto,4,3932160,65.7612,65.6768,65.99918,65.75089,65.7758,0.0003787947908493996,5
a100,timing,auto,4,3948544,66.09726,66.0665,66.27254,66.09516,66.12457,0.0004449503655673261,5
a100,timing,auto,4,3964928,66.28217,66.22711,66.39402,66.25964,66.34694,0.0013170962869803306,5
a100,timing,auto,4,3981312,66.31308,66.05388,66.44099,66.21217,66.42835,0.003259990336747958,5
a100,timing,auto,4,3997696,66.42225,66.23203,66.49453,66.39111,66.4493,0.0008760618618007699,5
a100,timing,auto,4,4014080,66.37865,66.24304,66.42919,66.3221,66.42505,0.001550950493871038,5
a100,timing,auto,4,4030464,66.46838,66.35215,66.56575,66.43456,66.51753,0.0012482627077715584,5
a100,timing,auto,4,4046848,66.39223,66.25036,66.44893,66.3506,66.42645,0.0011424529647520898,5
a100,timing,auto,4,4063232,66.48355,66.39253,66.61315,66.41568,66.50702,0.001373873687551318,5
a100,timing,auto,4,4079616,66.52319,66.36929,66.54659,66.48406,66.5378,0.0008078385898211554,5
a100,timing,auto,4,4096000,66.60931,66.55595,66.72275,66.58305,66.65714,0.0011123069733044559,5
a100,timing,auto,4,4112384,66.77453,66.6864,66.83002,66.73129,66.80211,0.0010605840280717464,5
a100,timing,auto,4,4128768,66.95891,66.85838,67.00327,66.93909,66.97646,0.000558103469725088,5
a100,timing,auto,4,4145152,67.10775,67.02712,67.15599,67.07726,67.14529,0.0010137428240405521,5
a100,timing,auto,4,4161536,67.20791,67.15308,67.39453,67.20383,67.26762,0.0009491442301954837,5
a100,timing,auto,4,4177920,67.51298,67.32549,67.53197,67.42031,67.52823,0.00159850742775675,5
a100,timing,auto,4,4194304,67.60102,67.4907,67.63333,67.57279,67.62482,0.0007696629429556242,5
a100,timing,auto_graph,2,524288,22.43837,22.41743,22.4546,22.4279,22.446485,0.0008282687200540002,3
a100,timing,auto_graph,2,557056,25.49094,25.46371,25.52442,25.477325,25.50768,0.0011908152465150415,3
a100,timing,auto_graph,2,589824,25.78882,25.7718,25.80597,25.78031,25.797395,0.0006624963840920822,3
a100,timing,auto_graph,2,622592,41.61063,41.60373,41.68438,41.60718,41.647504999999995,0.000969103327683232,3
a100,timing,auto_graph,2,655360,41.74832,41.18923,41.81201,41.468775,41.780165,0.0074587432500276855,3
a100,timing,auto_graph,2,688128,41.91603,41.27739,41.94988,41.59671,41.932955,0.00802187134611742,3
a100,timing,auto_graph,2,720896,41.51394,39.85345,42.14748,40.683695,41.830709999999996,0.02762963476846563,3
a100,timing,auto_graph,2,753664,41.5987,38.90191,41.82305,40.250305,41.710875,0.0351109529865117,3
a100,timing,auto_graph,2,786432,39.2525,39.24807,39.30429,39.250285,39.278395,0.0007161327303994698,3
a100,timing,auto_graph,2,819200,39.55868,39.4107,39.63212,39.48469,39.5954,0.002798627254498821,3
a100,timing,auto_graph,2,851968,39.96245,39.79955,40.01124,39.881,39.986845,0.0026486113839367257,3
a100,timing,auto_graph,2,884736,40.15413,40.11777,40.17446,40.13595,40.164295,0.0007059049716679609,3
a100,timing,auto_graph,2,917504,40.19431,40.18838,40.22156,40.191345,40.207935,0.0004127449880343952,3
a100,timing,auto_graph,2,950272,40.74767,40.74748,40.75229,40.747575,40.74998,5.9021779650299e-05,3
a100,timing,auto_graph,2,983040,41.02892,41.0169,41.04735,41.022909999999996,41.038135,0.0003710797164536852,3
a100,timing,auto_graph,2,1015808,41.24945,41.2325,41.32118,41.240975000000006,41.285315,0.0010749234232211862,3
a100,timing,auto_graph,2,1048576,41.55842,41.47408,41.58839,41.51625,41.573404999999994,0.0013752929009330605,3
a100,timing,auto_graph,2,1081344,42.28084,42.27542,42.29084,42.27813,42.28584,0.000182352100857102,3
a100,timing,auto_graph,2,1114112,42.57519,42.55675,42.61429,42.56597,42.59474,0.0006757456631432888,3
a100,timing,auto_graph,2,1146880,42.79993,42.69892,42.81297,42.749425,42.80645,0.0013323619921807321,3
a100,timing,auto_graph,2,1179648,43.06434,43.01774,43.0936,43.04104,43.07897,0.0008807751378517771,3
a100,timing,auto_graph,2,1212416,43.63283,43.62503,43.67362,43.62893,43.653225,0.0005568055063126132,3
a100,timing,auto_graph,2,1245184,43.86228,43.83011,43.89184,43.846194999999994,43.87706,0.0007036797904715782,3
a100,timing,auto_graph,2,1277952,44.09633,44.01355,44.10325,44.05494,44.09979,0.0010170914450249426,3
a100,timing,auto_graph,2,1310720,44.49981,44.47547,44.51211,44.48764,44.50596,0.00041168715102385335,3
a100,timing,auto_graph,2,1343488,45.07102,45.04786,45.1209,45.059439999999995,45.09596,0.000810276758768783,3
a100,timing,auto_graph,2,1376256,45.25457,45.23651,45.26969,45.245540000000005,45.26213,0.00036659281040552736,3
a100,timing,auto_graph,2,1409024,45.5371,45.44353,45.54994,45.490315,45.54352,0.001168387973762018,3
a100,timing,auto_graph,2,1441792,45.90984,45.88298,45.91021,45.89641,45.910025000000005,0.00029655951752394444,3
a100,timing,auto_graph,2,1474560,46.16773,46.15209,46.19179,46.159909999999996,46.17976,0.0004299539960055487,3
a100,timing,auto_graph,2,1507328,46.36803,46.32443,46.39766,46.34623,46.382845,0.000789660462176304,3
a100,timing,auto_graph,2,1540096,46.69676,46.65927,46.81165,46.678015,46.754205,0.0016315907142165082,3
a100,timing,auto_graph,2,1572864,47.19259,47.14331,47.19822,47.167950000000005,47.195405,0.0005817650609978437,3
a100,timing,auto_graph,2,1605632,47.75829,47.74036,48.38398,47.749325,48.071135,0.006738306585097566,3
a100,timing,auto_graph,2,1638400,47.95847,47.95207,48.0288,47.95527,47.993635,0.0007999629679595465,3
a100,timing,auto_graph,2,1671168,48.27429,48.25974,48.31657,48.267015,48.295429999999996,0.0005886155964177913,3
a100,timing,auto_graph,2,1703936,48.87493,48.83037,48.94969,48.85265,48.91231,0.0012206667099063043,3
a100,timing,auto_graph,2,1736704,49.00019,48.94417,49.07243,48.97218,49.03631,0.0013087704353799176,3
a100,timing,auto_graph,2,1769472,49.25018,49.18032,49.26159,49.21525,49.255885,0.000825073126636324,3
a100,timing,auto_graph,2,1802240,49.50857,49.46287,49.5239,49.48572,49.516234999999995,0.0006163579356057764,3
a100,timing,auto_graph,2,1835008,50.15209,50.0892,50.16353,50.120644999999996,50.15781,0.0007410458866221062,3
a100,timing,auto_graph,2,1867776,50.48914,50.42906,50.50499,50.4591,50.497065,0.0007519438833776888,3
a100,timing,auto_graph,2,1900544,50.62663,50.54636,50.65388,50.586495,50.640254999999996,0.0010618917356339326,3
a100,timing,auto_graph,2,1933312,51.13399,51.10034,51.15143,51.117165,51.142709999999994,0.0004995698555890893,3
a100,timing,auto_graph,2,1966080,51.70731,51.63085,51.77865,51.66908,51.74298,0.0014291983087111253,3
a100,timing,auto_graph,2,1998848,51.99835,51.94207,52.01922,51.97021,52.008785,0.0007418504625627848,3
a100,timing,auto_graph,2,2031616,52.17361,52.1679,52.24492,52.170755,52.209265,0.0007381126205375145,3
a100,timing,auto_graph,2,2064384,52.6391,52.5933,52.64272,52.6162,52.64091,0.00046942291946478756,3
a100,timing,auto_graph,2,2097152,53.14268,53.06213,53.2148,53.102405000000005,53.17874,0.0014364160783760466,3
a100,timing,auto_graph,2,2129920,54.59608,54.57532,54.68775,54.5857,54.641915,0.0010296526783606914,3
a100,timing,auto_graph,2,2162688,54.94594,54.87392,55.01428,54.90993,54.980109999999996,0.0012772554259694797,3
a100,timing,auto_graph,2,2195456,55.35803,55.21618,55.43228,55.287105,55.395155,0.001951839687936976,3
a100,timing,auto_graph,2,2228224,55.90528,55.77376,56.00439,55.83952,55.954835,0.0020626853134444994,3
a100,timing,auto_graph,2,2260992,55.73749,55.68757,55.83345,55.71253,55.785470000000004,0.0013086344577052658,3
a100,timing,auto_graph,2,2293760,56.02261,55.99629,56.05058,56.00945,56.036595,0.0004845365112406814,3
a100,timing,auto_graph,2,2326528,56.48702,56.29346,56.5315,56.390240000000006,56.50926,0.0021070327307050702,3
a100,timing,auto_graph,2,2359296,56.86756,56.76855,56.88009,56.818055,56.873825,0.0009806997170266395,3
a100,timing,auto_graph,2,2392064,57.38725,57.35361,57.48094,57.37043,57.434095,0.0011093927658147114,3
a100,timing,auto_graph,2,2424832,57.6082,57.5715,57.68173,57.58985,57.644965,0.0009567214389618265,3
a100,timing,auto_graph,2,2457600,58.13941,58.05312,58.15303,58.096265,58.14622,0.0008592278456213623,3
a100,timing,auto_graph,2,2490368,58.42747,58.29179,58.4435,58.359629999999996,58.435485,0.0012982763073602918,3
a100,timing,auto_graph,2,2523136,58.68648,58.58848,58.71299,58.63748,58.699735000000004,0.0010608065094380767,3
a100,timing,auto_graph,2,2555904,58.94534,58.90058,58.97102,58.92296,58.95818,0.0005975027033518742,3
a100,timing,auto_graph,2,2588672,59.337,59.29034,59.36237,59.31367,59.349685,0.000606956873451624,3
a100,timing,auto_graph,2,2621440,59.54343,59.53158,59.58259,59.537504999999996,59.563010000000006,0.000428342807930441,3
a100,timing,auto_graph,4,524288,19.67123,19.61026,20.28993,19.640745000000003,19.98058,0.017275737206061705,3
a100,timing,auto_graph,4,557056,19.2191,19.20994,19.22648,19.21452,19.22279,0.00043030110671152944,3
a100,timing,auto_graph,4,589824,19.28379,19.26706,19.29185,19.275425,19.28782,0.0006427678376502487,3
a100,timing,auto_graph,4,622592,19.68286,19.59759,19.75564,19.640225,19.719250000000002,0.004014914499214111,3
a100,timing,auto_graph,4,655360,19.95588,19.87323,20.06324,19.914555,20.00956,0.00476075221939601,3
a100,timing,auto_graph,4,688128,20.327,19.62023,20.43816,19.973615000000002,20.38258,0.020119299453928197,3
a100,timing,auto_graph,4,720896,20.39914,18.77351,20.79325,19.586325000000002,20.596195,0.04950551836989204,3
a100,timing,auto_graph,4,753664,19.04968,19.03751,19.12027,19.043595,19.084975,0.0021722149663406525,3
a100,timing,auto_graph,4,786432,19.86401,19.81701,19.89572,19.840510000000002,19.879865000000002,0.0019812213143267886,3
a100,timing,auto_graph,4,819200,21.70836,21.62049,21.71223,21.664425,21.710295000000002,0.002113010840063494,3
a100,timing,auto_graph,4,851968,22.06641,21.93259,22.06996,21.9995,22.068185,0.003112649497584725,3
a100,timing,auto_graph,4,884736,22.6102,22.53345,22.66727,22.571824999999997,22.638734999999997,0.0029592838630352683,3
a100,timing,auto_graph,4,917504,22.82968,22.73114,22.84034,22.78041,22.83501,0.0023916235356781458,3
a100,timing,auto_graph,4,950272,23.26522,23.1293,23.28811,23.19726,23.276665,0.0034130345640402833,3
a100,timing,auto_graph,4,983040,23.6478,23.62176,23.67151,23.63478,23.659655,0.0010518948908567196,3
a100,timing,auto_graph,4,1015808,24.24686,24.20988,24.28259,24.228369999999998,24.264725,0.001499369402883522,3
a100,timing,auto_graph,4,1048576,24.73089,24.64723,24.77774,24.689059999999998,24.754315,0.0026386029778952763,3
a100,timing,auto_graph,4,1081344,25.41732,25.38826,25.45435,25.40279,25.435835,0.0013000977286354864,3
a100,timing,auto_graph,4,1114112,25.6197,25.56109,25.6396,25.590395,25.62965,0.0015322193468307866,3
a100,timing,auto_graph,4,1146880,26.15069,26.0824,26.18079,26.116545000000002,26.16574,0.00188121231217981,3
a100,timing,auto_graph,4,1179648,26.75266,26.71641,26.77283,26.734535,26.762745,0.001054474583088106,3
a100,timing,auto_graph,4,1212416,28.10871,28.08944,28.11091,28.099075,28.10981,0.0003819100912137335,3
a100,timing,auto_graph,4,1245184,28.74232,28.61477,28.75923,28.678545,28.750774999999997,0.0025130191299796807,3
a100,timing,auto_graph,4,1277952,29.2653,29.11023,29.26974,29.187765,29.267519999999998,0.002725241155908147,3
a100,timing,auto_graph,4,1310720,29.34258,29.34249,29.40801,29.342535,29.375295,0.0011164662412098622,3
a100,timing,auto_graph,4,1343488,30.01117,29.9208,30.02801,29.965985,30.01959,0.001786168283342536,3
a100,timing,auto_graph,4,1376256,30.53358,30.44009,30.55622,30.486835,30.5449,0.0019016767768469712,3
a100,timing,auto_graph,4,1409024,31.04847,30.96361,31.10848,31.00604,31.078474999999997,0.0023329651992513223,3
a100,timing,auto_graph,4,1441792,31.46507,31.43422,31.4729,31.449645,31.468985,0.000614649832337881,3
a100,timing,auto_graph,4,1474560,36.84905,36.81319,36.87521,36.83112,36.86213,0.0008415413694519121,3
a100,timing,auto_graph,4,1507328,36.96529,36.77982,37.01938,36.872555000000006,36.992335,0.003240337083788374,3
a100,timing,auto_graph,4,1540096,36.94014,36.86178,36.9737,36.90096,36.95692,0.0015148832679031238,3
a100,timing,auto_graph,4,1572864,37.21177,37.08601,37.25665,37.14889,37.234210000000004,0.0022928229428485383,3
a100,timing,auto_graph,4,1605632,38.87026,38.71125,38.91504,38.790755000000004,38.89265,0.0026214128745215225,3
a100,timing,auto_graph,4,1638400,39.00561,38.97826,39.0981,38.991935,39.051855,0.0015361892814906703,3
a100,timing,auto_graph,4,1671168,39.03157,38.83348,39.04459,38.932525,39.03808,0.002704349325430735,3
a100,timing,auto_graph,4,1703936,39.24077,39.08777,39.28806,39.16427,39.264415,0.0025520651098334133,3
a100,timing,auto_graph,4,1736704,39.28666,39.23395,39.34978,39.260305,39.31822,0.0014741645128395788,3
a100,timing,auto_graph,4,1769472,39.39267,39.35618,39.4644,39.374425,39.428535,0.0013736058002667584,3
a100,timing,auto_graph,4,1802240,39.40088,39.37644,39.44386,39.38866,39.42237,0.0008555646472870464,3
a100,timing,auto_graph,4,1835008,39.67491,39.6221,39.70506,39.648505,39.689985,0.0010454970156201983,3
a100,timing,auto_graph,4,1867776,39.77991,39.68312,39.81046,39.731515,39.795185000000004,0.0016005566628984804,3
a100,timing,auto_graph,4,1900544,39.85215,39.79955,39.90465,39.82585,39.8784,0.0013186239638262062,3
a100,timing,auto_graph,4,1933312,39.76969,39.62982,39.78681,39.699754999999996,39.77825,0.001973739297439929,3
a100,timing,auto_graph,4,1966080,40.34059,40.19571,40.40132,40.26815,40.370954999999995,0.0025484257914918074,3
a100,timing,auto_graph,4,1998848,42.06943,42.00049,42.11091,42.03496,42.09017,0.0013123543627760687,3
a100,timing,auto_graph,4,2031616,42.10108,42.07072,42.10389,42.0859,42.102485,0.0003939328872323271,3
a100,timing,auto_graph,4,2064384,42.18013,42.1647,42.27142,42.172415,42.225775,0.001265050629289143,3
a100,timing,auto_graph,4,2097152,42.28685,42.20799,42.34726,42.247420000000005,42.317054999999996,0.0016467294206116323,3
a100,timing,auto_graph,4,2129920,42.30718,42.23113,42.38764,42.269155,42.347409999999996,0.0018496860343799476,3
a100,timing,auto_graph,4,2162688,42.62119,42.53783,42.72339,42.57951,42.672290000000004,0.0021768514675447764,3
a100,timing,auto_graph,4,2195456,42.81646,42.81025,42.90734,42.813355,42.8619,0.0011337929385100303,3
a100,timing,auto_graph,4,2228224,42.89451,42.73762,42.97096,42.816064999999995,42.932734999999994,0.0027199284943457604,3
a100,timing,auto_graph,4,2260992,43.27425,43.07546,43.68463,43.174855,43.47944,0.007038481313945265,3
a100,timing,auto_graph,4,2293760,43.48365,43.45228,43.50699,43.467965,43.49532,0.0006290870246632934,3
a100,timing,auto_graph,4,2326528,43.63033,43.58654,43.70529,43.608435,43.66781,0.001360865251305751,3
a100,timing,auto_graph,4,2359296,43.88933,43.7166,43.90466,43.802965,43.896995000000004,0.0021424341633833007,3
a100,timing,auto_graph,4,2392064,45.27221,45.17962,45.29424,45.225915,45.283225,0.0012658979979108835,3
a100,timing,auto_graph,4,2424832,45.40997,45.39924,45.42169,45.404605000000004,45.41583,0.0002471924117103809,3
a100,timing,auto_graph,4,2457600,45.64281,45.60024,45.74782,45.621525,45.695314999999994,0.0016166839859332797,3
a100,timing,auto_graph,4,2490368,45.72679,45.71164,45.73058,45.719215000000005,45.728685,0.0002070996017869001,3
a100,timing,auto_graph,4,2523136,46.19147,46.09729,46.27823,46.14438,46.23485,0.0019585867260774204,3
a100,timing,auto_graph,4,2555904,46.23787,46.16231,46.40318,46.20009,46.320525,0.002604683130948733,3
a100,timing,auto_graph,4,2588672,46.28675,46.21241,46.31933,46.249579999999995,46.303039999999996,0.0011549741556709247,3
a100,timing,auto_graph,4,2621440,46.56779,46.3622,46.57311,46.464995,46.57045,0.0022645480921469363,3
gh200,legacy,auto,2,262144,11.008,10.93600038,11.08959969,11.00639999,11.04480028,0.0034883984375000208,5
gh200,legacy,auto,2,278528,11.37119997,11.31839957,13.16639967,11.3215996,11.48479991,0.014352074577050887,5
gh200,legacy,auto,2,294912,11.49920002,11.22399978,11.60479989,11.38080005,11.5663996,0.016140214073778754,5
gh200,legacy,auto,2,311296,11.82880066,11.61599997,11.91200037,11.82719972,11.86880004,0.0035168671106847933,5
gh200,legacy,auto,2,327680,11.98880002,11.83359977,12.03200035,11.85919996,12.0128002,0.012811977824616296,5
gh200,legacy,auto,2,344064,12.69440074,12.51039933,12.85119914,12.63359934,12.76959945,0.010713393470513635,5
gh200,legacy,auto,2,360448,12.74240017,12.65760045,12.92159967,12.69440074,12.90560048,0.016574565009913642,5
gh200,legacy,auto,2,376832,13.22400011,13.06719892,13.33280094,13.16480059,13.26079946,0.007259442619590159,5
gh200,legacy,auto,2,393216,13.35359924,13.22720014,13.47679924,13.34400009,13.36639933,0.0016773934575559702,5
gh200,legacy,auto,2,409600,14.22560029,14.09920026,14.38879967,14.15680069,14.31680005,0.011247283540819823,5
gh200,legacy,auto,2,425984,14.38399963,14.2879989,14.45440017,14.36800044,14.40959983,0.002892060002089976,5
gh200,legacy,auto,2,442368,14.82080109,14.61759955,14.9216,14.80959915,14.85760044,0.0032387783702453156,5
gh200,legacy,auto,2,458752,14.808001,14.59680032,15.07360023,14.68000002,14.92000092,0.016207515112944687,5
gh200,legacy,auto,2,475136,15.80480114,15.73600061,15.90400003,15.7951992,15.84479958,0.0031383109196146033,5
gh200,legacy,auto,2,491520,15.88479988,15.72800055,16.07679948,15.74080065,15.95200039,0.013295712983196843,5
gh200,legacy,auto,2,507904,16.32479951,16.21760055,16.40800014,16.26880094,16.34559967,0.004704421022319811,5
gh200,legacy,auto,2,524288,16.21760055,16.07840136,16.29599929,16.21440053,16.27520099,0.0037490416546237717,5
gh200,legacy,auto,2,540672,18.12480018,18.02879944,18.43200065,18.11680011,18.20800081,0.005031818232161149,5
gh200,legacy,auto,2,557056,18.01120117,17.86720008,18.3071997,17.93279871,18.1280002,0.010837783008338847,5
gh200,legacy,auto,2,573440,18.73760112,18.65600049,18.91040057,18.71040091,18.7967997,0.004610984589045436,5
gh200,legacy,auto,2,589824,18.77919957,18.72320101,19.00639944,18.76479946,18.8752003,0.005878889544172436,5
gh200,legacy,auto,2,606208,19.28799972,19.16800067,19.4432009,19.18880083,19.35200021,0.008461187389523575,5
gh200,legacy,auto,2,622592,19.8144,19.53279972,19.8800005,19.71199922,19.82880011,0.005894747759205446,5
gh200,legacy,auto,2,638976,19.8800005,19.56799999,19.91679892,19.69439909,19.90720071,0.010704306571823299,5
gh200,legacy,auto,2,655360,19.48640123,19.31359991,19.67200078,19.41600069,19.55519989,0.007143402127310103,5
gh200,legacy,auto,2,671744,20.56960016,20.2511996,20.6223987,20.55680007,20.58240026,0.0012445642988132197,5
gh200,legacy,auto,2,688128,20.52479982,20.36000043,20.70239931,20.49919963,20.56640014,0.003274112809349644,5
gh200,legacy,auto,2,704512,20.61760053,20.34560032,20.76319978,20.52479982,20.67999914,0.00752751610325245,5
gh200,legacy,auto,2,720896,20.64159885,20.37760057,20.75839974,20.61440051,20.74879967,0.006511082836977086,5
gh200,legacy,auto,2,737280,21.48159966,21.35359868,21.71519957,21.4607995,21.60159871,0.006554409924237497,5
gh200,legacy,auto,2,753664,21.55200019,21.43999934,21.68159932,21.53440006,21.6271989,0.004305811023658884,5
gh200,legacy,auto,2,770048,21.66240104,21.39839903,21.84000053,21.62559889,21.81600034,0.008789489662222575,5
gh200,legacy,auto,2,786432,21.64160088,21.25919983,21.80640027,21.61600068,21.67519927,0.0027354071599531857,5
gh200,legacy,auto,2,802816,22.55360037,22.20639959,22.7632001,22.43199944,22.66079932,0.010144716419837867,5
gh200,legacy,auto,2,819200,22.43519947,22.2864002,22.5968007,22.4255994,22.55519852,0.005776597626123167,5
gh200,legacy,auto,2,835584,22.64800109,22.52800018,22.77760021,22.54240029,22.69120142,0.006570166144406475,5
gh200,legacy,auto,2,851968,22.75200002,22.58880064,22.85279892,22.73439988,22.83200063,0.004289765731109472,5
gh200,legacy,auto,2,868352,23.61280099,23.36959913,23.74240011,23.54719862,23.67359959,0.005353069720679454,5
gh200,legacy,auto,2,884736,23.59199896,23.52960035,23.82719889,23.57120067,23.62399921,0.0022379850087955954,5
gh200,legacy,auto,2,901120,28.48320082,28.23039889,28.62240002,28.47040072,28.5679996,0.003426541862930966,5
gh200,legacy,auto,2,917504,28.52160111,28.38880196,28.63040008,28.44319865,28.5679996,0.004375664238437311,5
gh200,legacy,auto,2,933888,28.76799926,28.54720131,28.83999981,28.66720036,28.82719971,0.005561712809916126,5
gh200,legacy,auto,2,950272,29.02399935,28.80639955,29.19200063,28.82879972,29.03519943,0.007111346286603312,5
gh200,legacy,auto,2,966656,29.13760021,29.08799984,29.22559902,29.13760021,29.20480072,0.002306315877617803,5
gh200,legacy,auto,2,983040,29.2928014,29.09440175,29.42239866,29.25919928,29.33759987,0.0026764456198442514,5
gh200,legacy,auto,2,999424,29.3279998,29.31359969,29.48000096,29.31359969,29.46400084,0.005128244374851654,5
gh200,legacy,auto,2,1015808,29.41600047,29.23839912,29.51680124,29.38399836,29.44000065,0.0019038036818471032,5
gh200,legacy,auto,2,1032192,29.42880057,29.19200063,29.49280106,29.36480008,29.46560085,0.0034252422133289433,5
gh200,legacy,auto,2,1048576,29.44799885,29.1839987,29.68159877,29.33599986,29.580798,0.008312895597657913,5
gh200,legacy,auto,2,1064960,30.06719984,29.82399985,30.12799844,29.89440039,30.11840023,0.007449973432577472,5
gh200,legacy,auto,2,1081344,30.10079823,30.01599945,30.35200015,30.03999963,30.17280065,0.004411877020179565,5
gh200,legacy,auto,2,1097728,30.32160178,30.10560013,30.49280122,30.2671995,30.3328,0.0021634905858854865,5
gh200,legacy,auto,2,1114112,30.30239977,30.2271992,30.47200106,30.24319932,30.38879856,0.004804874897866968,5
gh200,legacy,auto,2,1130496,30.51519953,30.28959967,30.63200042,30.31519987,30.52639961,0.006921132525853677,5
gh200,legacy,auto,2,1146880,30.41760065,30.31359985,30.68799898,30.35680018,30.51519953,0.005207489960257592,5
gh200,legacy,auto,2,1163264,30.47679923,30.32639995,30.77599965,30.44959903,30.49119934,0.001364982906704004,5
gh200,legacy,auto,2,1179648,30.45920096,30.40480055,30.85759841,30.43999895,30.55359982,0.0037296076856770926,5
gh200,legacy,auto,2,1196032,31.08480014,30.94399907,31.14399873,30.9743993,31.13440052,0.005147249436360637,5
gh200,legacy,auto,2,1212416,31.18880093,31.1663989,31.42400086,31.16959892,31.41280264,0.007797789999873533,5
gh200,legacy,auto,2,1228800,31.33920208,31.16000071,31.48639947,31.28639981,31.46719933,0.005769116888760327,5
gh200,legacy,auto,2,1245184,31.46240115,31.30559996,31.60639852,31.34080023,31.49919957,0.005034559798688442,5
gh200,legacy,auto,2,1261568,31.48639947,31.41120076,31.67999908,31.45120293,31.52000159,0.002185027858315449,5
gh200,legacy,auto,2,1277952,31.47520125,31.21759929,31.67679906,31.45120293,31.50239959,0.001626571331295258,5
gh200,legacy,auto,2,1294336,31.54719993,31.37119859,31.6080004,31.47839755,31.58079833,0.0032459546402602065,5
gh200,legacy,auto,2,1310720,31.63360059,31.49119765,31.83040023,31.49279952,31.8272002,0.010571059688529805,5
gh200,legacy,auto,2,1327104,32.31520206,31.98239952,32.56640211,32.23039955,32.3375985,0.0033172916511850906,5
gh200,legacy,auto,2,1343488,32.25599974,32.05280006,32.53439814,32.2288014,32.35200047,0.003819415643385614,5
gh200,legacy,auto,2,1359872,32.3759988,32.28159994,32.49759972,32.33439848,32.45120123,0.0036076956489140056,5
gh200,legacy,auto,2,1376256,32.44800121,32.14719892,32.50879794,32.41600096,32.47519955,0.0018244140715131944,5
gh200,legacy,auto,2,1392640,32.46239945,32.28799999,32.82240033,32.45120123,32.66560286,0.006604614373322227,5
gh200,legacy,auto,2,1409024,32.52159804,32.27680176,32.71200135,32.36160055,32.61119872,0.00767484333620399,5
gh200,legacy,auto,2,1425408,32.66239911,32.51359984,32.76959807,32.63520077,32.74079785,0.003232986029114827,5
gh200,legacy,auto,2,1441792,32.77119994,32.64959902,33.00639987,32.70880133,32.9711996,0.008006977787826419,5
gh200,legacy,auto,2,1458176,33.17280114,32.95040131,33.45119953,33.16640109,33.31359848,0.0044372915443221545,5
gh200,legacy,auto,2,1474560,33.12479705,32.9791978,33.4656015,33.10399875,33.41440111,0.009370694695320335,5
gh200,legacy,auto,2,1490944,33.37759897,33.09280053,33.59520063,33.25119987,33.39680284,0.00436229610556672,5
gh200,legacy,auto,2,1507328,33.38400275,33.18399936,33.42559934,33.20480138,33.39039907,0.005559479831998324,5
gh200,legacy,auto,2,1523712,33.32639858,33.28000009,33.6304009,33.31520036,33.4863998,0.0051370519256390135,5
gh200,legacy,auto,2,1540096,33.50720182,33.20319951,33.68800133,33.41760114,33.64000097,0.006637373994842298,5
gh200,legacy,auto,2,1556480,33.6048007,33.38880092,33.83519873,33.50720182,33.83360058,0.009712861055593273,5
gh200,legacy,auto,2,1572864,33.5040018,33.4607996,33.8831991,33.46880153,33.73279795,0.00787954888421711,5
gh200,legacy,auto,2,1589248,34.02239829,33.79840031,34.54240039,33.8831991,34.07999873,0.005784413794774872,5
gh200,legacy,auto,2,1605632,34.04799849,33.84320065,34.37440097,33.94079953,34.228798,0.008458602055112991,5
gh200,legacy,auto,2,1622016,34.20799971,33.88959914,34.47519988,34.09120068,34.46239978,0.010851236644844976,5
gh200,legacy,auto,2,1638400,34.24319997,34.04479846,34.65119749,34.07039866,34.43840146,0.01074674096820395,5
gh200,legacy,auto,2,1654784,34.46559981,34.09120068,34.75200012,34.28160027,34.47360173,0.0055708144079445856,5
gh200,legacy,auto,2,1671168,34.46080163,34.28319842,34.76319835,34.38080102,34.46559981,0.002460731787683625,5
gh200,legacy,auto,2,1687552,34.48799998,34.27999839,34.84319896,34.40640122,34.67679769,0.007840305908049397,5
gh200,legacy,auto,2,1703936,34.52799842,34.33600068,34.9887982,34.37120095,34.59360078,0.006441144583439786,5
gh200,legacy,auto,2,1720320,34.99839827,34.90240127,35.18239781,34.94879976,35.12319922,0.004983069758066288,5
gh200,legacy,auto,2,1736704,35.05279869,34.88960117,35.24000198,35.0143984,35.16960144,0.004427693245626074,5
gh200,legacy,auto,2,1753088,35.19519791,34.95839983,35.33919901,35.16799957,35.2640003,0.002727665582261819,5
gh200,legacy,auto,2,1769472,35.24959832,34.95839983,35.53760052,35.00320017,35.43199971,0.012164664575956507,5
gh200,legacy,auto,2,1785856,35.34720093,35.17119959,35.61919928,35.18880159,35.54559872,0.010094070269003445,5
gh200,legacy,auto,2,1802240,35.33760086,35.23520008,35.6303975,35.33440083,35.48000008,0.004120235852366906,5
gh200,legacy,auto,2,1818624,35.60639918,35.30400246,35.73600203,35.55839881,35.67039967,0.00314552615763833,5
gh200,legacy,auto,2,1835008,35.63199937,35.39359942,35.7664004,35.4752019,35.67999974,0.005747582050431476,5
gh200,legacy,auto,2,1851392,36.05280071,35.78720242,39.37599808,35.81760079,36.07999906,0.0072781660462571725,5
gh200,legacy,auto,2,1867776,35.97600013,35.85279733,36.16959974,35.90239957,36.14399955,0.006715587589697859,5
gh200,legacy,auto,2,1884160,36.15199775,36.1119993,36.2767987,36.12639755,36.20319813,0.0021243799728881347,5
gh200,legacy,auto,2,1900544,36.21920198,35.9807983,36.35520115,36.16959974,36.24960035,0.0022087899684861867,5
gh200,legacy,auto,2,1916928,36.34240106,36.01440042,36.53920069,36.32160276,36.35359928,0.0008804184387040018,5
gh200,legacy,auto,2,1933312,36.47040203,36.24159843,36.59679741,36.33599728,36.49440035,0.004343332159313697,5
gh200,legacy,auto,2,1949696,36.58559918,36.47040203,36.6320014,36.57279909,36.60000116,0.0007435185048129994,5
gh200,legacy,auto,2,1966080,36.70879826,36.34720296,36.85279936,36.64319962,36.72320023,0.002179330672537416,5
gh200,legacy,auto,2,1982464,36.94080189,36.7456004,37.04800084,36.86720133,37.03200072,0.004461175220037945,5
gh200,legacy,auto,2,1998848,36.99199855,36.69599816,37.05919906,36.84639931,37.04000264,0.005233654238451382,5
gh200,legacy,auto,2,2015232,37.09600121,36.8768014,37.29600087,36.8975997,37.17919812,0.007591072105208229,5
gh200,legacy,auto,2,2031616,37.18239814,36.94880009,37.26720065,36.95040196,37.22079843,0.007272163268810651,5
gh200,legacy,auto,2,2048000,37.37119958,37.12319955,37.5056006,37.23840043,37.37759963,0.0037247720588154632,5
gh200,legacy,auto,2,2064384,37.53279895,37.36000136,37.67039999,37.3871997,37.652798,0.007076432012273377,5
gh200,legacy,auto,2,2080768,37.47040033,37.3999998,37.88799793,37.40959987,37.68320009,0.007301769332337388,5
gh200,legacy,auto,2,2097152,37.7632007,37.54559904,37.95680031,37.73440048,37.81760111,0.0022032197604479097,5
gh200,legacy,auto,2,2113536,39.18879852,38.89760002,39.58719969,39.17440027,39.2832011,0.0027763247180051555,5
gh200,legacy,auto,2,2129920,39.24959898,38.96959871,39.52480108,39.23360258,39.31520134,0.0020789705403506916,5
gh200,legacy,auto,2,2146304,39.41439837,39.12959993,39.84799981,39.30880129,39.63520005,0.008281206196171188,5
gh200,legacy,auto,2,2162688,39.70880061,39.38240185,39.95360062,39.56159949,39.72639889,0.004150198380922584,5
gh200,legacy,auto,2,2179072,39.60160166,39.36479986,40.03039747,39.56799954,39.69280049,0.0031514116795447033,5
gh200,legacy,auto,2,2195456,39.97760266,39.51200098,40.66880047,39.74559903,40.05599767,0.007764313499232785,5
gh200,legacy,auto,2,2211840,40.00479728,39.760001,40.18720239,39.85759988,40.14559835,0.00719909834773691,5
gh200,legacy,auto,2,2228224,40.19039869,39.85119984,40.24479911,39.91039842,40.21120071,0.0074844316006958235,5
gh200,legacy,auto,2,2244608,40.36960006,39.90080208,40.46880081,40.2624011,40.44640064,0.00455787373980742,5
gh200,legacy,auto,2,2260992,40.38720205,40.10399804,40.48959911,40.21919891,40.43839872,0.005427457186279613,5
gh200,legacy,auto,2,2277376,40.39680213,40.2911976,40.62400013,40.35359994,40.52159935,0.004158730422753891,5
gh200,legacy,auto,2,2293760,40.58400169,40.23199901,40.82239792,40.55520147,40.68959877,0.0033115832447128844,5
gh200,legacy,auto,2,2310144,40.7776013,40.50559923,40.81759974,40.69440067,40.81119969,0.00286429354048351,5
gh200,legacy,auto,2,2326528,41.08319804,40.70559889,41.22399911,40.82559794,41.20320082,0.0091911754199941,5
gh200,legacy,auto,2,2342912,41.07039794,40.81920162,41.25759751,40.93280062,41.20320082,0.006583822255509352,5
gh200,legacy,auto,2,2359296,41.23199731,40.98720104,41.29119962,41.04959965,41.25759751,0.00504457396124134,5
gh200,legacy,auto,2,2375680,41.39680043,41.01600125,41.5632017,41.10560194,41.43359885,0.007923243018615174,5
gh200,legacy,auto,2,2392064,41.45120084,41.09439999,41.49279743,41.41600057,41.49119928,0.0018141503376526817,5
gh200,legacy,auto,2,2408448,41.51520133,41.1616005,41.6463986,41.41119868,41.5535979,0.0034300500885948975,5
gh200,legacy,auto,2,2424832,41.71039909,41.59360006,41.85920209,41.70719907,41.72480106,0.00042200483294382537,5
gh200,legacy,auto,2,2441216,42.00480133,41.64160043,42.06719995,41.67520255,42.01760143,0.008151422436450255,5
gh200,legacy,auto,2,2457600,42.05920175,41.84319824,42.12480038,41.88960046,42.09119827,0.004793191539827611,5
gh200,legacy,auto,2,2473984,42.24000126,41.91040248,42.31039807,42.12800041,42.30879992,0.004280291302245097,5
gh200,legacy,auto,2,2490368,42.27039963,42.07519814,42.545598,42.187199,42.45280102,0.006283404517697077,5
gh200,legacy,auto,2,2506752,42.2927998,42.04640165,42.49599949,42.06559807,42.31680185,0.005939634670391279,5
gh200,legacy,auto,2,2523136,42.35040024,41.97920114,42.51839966,42.24959761,42.47359931,0.005289246352586424,5
gh200,legacy,auto,2,2539520,42.50559956,41.94559902,42.74240136,42.23679751,42.57439822,0.007942499658743708,5
gh200,legacy,auto,2,2555904,42.80159995,42.29759797,42.86240041,42.6511988,42.84960032,0.004635376253031806,5
gh200,legacy,auto,2,2572288,42.97919944,42.64160246,43.17440093,42.77119786,43.01599786,0.0056957784972645805,5
gh200,legacy,auto,2,2588672,43.02879795,42.79359803,43.21119934,42.87520051,43.1760028,0.006990720269470136,5
gh200,legacy,auto,2,2605056,43.26879978,42.89919883,43.48959774,43.21439937,43.36319864,0.003438950716372235,5
gh200,legacy,auto,2,2621440,43.2847999,43.20640117,43.45919937,43.24639961,43.2927981,0.0010719349542378594,5
gh200,legacy,auto,2,2637824,43.12000051,42.84160212,43.24159771,43.0399999,43.21759939,0.004118726528280337,5
gh200,legacy,auto,2,2654208,43.29920188,43.02879795,43.48959774,43.26719791,43.36480051,0.0022541431657446954,5
gh200,legacy,auto,2,2670592,43.48320141,43.05600002,43.63039881,43.43680292,43.50560158,0.0015821893919746419,5
gh200,legacy,auto,2,2686976,43.67680103,43.27839985,43.72800142,43.60640049,43.68799925,0.0018682403032207267,5
gh200,legacy,auto,2,2703360,43.96640137,43.52479801,44.09600049,43.79040003,43.99679974,0.004694487234991993,5
gh200,legacy,auto,2,2719744,44.10719872,43.75039786,44.31360215,43.9135991,44.17439923,0.005912869952490145,5
gh200,legacy,auto,2,2736128,44.24479976,43.92480105,44.42239925,44.09920052,44.33279857,0.005279672442120343,5
gh200,legacy,auto,2,2752512,44.15199906,43.97759959,44.37119886,44.12319884,44.24319789,0.0027178622158630975,5
gh200,legacy,auto,2,2768896,44.37919706,43.82240027,44.49919984,44.04800013,44.47359964,0.009590067828956005,5
gh200,legacy,auto,2,2785280,44.5520021,44.04959828,44.66079921,44.44479942,44.63040084,0.004165950153786637,5
gh200,legacy,auto,2,2801664,44.54880208,44.30080205,44.72959787,44.539202,44.65920106,0.0026936540242879147,5
gh200,legacy,auto,2,2818048,44.94560137,44.55839843,44.99039799,44.84640062,44.98559982,0.0030970594620391926,5
gh200,legacy,auto,2,2834432,44.97919977,44.80639845,45.13119906,44.94240135,45.12479901,0.004055155737155958,5
gh200,legacy,auto,2,2850816,45.1936014,44.99360174,45.40320113,45.1680012,45.21920159,0.001132912368430948,5
gh200,legacy,auto,2,2867200,45.40799931,45.07359862,45.55840045,45.17439753,45.49119994,0.0069767973664110125,5
gh200,legacy,auto,2,2883584,45.28320208,45.21920159,45.61119899,45.24480179,45.53120211,0.006324648144228708,5
gh200,legacy,auto,2,2899968,45.27679831,44.99680176,45.63520104,45.19839957,45.4512015,0.005583476293291021,5
gh200,legacy,auto,2,2916352,45.47519982,45.13440281,45.57599872,45.40159926,45.55039853,0.0032720971120299065,5
gh200,legacy,auto,2,2932736,45.57920247,45.36160082,45.86879909,45.38399726,45.5855988,0.004423103720006767,5
gh200,legacy,auto,2,2949120,45.91520131,45.44799775,46.14400119,45.80640048,45.96000165,0.003345322804161342,5
gh200,legacy,auto,2,2965504,46.09439895,45.82880065,46.26559839,46.03999853,46.26400024,0.004859629696939635,5
gh200,legacy,auto,2,2981888,46.31520063,46.02560028,46.46559805,46.2240018,46.33120075,0.002314552210544904,5
gh200,legacy,auto,2,2998272,46.38879746,46.25760019,46.60639912,46.37599736,46.55360058,0.0038285799530187203,5
gh200,legacy,auto,2,3014656,46.49440199,46.25920206,46.62879929,46.46719992,46.5983972,0.0028217865890224794,5
gh200,legacy,auto,2,3031040,46.15519941,46.12799734,46.47039995,46.13440111,46.41919956,0.006170452162282269,5
gh200,legacy,auto,2,3047424,46.4511998,46.15839943,46.51840031,46.2240018,46.48640007,0.005648901882616141,5
gh200,legacy,auto,2,3063808,46.46559805,46.18399963,46.64799944,46.40159756,46.62720114,0.004855281960585845,5
gh200,legacy,auto,2,3080192,46.90400138,46.53919861,46.91199958,46.85439914,46.90720141,0.001125751928331553,5
gh200,legacy,auto,2,3096576,47.09280282,46.96960002,47.27680236,46.99999839,47.17279971,0.0036693785388074254,5
gh200,legacy,auto,2,3112960,47.33439907,47.08800092,47.45120183,47.21760005,47.4352017,0.004597114451124664,5
gh200,legacy,auto,2,3129344,47.36319929,47.30720073,47.58880287,47.33439907,47.41280153,0.0016553455251185484,5
gh200,legacy,auto,2,3145728,47.55679891,47.42719978,47.5647971,47.50559852,47.55999893,0.0011439039474240237,5
gh200,legacy,auto,2,3162112,47.48960212,47.2191982,100.5007997,47.32320085,47.59360105,0.005693882195869563,5
gh200,legacy,auto,2,3178496,47.43840173,47.36319929,47.72480205,47.36480117,47.62560129,0.0054976582365562545,5
gh200,legacy,auto,2,3194880,47.62719944,47.44959995,47.89919779,47.62560129,47.89280146,0.005610243162347117,5
gh200,legacy,auto,2,3211264,48.01280051,47.68640175,48.20640013,47.76800051,48.02240059,0.005298588653394848,5
gh200,legacy,auto,2,3227648,48.38880152,48.07200283,48.40799794,48.21760207,48.40639979,0.0039016820848925154,5
gh200,legacy,auto,2,3244032,48.52960259,48.30399901,48.8624014,48.37759957,48.65919799,0.005802611292308991,5
gh200,legacy,auto,2,3260416,48.59359935,48.51520061,48.84799942,48.59039932,48.84799942,0.0053011117399353064,5
gh200,legacy,auto,2,3276800,48.5823974,48.57119918,48.92480001,48.57600108,48.77760261,0.004149682617350723,5
gh200,legacy,auto,2,3293184,48.54720086,48.41119796,48.82239923,48.52480069,48.6079976,0.0017137323785138634,5
gh200,legacy,auto,2,3309568,48.63680154,48.47199842,48.8240011,48.63519967,48.81120101,0.0036186865588859014,5
gh200,legacy,auto,2,3325952,48.94239828,48.84799942,49.10080135,48.89439791,48.96160215,0.0013731292777178399,5
gh200,legacy,auto,2,3342336,49.25920069,49.07520115,49.55999926,49.22240227,49.50080067,0.005651703561980662,5
gh200,legacy,auto,2,3358720,49.64799806,49.26560074,49.69760031,49.51360077,49.67200011,0.0031904476754244086,5
gh200,legacy,auto,2,3375104,49.76960272,49.55840111,49.90720004,49.7232005,49.79040101,0.0013502319955830113,5
gh200,legacy,auto,2,3391488,49.96480048,49.76639897,50.10079592,49.89280179,50.0815995,0.003778614308198332,5
gh200,legacy,auto,2,3407872,49.88319799,49.71840233,50.0895977,49.73920062,49.98239875,0.00487535161736737,5
gh200,legacy,auto,2,3424256,49.62239787,49.40319806,50.03839731,49.51680079,49.62719977,0.002224781242720695,5
gh200,legacy,auto,2,3440640,49.81439933,49.76319894,50.0992015,49.80320111,49.96959865,0.0033403502247951002,5
gh200,legacy,auto,2,3457024,49.95999858,49.7360006,50.10880157,49.88319799,50.0815995,0.003971207278605243,5
gh200,legacy,auto,2,3473408,50.40479824,50.10240152,50.54559559,50.19519851,50.41279644,0.004317008253141332,5
gh200,legacy,auto,2,3489792,50.77279732,50.61119795,50.96640065,50.64960197,50.87359995,0.0044117714962252945,5
gh200,legacy,auto,2,3506176,50.87199807,50.73919892,50.94080046,50.76799914,50.93439668,0.0032709063200355324,5
gh200,legacy,auto,2,3522560,51.02559924,50.71359873,51.21920258,51.00160092,51.09440163,0.0018187088712767225,5
gh200,legacy,auto,2,3538944,51.15360022,50.9648025,51.26399919,51.14079639,51.19199678,0.001000914691826127,5
gh200,legacy,auto,2,3555328,50.68160221,50.50399899,50.92319846,50.64479634,50.90079829,0.005051181076305562,5
gh200,legacy,auto,2,3571712,50.94720051,50.7439971,51.31839961,50.91999844,51.16639659,0.004836343263878336,5
gh200,legacy,auto,2,3588096,51.27520114,51.13279819,51.72479898,51.15360022,51.40320212,0.00486788729152905,5
gh200,legacy,auto,2,3604480,51.6015999,51.19840056,52.16640234,51.43200234,51.83359981,0.007782655397861139,5
gh200,legacy,auto,2,3620864,51.83039978,51.69919878,52.03840137,51.77120119,51.93920061,0.00324132981248637,5
gh200,legacy,auto,2,3637248,52.04799771,51.91199854,52.3872003,51.99679732,52.1344021,0.0026438054498600953,5
gh200,legacy,auto,2,3653632,52.12960392,51.7328009,52.60639638,51.99679732,52.13119835,0.002578209307061993,5
gh200,legacy,auto,2,3670016,51.99999735,51.81760341,52.29120329,51.990401,52.19519883,0.003938420008400326,5
gh200,legacy,auto,2,3686400,51.95840076,51.64320022,52.13920027,51.76799744,52.06720158,0.005758532511076472,5
gh200,legacy,auto,2,3702784,52.10400373,51.6272001,52.3536019,52.02720314,52.20000073,0.00331639754394747,5
gh200,legacy,auto,2,3719168,52.41759866,52.05280334,52.55839974,52.20320076,52.48640105,0.005402771153958015,5
gh200,legacy,auto,2,3735552,52.68960074,52.38080025,53.16000059,52.46239901,52.8688021,0.00771315561879896,5
gh200,legacy,auto,2,3751936,53.17439884,52.70239711,53.24959755,52.92800069,53.22080106,0.005506416177473459,5
gh200,legacy,auto,2,3768320,53.23519558,52.8608039,53.42720076,52.96479911,53.34720016,0.007183237439699824,5
gh200,legacy,auto,2,3784704,53.30880359,53.17599699,53.64639685,53.30560356,53.56319994,0.004832154590847298,5
gh200,legacy,auto,2,3801088,53.55839804,53.07520181,53.73119563,53.30719799,53.56960371,0.004899431827741124,5
gh200,legacy,auto,2,3817472,53.40160057,52.90079862,53.60800028,53.30560356,53.4799993,0.0032657399429704276,5
gh200,legacy,auto,2,3833856,53.3536002,53.02079767,53.86560038,53.34400013,53.44480276,0.0018893313594984728,5
gh200,legacy,auto,2,3850240,53.62240225,53.33120376,53.80160362,53.40959877,53.79679799,0.0072208480738104085,5
gh200,legacy,auto,2,3866624,54.12160233,53.83680016,54.18879911,54.04480174,54.13119867,0.0015963483393047295,5
gh200,legacy,auto,2,3883008,54.30240184,53.80960181,54.45439741,54.17280272,54.37440425,0.0037125711417702882,5
gh200,legacy,auto,2,3899392,54.43040282,54.40319702,54.54720184,54.42079902,54.50399965,0.0015285690659895127,5
gh200,legacy,auto,2,3915776,54.64320257,54.28159982,54.98240143,54.28640172,54.78240177,0.009077067716970002,5
gh200,legacy,auto,2,3932160,54.59200218,54.48319763,54.71839756,54.55679819,54.71359938,0.0028722373926311257,5
gh200,legacy,auto,2,3948544,54.5231998,54.02240157,54.94400114,54.28799987,54.56320196,0.005047431020363565,5
gh200,legacy,auto,2,3964928,54.60960418,54.21759933,54.68959734,54.47679758,54.64800075,0.003135037738704194,5
gh200,legacy,auto,2,3981312,54.95039746,54.71839756,55.29599637,54.7344014,54.99359965,0.004716949503207418,5
gh200,legacy,auto,2,3997696,55.26400357,55.09280041,55.42399734,55.22400141,55.38560078,0.0029241343290539595,5
gh200,legacy,auto,2,4014080,55.36799878,55.2399978,55.80319837,55.31520396,55.63359708,0.005750489940319335,5
gh200,legacy,auto,2,4030464,55.7728,55.57439849,56.18079752,55.67039922,55.84640056,0.0031556841327672115,5
gh200,legacy,auto,2,4046848,55.83199859,55.44639751,56.01119995,55.6640029,55.84319681,0.0032095198904826126,5
gh200,legacy,auto,2,4063232,55.90559915,55.56960031,56.16639927,55.70239946,56.00159615,0.005351819755964375,5
gh200,legacy,auto,2,4079616,55.45120314,55.08639663,55.63520268,55.40000275,55.47199771,0.0012983480235447572,5
gh200,legacy,auto,2,4096000,55.70559949,55.66560104,55.90080097,55.67039922,55.87999895,0.00376263305518554,5
gh200,legacy,auto,2,4112384,56.00320175,55.80319837,56.375999,55.94239756,56.12000078,0.0031713047549106355,5
gh200,legacy,auto,2,4128768,56.49279803,56.29760027,56.73279613,56.37279898,56.5151982,0.0025206614819181313,5
gh200,legacy,auto,2,4145152,56.55679852,56.524802,56.81600049,56.53120205,56.64319918,0.0019802593663501094,5
gh200,legacy,auto,2,4161536,56.71200156,56.62239715,57.02560022,56.70719594,57.0224002,0.005557981579375623,5
gh200,legacy,auto,2,4177920,56.85439706,56.64319918,56.96160346,56.84000254,56.90559745,0.001153735038835737,5
gh200,legacy,auto,2,4194304,57.00640008,56.54879659,57.10560083,56.89280108,57.09760264,0.003592606439147033,5
gh200,legacy,auto,4,262144,11.84159983,11.55999955,11.9599998,11.62880007,11.92639954,0.025131694557524984,5
gh200,legacy,auto,4,278528,11.54400036,11.33759972,11.73919998,11.39360014,11.54719945,0.013305553119369496,5
gh200,legacy,auto,4,294912,11.6063999,11.34240068,11.74880005,11.46079972,11.65440027,0.016680499695689386,5
gh200,legacy,auto,4,311296,11.45119965,11.39040012,11.51840016,11.44160051,11.48479991,0.0037724781088764696,5
gh200,legacy,auto,4,327680,11.67519949,11.5663996,48.20960015,11.66720036,11.99200004,0.02781962571844671,5
gh200,legacy,auto,4,344064,11.54719945,11.32320054,11.9071994,11.53120026,11.77600026,0.021199945585074282,5
gh200,legacy,auto,4,360448,11.62880007,11.40159927,12.48000003,11.62240002,11.90880034,0.0246285359001791,5
gh200,legacy,auto,4,376832,11.56480052,11.50240004,12.31999975,11.54880039,11.91039942,0.031267208576114626,5
gh200,legacy,auto,4,393216,11.52000017,11.47199981,12.29920052,11.47359982,11.54719945,0.006388856676553362,5
gh200,legacy,auto,4,409600,13.74879945,13.59200012,14.32639919,13.72640021,13.7951998,0.005004043462136698,5
gh200,legacy,auto,4,425984,13.84000015,13.54240067,13.95359915,13.71520013,13.84160109,0.009133017242055433,5
gh200,legacy,auto,4,442368,13.74399941,13.48959934,14.01599962,13.71680014,13.78239971,0.0047729607695028145,5
gh200,legacy,auto,4,458752,13.7904007,13.76159955,14.22079932,13.76959961,13.82560004,0.0040608268909836116,5
gh200,legacy,auto,4,475136,13.83520104,13.68000079,14.08960111,13.7951998,13.95359915,0.011449009634340654,5
gh200,legacy,auto,4,491520,13.80479895,13.76319956,14.29920085,13.8032008,14.06559907,0.019007757443653208,5
gh200,legacy,auto,4,507904,13.94880004,13.67679983,14.67359997,13.90559971,14.01759963,0.008029358774864107,5
gh200,legacy,auto,4,524288,13.80479895,13.77439965,13.9952004,13.77599966,13.91039975,0.00973575134899011,5
gh200,legacy,auto,4,540672,14.18079995,13.93599994,14.33440018,13.95840012,14.27360065,0.022227274280108594,5
gh200,legacy,auto,4,557056,13.97279929,13.86079937,14.50079959,13.90240062,14.25440051,0.02519179462141978,5
gh200,legacy,auto,4,573440,14.24639951,13.84160109,14.35039937,14.19200003,14.31520004,0.00864779974150814,5
gh200,legacy,auto,4,589824,14.26880062,14.06079996,14.40159976,14.22400028,14.31520004,0.006391550518420538,5
gh200,legacy,auto,4,606208,14.28479981,14.17919993,14.44319915,14.23359942,14.31999914,0.006048367575968225,5
gh200,legacy,auto,4,622592,14.23839945,14.04480077,14.44640011,14.20799922,14.39519972,0.013147580292109393,5
gh200,legacy,auto,4,638976,14.33759928,13.98720033,14.4623993,14.30719905,14.40159976,0.006584136448260423,5
gh200,legacy,auto,4,655360,14.41760082,14.04000074,14.4848004,14.25600052,14.46720026,0.014648743756799311,5
gh200,legacy,auto,4,671744,14.37759958,14.28479981,14.57600016,14.29920085,14.38879967,0.006231834424199417,5
gh200,legacy,auto,4,688128,14.36959952,14.20000009,14.6768,14.35679942,14.64479975,0.020042335181238297,5
gh200,legacy,auto,4,704512,14.54399992,14.47360031,14.72959947,14.51680064,14.57120012,0.0037403383044023507,5
gh200,legacy,auto,4,720896,14.56640102,14.3232001,14.83359933,14.42400087,14.68640007,0.018014003571624793,5
gh200,legacy,auto,4,737280,14.50079959,14.46720026,15.11999965,14.48159944,14.62720055,0.010040902165174977,5
gh200,legacy,auto,4,753664,14.64159973,14.4592002,14.66560084,14.51999974,14.65439983,0.00917933098011277,5
gh200,legacy,auto,4,770048,14.58079927,14.41439986,14.81760014,14.4592002,14.73920047,0.01920335537271273,5
gh200,legacy,auto,4,786432,14.5855993,14.41760082,14.73920047,14.56640102,14.65920079,0.0063624242028916264,5
gh200,legacy,auto,4,802816,16.66720025,16.56639948,16.82719961,16.58080146,16.71199873,0.007871584191232192,5
gh200,legacy,auto,4,819200,16.79040119,16.30080119,16.87039994,16.60319977,16.83999971,0.01410329254914015,5
gh200,legacy,auto,4,835584,16.58399962,16.50400087,16.8255996,16.56319946,16.72800072,0.009937365157754438,5
gh200,legacy,auto,4,851968,16.95200056,16.56639948,17.64480025,16.75039902,17.33919978,0.03473340847978368,5
gh200,legacy,auto,4,868352,16.87039994,16.76640101,16.98240079,16.77760109,16.9712007,0.011475697712475199,5
gh200,legacy,auto,4,884736,16.83519967,16.65120013,17.33279973,16.79199934,17.04959944,0.015301279762011946,5
gh200,legacy,auto,4,901120,16.84319973,16.7520009,17.35039987,16.75519906,16.88320003,0.007599563743937283,5
gh200,legacy,auto,4,917504,16.92000031,16.88640006,17.59519987,16.90240018,17.10719988,0.012104000960269416,5
gh200,legacy,auto,4,933888,16.95040055,16.8527998,17.14080013,16.88480005,17.10079983,0.012743048718102454,5
gh200,legacy,auto,4,950272,16.98399894,16.80799946,17.27519929,16.87359996,17.00640097,0.007819183837042882,5
gh200,legacy,auto,4,966656,16.97440073,16.72320068,17.254401,16.93600044,16.9791989,0.0025449181203582483,5
gh200,legacy,auto,4,983040,17.17280038,16.8527998,17.87520014,17.11999997,17.47519895,0.020683812315996933,5
gh200,legacy,auto,4,999424,17.16800034,16.95840061,17.48320088,17.01119915,17.21920073,0.012115655631446781,5
gh200,legacy,auto,4,1015808,17.1360001,17.00640097,17.25279912,17.09439978,17.21600071,0.0070962260323515994,5
gh200,legacy,auto,4,1032192,17.17280038,16.9440005,17.31840149,17.0975998,17.22719893,0.007546767395662174,5
gh200,legacy,auto,4,1048576,17.08799973,16.99679904,20.41279897,17.06879959,17.18080044,0.006554356962176614,5
gh200,legacy,auto,4,1064960,17.27360114,17.0047991,17.3551999,17.26880111,17.30560139,0.002130434742688597,5
gh200,legacy,auto,4,1081344,17.26880111,17.15360023,17.74079911,17.24639907,17.35039987,0.006022467879358271,5
gh200,legacy,auto,4,1097728,17.37600006,17.17599854,17.50559919,17.33439974,17.46879891,0.007734758836090945,5
gh200,legacy,auto,4,1114112,17.35039987,17.27519929,17.86560006,17.29920134,17.50880107,0.012080397660598744,5
gh200,legacy,auto,4,1130496,17.41440035,17.23520085,17.52800122,17.40640029,17.46239886,0.0032156473306300124,5
gh200,legacy,auto,4,1146880,17.47359894,17.14080013,17.50240102,17.38720015,17.48799905,0.005768639897602993,5
gh200,legacy,auto,4,1163264,17.56159961,17.45120063,17.85599999,17.45440066,17.56639965,0.006377493650192611,5
gh200,legacy,auto,4,1179648,17.34559983,17.32479967,17.7919995,17.32639968,17.37280004,0.002675050759544693,5
gh200,legacy,auto,4,1196032,19.61600035,19.2640014,19.86240037,19.4304008,19.79039982,0.01835231512931738,5
gh200,legacy,auto,4,1212416,19.50239949,19.10880022,19.98399943,19.31519993,19.55839992,0.012470259883903179,5
gh200,legacy,auto,4,1228800,19.39840056,19.19839904,19.57440004,19.3119999,19.53279972,0.011382372444421772,5
gh200,legacy,auto,4,1245184,19.39360052,19.23359931,19.48640123,19.38400045,19.438399,0.0028049742462160367,5
gh200,legacy,auto,4,1261568,19.4032006,19.23679933,19.56639998,19.37120035,19.47360113,0.005277520039657785,5
gh200,legacy,auto,4,1277952,19.42719892,19.29439977,19.4639992,19.35680024,19.44160089,0.0043650477018949375,5
gh200,legacy,auto,4,1294336,20.00319958,19.69600096,20.74399963,19.73759942,20.02239972,0.014237737261030746,5
gh200,legacy,auto,4,1310720,20.12960054,19.76479962,20.53759992,20.08320019,20.39040066,0.015261130959333062,5
gh200,legacy,auto,4,1327104,19.70559917,19.5567999,20.02239972,19.67200078,19.79519986,0.006251983455928538,5
gh200,legacy,auto,4,1343488,19.69760098,19.6431987,19.81119998,19.65280063,19.75039952,0.004954861767130633,5
gh200,legacy,auto,4,1359872,19.61760037,19.54559982,19.96159926,19.61120032,19.71839927,0.0054644272478877485,5
gh200,legacy,auto,4,1376256,19.75839958,19.5696,19.95040104,19.67519894,19.76319961,0.004453835931584068,5
gh200,legacy,auto,4,1392640,20.67040093,20.60160041,21.55200019,20.6351988,21.34880051,0.03452287705577654,5
gh200,legacy,auto,4,1409024,20.94880119,20.70879936,21.17120102,20.90400085,21.02079988,0.005575451737818475,5
gh200,legacy,auto,4,1425408,20.29919997,19.96479928,20.98239958,20.25919966,20.35519853,0.004729194753580181,5
gh200,legacy,auto,4,1441792,20.11680044,19.85600032,20.32160014,19.96799931,20.14720067,0.00890804482226103,5
gh200,legacy,auto,4,1458176,20.20799927,20.0976003,20.91200091,20.13600059,20.46239935,0.016151958224016702,5
gh200,legacy,auto,4,1474560,20.36640048,20.20959929,25.74560046,20.23199946,20.36799863,0.0066776242632344655,5
gh200,legacy,auto,4,1490944,21.50239982,21.32800035,22.39840105,21.32960036,21.51199989,0.008482752228909018,5
gh200,legacy,auto,4,1507328,21.41119912,21.23999968,22.51360007,21.30880021,21.69599943,0.01808395773772055,5
gh200,legacy,auto,4,1523712,20.46399936,20.4303991,20.58400027,20.4480011,20.57760023,0.006333030397436572,5
gh200,legacy,auto,4,1540096,20.62879875,20.41600086,21.07200027,20.48639953,20.66880092,0.008842075208087382,5
gh200,legacy,auto,4,1556480,20.47519945,20.40160075,20.64480074,20.46399936,20.54559998,0.003985339444397924,5
gh200,legacy,auto,4,1572864,20.5343999,20.4431992,20.87840065,20.45280114,20.63360065,0.0088047135967194,5
gh200,legacy,auto,4,1589248,23.11359905,22.88960107,23.45919982,22.9279995,23.12639914,0.008583675764679393,5
gh200,legacy,auto,4,1605632,22.39679918,22.22719975,22.63520099,22.30080031,22.52480015,0.010001421997837514,5
gh200,legacy,auto,4,1622016,22.65439928,22.31680043,93.95200014,22.53920026,23.03040028,0.021682323769831487,5
gh200,legacy,auto,4,1638400,22.50880003,22.24319987,22.59999886,22.33919874,22.54880033,0.009311984189323235,5
gh200,legacy,auto,4,1654784,22.41120115,22.35839888,22.61600085,22.36319892,22.46879973,0.00471196565026601,5
gh200,legacy,auto,4,1671168,22.52000012,22.40159921,22.58560061,22.48159982,22.52000012,0.001705164289315256,5
gh200,legacy,auto,4,1687552,23.72960001,23.28000031,24.32640083,23.49920012,23.74240011,0.010248802756789379,5
gh200,legacy,auto,4,1703936,22.74719998,22.59840071,23.1199991,22.67999947,22.81920053,0.006119481084370425,5
gh200,legacy,auto,4,1720320,22.7760002,22.60160074,23.03840034,22.60639891,22.83840068,0.010186238495027767,5
gh200,legacy,auto,4,1736704,22.84799889,22.60320075,23.49280007,22.80000038,22.92479947,0.005462145310879774,5
gh200,legacy,auto,4,1753088,22.83680066,22.59520069,22.9200013,22.73119986,22.86400087,0.005815219564998446,5
gh200,legacy,auto,4,1769472,22.86400087,22.80959859,23.05759862,22.85760082,22.87520096,0.0007697751631515985,5
gh200,legacy,auto,4,1785856,24.36639927,24.04640056,25.45920014,24.36159924,24.47360009,0.004596528553888428,5
gh200,legacy,auto,4,1802240,23.40799943,23.17919955,23.44639972,23.38239923,23.43679965,0.0023240097968509022,5
gh200,legacy,auto,4,1818624,23.25120009,23.18720147,23.29760045,23.23359996,23.29279855,0.00254604449537474,5
gh200,legacy,auto,4,1835008,23.32320064,23.02240022,23.7936005,23.28480035,23.3919993,0.0045962366681418405,5
gh200,legacy,auto,4,1851392,23.31360057,23.16160128,26.18399821,23.27680029,23.33759889,0.0026078597262335383,5
gh200,legacy,auto,4,1867776,23.37120101,23.25120009,23.5888008,23.29600044,23.44319969,0.006298317743149645,5
gh200,legacy,auto,4,1884160,25.77120066,25.27520061,26.9600004,25.31999908,26.08479932,0.029676546703819716,5
gh200,legacy,auto,4,1900544,23.8992013,23.86559919,24.28000048,23.86880107,24.02720042,0.006627809356959549,5
gh200,legacy,auto,4,1916928,23.87199923,23.73760007,24.38880131,23.73760007,24.04800057,0.01300270232959454,5
gh200,legacy,auto,4,1933312,23.90079945,23.77600037,24.0991991,23.8064006,24.0512006,0.010242335220297473,5
gh200,legacy,auto,4,1949696,23.77760038,23.596799,24.76320043,23.73600006,24.16000143,0.01783196635589191,5
gh200,legacy,auto,4,1966080,23.83999899,23.56800064,24.14559945,23.6879997,24.13119934,0.01859058971377916,5
gh200,legacy,auto,4,1982464,25.63999966,25.32959916,25.74880049,25.48160031,25.73120035,0.009734791080726585,5
gh200,legacy,auto,4,1998848,25.68640187,25.32320097,26.01439878,25.553599,25.80800094,0.009904148556405071,5
gh200,legacy,auto,4,2015232,25.71680024,25.39519966,26.09919943,25.42879805,25.75840056,0.012816622088440551,5
gh200,legacy,auto,4,2031616,25.6240014,25.36160126,25.77440068,25.54880083,25.71359836,0.006431373751017581,5
gh200,legacy,auto,4,2048000,25.71680024,25.39040148,26.10880136,25.40160157,25.87519959,0.018415899940124148,5
gh200,legacy,auto,4,2064384,25.48160031,25.42399988,25.55040084,25.47360025,25.49279854,0.0007534177511003628,5
gh200,legacy,auto,4,2080768,26.04480088,25.94879828,26.13759972,26.03040077,26.04640089,0.000614330670974247,5
gh200,legacy,auto,4,2097152,25.87040141,25.83200112,26.15680173,25.85599944,25.92320181,0.0025976547072060624,5
gh200,legacy,auto,4,2113536,26.01760067,25.84319934,26.09600127,25.9552002,26.08799934,0.0051042039457975695,5
gh200,legacy,auto,4,2129920,26.02719888,25.81920102,26.25440061,25.99360049,26.03200078,0.0014753908085556537,5
gh200,legacy,auto,4,2146304,26.00960061,25.96480027,26.2000002,25.9952005,26.15519986,0.006151550052578853,5
gh200,legacy,auto,4,2162688,25.99200048,25.75840056,26.48000047,25.89919791,26.23359859,0.012865523000328834,5
gh200,legacy,auto,4,2179072,26.48960054,26.43040195,26.92320012,26.45440027,26.75679885,0.011415747079438534,5
gh200,legacy,auto,4,2195456,26.76000074,26.46560036,27.46880054,26.55520104,27.45280042,0.03354257680039209,5
gh200,legacy,auto,4,2211840,26.5183989,26.43199824,26.9295983,26.50080062,26.5760012,0.002835788852998988,5
gh200,legacy,auto,4,2228224,26.43680014,26.38559975,26.67200007,26.42880008,26.56640112,0.005204905255980796,5
gh200,legacy,auto,4,2244608,26.54879913,26.39679983,26.83519945,26.41279995,26.67040005,0.009702890844087727,5
gh200,legacy,auto,4,2260992,26.77280083,26.39360167,27.52000093,26.69439837,27.34720148,0.024383071242531657,5
gh200,legacy,auto,4,2277376,27.96160057,27.50400081,28.16480026,27.50560082,28.07039954,0.020199084046925816,5
gh200,legacy,auto,4,2293760,27.88160183,27.45920047,28.13760005,27.6416,28.11199985,0.016871335186124766,5
gh200,legacy,auto,4,2310144,27.72960067,27.65760198,28.94240059,27.6816003,27.83999965,0.005712283847324507,5
gh200,legacy,auto,4,2326528,27.56479941,27.49280073,27.66400017,27.50239894,27.58240141,0.0029023418168236965,5
gh200,legacy,auto,4,2342912,27.48799883,27.35840157,27.74080075,27.38719806,27.54400112,0.0057044188982163695,5
gh200,legacy,auto,4,2359296,27.69599855,27.41760015,28.03199925,27.47359872,27.8079994,0.012073970880533632,5
gh200,legacy,auto,4,2375680,28.85279991,28.79199944,29.06880155,28.82080153,28.8784001,0.0019962904875667465,5
gh200,legacy,auto,4,2392064,29.12000194,28.92800048,29.19200063,29.05600145,29.13120016,0.0025823731109270204,5
gh200,legacy,auto,4,2408448,28.94560061,28.76160108,35.11840105,28.81439961,29.13120016,0.010944687390267974,5
gh200,legacy,auto,4,2424832,29.01920117,28.8255997,29.2800013,28.90240029,29.15040031,0.008546066397457598,5
gh200,legacy,auto,4,2441216,29.02239934,28.84959802,29.09759805,28.98879908,29.07199785,0.002866708883208386,5
gh200,legacy,auto,4,2457600,28.99360098,28.73919904,29.74399924,28.82719971,29.54080142,0.024612386384576728,5
gh200,legacy,auto,4,2473984,29.76160124,29.6063982,30.02079949,29.67680059,29.76639941,0.003010551054611169,5
gh200,legacy,auto,4,2490368,30.2799996,30.19680083,30.48000112,30.25119938,30.38559854,0.004438545633270119,5
gh200,legacy,auto,4,2506752,30.48320115,30.30239977,30.50720133,30.41760065,30.49440123,0.0025194394651035677,5
gh200,legacy,auto,4,2523136,30.38400039,30.22080101,30.52319959,30.36159836,30.46720102,0.0034756009295852435,5
gh200,legacy,auto,4,2539520,30.27519956,30.23039922,30.41920066,30.2671995,30.29439971,0.000898432063051946,5
gh200,legacy,auto,4,2555904,30.39999865,30.35200015,30.60480021,30.38080037,30.43360077,0.0017368553402880632,5
gh200,legacy,auto,4,2572288,30.54239973,30.2271992,30.6032002,30.23999929,30.5647999,0.01063441683925602,5
gh200,legacy,auto,4,2588672,30.47519922,30.27040139,31.07360005,30.37760034,30.60160019,0.007350234148854842,5
gh200,legacy,auto,4,2605056,30.43839894,30.18400073,30.66079877,30.31679988,30.48160113,0.005414254879990741,5
gh200,legacy,auto,4,2621440,30.60160019,30.23999929,30.73279932,30.25279939,30.68000078,0.013960099712027526,5
gh200,legacy,auto,4,2637824,30.48959933,30.16960062,30.63359857,30.42719886,30.51359951,0.0028337745296306612,5
gh200,legacy,auto,4,2654208,30.2543994,30.11359833,30.61600029,30.25119938,30.48959933,0.007879844079800228,5
gh200,legacy,auto,4,2670592,30.37920035,29.98880111,30.5375997,30.34080006,30.45440093,0.0037394292374782366,5
gh200,legacy,auto,4,2686976,30.36800027,30.21759912,31.23039939,30.22240102,30.43360077,0.0069546808522865655,5
gh200,legacy,auto,4,2703360,30.28959967,30.19999899,32.26079792,30.24640121,30.40480055,0.005229495989571874,5
gh200,legacy,auto,4,2719744,30.24159931,30.13440035,30.32639995,30.24159931,30.2848015,0.0014285682961784737,5
gh200,legacy,auto,4,2736128,30.31679988,30.12000024,30.43839894,30.17440066,30.41760065,0.00802195452563052,5
gh200,legacy,auto,4,2752512,30.27360141,30.10560013,30.53919971,30.19840084,30.38400039,0.006130739038490867,5
gh200,legacy,auto,4,2768896,32.47680143,32.13280067,33.09920058,32.37920254,32.5951986,0.00665077995644234,5
gh200,legacy,auto,4,2785280,32.45120123,32.27199987,32.80320019,32.28639811,32.61440247,0.010107618441463817,5
gh200,legacy,auto,4,2801664,32.47839957,32.27199987,32.51839802,32.29919821,32.50719979,0.006404305099815644,5
gh200,legacy,auto,4,2818048,32.39200264,32.17599913,32.52639994,32.32640028,32.49119967,0.005087656722912606,5
gh200,legacy,auto,4,2834432,32.40799904,32.36480057,32.85440058,32.38239884,32.51839802,0.004196469514583116,5
gh200,legacy,auto,4,2850816,32.42399916,32.2032012,32.65919909,32.39680082,32.65120089,0.007846042332552155,5
gh200,legacy,auto,4,2867200,32.63520077,32.2495997,32.67999738,32.28799999,32.67360106,0.011815495566200554,5
gh200,legacy,auto,4,2883584,32.54719824,32.26559982,35.04480049,32.49279782,32.76159987,0.008258838380430681,5
gh200,legacy,auto,4,2899968,32.50399977,32.32159838,32.88159892,32.47199953,32.71520138,0.007482213011349818,5
gh200,legacy,auto,4,2916352,32.53279999,32.26720169,32.84639865,32.45279938,32.64480084,0.005901780973633317,5
gh200,legacy,auto,4,2932736,32.61920065,32.3631987,32.85440058,32.47519955,32.81120211,0.010300760083156859,5
gh200,legacy,auto,4,2949120,32.51520172,32.44959936,32.63359889,32.48799965,32.58880228,0.0031001692952130947,5
gh200,legacy,auto,4,2965504,32.5823985,32.4736014,33.28160197,32.49279782,32.68479928,0.0058927969958994944,5
gh200,legacy,auto,4,2981888,32.59360045,32.49759972,32.76479989,32.54080191,32.63679892,0.0029452717304816146,5
gh200,legacy,auto,4,2998272,32.50399977,32.30400011,33.33760053,32.42399916,32.68640116,0.008072914160004056,5
gh200,legacy,auto,4,3014656,32.61440247,32.4608013,32.80960023,32.55999833,32.78880194,0.007015416278451289,5
gh200,legacy,auto,4,3031040,32.4943997,32.2288014,32.83840045,32.30720013,32.52959996,0.006844251072593303,5
gh200,legacy,auto,4,3047424,32.52159804,32.27359802,32.64480084,32.4736014,32.64000267,0.005116638788639351,5
gh200,legacy,auto,4,3063808,32.4815996,32.27199987,32.63039887,32.41119906,32.49599785,0.0026106716123672886,5
gh200,legacy,auto,4,3080192,32.48479962,32.36640245,32.63039887,32.37920254,32.55040199,0.005270140250290885,5
gh200,legacy,auto,4,3096576,32.55200014,32.19519928,32.73119777,32.4559994,32.56160021,0.003244065174054726,5
gh200,legacy,auto,4,3112960,32.42079914,32.30080009,32.69759938,32.33439848,32.47039765,0.004194812392277298,5
gh200,legacy,auto,4,3129344,32.56959841,32.29440004,32.95199946,32.32640028,32.70719945,0.011691859543563712,5
gh200,legacy,auto,4,3145728,32.46400133,32.35840052,32.95359761,32.39680082,32.4687995,0.0022178005498498447,5
gh200,legacy,auto,4,3162112,33.89599919,33.870399,34.12320092,33.88159722,33.92479941,0.0012745513049439998,5
gh200,legacy,auto,4,3178496,34.2207998,33.91680121,34.32640061,34.15200114,34.29760039,0.0042547003825432654,5
gh200,legacy,auto,4,3194880,34.02560204,33.79840031,34.60320085,33.89439732,34.28800032,0.011567848220210324,5
gh200,legacy,auto,4,3211264,34.14880112,33.93439949,34.71039981,33.9967981,34.30879861,0.009136499665203976,5
gh200,legacy,auto,4,3227648,34.15519744,33.8752009,34.45760161,33.97279978,34.2592001,0.008385263194660616,5
gh200,legacy,auto,4,3244032,34.17120129,34.07999873,34.23199803,34.09599885,34.18879956,0.002715757904219667,5
gh200,legacy,auto,4,3260416,34.0944007,33.86879712,34.18079764,34.08319876,34.14560109,0.001830280888321865,5
gh200,legacy,auto,4,3276800,34.0944007,33.98079798,34.44319963,34.00639817,34.21280161,0.006053880864959816,5
gh200,legacy,auto,4,3293184,34.07359868,33.85920078,34.37440097,34.04000029,34.2335999,0.0056818069561180755,5
gh200,legacy,auto,4,3309568,34.33439881,33.95679966,34.54079852,33.983998,34.40319747,0.012209314405642343,5
gh200,legacy,auto,4,3325952,34.35359895,33.95039961,34.53600034,34.31040049,34.5040001,0.005635497179837681,5
gh200,legacy,auto,4,3342336,34.44159776,34.12959725,34.55520049,34.40640122,34.50559825,0.0028801518062906246,5
gh200,legacy,auto,4,3358720,34.19680148,34.02880207,34.3855992,34.13439915,34.25759822,0.003602648922357586,5
gh200,legacy,auto,4,3375104,34.31519866,34.05120224,34.84160081,34.28640217,34.32960063,0.001258872502182369,5
gh200,legacy,auto,4,3391488,34.63999927,34.17440131,105.5871993,34.30400044,34.65919942,0.0102540123408033,5
gh200,legacy,auto,4,3407872,34.13759917,34.02239829,34.23679993,34.05920044,34.22240168,0.00478068885826687,5
gh200,legacy,auto,4,3424256,34.14719924,33.86399895,35.15999764,34.13759917,34.24800187,0.0032331407101369534,5
gh200,legacy,auto,4,3440640,34.37759727,33.89280289,34.68320146,34.16959941,34.6127972,0.012892052534071888,5
gh200,legacy,auto,4,3457024,34.14719924,34.02239829,34.36160088,34.05439854,34.29920226,0.007169071708617241,5
gh200,legacy,auto,4,3473408,34.20960158,34.14080292,34.31040049,34.15039927,34.31040049,0.0046770851635272994,5
gh200,legacy,auto,4,3489792,34.47999805,34.18720141,34.91199762,34.2464,34.51519832,0.007795775382881784,5
gh200,legacy,auto,4,3506176,34.26880017,34.12320092,34.62880105,34.23520178,34.55359861,0.009291157800112866,5
gh200,legacy,auto,4,3522560,34.29279849,34.21439976,34.45119783,34.2159979,34.32799876,0.00326601691701137,5
gh200,legacy,auto,4,3538944,34.20000151,34.00320187,34.57280248,34.12320092,34.37759727,0.007438489437657349,5
gh200,legacy,auto,4,3555328,39.13279995,38.8736017,39.24480081,39.01120275,39.19360042,0.004660992063768754,5
gh200,legacy,auto,4,3571712,39.01439905,38.95039856,39.44320232,38.96800056,39.19839859,0.005905461460644909,5
gh200,legacy,auto,4,3588096,39.1440019,38.96639869,39.42560032,38.98239881,39.39839825,0.010627412114447099,5
gh200,legacy,auto,4,3604480,39.27680105,39.1440019,39.33759779,39.16639835,39.30399939,0.0035033667794083204,5
gh200,legacy,auto,4,3620864,39.29919749,39.18080032,39.87039998,39.2832011,39.61919993,0.008549763136651806,5
gh200,legacy,auto,4,3637248,39.43520039,39.06720132,39.59999979,39.21280056,39.49599713,0.007181314338441002,5
gh200,legacy,auto,4,3653632,39.35360163,39.00320083,39.7728011,39.13599998,39.36640173,0.00585465473189013,5
gh200,legacy,auto,4,3670016,39.20320049,39.11519796,39.46720064,39.16800022,39.33599964,0.004285349611770789,5
gh200,legacy,auto,4,3686400,39.36640173,39.11039978,39.56799954,39.2735973,39.43520039,0.004105101886333868,5
gh200,legacy,auto,4,3702784,39.2735973,39.13279995,39.78880122,39.17599842,39.39040005,0.0054591798241002375,5
gh200,legacy,auto,4,3719168,39.36640173,39.06239942,39.81919959,39.29759935,39.5231992,0.00573077142146011,5
gh200,legacy,auto,4,3735552,39.4096002,39.19199854,39.9071984,39.35839981,39.53279927,0.0044253039643877565,5
gh200,legacy,auto,4,3751936,39.46080059,39.4224003,40.21280259,39.43999857,39.46239874,0.0005676562478479961,5
gh200,legacy,auto,4,3768320,39.54559937,39.31520134,39.90080208,39.32479769,39.86240178,0.013594536397590631,5
gh200,legacy,auto,4,3784704,38.95200044,38.89600188,39.43359852,38.92960027,39.35839981,0.011008408686493637,5
gh200,legacy,auto,4,3801088,39.08959776,38.95200044,39.5408012,39.08479959,39.14560005,0.0015554127820218287,5
gh200,legacy,auto,4,3817472,39.09280151,39.00479898,40.08480161,39.05279934,39.1263999,0.0018827138797196605,5
gh200,legacy,auto,4,3833856,39.28960115,39.22240064,39.46880251,39.27200288,39.44480047,0.0043980489733221615,5
gh200,legacy,auto,4,3850240,39.02400285,38.84480149,39.55999762,39.00320083,39.11679983,0.0029110032724385337,5
gh200,legacy,auto,4,3866624,39.42880034,39.01920095,39.74080086,39.07040134,39.53919932,0.011889734812053503,5
gh200,legacy,auto,4,3883008,39.31520134,39.16319832,39.51679915,39.18400034,39.33279961,0.003784777005545024,5
gh200,legacy,auto,4,3899392,39.28480297,39.17599842,39.83199969,39.26239908,39.72160071,0.01168903991578287,5
gh200,legacy,auto,4,3915776,39.21439871,38.96480054,39.61599991,39.19839859,39.45120052,0.006446660877539794,5
gh200,legacy,auto,4,3932160,39.19520229,39.07839954,39.59519789,39.08000141,39.38720003,0.007837658745248466,5
gh200,legacy,auto,4,3948544,40.02080113,39.86079991,40.63040018,39.8864001,40.04000127,0.0038380333642260255,5
gh200,legacy,auto,4,3964928,39.95519876,39.9040021,40.45439884,39.92959857,40.07839784,0.003724152916715407,5
gh200,legacy,auto,4,3981312,40.19359872,40.09279981,40.60479999,40.15360028,40.36799818,0.0053341304791730175,5
gh200,legacy,auto,4,3997696,40.33280164,40.136002,40.87679833,40.22879899,40.49120098,0.006505920226968908,5
gh200,legacy,auto,4,4014080,40.14559835,40.01120105,40.54719955,40.07999972,40.32639787,0.006137613091523331,5
gh200,legacy,auto,4,4030464,40.33919796,40.05920142,40.42879865,40.27679935,40.34719989,0.0017452141728204404,5
gh200,legacy,auto,4,4046848,40.35840183,40.1775986,40.65119848,40.32959789,40.4016003,0.0017840748576538983,5
gh200,legacy,auto,4,4063232,40.2752012,40.16000032,42.10720211,40.18720239,40.81920162,0.01569201918723123,5
gh200,legacy,auto,4,4079616,40.54719955,40.16640037,40.69279879,40.32479972,40.6464003,0.007931511511748828,5
gh200,legacy,auto,4,4096000,40.30720145,40.19359872,41.17279872,40.23999721,40.90239853,0.016433820661592984,5
gh200,legacy,auto,4,4112384,40.52479938,40.04319757,40.82719982,40.25439918,40.6543985,0.009870482423594892,5
gh200,legacy,auto,4,4128768,40.68639874,40.46080261,40.97440094,40.47039896,40.88480026,0.010185253864520365,5
gh200,legacy,auto,4,4145152,40.59360176,40.24960101,41.03359953,40.44960067,40.74879736,0.007370538139703008,5
gh200,legacy,auto,4,4161536,40.37440196,40.1440002,41.12320021,40.22560269,40.50400108,0.006895418296865828,5
gh200,legacy,auto,4,4177920,40.36960006,40.11360183,40.65280035,40.19359872,40.43839872,0.006063968918100919,5
gh200,legacy,auto,4,4194304,40.32799974,40.3008014,40.36320001,40.30559957,40.33119977,0.0006347996470206166,5
gh200,timing,Ring_LL,2,524288,16.15692,15.89357,16.39336,16.025244999999998,16.27514,0.015466747375118661,3
gh200,timing,Ring_LL,2,557056,18.30278,18.04807,18.56129,18.175424999999997,18.432035,0.014020274515674778,3
gh200,timing,Ring_LL,2,589824,18.52773,18.2663,18.70144,18.397015,18.614584999999998,0.01174293882736841,3
gh200,timing,Ring_LL,2,622592,19.53857,19.25507,19.67132,19.396819999999998,19.604945,0.0106520077979096,3
gh200,timing,Ring_LL,2,655360,19.58722,19.28482,19.78557,19.43602,19.686394999999997,0.012782569450896975,3
gh200,timing,Ring_LL,2,688128,20.5187,20.21663,20.78009,20.367665,20.649395,0.013730402023519989,3
gh200,timing,Ring_LL,2,720896,20.57183,20.28256,20.87705,20.427194999999998,20.72444,0.014449127763548687,3
gh200,timing,Ring_LL,2,753664,21.58491,21.2742,21.7391,21.429555,21.662005,0.010769097485233898,3
gh200,timing,Ring_LL,2,786432,21.67451,21.35996,21.94612,21.517235,21.810315000000003,0.013521874312268343,3
gh200,timing,Ring_LL,2,819200,22.57939,22.27833,22.60472,22.42886,22.592055000000002,0.007227608894660208,3
gh200,timing,Ring_LL,2,851968,22.76472,22.43737,22.82514,22.601045,22.79493,0.008516906862900209,3
gh200,timing,Ring_LL,2,884736,23.62709,23.32693,23.83215,23.47701,23.729619999999997,0.010691540938812064,3
gh200,timing,Ring_LL,2,917504,24.04116,23.73237,24.41613,23.886765,24.228645,0.014220611651018492,3
gh200,timing,Ring_LL,2,950272,25.32585,25.03761,25.41007,25.18173,25.36796,0.007353356353291137,3
gh200,timing,Ring_LL,2,983040,25.96167,25.6539,26.0203,25.807785000000003,25.990985000000002,0.007056556839371248,3
gh200,timing,Ring_LL,2,1015808,26.81994,26.56427,26.91172,26.692104999999998,26.86583,0.006477456698262599,3
gh200,timing,Ring_LL,2,1048576,27.14889,26.85323,27.37538,27.001060000000003,27.262135,0.009616415256756286,3
gh200,timing,Ring_LL,2,1081344,29.37379,29.04708,29.52923,29.210435,29.45151,0.008207146575229094,3
gh200,timing,Ring_LL,2,1114112,29.51803,29.28067,29.58914,29.39935,29.553584999999998,0.005225111567404732,3
gh200,timing,Ring_LL,2,1146880,30.36256,30.05792,30.44952,30.21024,30.406039999999997,0.00644873159575472,3
gh200,timing,Ring_LL,2,1179648,30.50367,30.15584,30.59479,30.329755,30.54923,0.007195035876011075,3
gh200,timing,Ring_LL,2,1212416,31.47356,31.17885,31.58451,31.326205,31.529035,0.0064444568711006555,3
gh200,timing,Ring_LL,2,1245184,31.5494,31.22429,31.73204,31.386845,31.64072,0.008046904220048582,3
gh200,timing,Ring_LL,2,1277952,32.47641,32.16921,32.65552,32.322810000000004,32.565965000000006,0.007487126809890673,3
gh200,timing,Ring_LL,2,1310720,32.53305,32.23769,32.78896,32.38537,32.661005,0.008472461081884458,3
gh200,timing,Ring_LL,2,1343488,33.40278,33.15959,33.5723,33.281185,33.487539999999996,0.0061777792147837685,3
gh200,timing,Ring_LL,2,1376256,33.51445,33.2031,33.79469,33.358774999999994,33.65457,0.008825894502222337,3
gh200,timing,Ring_LL,2,1409024,34.29811,34.00084,34.56682,34.149474999999995,34.432465,0.008250891958769891,3
gh200,timing,Ring_LL,2,1441792,34.50227,34.1874,34.74057,34.344835,34.62142,0.008016429063942667,3
gh200,timing,Ring_LL,2,1474560,35.44559,35.11217,35.69094,35.27888,35.568265,0.008164203219638769,3
gh200,timing,Ring_LL,2,1507328,36.0363,35.58703,36.37636,35.811665,36.206329999999994,0.010951873527526308,3
gh200,timing,Ring_LL,2,1540096,37.06826,36.76747,37.26785,36.917865000000006,37.168055,0.0067494400870177435,3
gh200,timing,Ring_LL,2,1572864,37.51752,37.20714,37.85439,37.36233,37.685955,0.008625969946840832,3
gh200,timing,Ring_LL,2,1605632,39.53795,39.22979,40.05399,39.38387,39.79597,0.010422897494685364,3
gh200,timing,Ring_LL,2,1638400,39.75842,39.51842,40.12151,39.638419999999996,39.939965,0.0075844311720637885,3
gh200,timing,Ring_LL,2,1671168,40.94366,40.62559,40.957,40.784625000000005,40.95033,0.004047146737736576,3
gh200,timing,Ring_LL,2,1703936,40.82302,40.59327,41.06035,40.708145,40.941685,0.005720791847344902,3
gh200,timing,Ring_LL,2,1736704,41.85371,41.49981,42.34415,41.67676,42.098929999999996,0.010086799951545374,3
gh200,timing,Ring_LL,2,1769472,41.70172,41.48508,42.28975,41.5934,41.995734999999996,0.009647923395006096,3
gh200,timing,Ring_LL,2,1802240,42.71161,42.40409,43.01549,42.55785,42.863550000000004,0.0071573045361671365,3
gh200,timing,Ring_LL,2,1835008,42.91639,42.64825,43.00653,42.78232,42.96146,0.004174162831496402,3
gh200,timing,Ring_LL,2,1867776,43.75764,43.45238,44.11529,43.60501,43.936465,0.007574791510693864,3
gh200,timing,Ring_LL,2,1900544,44.12212,43.82485,44.20617,43.973485,44.164145000000005,0.0043211885557631466,3
gh200,timing,Ring_LL,2,1933312,44.76006,44.55187,44.84945,44.655965,44.804755,0.0033241689130889948,3
gh200,timing,Ring_LL,2,1966080,44.64466,44.4341,45.03814,44.53938,44.8414,0.0067649748032575195,3
gh200,timing,Ring_LL,2,1998848,45.77934,45.39343,45.78691,45.586385,45.783125,0.004297571786749183,3
gh200,timing,Ring_LL,2,2031616,45.98382,45.60879,46.14274,45.796305000000004,46.063280000000006,0.005805846491222394,3
gh200,timing,Ring_LL,2,2064384,46.81163,46.58443,47.45245,46.69803,47.13204,0.009271413962726799,3
gh200,timing,Ring_LL,2,2097152,47.64681,47.26154,48.02907,47.454175,47.83794,0.008054369222199848,3
gh200,timing,Ring_LL,2,2129920,50.11872,49.79106,50.429,49.954890000000006,50.27386,0.006364288633069501,3
gh200,timing,Ring_LL,2,2162688,50.29792,50.02625,50.7061,50.162085,50.50201,0.0067582317519293235,3
gh200,timing,Ring_LL,2,2195456,51.14238,50.80319,51.39985,50.972785,51.271115,0.005833322579043055,3
gh200,timing,Ring_LL,2,2228224,51.18685,50.85406,51.52912,51.020455,51.357985,0.006594076408296291,3
gh200,timing,Ring_LL,2,2260992,52.16282,51.79996,52.77227,51.981390000000005,52.467545,0.00931995241054829,3
gh200,timing,Ring_LL,2,2293760,52.30234,52.1177,52.76043,52.21002,52.531385,0.006144371360822481,3
gh200,timing,Ring_LL,2,2326528,53.10263,52.75993,53.62728,52.93128,53.364954999999995,0.00816673298478802,3
gh200,timing,Ring_LL,2,2359296,53.08055,52.92855,53.53065,53.00455,53.3056,0.005671568964526488,3
gh200,timing,Ring_LL,2,2392064,53.96052,53.65621,54.31653,53.808365,54.138525,0.006118547412070887,3
gh200,timing,Ring_LL,2,2424832,54.15796,53.92917,54.56998,54.043565,54.36397,0.005916120178825069,3
gh200,timing,Ring_LL,2,2457600,55.02161,54.67859,55.50466,54.8501,55.263135000000005,0.007506777791489704,3
gh200,timing,Ring_LL,2,2490368,54.9813,54.82898,55.4925,54.90514,55.2369,0.006034051577536283,3
gh200,timing,Ring_LL,2,2523136,55.84302,55.44464,56.47166,55.64383,56.157340000000005,0.009195598662106806,3
gh200,timing,Ring_LL,2,2555904,56.04718,55.71183,56.61758,55.879504999999995,56.33238,0.008080245964203836,3
gh200,timing,Ring_LL,2,2588672,57.02314,56.7742,57.33276,56.898669999999996,57.177949999999996,0.004897660844351959,3
gh200,timing,Ring_LL,2,2621440,57.3441,57.04395,57.8233,57.194024999999996,57.5837,0.006795380867430198,3
gh200,timing,Ring_LL,4,524288,13.71541,13.69423,13.85523,13.70482,13.78532,0.005869310505482569,3
gh200,timing,Ring_LL,4,557056,13.95539,13.84783,14.02324,13.90161,13.989315,0.0062846685044273005,3
gh200,timing,Ring_LL,4,589824,14.03764,14.02509,14.10642,14.031365000000001,14.07203,0.002896854457016909,3
gh200,timing,Ring_LL,4,622592,14.09426,14.02733,14.10451,14.060794999999999,14.099385,0.00273799404864115,3
gh200,timing,Ring_LL,4,655360,14.19602,14.14573,14.29203,14.170875,14.244025,0.005152852700968303,3
gh200,timing,Ring_LL,4,688128,14.26061,14.25106,14.30131,14.255835000000001,14.28096,0.0017618460921376559,3
gh200,timing,Ring_LL,4,720896,14.43282,14.33261,14.45426,14.382715000000001,14.443539999999999,0.004214353120180096,3
gh200,timing,Ring_LL,4,753664,14.47761,14.45068,14.51538,14.464145,14.496495,0.0022344848355494596,3
gh200,timing,Ring_LL,4,786432,14.50833,14.46508,14.55474,14.486705,14.531535000000002,0.003089949015496686,3
gh200,timing,Ring_LL,4,819200,16.4446,16.40453,16.50123,16.424565,16.472915,0.0029401748902374777,3
gh200,timing,Ring_LL,4,851968,16.55691,16.47365,16.60844,16.515279999999997,16.582675000000002,0.004070505909617481,3
gh200,timing,Ring_LL,4,884736,16.59531,16.57029,16.63212,16.5828,16.613715,0.0018628757160908862,3
gh200,timing,Ring_LL,4,917504,16.6449,16.63652,16.75275,16.64071,16.698825,0.0034914598465596554,3
gh200,timing,Ring_LL,4,950272,16.70346,16.7002,16.80491,16.70183,16.754185,0.003134380541516464,3
gh200,timing,Ring_LL,4,983040,16.82698,16.77284,16.91562,16.799909999999997,16.871299999999998,0.0042425913622052775,3
gh200,timing,Ring_LL,4,1015808,16.8801,16.79204,16.97194,16.83607,16.92602,0.005328759900711593,3
gh200,timing,Ring_LL,4,1048576,16.86123,16.84323,16.94569,16.85223,16.90346,0.003038331130053996,3
gh200,timing,Ring_LL,4,1081344,16.96649,16.90467,17.0081,16.93558,16.987295,0.003048067101680899,3
gh200,timing,Ring_LL,4,1114112,17.13258,17.08867,17.18345,17.110625,17.158015,0.0027660749285863566,3
gh200,timing,Ring_LL,4,1146880,17.178,17.15202,17.18794,17.165010000000002,17.18297,0.0010455233438117733,3
gh200,timing,Ring_LL,4,1179648,17.28552,17.2013,17.29322,17.24341,17.28937,0.0026588728600586437,3
gh200,timing,Ring_LL,4,1212416,19.23361,19.10907,19.2442,19.17134,19.238905,0.0035128610801611515,3
gh200,timing,Ring_LL,4,1245184,19.21473,19.13371,19.21636,19.17422,19.215545,0.002150693764627476,3
gh200,timing,Ring_LL,4,1277952,19.21826,19.19548,19.24867,19.206870000000002,19.233465000000002,0.001383840160347522,3
gh200,timing,Ring_LL,4,1310720,19.59458,19.54233,19.60864,19.568455,19.60161,0.001692049536147277,3
gh200,timing,Ring_LL,4,1343488,19.54721,19.43739,19.57922,19.4923,19.563215,0.003627883467768515,3
gh200,timing,Ring_LL,4,1376256,19.51418,19.46659,19.57633,19.490385,19.545254999999997,0.0028118014694953892,3
gh200,timing,Ring_LL,4,1409024,20.2435,20.12897,20.26295,20.186235,20.253225,0.0033092103638205127,3
gh200,timing,Ring_LL,4,1441792,20.13048,20.10432,20.15039,20.1174,20.140435,0.0011442846867039504,3
gh200,timing,Ring_LL,4,1474560,20.10111,20.06049,20.15096,20.0808,20.126035,0.0022503732380948958,3
gh200,timing,Ring_LL,4,1507328,20.77749,20.74559,21.02716,20.76154,20.902324999999998,0.006775842510331974,3
gh200,timing,Ring_LL,4,1540096,20.48214,20.38176,20.58397,20.43195,20.533055,0.004936251778378648,3
gh200,timing,Ring_LL,4,1572864,20.4483,20.3776,20.45879,20.412950000000002,20.453545,0.0019852506076297864,3
gh200,timing,Ring_LL,4,1605632,22.27802,22.1864,22.29944,22.232210000000002,22.28873,0.0025370297719455774,3
gh200,timing,Ring_LL,4,1638400,22.25178,22.13264,22.40472,22.19221,22.32825,0.006113668209914051,3
gh200,timing,Ring_LL,4,1671168,22.26715,22.12881,22.35895,22.19798,22.31305,0.005167702198081,3
gh200,timing,Ring_LL,4,1703936,22.72878,22.68888,22.84406,22.70883,22.78642,0.0034137336011876005,3
gh200,timing,Ring_LL,4,1736704,22.68943,22.56665,22.77943,22.62804,22.734430000000003,0.00468896750601512,3
gh200,timing,Ring_LL,4,1769472,22.6283,22.60313,22.75351,22.615715,22.690905,0.0033228302612215324,3
gh200,timing,Ring_LL,4,1802240,23.23213,23.15767,23.32693,23.1949,23.27953,0.0036427998638093296,3
gh200,timing,Ring_LL,4,1835008,23.18103,23.17453,23.37173,23.17778,23.27638,0.004253477951583736,3
gh200,timing,Ring_LL,4,1867776,23.19405,23.16055,23.2754,23.177300000000002,23.234725,0.0024758504875172084,3
gh200,timing,Ring_LL,4,1900544,23.93226,23.60054,24.1845,23.766399999999997,24.05838,0.01220026859143275,3
gh200,timing,Ring_LL,4,1933312,23.88362,23.6351,23.97683,23.75936,23.930225,0.007154066259637323,3
gh200,timing,Ring_LL,4,1966080,23.9221,23.78389,23.94698,23.852995,23.93454,0.0034087726411978223,3
gh200,timing,Ring_LL,4,1998848,25.56078,25.39856,25.56292,25.47967,25.56185,0.0032150818558745477,3
gh200,timing,Ring_LL,4,2031616,25.53326,25.40144,25.58212,25.46735,25.55769,0.0035381302661705244,3
gh200,timing,Ring_LL,4,2064384,25.53678,25.47568,31.00688,25.506230000000002,28.27183,0.10829869701661678,3
gh200,timing,Ring_LL,4,2097152,26.15938,25.92462,26.17355,26.042,26.166465,0.004757949156287235,3
gh200,timing,Ring_LL,4,2129920,26.08876,25.97614,26.15874,26.03245,26.12375,0.0034995913949149127,3
gh200,timing,Ring_LL,4,2162688,26.09806,26.0366,26.25441,26.06733,26.176235,0.004172915534717907,3
gh200,timing,Ring_LL,4,2195456,26.74826,26.55372,26.91775,26.65099,26.833005,0.0068047416916090925,3
gh200,timing,Ring_LL,4,2228224,26.6446,26.57418,27.03774,26.609389999999998,26.841169999999998,0.008698948379784292,3
gh200,timing,Ring_LL,4,2260992,26.64684,26.55242,27.02527,26.59963,26.836055,0.00887253422919943,3
gh200,timing,Ring_LL,4,2293760,28.13573,28.06248,28.23771,28.099105,28.18672,0.0031140119698333598,3
gh200,timing,Ring_LL,4,2326528,28.0324,28.0087,28.45274,28.02055,28.24257,0.007920121002839592,3
gh200,timing,Ring_LL,4,2359296,28.04424,27.97349,28.62233,28.008865,28.333285,0.011568150893017602,3
gh200,timing,Ring_LL,4,2392064,29.09826,29.03781,29.32886,29.068035000000002,29.21356,0.005001158144851247,3
gh200,timing,Ring_LL,4,2424832,29.09444,28.92771,29.46646,29.011074999999998,29.280450000000002,0.009258641857344692,3
gh200,timing,Ring_LL,4,2457600,29.22148,28.95938,29.41559,29.090429999999998,29.318535,0.007806072793027694,3
gh200,timing,Ring_LL,4,2490368,29.87554,29.76767,30.18643,29.821604999999998,30.030985,0.0070084088856637574,3
gh200,timing,Ring_LL,4,2523136,30.10081,29.7744,30.25139,29.937604999999998,30.176099999999998,0.007923208710994832,3
gh200,timing,Ring_LL,4,2555904,30.18401,29.68512,30.43762,29.934565,30.310814999999998,0.012465209228329796,3
gh200,timing,Ring_LL,4,2588672,30.89439,30.86588,31.0664,30.880135000000003,30.980395,0.003245249380227241,3
gh200,timing,Ring_LL,4,2621440,30.94623,30.85021,31.17359,30.898220000000002,31.059910000000002,0.0052248690712891396,3
gh200,timing,Ring_LL128,2,524288,19.16739,19.09955,19.27938,19.133470000000003,19.223385,0.004691040355520378,3
gh200,timing,Ring_LL128,2,557056,21.69722,21.56154,21.7001,21.62938,21.69866,0.003193035789838473,3
gh200,timing,Ring_LL128,2,589824,21.65369,21.61659,21.79129,21.63514,21.72249,0.004033954489973797,3
gh200,timing,Ring_LL128,2,622592,21.70586,21.69785,21.87289,21.701855000000002,21.789375,0.004032090873155812,3
gh200,timing,Ring_LL128,2,655360,21.89562,21.86969,21.97049,21.882655,21.933055000000003,0.0023018302290596627,3
gh200,timing,Ring_LL128,2,688128,22.59831,22.56055,22.72247,22.579430000000002,22.66039,0.003582568785010803,3
gh200,timing,Ring_LL128,2,720896,22.65815,22.57687,22.75798,22.61751,22.708064999999998,0.003996575183763828,3
gh200,timing,Ring_LL128,2,753664,22.68279,22.62359,22.90454,22.653190000000002,22.793665,0.006193021228869931,3
gh200,timing,Ring_LL128,2,786432,22.72758,22.69015,22.90006,22.708865,22.81382,0.004617957565213734,3
gh200,timing,Ring_LL128,2,819200,23.50196,23.40116,23.669,23.45156,23.58548,0.005698248146112061,3
gh200,timing,Ring_LL128,2,851968,23.62804,23.4978,23.77747,23.56292,23.702755,0.005918180263788342,3
gh200,timing,Ring_LL128,2,884736,23.61043,23.54644,23.79603,23.578435,23.703229999999998,0.005285587767778853,3
gh200,timing,Ring_LL128,2,917504,23.73715,23.60628,23.85651,23.671715,23.79683,0.005270851808241553,3
gh200,timing,Ring_LL128,2,950272,24.86992,24.6952,25.01167,24.78256,24.940795,0.006362505388035074,3
gh200,timing,Ring_LL128,2,983040,24.94607,24.81615,25.07279,24.88111,25.009430000000002,0.005143896413342952,3
gh200,timing,Ring_LL128,2,1015808,24.88943,24.77903,24.98863,24.834229999999998,24.939030000000002,0.004210622742264666,3
gh200,timing,Ring_LL128,2,1048576,24.97775,24.9144,25.05039,24.946075,25.01407,0.002722222778272655,3
gh200,timing,Ring_LL128,2,1081344,26.00844,25.94317,26.28683,25.975805,26.147635,0.006606701516892206,3
gh200,timing,Ring_LL128,2,1114112,26.003,26.00043,26.25579,26.001715,26.129395000000002,0.004910202668922877,3
gh200,timing,Ring_LL128,2,1146880,25.98508,25.93036,26.25259,25.957720000000002,26.118835,0.006200288781100492,3
gh200,timing,Ring_LL128,2,1179648,26.10732,26.09803,26.37867,26.102675,26.242995,0.005374737812996474,3
gh200,timing,Ring_LL128,2,1212416,28.38212,28.18949,28.537,28.285805,28.45956,0.006121988068544558,3
gh200,timing,Ring_LL128,2,1245184,28.29829,28.28452,28.54564,28.291405,28.421965,0.004613706340559769,3
gh200,timing,Ring_LL128,2,1277952,28.27108,28.23365,28.46788,28.252365,28.369480000000003,0.004142572551172501,3
gh200,timing,Ring_LL128,2,1310720,28.51876,28.46372,28.57412,28.491239999999998,28.54644,0.0019355680260994097,3
gh200,timing,Ring_LL128,2,1343488,29.42849,29.32129,29.45953,29.37489,29.44401,0.0023487443630304536,3
gh200,timing,Ring_LL128,2,1376256,29.42752,29.24162,29.47137,29.33457,29.449445,0.0039036588880069197,3
gh200,timing,Ring_LL128,2,1409024,29.39649,29.25857,29.45953,29.32753,29.42801,0.0034180951535370723,3
gh200,timing,Ring_LL128,2,1441792,29.44128,29.36577,29.52832,29.403525000000002,29.4848,0.0027605797030563206,3
gh200,timing,Ring_LL128,2,1474560,30.62749,30.37214,30.66109,30.499815,30.64429,0.004717167485810947,3
gh200,timing,Ring_LL128,2,1507328,30.50749,30.35326,30.67773,30.430374999999998,30.59261,0.005317874397402165,3
gh200,timing,Ring_LL128,2,1540096,30.4659,30.38622,30.70749,30.42606,30.586695,0.005272616269337167,3
gh200,timing,Ring_LL128,2,1572864,30.55773,30.45278,30.78684,30.505255,30.672285000000002,0.005466047379828411,3
gh200,timing,Ring_LL128,2,1605632,31.62042,31.40282,31.72474,31.51162,31.67258,0.005090381468683823,3
gh200,timing,Ring_LL128,2,1638400,31.55321,31.35418,31.76761,31.453695,31.66041,0.006551314430449361,3
gh200,timing,Ring_LL128,2,1671168,31.55194,31.36986,31.7081,31.4609,31.630020000000002,0.005360050760745712,3
gh200,timing,Ring_LL128,2,1703936,31.62938,31.51002,31.76858,31.5697,31.69898,0.004087339049959178,3
gh200,timing,Ring_LL128,2,1736704,32.67031,32.49271,32.81878,32.58151,32.744545,0.004990310774522822,3
gh200,timing,Ring_LL128,2,1769472,32.64534,32.48887,32.93782,32.567105,32.791579999999996,0.006876172832018236,3
gh200,timing,Ring_LL128,2,1802240,32.68662,32.53335,32.83221,32.609984999999995,32.759415000000004,0.004571595350024246,3
gh200,timing,Ring_LL128,2,1835008,32.7663,32.74038,33.01206,32.75334,32.889179999999996,0.0041457228921176524,3
gh200,timing,Ring_LL128,2,1867776,34.81872,34.65584,35.10479,34.73728,34.961755,0.006446963012999852,3
gh200,timing,Ring_LL128,2,1900544,34.89007,34.6168,35.05262,34.753434999999996,34.971345,0.006245616589476702,3
gh200,timing,Ring_LL128,2,1933312,34.89295,34.79599,35.09454,34.84447,34.993745000000004,0.004278084828024083,3
gh200,timing,Ring_LL128,2,1966080,35.01999,34.98959,35.2187,35.00479,35.119344999999996,0.0032711317164852345,3
gh200,timing,Ring_LL128,2,1998848,36.12971,35.9806,36.28875,36.055155,36.209230000000005,0.004264495895483411,3
gh200,timing,Ring_LL128,2,2031616,36.20971,36.04492,36.39818,36.127314999999996,36.303945,0.004877973339195562,3
gh200,timing,Ring_LL128,2,2064384,36.28299,36.15787,36.4961,36.22043,36.389545,0.004660999548273114,3
gh200,timing,Ring_LL128,2,2097152,36.4289,36.37675,36.65257,36.402825,36.540735,0.003785730560077246,3
gh200,timing,Ring_LL128,2,2129920,37.16776,37.09256,37.43047,37.130160000000004,37.299115,0.00454574071722366,3
gh200,timing,Ring_LL128,2,2162688,37.26472,37.16488,37.45767,37.2148,37.361194999999995,0.003928514691643954,3
gh200,timing,Ring_LL128,2,2195456,37.41383,37.28711,37.60422,37.35047,37.509024999999994,0.004237871396753358,3
gh200,timing,Ring_LL128,2,2228224,37.58183,37.4839,37.77254,37.532865,37.677184999999994,0.003840153606144069,3
gh200,timing,Ring_LL128,2,2260992,38.34404,38.30276,38.52611,38.3234,38.435075,0.002912447410340647,3
gh200,timing,Ring_LL128,2,2293760,38.45636,38.32228,38.63651,38.38932,38.546435,0.004085540077116102,3
gh200,timing,Ring_LL128,2,2326528,38.56995,38.54596,38.73827,38.557955,38.65411,0.0024930029725214343,3
gh200,timing,Ring_LL128,2,2359296,38.69731,38.64227,38.91234,38.669790000000006,38.804825,0.003489519038920145,3
gh200,timing,Ring_LL128,2,2392064,40.51933,40.48349,40.69884,40.50141,40.60908499999999,0.002657373653512862,3
gh200,timing,Ring_LL128,2,2424832,40.70716,40.61341,40.8374,40.660285,40.77228,0.002751235900514806,3
gh200,timing,Ring_LL128,2,2457600,40.83356,40.78396,41.06715,40.80876,40.950355,0.0034676134042685076,3
gh200,timing,Ring_LL128,2,2490368,41.06299,40.88987,41.18779,40.97643,41.125389999999996,0.00362759750325038,3
gh200,timing,Ring_LL128,2,2523136,42.05592,42.02968,42.10232,42.0428,42.07912,0.0008636120669813776,3
gh200,timing,Ring_LL128,2,2555904,42.14872,42.1404,42.14935,42.14456,42.149035,0.00010617167021915116,3
gh200,timing,Ring_LL128,2,2588672,42.35255,42.25816,42.41847,42.305355,42.38551,0.0018925660910617602,3
gh200,timing,Ring_LL128,2,2621440,42.4671,42.43287,42.56854,42.449985,42.51782,0.0015973541871237337,3
gh200,timing,Ring_LL128,4,524288,23.29622,23.26933,23.30422,23.282775,23.300220000000003,0.0007488339309983401,3
gh200,timing,Ring_LL128,4,557056,23.48692,23.2303,23.55702,23.35861,23.521970000000003,0.006955360685862786,3
gh200,timing,Ring_LL128,4,589824,23.42167,23.29525,23.56372,23.35846,23.492694999999998,0.0057312309497997704,3
gh200,timing,Ring_LL128,4,622592,23.52853,23.52086,23.5442,23.524695,23.536365,0.0004959935873596326,3
gh200,timing,Ring_LL128,4,655360,23.50901,23.4658,23.53782,23.487405000000003,23.523415,0.0015317531448579686,3
gh200,timing,Ring_LL128,4,688128,23.5631,23.2511,23.58995,23.4071,23.576525,0.007190267834028646,3
gh200,timing,Ring_LL128,4,720896,23.5554,23.37558,23.58037,23.46549,23.567884999999997,0.0043469862536827135,3
gh200,timing,Ring_LL128,4,753664,23.64725,23.42581,23.65876,23.53653,23.653005,0.004925519880747284,3
gh200,timing,Ring_LL128,4,786432,23.62579,23.5103,23.84308,23.568044999999998,23.734434999999998,0.007042727460118786,3
gh200,timing,Ring_LL128,4,819200,24.48147,24.31474,24.58225,24.398105,24.53186,0.005463519960198498,3
gh200,timing,Ring_LL128,4,851968,24.63856,24.38642,24.74514,24.51249,24.69185,0.007279646213090339,3
gh200,timing,Ring_LL128,4,884736,24.64562,24.43474,24.66736,24.54018,24.656489999999998,0.004719296978530001,3
gh200,timing,Ring_LL128,4,917504,24.61459,24.42386,24.65744,24.519225,24.636015,0.004744746916361464,3
gh200,timing,Ring_LL128,4,950272,24.57107,24.5253,24.668,24.548185,24.619535,0.00290382144530128,3
gh200,timing,Ring_LL128,4,983040,24.68944,24.54482,24.71602,24.617130000000003,24.702730000000003,0.003467069321944906,3
gh200,timing,Ring_LL128,4,1015808,24.58899,24.36179,24.68496,24.475389999999997,24.636975,0.006571437053738373,3
gh200,timing,Ring_LL128,4,1048576,24.62354,24.48722,24.67088,24.55538,24.64721,0.003729358167022355,3
gh200,timing,Ring_LL128,4,1081344,24.67632,24.47666,24.7349,24.57649,24.70561,0.005232546830321553,3
gh200,timing,Ring_LL128,4,1114112,24.66962,24.46898,24.69425,24.5693,24.681935,0.004565737129311312,3
gh200,timing,Ring_LL128,4,1146880,24.65746,24.62611,24.70352,24.641785,24.68049,0.0015697075043414937,3
gh200,timing,Ring_LL128,4,1179648,24.6936,24.55219,24.69458,24.622895,24.69409,0.002883135711277394,3
gh200,timing,Ring_LL128,4,1212416,25.9614,25.61647,25.96814,25.788935000000002,25.96477,0.006772939826049415,3
gh200,timing,Ring_LL128,4,1245184,25.89711,25.72879,25.93517,25.81295,25.91614,0.00398461449945565,3
gh200,timing,Ring_LL128,4,1277952,25.90607,25.6635,25.91947,25.784785,25.912770000000002,0.004940347957061895,3
gh200,timing,Ring_LL128,4,1310720,25.81804,25.80014,25.85743,25.809089999999998,25.837735000000002,0.0011094955310319635,3
gh200,timing,Ring_LL128,4,1343488,25.9102,25.55663,26.06478,25.733415,25.98749,0.009805983743853783,3
gh200,timing,Ring_LL128,4,1376256,25.9278,25.65134,25.94095,25.78957,25.934375000000003,0.0055849320034866675,3
gh200,timing,Ring_LL128,4,1409024,25.95404,25.68814,26.09358,25.821089999999998,26.023809999999997,0.007810730044339893,3
gh200,timing,Ring_LL128,4,1441792,26.00334,25.7243,26.04076,25.86382,26.02205,0.006084987543907807,3
gh200,timing,Ring_LL128,4,1474560,25.98028,25.61038,26.08078,25.79533,26.03053,0.009053020213792883,3
gh200,timing,Ring_LL128,4,1507328,26.01934,25.70894,26.02316,25.86414,26.021250000000002,0.006038200815239855,3
gh200,timing,Ring_LL128,4,1540096,25.91854,25.91468,25.96397,25.91661,25.941254999999998,0.0009508637446399213,3
gh200,timing,Ring_LL128,4,1572864,25.94895,25.9182,25.97774,25.933574999999998,25.963345,0.0011472525863282614,3
gh200,timing,Ring_LL128,4,1605632,27.01225,26.82475,27.20203,26.9185,27.10714,0.006983498227655951,3
gh200,timing,Ring_LL128,4,1638400,27.06985,27.00042,27.26282,27.035134999999997,27.166335,0.004846720613524025,3
gh200,timing,Ring_LL128,4,1671168,27.17643,26.91531,27.18536,27.04587,27.180895,0.004968459801379314,3
gh200,timing,Ring_LL128,4,1703936,27.17803,26.94154,27.20936,27.059784999999998,27.193694999999998,0.004927141518351411,3
gh200,timing,Ring_LL128,4,1736704,27.25514,27.02474,27.26792,27.139940000000003,27.26153,0.004461176864253775,3
gh200,timing,Ring_LL128,4,1769472,27.25643,26.97002,27.28072,27.113225,27.268575,0.005699572541231501,3
gh200,timing,Ring_LL128,4,1802240,27.27339,27.11242,27.31911,27.192905,27.29625,0.003789224588509199,3
gh200,timing,Ring_LL128,4,1835008,27.29898,27.02251,27.33192,27.160745,27.31545,0.005667061553215537,3
gh200,timing,Ring_LL128,4,1867776,27.28904,27.17833,27.37642,27.233685,27.332729999999998,0.0036294790875749648,3
gh200,timing,Ring_LL128,4,1900544,27.1524,27.1153,27.19882,27.133850000000002,27.17561,0.0015379855924336878,3
gh200,timing,Ring_LL128,4,1933312,27.18856,27.12554,27.23179,27.157049999999998,27.210175,0.0019539468070394837,3
gh200,timing,Ring_LL128,4,1966080,27.20106,27.17992,27.20394,27.190489999999997,27.2025,0.00044152691108374564,3
gh200,timing,Ring_LL128,4,1998848,28.43687,28.22118,28.71075,28.329025,28.57381,0.008608014876461447,3
gh200,timing,Ring_LL128,4,2031616,28.51814,28.22726,28.58595,28.372700000000002,28.552045,0.006288804248804371,3
gh200,timing,Ring_LL128,4,2064384,28.50855,28.3895,28.78819,28.449025,28.64837,0.006992463664409484,3
gh200,timing,Ring_LL128,4,2097152,28.56198,28.37734,28.68963,28.469659999999998,28.625805,0.005466882898174504,3
gh200,timing,Ring_LL128,4,2129920,28.60551,28.46726,28.83971,28.536385,28.72261,0.006510109415983155,3
gh200,timing,Ring_LL128,4,2162688,28.72038,28.52773,28.82562,28.624055,28.773,0.005186038624837179,3
gh200,timing,Ring_LL128,4,2195456,28.68998,28.63621,28.77155,28.663095,28.730764999999998,0.0023586631987892524,3
gh200,timing,Ring_LL128,4,2228224,28.70309,28.64454,28.75523,28.673814999999998,28.72916,0.0019281896130347862,3
gh200,timing,Ring_LL128,4,2260992,28.71749,28.63781,28.76259,28.67765,28.74004,0.002172543631076414,3
gh200,timing,Ring_LL128,4,2293760,28.58246,28.53542,28.63588,28.55894,28.60917,0.0017573714788719763,3
gh200,timing,Ring_LL128,4,2326528,28.63558,28.56197,28.65188,28.598775,28.643729999999998,0.0015699001032979977,3
gh200,timing,Ring_LL128,4,2359296,28.59237,28.58566,28.6106,28.589015,28.601485,0.00043613033826858097,3
gh200,timing,Ring_LL128,4,2392064,30.02657,29.76289,30.03103,29.89473,30.0288,0.004465045458072675,3
gh200,timing,Ring_LL128,4,2424832,29.97823,29.85921,30.03394,29.91872,30.006085,0.002914281463582018,3
gh200,timing,Ring_LL128,4,2457600,30.05377,29.88577,30.17023,29.96977,30.112000000000002,0.004732517750684903,3
gh200,timing,Ring_LL128,4,2490368,30.12961,30.08513,30.13087,30.10737,30.13024,0.0007590539671771741,3
gh200,timing,Ring_LL128,4,2523136,30.19009,30.05472,30.30047,30.122405,30.24528,0.004070044176748082,3
gh200,timing,Ring_LL128,4,2555904,30.12289,30.08862,30.19713,30.105755000000002,30.16001,0.0018011220038979567,3
gh200,timing,Ring_LL128,4,2588672,30.15839,30.09377,30.37281,30.12608,30.2656,0.004626241652820241,3
gh200,timing,Ring_LL128,4,2621440,30.3296,30.21695,30.35581,30.273274999999998,30.342705000000002,0.0022891828444820935,3
gh200,timing,Ring_LL128_cta16,2,524288,17.96098,17.8471,17.99142,17.904040000000002,17.9762,0.0040175981488758785,3
gh200,timing,Ring_LL128_cta16,2,557056,18.67968,18.6186,18.94722,18.649140000000003,18.813450000000003,0.008796189228081015,3
gh200,timing,Ring_LL128_cta16,2,589824,18.91807,18.87395,19.21826,18.89601,19.068165,0.009100029759906801,3
gh200,timing,Ring_LL128_cta16,2,622592,19.25214,19.21026,19.46017,19.2312,19.356155,0.006490447295729198,3
gh200,timing,Ring_LL128_cta16,2,655360,19.66561,19.58785,19.66749,19.626730000000002,19.66655,0.0020248545557447167,3
gh200,timing,Ring_LL128_cta16,2,688128,20.09627,19.95359,20.38431,20.024929999999998,20.24029,0.010716416529037676,3
gh200,timing,Ring_LL128_cta16,2,720896,20.37694,20.37562,20.5267,20.37628,20.45182,0.0037071316890563625,3
gh200,timing,Ring_LL128_cta16,2,753664,20.13663,20.06463,20.16058,20.100630000000002,20.148605,0.0023824741279944773,3
gh200,timing,Ring_LL128_cta16,2,786432,20.4505,20.36222,20.57374,20.40636,20.512120000000003,0.005171511698980642,3
gh200,timing,Ring_LL128_cta16,2,819200,21.85977,21.80405,22.30296,21.83191,22.081364999999998,0.01141160222637281,3
gh200,timing,Ring_LL128_cta16,2,851968,22.83953,22.6783,23.33813,22.758915000000002,23.08883,0.014444911957470217,3
gh200,timing,Ring_LL128_cta16,2,884736,22.90038,22.88498,22.95606,22.89268,22.92822,0.001551939312797474,3
gh200,timing,Ring_LL128_cta16,2,917504,23.23825,23.23093,23.63411,23.23459,23.43618,0.008674921734640064,3
gh200,timing,Ring_LL128_cta16,2,950272,23.26837,23.2632,23.50484,23.265785,23.386605000000003,0.005192456540789145,3
gh200,timing,Ring_LL128_cta16,2,983040,23.59699,23.5624,23.79795,23.579695,23.697470000000003,0.004991102678773934,3
gh200,timing,Ring_LL128_cta16,2,1015808,23.06705,22.93142,23.11797,22.999235,23.092509999999997,0.004043646673501746,3
gh200,timing,Ring_LL128_cta16,2,1048576,23.66351,23.56916,23.86643,23.616335,23.764969999999998,0.0062811898995541555,3
gh200,timing,Ring_LL128_cta16,2,1081344,27.12456,27.03331,27.19304,27.078935,27.1588,0.0029443795585992207,3
gh200,timing,Ring_LL128_cta16,2,1114112,26.89193,26.84681,27.13059,26.86937,27.01126,0.005276304080815326,3
gh200,timing,Ring_LL128_cta16,2,1146880,26.87107,26.82505,26.87466,26.84806,26.872864999999997,0.0009231117331761289,3
gh200,timing,Ring_LL128_cta16,2,1179648,27.02888,26.98344,27.13219,27.00616,27.080535,0.0027516863443842235,3
gh200,timing,Ring_LL128_cta16,2,1212416,27.8352,27.21736,27.86342,27.52628,27.849310000000003,0.011605089958038843,3
gh200,timing,Ring_LL128_cta16,2,1245184,26.29003,26.19916,26.41222,26.244595,26.351125000000003,0.004052106444914779,3
gh200,timing,Ring_LL128_cta16,2,1277952,26.58282,26.48074,26.62277,26.53178,26.602795,0.0026714622451643262,3
gh200,timing,Ring_LL128_cta16,2,1310720,27.19752,27.01097,27.28706,27.104245,27.24229,0.005075646603072697,3
gh200,timing,Ring_LL128_cta16,2,1343488,29.02594,29.00514,29.12188,29.01554,29.073909999999998,0.002010959851773844,3
gh200,timing,Ring_LL128_cta16,2,1376256,29.12737,29.1126,29.44033,29.119985,29.28385,0.005625808303324374,3
gh200,timing,Ring_LL128_cta16,2,1409024,29.21794,28.95619,29.27644,29.087065,29.24719,0.005480365830034586,3
gh200,timing,Ring_LL128_cta16,2,1441792,30.09721,29.81184,30.2323,29.954525,30.164755,0.006985032831946856,3
gh200,timing,Ring_LL128_cta16,2,1474560,30.34776,30.02591,30.47134,30.186835000000002,30.409550000000003,0.007338762399597232,3
gh200,timing,Ring_LL128_cta16,2,1507328,28.23456,28.14341,28.24004,28.188985,28.237299999999998,0.0017112007412192285,3
gh200,timing,Ring_LL128_cta16,2,1540096,28.67198,28.35941,28.93571,28.515695,28.803845000000003,0.010049881452205311,3
gh200,timing,Ring_LL128_cta16,2,1572864,28.90557,28.64899,29.2381,28.77728,29.071835,0.01019025052956918,3
gh200,timing,Ring_LL128_cta16,2,1605632,31.45268,31.20124,31.62682,31.32696,31.539749999999998,0.006765401231309963,3
gh200,timing,Ring_LL128_cta16,2,1638400,30.99862,30.96284,31.08572,30.98073,31.04217,0.001982023715894369,3
gh200,timing,Ring_LL128_cta16,2,1671168,31.97075,31.90137,31.99449,31.936059999999998,31.982619999999997,0.0014563311777171161,3
gh200,timing,Ring_LL128_cta16,2,1703936,31.77529,31.76499,32.30647,31.770139999999998,32.04088,0.008520457248383998,3
gh200,timing,Ring_LL128_cta16,2,1736704,29.92793,29.90335,29.96671,29.91564,29.947319999999998,0.0010585429730689002,3
gh200,timing,Ring_LL128_cta16,2,1769472,30.21049,30.10143,30.37566,30.15596,30.293075,0.004538655281658835,3
gh200,timing,Ring_LL128_cta16,2,1802240,30.53719,30.45982,31.1046,30.498505,30.820895,0.010557290962265965,3
gh200,timing,Ring_LL128_cta16,2,1835008,31.34235,31.01558,31.91513,31.178964999999998,31.62874,0.014350391722382096,3
gh200,timing,Ring_LL128_cta16,2,1867776,33.65299,33.60876,33.90291,33.630875,33.777950000000004,0.004370339752871912,3
gh200,timing,Ring_LL128_cta16,2,1900544,34.5736,34.46602,34.77263,34.51981,34.673114999999996,0.00443416363930849,3
gh200,timing,Ring_LL128_cta16,2,1933312,34.7272,34.65513,35.10607,34.691165,34.916635,0.006492605220115684,3
gh200,timing,Ring_LL128_cta16,2,1966080,34.93359,34.77032,35.4011,34.851955000000004,35.167345,0.009028273360968442,3
gh200,timing,Ring_LL128_cta16,2,1998848,32.78095,32.74166,32.82262,32.761305,32.801784999999995,0.0012348635411723941,3
gh200,timing,Ring_LL128_cta16,2,2031616,33.01295,32.91958,33.36532,32.966265,33.18913499999999,0.006750987112632869,3
gh200,timing,Ring_LL128_cta16,2,2064384,33.25934,33.23253,33.96178,33.245935,33.61056,0.01096308585798746,3
gh200,timing,Ring_LL128_cta16,2,2097152,34.14866,33.84428,34.85007,33.99647,34.499365,0.01472663934690249,3
gh200,timing,Ring_LL128_cta16,2,2129920,37.09345,36.98537,37.2308,37.039410000000004,37.162125,0.0033082660146198178,3
gh200,timing,Ring_LL128_cta16,2,2162688,37.1316,36.98632,37.14145,37.05896,37.136525,0.002088921565459067,3
gh200,timing,Ring_LL128_cta16,2,2195456,37.26752,37.18344,37.44583,37.22548,37.356674999999996,0.0035203576733841744,3
gh200,timing,Ring_LL128_cta16,2,2228224,34.87695,34.85007,34.9332,34.863510000000005,34.905075,0.0011917613208721352,3
gh200,timing,Ring_LL128_cta16,2,2260992,35.15111,35.07631,35.21326,35.11371,35.182185000000004,0.0019480181422437727,3
gh200,timing,Ring_LL128_cta16,2,2293760,35.4359,35.31342,35.59693,35.37466,35.516414999999995,0.004000321707646661,3
gh200,timing,Ring_LL128_cta16,2,2326528,35.74662,35.53134,35.88652,35.638980000000004,35.81657,0.004968022151464811,3
gh200,timing,Ring_LL128_cta16,2,2359296,36.21611,36.07243,36.22436,36.14427,36.220235,0.002097547196537773,3
gh200,timing,Ring_LL128_cta16,2,2392064,40.63637,40.18558,40.84284,40.410975,40.739605,0.008087090456160254,3
gh200,timing,Ring_LL128_cta16,2,2424832,40.62173,40.59605,40.70909,40.60889,40.66541,0.0013913735333280738,3
gh200,timing,Ring_LL128_cta16,2,2457600,40.95604,40.69149,41.00956,40.823765,40.9828,0.003883065843279668,3
gh200,timing,Ring_LL128_cta16,2,2490368,38.35269,38.33308,38.38852,38.342885,38.370605,0.0007227654696448953,3
gh200,timing,Ring_LL128_cta16,2,2523136,38.67323,38.49764,38.7629,38.585435,38.718064999999996,0.0034295040781439495,3
gh200,timing,Ring_LL128_cta16,2,2555904,38.75387,38.64228,39.10178,38.698075,38.927825,0.005928440179006528,3
gh200,timing,Ring_LL128_cta16,2,2588672,39.27201,39.27129,39.96383,39.27165,39.61792,0.008817221221933813,3
gh200,timing,Ring_LL128_cta16,2,2621440,39.65976,39.65408,40.50685,39.65692,40.083304999999996,0.01075107363231639,3
gh200,timing,Ring_LL128_cta16,4,524288,23.31446,23.23057,23.47087,23.272515,23.392665,0.0051534541224631586,3
gh200,timing,Ring_LL128_cta16,4,557056,24.67051,24.4645,25.77384,24.567505,25.222175,0.026536540995706997,3
gh200,timing,Ring_LL128_cta16,4,589824,24.35954,24.33261,24.78539,24.346075,24.572465,0.00929368945390603,3
gh200,timing,Ring_LL128_cta16,4,622592,24.36723,24.36365,24.44268,24.36544,24.404955,0.0016216451357007557,3
gh200,timing,Ring_LL128_cta16,4,655360,24.41683,24.22957,24.60332,24.3232,24.510075,0.007653532420056189,3
gh200,timing,Ring_LL128_cta16,4,688128,24.49554,24.21037,24.5694,24.352955,24.53247,0.007328476939067216,3
gh200,timing,Ring_LL128_cta16,4,720896,24.42035,24.23053,24.50828,24.32544,24.464315,0.005686855429999928,3
gh200,timing,Ring_LL128_cta16,4,753664,24.4485,24.31149,24.6494,24.379995,24.548949999999998,0.006910648915066236,3
gh200,timing,Ring_LL128_cta16,4,786432,24.44242,24.32557,24.52108,24.383995,24.481749999999998,0.003999399404805227,3
gh200,timing,Ring_LL128_cta16,4,819200,25.69992,25.44456,25.72943,25.57224,25.714675,0.0055422351509265,3
gh200,timing,Ring_LL128_cta16,4,851968,25.53678,25.45768,25.76104,25.497230000000002,25.64891,0.005939668196225168,3
gh200,timing,Ring_LL128_cta16,4,884736,25.71183,25.48265,25.738,25.59724,25.724915,0.00496561310494041,3
gh200,timing,Ring_LL128_cta16,4,917504,25.6548,25.45929,25.86637,25.557045000000002,25.760585,0.007933797963733754,3
gh200,timing,Ring_LL128_cta16,4,950272,25.68808,25.47977,25.75406,25.583925,25.721069999999997,0.005338857555722216,3
gh200,timing,Ring_LL128_cta16,4,983040,25.63656,25.52457,25.96206,25.580565,25.79931,0.00853254102734526,3
gh200,timing,Ring_LL128_cta16,4,1015808,25.72782,25.55976,25.91463,25.643790000000003,25.821225,0.006896620078964932,3
gh200,timing,Ring_LL128_cta16,4,1048576,25.79208,25.54057,25.80206,25.666325,25.797069999999998,0.005069191782903801,3
gh200,timing,Ring_LL128_cta16,4,1081344,26.93795,26.78053,26.9569,26.85924,26.947425000000003,0.003273634407963592,3
gh200,timing,Ring_LL128_cta16,4,1114112,26.90794,26.69412,27.08259,26.80103,26.995265,0.007218501304819286,3
gh200,timing,Ring_LL128_cta16,4,1146880,26.91178,26.78404,26.97827,26.84791,26.945025,0.0036086427579298834,3
gh200,timing,Ring_LL128_cta16,4,1179648,26.94346,26.65733,26.98627,26.800395,26.964865000000003,0.006104264263016013,3
gh200,timing,Ring_LL128_cta16,4,1212416,26.86059,26.8554,27.05252,26.857995,26.956555,0.0036693162733954336,3
gh200,timing,Ring_LL128_cta16,4,1245184,26.85899,26.7498,27.09635,26.804395,26.97767,0.006451285025982001,3
gh200,timing,Ring_LL128_cta16,4,1277952,26.96106,26.82628,27.04771,26.89367,27.004385,0.004106478009395736,3
gh200,timing,Ring_LL128_cta16,4,1310720,26.86443,26.6714,27.09444,26.767915,26.979435,0.007873608336376396,3
gh200,timing,Ring_LL128_cta16,4,1343488,28.19718,27.89441,28.41407,28.045795,28.305625,0.00921475126236031,3
gh200,timing,Ring_LL128_cta16,4,1376256,28.02087,27.9392,28.27551,27.980035,28.14819,0.006001062779278399,3
gh200,timing,Ring_LL128_cta16,4,1409024,28.20422,27.95744,28.34751,28.08083,28.275865,0.006915099938945333,3
gh200,timing,Ring_LL128_cta16,4,1441792,28.10599,27.96064,28.21055,28.033315,28.15827,0.004445849443481619,3
gh200,timing,Ring_LL128_cta16,4,1474560,28.2567,27.99937,28.45918,28.128034999999997,28.35794,0.008136300417246256,3
gh200,timing,Ring_LL128_cta16,4,1507328,28.16934,27.97824,28.28735,28.07379,28.228344999999997,0.005486639019586488,3
gh200,timing,Ring_LL128_cta16,4,1540096,28.19847,27.94304,28.31711,28.070755,28.25779,0.006632806673553622,3
gh200,timing,Ring_LL128_cta16,4,1572864,28.21254,27.98016,28.23199,28.09635,28.222265,0.004463086272983543,3
gh200,timing,Ring_LL128_cta16,4,1605632,29.40898,29.27803,29.47163,29.343505,29.440305000000002,0.003291511640322166,3
gh200,timing,Ring_LL128_cta16,4,1638400,29.43842,29.15484,29.52379,29.29663,29.481105,0.00626647082282266,3
gh200,timing,Ring_LL128_cta16,4,1671168,29.40738,29.23388,29.46363,29.32063,29.435505,0.0039063323560275635,3
gh200,timing,Ring_LL128_cta16,4,1703936,29.33859,29.16828,29.53595,29.253435,29.437269999999998,0.006265979380740466,3
gh200,timing,Ring_LL128_cta16,4,1736704,29.43451,29.26811,34.62097,29.351309999999998,32.02774,0.09092830150731246,3
gh200,timing,Ring_LL128_cta16,4,1769472,29.39331,29.19548,29.44091,29.294395,29.41711,0.004174929601327631,3
gh200,timing,Ring_LL128_cta16,4,1802240,29.4509,29.22812,29.45115,29.33951,29.451025,0.0037864717207284223,3
gh200,timing,Ring_LL128_cta16,4,1835008,29.43138,29.17788,29.49147,29.30463,29.461425,0.0053274769990397635,3
gh200,timing,Ring_LL128_cta16,4,1867776,31.23132,30.91126,31.27349,31.071289999999998,31.252405,0.005799146497810592,3
gh200,timing,Ring_LL128_cta16,4,1900544,31.33469,30.84727,31.39508,31.090980000000002,31.364885,0.008741270457757813,3
gh200,timing,Ring_LL128_cta16,4,1933312,31.16285,30.98198,31.21813,31.072415,31.190489999999997,0.003788966670249913,3
gh200,timing,Ring_LL128_cta16,4,1966080,31.34301,31.01621,31.53524,31.17961,31.439125,0.008279836556859101,3
gh200,timing,Ring_LL128_cta16,4,1998848,31.28341,31.01142,31.3862,31.147415000000002,31.334805,0.00599007589006432,3
gh200,timing,Ring_LL128_cta16,4,2031616,31.22324,31.04053,31.3542,31.131885,31.288719999999998,0.005023021313611188,3
gh200,timing,Ring_LL128_cta16,4,2064384,31.32436,31.0399,31.39036,31.18213,31.35736,0.0055940488488830774,3
gh200,timing,Ring_LL128_cta16,4,2097152,31.21717,31.09397,31.359,31.155569999999997,31.288085000000002,0.004244939563708211,3
gh200,timing,Ring_LL128_cta16,4,2129920,32.43993,32.16593,32.59697,32.30293,32.51845,0.006643664150939844,3
gh200,timing,Ring_LL128_cta16,4,2162688,32.45464,32.19185,32.75216,32.323245,32.6034,0.008632201743726031,3
gh200,timing,Ring_LL128_cta16,4,2195456,32.54424,32.2885,32.81648,32.41637,32.68036,0.008111727297979602,3
gh200,timing,Ring_LL128_cta16,4,2228224,32.73016,32.49617,32.73552,32.613164999999995,32.732839999999996,0.0036564135341837886,3
gh200,timing,Ring_LL128_cta16,4,2260992,32.72055,32.52464,32.84784,32.622595000000004,32.784195,0.004938792288026725,3
gh200,timing,Ring_LL128_cta16,4,2293760,32.76632,32.54001,32.79088,32.653165,32.7786,0.0038281686805230484,3
gh200,timing,Ring_LL128_cta16,4,2326528,32.77176,32.53392,32.82511,32.65284,32.798435,0.0044426970049823425,3
gh200,timing,Ring_LL128_cta16,4,2359296,32.87095,32.62768,32.97967,32.749314999999996,32.925309999999996,0.005354119671016516,3
gh200,timing,Ring_LL128_cta16,4,2392064,37.45215,37.02881,37.48841,37.240480000000005,37.47028,0.006135829318209964,3
gh200,timing,Ring_LL128_cta16,4,2424832,37.40128,37.33129,37.63775,37.366285000000005,37.519515,0.004096918608133025,3
gh200,timing,Ring_LL128_cta16,4,2457600,37.58601,37.20417,37.69183,37.395089999999996,37.63892,0.00648725416717557,3
gh200,timing,Ring_LL128_cta16,4,2490368,37.67976,37.328,37.69023,37.50388,37.684995,0.004806691974683447,3
gh200,timing,Ring_LL128_cta16,4,2523136,37.5508,37.39712,37.576,37.473960000000005,37.5634,0.0023818400673220326,3
gh200,timing,Ring_LL128_cta16,4,2555904,37.69887,37.44192,37.71656,37.570395000000005,37.707715,0.0036425494981678613,3
gh200,timing,Ring_LL128_cta16,4,2588672,37.51528,37.4848,37.59775,37.50004,37.556515,0.0015053866051379318,3
gh200,timing,Ring_LL128_cta16,4,2621440,37.66879,37.54943,37.72999,37.60911,37.69939,0.0023966790544639187,3
gh200,timing,Ring_LL128_cta24,2,524288,17.67368,17.64007,17.91046,17.656875,17.792070000000002,0.007649510458489859,3
gh200,timing,Ring_LL128_cta24,2,557056,18.69091,18.40549,18.69284,18.5482,18.691875,0.007686891649470156,3
gh200,timing,Ring_LL128_cta24,2,589824,19.02659,18.99843,19.22051,19.01251,19.12355,0.005836043137525048,3
gh200,timing,Ring_LL128_cta24,2,622592,19.30177,19.16035,19.52226,19.23106,19.412015,0.009375046951652664,3
gh200,timing,Ring_LL128_cta24,2,655360,19.48065,19.31395,19.56578,19.3973,19.523215,0.006463593360591105,3
gh200,timing,Ring_LL128_cta24,2,688128,20.12256,20.06015,20.32479,20.091355,20.223675,0.0065757040853648835,3
gh200,timing,Ring_LL128_cta24,2,720896,20.44126,20.39167,20.55423,20.416465000000002,20.497745000000002,0.003976271521422827,3
gh200,timing,Ring_LL128_cta24,2,753664,20.87965,20.74462,21.11388,20.812135,20.996765000000003,0.008842581173535095,3
gh200,timing,Ring_LL128_cta24,2,786432,20.20703,20.20254,20.44606,20.204785,20.326545,0.006025625735201973,3
gh200,timing,Ring_LL128_cta24,2,819200,21.56539,21.44506,22.00922,21.505225000000003,21.787305,0.013080217886159118,3
gh200,timing,Ring_LL128_cta24,2,851968,21.71034,21.56282,22.04505,21.63658,21.877695,0.011105998339961542,3
gh200,timing,Ring_LL128_cta24,2,884736,22.54296,22.32408,22.85944,22.43352,22.7012,0.011874217050467133,3
gh200,timing,Ring_LL128_cta24,2,917504,22.17753,22.05433,22.3532,22.11593,22.265365000000003,0.0067381263828750985,3
gh200,timing,Ring_LL128_cta24,2,950272,21.9497,21.80153,21.97818,21.875615,21.96394,0.004023972992797218,3
gh200,timing,Ring_LL128_cta24,2,983040,22.1273,22.07096,22.23289,22.099130000000002,22.180095,0.003659054651945744,3
gh200,timing,Ring_LL128_cta24,2,1015808,23.04502,22.98839,23.34454,23.016705,23.19478,0.0077272660210318655,3
gh200,timing,Ring_LL128_cta24,2,1048576,23.3199,23.28085,23.49077,23.300375000000003,23.405335,0.004500876933434465,3
gh200,timing,Ring_LL128_cta24,2,1081344,23.733,23.50932,24.05395,23.62116,23.893475000000002,0.011474107782412781,3
gh200,timing,Ring_LL128_cta24,2,1114112,23.90708,23.84691,24.27347,23.876995,24.090275,0.008921206604905219,3
gh200,timing,Ring_LL128_cta24,2,1146880,23.27381,23.20406,23.35061,23.238934999999998,23.31221,0.0031483886823860134,3
gh200,timing,Ring_LL128_cta24,2,1179648,23.48853,23.43668,23.65812,23.462605,23.573325,0.004713790092440889,3
gh200,timing,Ring_LL128_cta24,2,1212416,26.02092,25.8587,26.1678,25.93981,26.09436,0.005939451794940394,3
gh200,timing,Ring_LL128_cta24,2,1245184,26.44364,26.05996,26.73835,26.2518,26.590995,0.012827091882963168,3
gh200,timing,Ring_LL128_cta24,2,1277952,25.57998,25.47918,25.59023,25.52958,25.585105,0.002170642823020166,3
gh200,timing,Ring_LL128_cta24,2,1310720,25.80206,25.77772,25.81102,25.78989,25.80654,0.0006452973134702617,3
gh200,timing,Ring_LL128_cta24,2,1343488,26.93673,26.82475,27.27177,26.880740000000003,27.10425,0.008297592172472213,3
gh200,timing,Ring_LL128_cta24,2,1376256,27.63912,27.59623,28.06119,27.617675,27.850155,0.008411266350014128,3
gh200,timing,Ring_LL128_cta24,2,1409024,27.56487,27.5284,27.80519,27.546635000000002,27.685029999999998,0.005020702074778354,3
gh200,timing,Ring_LL128_cta24,2,1441792,27.96677,27.89159,28.2439,27.929180000000002,28.105335,0.006298725237129559,3
gh200,timing,Ring_LL128_cta24,2,1474560,28.03143,27.90405,28.55397,27.96774,28.2927,0.011592701478304917,3
gh200,timing,Ring_LL128_cta24,2,1507328,28.521,28.19494,28.64709,28.35797,28.584045,0.007926615476315627,3
gh200,timing,Ring_LL128_cta24,2,1540096,27.44296,27.33608,27.57192,27.389519999999997,27.50744,0.0042969125779435445,3
gh200,timing,Ring_LL128_cta24,2,1572864,27.6932,27.62823,28.02727,27.660715,27.860235000000003,0.007204656738838532,3
gh200,timing,Ring_LL128_cta24,2,1605632,29.60384,29.58146,29.61026,29.59265,29.60705,0.00048642338291255343,3
gh200,timing,Ring_LL128_cta24,2,1638400,29.88033,29.8752,29.952,29.877765,29.916165,0.0012851263690862626,3
gh200,timing,Ring_LL128_cta24,2,1671168,30.97436,30.78173,31.27708,30.878045,31.12572,0.007996129702114942,3
gh200,timing,Ring_LL128_cta24,2,1703936,31.83481,31.69275,32.01785,31.76378,31.92633,0.005106045866144624,3
gh200,timing,Ring_LL128_cta24,2,1736704,31.49756,31.42746,31.66299,31.46251,31.580275,0.003738861041934631,3
gh200,timing,Ring_LL128_cta24,2,1769472,32.16888,32.07866,32.4556,32.12377,32.31224,0.005858767852657673,3
gh200,timing,Ring_LL128_cta24,2,1802240,32.59288,32.35704,32.95927,32.474959999999996,32.776075,0.009238674213509298,3
gh200,timing,Ring_LL128_cta24,2,1835008,32.61815,32.47096,33.05911,32.544555,32.838629999999995,0.009015686052090395,3
gh200,timing,Ring_LL128_cta24,2,1867776,32.88821,32.71703,33.45749,32.802620000000005,33.17285,0.011257225613677129,3
gh200,timing,Ring_LL128_cta24,2,1900544,31.79546,31.77659,31.82362,31.786025,31.80954,0.0007395709953559323,3
gh200,timing,Ring_LL128_cta24,2,1933312,31.88249,31.80027,32.03834,31.84138,31.960414999999998,0.003733554060551628,3
gh200,timing,Ring_LL128_cta24,2,1966080,32.25689,32.17432,32.60824,32.215605,32.432565,0.006726004893838193,3
gh200,timing,Ring_LL128_cta24,2,1998848,33.87475,33.69941,34.0418,33.78708,33.958275,0.005053764234422315,3
gh200,timing,Ring_LL128_cta24,2,2031616,34.7093,34.66736,35.09488,34.68833,34.90209,0.006158579977124304,3
gh200,timing,Ring_LL128_cta24,2,2064384,35.1243,34.94449,35.39503,35.034395,35.259665,0.006413508596612452,3
gh200,timing,Ring_LL128_cta24,2,2097152,34.78704,34.76337,34.88465,34.775205,34.835845,0.0017431779191330841,3
gh200,timing,Ring_LL128_cta24,2,2129920,35.27951,35.24622,35.72814,35.262865000000005,35.503825000000006,0.0068300268342729575,3
gh200,timing,Ring_LL128_cta24,2,2162688,36.05037,35.63853,36.32588,35.84445,36.188125,0.00953318925714209,3
gh200,timing,Ring_LL128_cta24,2,2195456,35.46703,35.29518,35.69646,35.381105000000005,35.581745,0.005657084903923244,3
gh200,timing,Ring_LL128_cta24,2,2228224,35.88717,35.71661,36.24428,35.80189,36.065725,0.007351791740613714,3
gh200,timing,Ring_LL128_cta24,2,2260992,36.41004,36.12299,36.65388,36.266515,36.53196,0.00729043417694679,3
gh200,timing,Ring_LL128_cta24,2,2293760,34.62514,34.50097,34.81361,34.563055000000006,34.719375,0.00451463878557585,3
gh200,timing,Ring_LL128_cta24,2,2326528,34.93776,34.78703,35.33935,34.862395,35.138555,0.007904341892553996,3
gh200,timing,Ring_LL128_cta24,2,2359296,35.68045,35.63054,35.84654,35.655495,35.763495,0.003026867654415709,3
gh200,timing,Ring_LL128_cta24,2,2392064,37.71944,37.68646,38.16839,37.70295,37.943915000000004,0.006388350410292485,3
gh200,timing,Ring_LL128_cta24,2,2424832,37.18984,37.13513,37.39689,37.162485,37.293364999999994,0.0035192407388684025,3
gh200,timing,Ring_LL128_cta24,2,2457600,38.2343,37.92326,38.3271,38.078779999999995,38.280699999999996,0.005281121924554686,3
gh200,timing,Ring_LL128_cta24,2,2490368,38.5703,38.35748,38.90788,38.463890000000006,38.739090000000004,0.007135023580319523,3
gh200,timing,Ring_LL128_cta24,2,2523136,38.74085,38.41987,39.03875,38.58036,38.8898,0.007987434452264268,3
gh200,timing,Ring_LL128_cta24,2,2555904,38.62789,38.53252,38.82885,38.580205,38.72837,0.003835700060241415,3
gh200,timing,Ring_LL128_cta24,2,2588672,39.20835,39.0445,39.53058,39.126425,39.369465000000005,0.006198679617989731,3
gh200,timing,Ring_LL128_cta24,2,2621440,39.33185,39.29155,39.54626,39.3117,39.439054999999996,0.003237961092600382,3
gh200,timing,Ring_LL128_cta24,4,524288,23.28663,23.19445,23.34487,23.24054,23.31575,0.0032297502901880606,3
gh200,timing,Ring_LL128_cta24,4,557056,23.41622,23.3906,23.55254,23.40341,23.48438,0.003457859552054117,3
gh200,timing,Ring_LL128_cta24,4,589824,23.47415,23.44276,23.49462,23.458455,23.484385000000003,0.0011046193365895015,3
gh200,timing,Ring_LL128_cta24,4,622592,23.47412,23.42295,23.65558,23.448535,23.56485,0.004955031328117952,3
gh200,timing,Ring_LL128_cta24,4,655360,23.50231,23.36276,23.52534,23.432535,23.513825,0.003458808942610288,3
gh200,timing,Ring_LL128_cta24,4,688128,23.43734,23.41013,23.5503,23.423735,23.49382,0.002990313747208465,3
gh200,timing,Ring_LL128_cta24,4,720896,23.49942,23.48148,23.6783,23.490450000000003,23.58886,0.004187762932021202,3
gh200,timing,Ring_LL128_cta24,4,753664,23.55478,23.5138,23.58806,23.53429,23.57142,0.0015763254846787452,3
gh200,timing,Ring_LL128_cta24,4,786432,23.5695,23.43124,23.63029,23.50037,23.599895,0.0042226182142175205,3
gh200,timing,Ring_LL128_cta24,4,819200,24.50707,24.45489,24.68275,24.48098,24.59491,0.0046488625527245754,3
gh200,timing,Ring_LL128_cta24,4,851968,24.59601,24.56755,24.72082,24.581780000000002,24.658414999999998,0.0031157492617703447,3
gh200,timing,Ring_LL128_cta24,4,884736,24.68595,24.54129,24.74195,24.613619999999997,24.713949999999997,0.004064255173489357,3
gh200,timing,Ring_LL128_cta24,4,917504,24.62194,24.59216,24.6821,24.60705,24.65202,0.0018264198515632517,3
gh200,timing,Ring_LL128_cta24,4,950272,24.66771,24.50929,24.7253,24.5885,24.696505000000002,0.00437839588676866,3
gh200,timing,Ring_LL128_cta24,4,983040,24.66578,24.56753,24.70675,24.616655,24.686265,0.0028221284711043917,3
gh200,timing,Ring_LL128_cta24,4,1015808,24.66099,24.59472,24.67699,24.627855,24.66899,0.0016680190049142628,3
gh200,timing,Ring_LL128_cta24,4,1048576,24.71826,24.61584,24.73202,24.66705,24.72514,0.0023500845124211807,3
gh200,timing,Ring_LL128_cta24,4,1081344,24.73106,24.668,24.74387,24.69953,24.737465,0.0015339010944132982,3
gh200,timing,Ring_LL128_cta24,4,1114112,24.65456,24.64338,24.66515,24.64897,24.659855,0.00044150047699094246,3
gh200,timing,Ring_LL128_cta24,4,1146880,24.79474,24.57104,24.82419,24.68289,24.809465000000003,0.005104913380822002,3
gh200,timing,Ring_LL128_cta24,4,1179648,24.74835,24.69808,24.79602,24.723215,24.772185,0.001978717773104091,3
gh200,timing,Ring_LL128_cta24,4,1212416,25.76879,25.74189,25.91214,25.75534,25.840465000000002,0.003303414712138267,3
gh200,timing,Ring_LL128_cta24,4,1245184,25.8379,25.76877,25.95918,25.803335,25.89854,0.0036847034782238487,3
gh200,timing,Ring_LL128_cta24,4,1277952,25.82509,25.79727,25.85615,25.81118,25.84062,0.0011399766661026552,3
gh200,timing,Ring_LL128_cta24,4,1310720,25.91759,25.82604,25.97038,25.871814999999998,25.943984999999998,0.002784595326957477,3
gh200,timing,Ring_LL128_cta24,4,1343488,25.82767,25.76141,25.91663,25.79454,25.87215,0.003004916819829274,3
gh200,timing,Ring_LL128_cta24,4,1376256,25.82348,25.76559,26.01166,25.794535,25.917569999999998,0.004764462419472434,3
gh200,timing,Ring_LL128_cta24,4,1409024,25.85676,25.84879,25.95791,25.852775,25.907335,0.0021100864918883345,3
gh200,timing,Ring_LL128_cta24,4,1441792,25.91373,25.89806,26.12494,25.905895,26.019334999999998,0.004377602143728328,3
gh200,timing,Ring_LL128_cta24,4,1474560,25.83471,25.81357,25.9979,25.82414,25.916305,0.00356748730680551,3
gh200,timing,Ring_LL128_cta24,4,1507328,25.84207,25.84173,26.07438,25.8419,25.958225,0.004501380887831346,3
gh200,timing,Ring_LL128_cta24,4,1540096,25.95855,25.74509,26.00174,25.85182,25.980145,0.004943457935824623,3
gh200,timing,Ring_LL128_cta24,4,1572864,25.9067,25.75853,25.96526,25.832615,25.93598,0.003989894506054424,3
gh200,timing,Ring_LL128_cta24,4,1605632,27.00075,26.97129,27.10571,26.98602,27.05323,0.002489190115089371,3
gh200,timing,Ring_LL128_cta24,4,1638400,27.07307,27.05321,27.09931,27.06314,27.086190000000002,0.0008513995642164463,3
gh200,timing,Ring_LL128_cta24,4,1671168,27.03689,27.03403,27.11691,27.03546,27.076900000000002,0.0015327206642480507,3
gh200,timing,Ring_LL128_cta24,4,1703936,27.12715,27.03081,27.18091,27.07898,27.15403,0.0027666009883086646,3
gh200,timing,Ring_LL128_cta24,4,1736704,27.12395,27.09832,27.23339,27.111135,27.17867,0.0024898659671618423,3
gh200,timing,Ring_LL128_cta24,4,1769472,27.20552,27.16907,27.29002,27.187295,27.24777,0.0022228944714161054,3
gh200,timing,Ring_LL128_cta24,4,1802240,27.22536,27.18059,27.25643,27.202975,27.240895000000002,0.0013928190481229004,3
gh200,timing,Ring_LL128_cta24,4,1835008,27.27339,27.16776,32.4873,27.220575,29.880345,0.09752253020251601,3
gh200,timing,Ring_LL128_cta24,4,1867776,27.2532,27.24235,27.34826,27.247774999999997,27.30073,0.0019430745747289972,3
gh200,timing,Ring_LL128_cta24,4,1900544,27.23627,27.12233,27.24235,27.1793,27.23931,0.0022033119806786445,3
gh200,timing,Ring_LL128_cta24,4,1933312,27.25834,27.11369,27.26922,27.186014999999998,27.26378,0.002852888327022224,3
gh200,timing,Ring_LL128_cta24,4,1966080,27.17291,27.15944,27.32362,27.166175000000003,27.248265,0.003021023512019777,3
gh200,timing,Ring_LL128_cta24,4,1998848,28.37895,28.31748,28.58406,28.348215,28.481505,0.004696791107493364,3
gh200,timing,Ring_LL128_cta24,4,2031616,28.41957,28.39751,28.62886,28.408540000000002,28.524214999999998,0.004070258628121255,3
gh200,timing,Ring_LL128_cta24,4,2064384,28.52676,28.51175,28.69605,28.519255,28.611404999999998,0.003230300251412941,3
gh200,timing,Ring_LL128_cta24,4,2097152,28.62885,28.57671,28.63012,28.60278,28.629485000000003,0.0009328003045879702,3
gh200,timing,Ring_LL128_cta24,4,2129920,28.70022,28.68579,28.74246,28.693005,28.72134,0.0009872746620061448,3
gh200,timing,Ring_LL128_cta24,4,2162688,28.78147,28.60262,28.87269,28.692045,28.82708,0.0046917339524353155,3
gh200,timing,Ring_LL128_cta24,4,2195456,28.77957,28.72707,28.84901,28.753320000000002,28.81429,0.002118516711681152,3
gh200,timing,Ring_LL128_cta24,4,2228224,28.71524,28.66918,28.73605,28.692210000000003,28.725645,0.0011643642887887134,3
gh200,timing,Ring_LL128_cta24,4,2260992,28.78019,28.77254,28.97446,28.776365,28.877325,0.0035079685019452824,3
gh200,timing,Ring_LL128_cta24,4,2293760,28.56262,28.36485,28.6839,28.463735,28.623260000000002,0.005585096885369834,3
gh200,timing,Ring_LL128_cta24,4,2326528,28.50084,28.49958,28.60742,28.500210000000003,28.55413,0.001891874064062602,3
gh200,timing,Ring_LL128_cta24,4,2359296,28.64581,28.5338,28.69894,28.589805,28.672375000000002,0.0028824459842470515,3
gh200,timing,Ring_LL128_cta24,4,2392064,29.89666,29.86399,29.96066,29.880325,29.92866,0.001616735782525592,3
gh200,timing,Ring_LL128_cta24,4,2424832,30.10242,30.03647,30.19042,30.069445,30.14642,0.00255710338238578,3
gh200,timing,Ring_LL128_cta24,4,2457600,30.10273,30.02591,30.11618,30.064320000000002,30.109455,0.001499365672149947,3
gh200,timing,Ring_LL128_cta24,4,2490368,30.15071,30.11137,30.25697,30.13104,30.20384,0.0024145368384360056,3
gh200,timing,Ring_LL128_cta24,4,2523136,30.23841,30.1507,30.25857,30.194555,30.248489999999997,0.0017836585984512953,3
gh200,timing,Ring_LL128_cta24,4,2555904,30.24577,30.24062,30.30401,30.243195,30.27489,0.0010479151299503746,3
gh200,timing,Ring_LL128_cta24,4,2588672,30.32257,30.29054,30.36993,30.306555,30.346249999999998,0.0013090908851063172,3
gh200,timing,Ring_LL128_cta24,4,2621440,30.33761,30.22622,30.39873,30.281915,30.36817,0.002843170572764227,3
gh200,timing,Ring_LL128_cta4,2,524288,23.07725,23.03574,23.08088,23.056494999999998,23.079065,0.0009780194780574702,3
gh200,timing,Ring_LL128_cta4,2,557056,23.84554,23.82739,23.85397,23.836465,23.849755000000002,0.0005573369275764506,3
gh200,timing,Ring_LL128_cta4,2,589824,23.9585,23.95154,24.01493,23.95502,23.986715,0.0013229125362605814,3
gh200,timing,Ring_LL128_cta4,2,622592,25.98178,25.85804,26.01487,25.91991,25.998325,0.003018076513618377,3
gh200,timing,Ring_LL128_cta4,2,655360,26.10754,26.00908,26.16782,26.05831,26.13768,0.0030401179122966325,3
gh200,timing,Ring_LL128_cta4,2,688128,26.63692,26.51595,26.64576,26.576435,26.64134,0.002436655589309858,3
gh200,timing,Ring_LL128_cta4,2,720896,26.74924,26.71071,26.78794,26.729975,26.76859,0.0014435924160835995,3
gh200,timing,Ring_LL128_cta4,2,753664,27.28318,27.21032,27.36266,27.24675,27.322920000000003,0.002791829984628065,3
gh200,timing,Ring_LL128_cta4,2,786432,27.50973,27.42407,27.5105,27.466900000000003,27.510115,0.0015708987329209137,3
gh200,timing,Ring_LL128_cta4,2,819200,27.9574,27.93733,28.07272,27.947364999999998,28.01506,0.002421362501520188,3
gh200,timing,Ring_LL128_cta4,2,851968,28.23483,28.16613,28.27943,28.20048,28.25713,0.0020063871466554323,3
gh200,timing,Ring_LL128_cta4,2,884736,28.84184,28.72483,28.85541,28.783335,28.848625,0.00226372519922437,3
gh200,timing,Ring_LL128_cta4,2,917504,28.99141,28.90563,29.02359,28.94852,29.0075,0.002034395705486619,3
gh200,timing,Ring_LL128_cta4,2,950272,30.8198,30.81745,30.88159,30.818625,30.850695,0.0010405648316991326,3
gh200,timing,Ring_LL128_cta4,2,983040,31.00081,30.85404,31.04254,30.927425,31.021675000000002,0.0030402431420341078,3
gh200,timing,Ring_LL128_cta4,2,1015808,31.65116,31.63578,31.65871,31.64347,31.654935000000002,0.0003622300098954088,3
gh200,timing,Ring_LL128_cta4,2,1048576,31.78797,31.78394,31.85916,31.785955,31.823565000000002,0.0011831519911463615,3
gh200,timing,Ring_LL128_cta4,2,1081344,32.32268,32.25496,32.35675,32.28882,32.339715,0.0015745909683230793,3
gh200,timing,Ring_LL128_cta4,2,1114112,32.50891,32.39159,32.54009,32.45025,32.5245,0.0022839892201862925,3
gh200,timing,Ring_LL128_cta4,2,1146880,33.04842,33.02741,33.15128,33.037915,33.09985,0.0018740684123478642,3
gh200,timing,Ring_LL128_cta4,2,1179648,33.24759,33.17909,33.25352,33.21334,33.250555000000006,0.0011193292506314991,3
gh200,timing,Ring_LL128_cta4,2,1212416,34.96675,34.87952,35.03666,34.923135,35.001705,0.0022469917850529188,3
gh200,timing,Ring_LL128_cta4,2,1245184,35.14318,35.06658,35.19249,35.10488,35.167835,0.0017913859815758052,3
gh200,timing,Ring_LL128_cta4,2,1277952,35.89983,35.77741,35.96079,35.838620000000006,35.930310000000006,0.0025540510916068357,3
gh200,timing,Ring_LL128_cta4,2,1310720,36.05119,35.979,36.14574,36.015095,36.098465000000004,0.0023125450227857156,3
gh200,timing,Ring_LL128_cta4,2,1343488,36.57148,36.45226,36.61997,36.51187,36.595725,0.0022929069318496213,3
gh200,timing,Ring_LL128_cta4,2,1376256,36.7398,36.64842,36.80685,36.69411,36.773325,0.002156108634233115,3
gh200,timing,Ring_LL128_cta4,2,1409024,37.29754,37.23591,37.35051,37.266724999999994,37.324025,0.0015362943507803736,3
gh200,timing,Ring_LL128_cta4,2,1441792,37.43098,37.40551,37.51786,37.418245,37.474419999999995,0.0015007622028596658,3
gh200,timing,Ring_LL128_cta4,2,1474560,38.14821,38.13878,38.29896,38.143495,38.223585,0.0020994431979901138,3
gh200,timing,Ring_LL128_cta4,2,1507328,38.3311,38.3178,38.44136,38.32445,38.38623,0.0016117460756408983,3
gh200,timing,Ring_LL128_cta4,2,1540096,39.89055,39.84305,40.04386,39.8668,39.967205,0.0025170121745626993,3
gh200,timing,Ring_LL128_cta4,2,1572864,40.07934,39.98352,40.14626,40.03143,40.1128,0.00203022305257521,3
gh200,timing,Ring_LL128_cta4,2,1605632,40.73422,40.68765,40.81312,40.710935,40.773669999999996,0.0015401055918094523,3
gh200,timing,Ring_LL128_cta4,2,1638400,40.9406,40.87516,40.96735,40.907880000000006,40.953975,0.0011258994738717557,3
gh200,timing,Ring_LL128_cta4,2,1671168,41.48235,41.47482,41.62909,41.478584999999995,41.555719999999994,0.0018594655317261052,3
gh200,timing,Ring_LL128_cta4,2,1703936,41.62763,41.54745,41.74749,41.587540000000004,41.687560000000005,0.0024027310706855195,3
gh200,timing,Ring_LL128_cta4,2,1736704,42.34119,42.27768,42.43995,42.30943499999999,42.39057,0.0019162191709775585,3
gh200,timing,Ring_LL128_cta4,2,1769472,42.45384,42.35127,42.57723,42.402555,42.515535,0.002661243364557842,3
gh200,timing,Ring_LL128_cta4,2,1802240,43.10885,43.01364,43.15736,43.061245,43.133105,0.0016669430986908935,3
gh200,timing,Ring_LL128_cta4,2,1835008,43.24805,43.15541,43.35064,43.20173,43.299345,0.0022570959846745617,3
gh200,timing,Ring_LL128_cta4,2,1867776,44.83679,44.74255,44.88627,44.78967,44.86153,0.0016027017099127954,3
gh200,timing,Ring_LL128_cta4,2,1900544,44.9515,44.9459,45.10802,44.9487,45.02976,0.0018032768650656996,3
gh200,timing,Ring_LL128_cta4,2,1933312,45.60988,45.5454,45.74321,45.57764,45.676545,0.0021684994566965516,3
gh200,timing,Ring_LL128_cta4,2,1966080,45.74107,45.69708,45.86896,45.719075000000004,45.805015,0.0018788366778475817,3
gh200,timing,Ring_LL128_cta4,2,1998848,46.43033,46.4161,46.62798,46.423215,46.529155,0.002281698191677809,3
gh200,timing,Ring_LL128_cta4,2,2031616,46.59498,46.58008,46.73741,46.58753,46.666195,0.0016882719983998464,3
gh200,timing,Ring_LL128_cta4,2,2064384,47.18774,47.16487,47.37099,47.176305,47.279365,0.0021840418718929804,3
gh200,timing,Ring_LL128_cta4,2,2097152,47.37607,47.31702,47.49291,47.346545,47.43449,0.0018563169127366985,3
gh200,timing,Ring_LL128_cta4,2,2129920,48.48771,48.42802,48.76455,48.457865,48.62613,0.0034702608145446593,3
gh200,timing,Ring_LL128_cta4,2,2162688,48.67586,48.62705,48.87911,48.651455,48.777485,0.0025891684296897905,3
gh200,timing,Ring_LL128_cta4,2,2195456,49.90477,49.77247,49.98882,49.83862,49.946794999999995,0.0021676284651746857,3
gh200,timing,Ring_LL128_cta4,2,2228224,49.99724,49.94655,50.16291,49.971895,50.080074999999994,0.002163719437312743,3
gh200,timing,Ring_LL128_cta4,2,2260992,50.53034,50.4934,50.73281,50.51187,50.631575,0.0023689727795220884,3
gh200,timing,Ring_LL128_cta4,2,2293760,50.7062,50.6961,50.84672,50.70115,50.77646,0.0014852227143821023,3
gh200,timing,Ring_LL128_cta4,2,2326528,51.30842,51.17897,51.55998,51.243695,51.434200000000004,0.0037129383442328122,3
gh200,timing,Ring_LL128_cta4,2,2359296,51.41352,51.38714,51.62718,51.40033,51.52035,0.0023344054248766433,3
gh200,timing,Ring_LL128_cta4,2,2392064,52.09463,52.0826,52.25308,52.088615000000004,52.173855,0.0016362531032468963,3
gh200,timing,Ring_LL128_cta4,2,2424832,52.2012,52.16997,52.31163,52.185585,52.256415000000004,0.001356865359417041,3
gh200,timing,Ring_LL128_cta4,2,2457600,53.69983,53.68498,54.08854,53.692405,53.894185,0.003757553794863027,3
gh200,timing,Ring_LL128_cta4,2,2490368,53.84543,53.80562,54.1967,53.825525,54.021065,0.003631505960673007,3
gh200,timing,Ring_LL128_cta4,2,2523136,54.6472,54.61563,54.90259,54.631415000000004,54.774895,0.002625569105095901,3
gh200,timing,Ring_LL128_cta4,2,2555904,54.79631,54.69019,54.96883,54.74325,54.88257,0.0025425069680786515,3
gh200,timing,Ring_LL128_cta4,2,2588672,55.38649,55.32142,55.62033,55.353955,55.50341,0.002698401722152879,3
gh200,timing,Ring_LL128_cta4,2,2621440,55.5004,55.40237,55.69937,55.451385,55.599885,0.002675656391665619,3
gh200,timing,Ring_LL128_cta4,4,524288,30.46945,30.34656,30.69887,30.408005,30.584159999999997,0.00578136461275139,3
gh200,timing,Ring_LL128_cta4,4,557056,31.87324,31.63772,31.93788,31.75548,31.90556,0.0047086521483226266,3
gh200,timing,Ring_LL128_cta4,4,589824,31.85916,31.68316,31.91804,31.771160000000002,31.8886,0.0036862239933506858,3
gh200,timing,Ring_LL128_cta4,4,622592,36.54765,36.43725,36.67788,36.49245,36.612764999999996,0.0032920037266417393,3
gh200,timing,Ring_LL128_cta4,4,655360,36.57997,36.52877,36.65965,36.554370000000006,36.61981,0.0017889571806645897,3
gh200,timing,Ring_LL128_cta4,4,688128,37.44907,37.23691,37.49834,37.34299,37.473704999999995,0.0034904738622346305,3
gh200,timing,Ring_LL128_cta4,4,720896,37.40875,37.22667,37.48554,37.31771,37.447145,0.003460019380492555,3
gh200,timing,Ring_LL128_cta4,4,753664,37.97544,37.76137,37.97832,37.868404999999996,37.976879999999994,0.0028564514328207535,3
gh200,timing,Ring_LL128_cta4,4,786432,38.026,37.77193,38.14216,37.898965000000004,38.08408,0.004868116551832854,3
gh200,timing,Ring_LL128_cta4,4,819200,38.77607,38.43048,38.90854,38.603275,38.842304999999996,0.006164368900716335,3
gh200,timing,Ring_LL128_cta4,4,851968,38.73286,38.49735,38.75238,38.615105,38.74262,0.003292165876725924,3
gh200,timing,Ring_LL128_cta4,4,884736,39.32324,39.24869,39.51524,39.285965000000004,39.41924,0.003389217165218268,3
gh200,timing,Ring_LL128_cta4,4,917504,39.49445,39.32388,39.54179,39.409165,39.518119999999996,0.002758742051098182,3
gh200,timing,Ring_LL128_cta4,4,950272,40.19618,40.12066,40.24802,40.15842,40.2221,0.001584230143262319,3
gh200,timing,Ring_LL128_cta4,4,983040,40.27649,40.17026,40.34785,40.223375000000004,40.31217,0.002204636004775925,3
gh200,timing,Ring_LL128_cta4,4,1015808,41.42942,41.33311,41.59101,41.381265,41.510215,0.0031125224538505057,3
gh200,timing,Ring_LL128_cta4,4,1048576,41.63037,41.46654,41.63421,41.548455000000004,41.63229,0.0020137942564525235,3
gh200,timing,Ring_LL128_cta4,4,1081344,42.5353,42.42331,42.62106,42.479305,42.57818,0.0023245398527812597,3
gh200,timing,Ring_LL128_cta4,4,1114112,42.7225,42.40347,42.72953,42.562985,42.726015,0.0038160220024577012,3
gh200,timing,Ring_LL128_cta4,4,1146880,43.57975,43.49751,43.64951,43.53863,43.61463,0.0017439292331874441,3
gh200,timing,Ring_LL128_cta4,4,1179648,43.72342,43.53015,43.72695,43.626785,43.725184999999996,0.0022505101385023873,3
gh200,timing,Ring_LL128_cta4,4,1212416,47.96106,47.91401,48.09417,47.937535,48.027615,0.0018781903485869656,3
gh200,timing,Ring_LL128_cta4,4,1245184,48.19913,48.12489,48.22057,48.162009999999995,48.20985,0.000992549035636284,3
gh200,timing,Ring_LL128_cta4,4,1277952,49.12358,49.06566,49.18309,49.09462,49.153335,0.0011952508347314959,3
gh200,timing,Ring_LL128_cta4,4,1310720,49.40229,49.30214,49.4906,49.352215,49.446445,0.0019074014585153045,3
gh200,timing,Ring_LL128_cta4,4,1343488,49.94051,49.78244,49.97316,49.861475,49.956835,0.0019094718896542995,3
gh200,timing,Ring_LL128_cta4,4,1376256,50.07235,49.92771,50.19043,50.000029999999995,50.131389999999996,0.0026234039345067847,3
gh200,timing,Ring_LL128_cta4,4,1409024,50.49665,50.27074,50.50497,50.383695,50.50081,0.002319262762975332,3
gh200,timing,Ring_LL128_cta4,4,1441792,50.61313,50.40706,50.83745,50.510095,50.72529,0.0042517623391400885,3
gh200,timing,Ring_LL128_cta4,4,1474560,51.34143,51.15007,51.37374,51.24575,51.357585,0.002178260325043522,3
gh200,timing,Ring_LL128_cta4,4,1507328,51.52574,51.27743,51.69726,51.401585,51.6115,0.0040739832169320095,3
gh200,timing,Ring_LL128_cta4,4,1540096,52.03708,51.79869,52.08765,51.917885,52.062365,0.0027764816934386306,3
gh200,timing,Ring_LL128_cta4,4,1572864,52.2918,52.03261,52.29372,52.162205,52.29276,0.0024966629567159874,3
gh200,timing,Ring_LL128_cta4,4,1605632,52.89146,52.60955,52.90394,52.750505000000004,52.8977,0.0027829634500540616,3
gh200,timing,Ring_LL128_cta4,4,1638400,52.99961,52.78939,53.09497,52.894499999999994,53.047290000000004,0.0028828514021142834,3
gh200,timing,Ring_LL128_cta4,4,1671168,53.64823,53.51543,53.78135,53.58183,53.71479,0.002478366947054995,3
gh200,timing,Ring_LL128_cta4,4,1703936,53.90999,53.63928,53.92887,53.774635,53.919430000000006,0.002685865829320354,3
gh200,timing,Ring_LL128_cta4,4,1736704,54.64628,54.45653,54.72692,54.551405,54.6866,0.0024740018899730406,3
gh200,timing,Ring_LL128_cta4,4,1769472,54.68693,54.51349,54.8082,54.60021,54.747564999999994,0.0026945195131633367,3
gh200,timing,Ring_LL128_cta4,4,1802240,55.59377,55.3653,55.61425,55.479535,55.60401,0.0022390098746676813,3
gh200,timing,Ring_LL128_cta4,4,1835008,55.6757,55.51762,55.69745,55.59666,55.686575000000005,0.0016149774497672207,3
gh200,timing,Ring_LL128_cta4,4,1867776,59.97668,59.96452,60.05124,59.970600000000005,60.01396,0.0007229476523207476,3
gh200,timing,Ring_LL128_cta4,4,1900544,59.96612,59.94531,60.00228,59.955715,59.9842,0.00047501822695887987,3
gh200,timing,Ring_LL128_cta4,4,1933312,60.86496,60.67938,60.9328,60.77217,60.898880000000005,0.002081821790402931,3
gh200,timing,Ring_LL128_cta4,4,1966080,60.93728,60.84801,60.97665,60.892645,60.956965,0.0010555115029747808,3
gh200,timing,Ring_LL128_cta4,4,1998848,61.8019,61.64959,61.92733,61.725745,61.864615,0.002247018295553974,3
gh200,timing,Ring_LL128_cta4,4,2031616,61.94877,61.76991,61.97853,61.85934,61.96365,0.0016838106713014337,3
gh200,timing,Ring_LL128_cta4,4,2064384,62.27933,62.09084,62.3526,62.185085,62.315965000000006,0.0021014998074000597,3
gh200,timing,Ring_LL128_cta4,4,2097152,62.46011,62.31164,62.5366,62.385875,62.498355000000004,0.0018008293613316565,3
gh200,timing,Ring_LL128_cta4,4,2129920,63.0329,62.74139,63.10554,62.887145000000004,63.06922,0.002888570889170537,3
gh200,timing,Ring_LL128_cta4,4,2162688,63.19034,63.01434,63.24409,63.10234,63.217214999999996,0.00181792027072489,3
gh200,timing,Ring_LL128_cta4,4,2195456,63.78328,63.63224,63.82423,63.70776,63.803754999999995,0.0015050182430253658,3
gh200,timing,Ring_LL128_cta4,4,2228224,64.00535,63.70072,64.02455,63.853035000000006,64.01495,0.0025297104070205593,3
gh200,timing,Ring_LL128_cta4,4,2260992,64.5871,64.41397,64.63412,64.50053500000001,64.61061000000001,0.0017042876983173853,3
gh200,timing,Ring_LL128_cta4,4,2293760,64.75861,64.50645,64.93108,64.63253,64.84484499999999,0.003278560179101892,3
gh200,timing,Ring_LL128_cta4,4,2326528,65.49331,65.35155,65.6021,65.42242999999999,65.547705,0.0019127907873338825,3
gh200,timing,Ring_LL128_cta4,4,2359296,65.71954,65.33874,65.72401,65.52914,65.72177500000001,0.0029311678079306383,3
gh200,timing,Ring_LL128_cta4,4,2392064,66.23568,66.12081,66.33392,66.178245,66.2848,0.0016087250859355589,3
gh200,timing,Ring_LL128_cta4,4,2424832,66.45519,66.10384,66.52079,66.279515,66.48799,0.003137076276510425,3
gh200,timing,Ring_LL128_cta4,4,2457600,70.63266,70.63235,70.68546,70.63250500000001,70.65906000000001,0.00037595922339611566,3
gh200,timing,Ring_LL128_cta4,4,2490368,70.77217,70.73282,70.80929,70.75249500000001,70.79073,0.0005402547357243112,3
gh200,timing,Ring_LL128_cta4,4,2523136,71.7491,71.69279,71.75518,71.720945,71.75214,0.0004347789728372447,3
gh200,timing,Ring_LL128_cta4,4,2555904,71.82079,71.76511,71.86846,71.79295,71.84462500000001,0.0007194991867953976,3
gh200,timing,Ring_LL128_cta4,4,2588672,72.58332,72.36028,72.61212,72.4718,72.59772000000001,0.0017348338433679777,3
gh200,timing,Ring_LL128_cta4,4,2621440,72.67164,72.58492,72.8486,72.62827999999999,72.76012,0.001814187762929405,3
gh200,timing,Ring_LL128_cta8,2,524288,19.1843,18.94787,19.2237,19.066085,19.204,0.0071889513821197315,3
gh200,timing,Ring_LL128_cta8,2,557056,21.62682,21.31644,21.79733,21.471629999999998,21.712075,0.011117908226914597,3
gh200,timing,Ring_LL128_cta8,2,589824,21.77882,21.45755,21.82837,21.618185,21.803595,0.00851331706676491,3
gh200,timing,Ring_LL128_cta8,2,622592,21.80153,21.54171,21.83925,21.671619999999997,21.82039,0.006823833006215734,3
gh200,timing,Ring_LL128_cta8,2,655360,21.92601,21.65627,21.94613,21.79114,21.93607,0.00660995776249314,3
gh200,timing,Ring_LL128_cta8,2,688128,22.61783,22.30457,22.66642,22.461199999999998,22.642125,0.007999220084331786,3
gh200,timing,Ring_LL128_cta8,2,720896,22.70647,22.52281,22.73714,22.61464,22.721805,0.004719579925897702,3
gh200,timing,Ring_LL128_cta8,2,753664,22.76407,22.52633,22.86897,22.645200000000003,22.81652,0.00752589497396546,3
gh200,timing,Ring_LL128_cta8,2,786432,22.82385,22.51609,22.85366,22.66997,22.838755,0.007395115197479818,3
gh200,timing,Ring_LL128_cta8,2,819200,23.60016,23.3231,23.60723,23.46163,23.603695000000002,0.006019662578558889,3
gh200,timing,Ring_LL128_cta8,2,851968,23.77715,23.44982,23.80078,23.613484999999997,23.788964999999997,0.007380194850938835,3
gh200,timing,Ring_LL128_cta8,2,884736,23.75727,23.47414,23.75956,23.615705,23.758415,0.0060070033299281025,3
gh200,timing,Ring_LL128_cta8,2,917504,23.7634,23.49461,23.79759,23.629005,23.780495000000002,0.00637492951345357,3
gh200,timing,Ring_LL128_cta8,2,950272,24.92843,24.70386,24.96719,24.816145,24.947809999999997,0.00528172050947445,3
gh200,timing,Ring_LL128_cta8,2,983040,25.02383,24.81745,25.0561,24.92064,25.039965000000002,0.0047684547089715465,3
gh200,timing,Ring_LL128_cta8,2,1015808,24.98799,24.71538,25.02826,24.851685,25.008125,0.006260607595889062,3
gh200,timing,Ring_LL128_cta8,2,1048576,25.03632,24.78417,25.0801,24.910245,25.058210000000003,0.005910013931760051,3
gh200,timing,Ring_LL128_cta8,2,1081344,26.15147,25.92878,26.2759,26.040125,26.213684999999998,0.006636720612646187,3
gh200,timing,Ring_LL128_cta8,2,1114112,26.16939,25.90797,26.22694,26.03868,26.198165,0.006094333876334148,3
gh200,timing,Ring_LL128_cta8,2,1146880,26.14827,25.86445,26.17478,26.00636,26.161524999999997,0.00593404458497624,3
gh200,timing,Ring_LL128_cta8,2,1179648,26.15083,25.94861,26.28838,26.04972,26.219605,0.006496352123431674,3
gh200,timing,Ring_LL128_cta8,2,1212416,28.41348,28.17991,28.54494,28.296695,28.479210000000002,0.0064235355894456505,3
gh200,timing,Ring_LL128_cta8,2,1245184,28.47108,28.23654,28.57726,28.353810000000003,28.524169999999998,0.005983615654902981,3
gh200,timing,Ring_LL128_cta8,2,1277952,28.47428,28.08071,28.57822,28.277495000000002,28.52625,0.008736129587824491,3
gh200,timing,Ring_LL128_cta8,2,1310720,28.47908,28.1751,28.54943,28.32709,28.514255,0.006572017073585251,3
gh200,timing,Ring_LL128_cta8,2,1343488,29.33505,29.22563,29.47803,29.28034,29.40654,0.0043020209612733154,3
gh200,timing,Ring_LL128_cta8,2,1376256,29.3117,29.13539,29.48955,29.223545,29.400624999999998,0.006041273621113637,3
gh200,timing,Ring_LL128_cta8,2,1409024,29.3373,29.10755,29.47962,29.222425,29.408459999999998,0.006341244763492102,3
gh200,timing,Ring_LL128_cta8,2,1441792,29.47169,29.14276,29.53243,29.307225,29.50206,0.006610920513889811,3
gh200,timing,Ring_LL128_cta8,2,1474560,30.58109,30.35743,30.68215,30.46926,30.631619999999998,0.0053091632770447235,3
gh200,timing,Ring_LL128_cta8,2,1507328,30.61214,30.29984,30.6332,30.45599,30.62267,0.005444898657852718,3
gh200,timing,Ring_LL128_cta8,2,1540096,30.53277,30.2272,30.57624,30.379984999999998,30.554505,0.005715825979758834,3
gh200,timing,Ring_LL128_cta8,2,1572864,30.62045,30.32095,30.65654,30.4707,30.638495,0.005479834555011377,3
gh200,timing,Ring_LL128_cta8,2,1605632,31.6393,31.4118,31.72243,31.52555,31.680864999999997,0.004908926556529319,3
gh200,timing,Ring_LL128_cta8,2,1638400,31.63546,31.34396,31.64595,31.48971,31.640704999999997,0.004772966791062884,3
gh200,timing,Ring_LL128_cta8,2,1671168,31.6073,31.31805,31.66355,31.462674999999997,31.635424999999998,0.005465509550009037,3
gh200,timing,Ring_LL128_cta8,2,1703936,31.69561,31.46108,31.80179,31.578345,31.7487,0.005374719085703058,3
gh200,timing,Ring_LL128_cta8,2,1736704,32.75382,32.4892,32.87023,32.62151,32.812025,0.00581657345616474,3
gh200,timing,Ring_LL128_cta8,2,1769472,32.73654,32.48953,32.85488,32.613034999999996,32.79571,0.005580155996938078,3
gh200,timing,Ring_LL128_cta8,2,1802240,32.77718,32.46426,32.90351,32.620720000000006,32.840345,0.006700545928600127,3
gh200,timing,Ring_LL128_cta8,2,1835008,32.90006,32.60152,33.13807,32.75079,33.019065,0.008154240448193576,3
gh200,timing,Ring_LL128_cta8,2,1867776,34.93423,34.55314,35.1396,34.743685,35.036915,0.008393773098763053,3
gh200,timing,Ring_LL128_cta8,2,1900544,34.99528,34.47091,35.07886,34.733095000000006,35.03707,0.00868617139225616,3
gh200,timing,Ring_LL128_cta8,2,1933312,35.04232,34.56882,35.09294,34.80557,35.067629999999994,0.007478386134251131,3
gh200,timing,Ring_LL128_cta8,2,1966080,35.18286,34.75058,35.18471,34.966719999999995,35.183785,0.00616962350417235,3
gh200,timing,Ring_LL128_cta8,2,1998848,36.19115,35.91886,36.30435,36.055005,36.247749999999996,0.0053257495271632725,3
gh200,timing,Ring_LL128_cta8,2,2031616,36.31716,36.00301,36.3793,36.160085,36.34823,0.005180608836153451,3
gh200,timing,Ring_LL128_cta8,2,2064384,36.34762,36.0283,36.44067,36.187960000000004,36.394144999999995,0.005672585990499261,3
gh200,timing,Ring_LL128_cta8,2,2097152,36.5949,36.27885,36.61418,36.436875,36.60454,0.004581649355511273,3
gh200,timing,Ring_LL128_cta8,2,2129920,37.28295,37.00139,37.38976,37.14217,37.336355,0.005208412960884195,3
gh200,timing,Ring_LL128_cta8,2,2162688,37.37767,37.05162,37.47487,37.214645000000004,37.42627,0.0056618028892651134,3
gh200,timing,Ring_LL128_cta8,2,2195456,37.50311,37.21001,37.57855,37.35656,37.54083,0.004913459177118856,3
gh200,timing,Ring_LL128_cta8,2,2228224,37.74534,37.42025,37.80575,37.582795000000004,37.775545,0.005106590641387696,3
gh200,timing,Ring_LL128_cta8,2,2260992,38.47044,38.21766,38.5622,38.34405,38.51632,0.004477983615471969,3
gh200,timing,Ring_LL128_cta8,2,2293760,38.6378,38.2823,38.74908,38.460049999999995,38.693439999999995,0.006040457790039805,3
gh200,timing,Ring_LL128_cta8,2,2326528,38.76771,38.38054,38.81211,38.574125,38.78991,0.005566101273456616,3
gh200,timing,Ring_LL128_cta8,2,2359296,38.8845,38.6023,38.92667,38.7434,38.905585,0.004170942149185431,3
gh200,timing,Ring_LL128_cta8,2,2392064,40.7654,40.3104,40.82548,40.5379,40.79544,0.006317612485097626,3
gh200,timing,Ring_LL128_cta8,2,2424832,40.76445,40.55774,40.80084,40.661095,40.782645,0.0029817647484511422,3
gh200,timing,Ring_LL128_cta8,2,2457600,41.03228,40.70847,41.04372,40.870374999999996,41.038,0.004085198287787104,3
gh200,timing,Ring_LL128_cta8,2,2490368,41.10747,40.87422,41.2405,40.990845,41.173985,0.004455151338674008,3
gh200,timing,Ring_LL128_cta8,2,2523136,42.14616,41.81467,42.2216,41.980415,42.18388,0.004827604697557294,3
gh200,timing,Ring_LL128_cta8,2,2555904,42.25136,41.91706,42.26072,42.08421,42.25604,0.0040668513392231615,3
gh200,timing,Ring_LL128_cta8,2,2588672,42.36375,41.9993,42.40975,42.181525,42.386750000000006,0.004844353958278144,3
gh200,timing,Ring_LL128_cta8,2,2621440,42.38135,42.35609,42.50991,42.368719999999996,42.445629999999994,0.0018147133113975379,3
gh200,timing,Ring_LL128_cta8,4,524288,25.29129,25.15473,25.35759,25.223010000000002,25.32444,0.004010471589230799,3
gh200,timing,Ring_LL128_cta8,4,557056,26.55691,26.39598,26.65893,26.476445,26.60792,0.004950688916745276,3
gh200,timing,Ring_LL128_cta8,4,589824,26.57869,26.53676,26.58565,26.557725,26.58217,0.000919721777107903,3
gh200,timing,Ring_LL128_cta8,4,622592,26.55269,26.54381,26.67083,26.54825,26.611759999999997,0.0023918480575789982,3
gh200,timing,Ring_LL128_cta8,4,655360,26.62763,26.58285,26.62885,26.605240000000002,26.628239999999998,0.0008637644431741065,3
gh200,timing,Ring_LL128_cta8,4,688128,27.77544,27.69577,27.80097,27.735605,27.788204999999998,0.0018937593787892542,3
gh200,timing,Ring_LL128_cta8,4,720896,27.79816,27.62089,27.80801,27.709525,27.803085,0.0033656903910186894,3
gh200,timing,Ring_LL128_cta8,4,753664,27.70728,27.63881,27.8496,27.673045000000002,27.77844,0.00380387392771856,3
gh200,timing,Ring_LL128_cta8,4,786432,27.85888,27.67273,27.98119,27.765805,27.920035,0.005536116311926334,3
gh200,timing,Ring_LL128_cta8,4,819200,28.96253,28.90054,29.08035,28.931535,29.02144,0.0031041832326111746,3
gh200,timing,Ring_LL128_cta8,4,851968,29.0118,28.86373,29.06372,28.937765,29.03776,0.003446700997525139,3
gh200,timing,Ring_LL128_cta8,4,884736,29.03932,28.90918,29.08292,28.974249999999998,29.061120000000003,0.0029914612325634576,3
gh200,timing,Ring_LL128_cta8,4,917504,29.00164,28.98844,29.14883,28.99504,29.075235,0.002765188451411706,3
gh200,timing,Ring_LL128_cta8,4,950272,30.69687,30.54592,30.73438,30.621395,30.715625000000003,0.003069694076301693,3
gh200,timing,Ring_LL128_cta8,4,983040,30.69495,30.37153,30.7859,30.53324,30.740425000000002,0.006749807378738282,3
gh200,timing,Ring_LL128_cta8,4,1015808,30.63863,30.55967,30.81631,30.59915,30.72747,0.004188176821222054,3
gh200,timing,Ring_LL128_cta8,4,1048576,30.68918,30.49665,30.76446,30.592914999999998,30.72682,0.00436326418627028,3
gh200,timing,Ring_LL128_cta8,4,1081344,31.87068,31.80499,32.09402,31.837835,31.98235,0.004534418468636438,3
gh200,timing,Ring_LL128_cta8,4,1114112,31.9989,31.7446,32.03322,31.87175,32.016059999999996,0.0045098425258367405,3
gh200,timing,Ring_LL128_cta8,4,1146880,31.95826,31.77532,32.14041,31.86679,32.049335,0.005711981816281535,3
gh200,timing,Ring_LL128_cta8,4,1179648,32.00114,31.7046,32.10554,31.85287,32.05334,0.006264464328458275,3
gh200,timing,Ring_LL128_cta8,4,1212416,36.82594,36.43341,36.94154,36.629675000000006,36.88374,0.0068990771179227766,3
gh200,timing,Ring_LL128_cta8,4,1245184,36.94497,36.45645,37.04746,36.70071,36.996215,0.007998517795521246,3
gh200,timing,Ring_LL128_cta8,4,1277952,36.89002,36.42989,36.97634,36.659955,36.93318,0.007406474705082936,3
gh200,timing,Ring_LL128_cta8,4,1310720,36.98689,36.57069,37.04298,36.77879,37.014935,0.006384559502028975,3
gh200,timing,Ring_LL128_cta8,4,1343488,37.57376,37.2641,37.6452,37.41893,37.609480000000005,0.005071358309628894,3
gh200,timing,Ring_LL128_cta8,4,1376256,37.48063,37.25931,37.66888,37.369969999999995,37.574754999999996,0.005463755545197643,3
gh200,timing,Ring_LL128_cta8,4,1409024,37.53792,37.26987,37.54024,37.403895,37.53908,0.0036012917071590513,3
gh200,timing,Ring_LL128_cta8,4,1441792,37.58495,37.39658,37.69481,37.490764999999996,37.63988,0.003967412488243349,3
gh200,timing,Ring_LL128_cta8,4,1474560,38.07486,37.78505,38.16487,37.929955,38.119865000000004,0.004987805601911726,3
gh200,timing,Ring_LL128_cta8,4,1507328,38.04413,37.85065,38.2375,37.94739,38.140815,0.005084227185639541,3
gh200,timing,Ring_LL128_cta8,4,1540096,38.01309,37.85129,38.2311,37.93219,38.122095,0.004995779085572973,3
gh200,timing,Ring_LL128_cta8,4,1572864,38.13757,37.94857,38.27335,38.04307,38.20546,0.004258005950562714,3
gh200,timing,Ring_LL128_cta8,4,1605632,38.73979,38.44903,38.7818,38.594409999999996,38.760795,0.004294938098528808,3
gh200,timing,Ring_LL128_cta8,4,1638400,38.78875,38.53287,38.91941,38.66081,38.854079999999996,0.004982630272952809,3
gh200,timing,Ring_LL128_cta8,4,1671168,38.775,38.58087,38.78469,38.677935,38.779844999999995,0.0026282398452610344,3
gh200,timing,Ring_LL128_cta8,4,1703936,38.81668,38.70887,38.83227,38.762775,38.824475,0.0015895228546079125,3
gh200,timing,Ring_LL128_cta8,4,1736704,39.47768,39.34117,39.62307,39.409425,39.550375,0.0035703719164855608,3
gh200,timing,Ring_LL128_cta8,4,1769472,39.51737,39.41605,39.62946,39.46671,39.573415,0.0027002049984601213,3
gh200,timing,Ring_LL128_cta8,4,1802240,39.45016,39.36356,39.59362,39.406859999999995,39.52189,0.0029158310131062693,3
gh200,timing,Ring_LL128_cta8,4,1835008,39.56825,39.4826,39.61954,39.525425,39.593895,0.0017304278051216548,3
gh200,timing,Ring_LL128_cta8,4,1867776,40.29654,40.2685,40.50559,40.282520000000005,40.401065,0.002941815848209237,3
gh200,timing,Ring_LL128_cta8,4,1900544,40.29718,40.26338,40.52992,40.28028,40.41355,0.0033071793113067247,3
gh200,timing,Ring_LL128_cta8,4,1933312,40.32694,40.23586,40.52735,40.281400000000005,40.427144999999996,0.0036140852740126302,3
gh200,timing,Ring_LL128_cta8,4,1966080,40.32118,40.26785,40.4672,40.294515000000004,40.394189999999995,0.0024720258682903286,3
gh200,timing,Ring_LL128_cta8,4,1998848,41.60081,41.35391,41.75643,41.477360000000004,41.67862,0.0048378865699970205,3
gh200,timing,Ring_LL128_cta8,4,2031616,41.59441,41.4467,41.81627,41.520555,41.70534000000001,0.004442544082245789,3
gh200,timing,Ring_LL128_cta8,4,2064384,41.62194,41.47101,41.75196,41.546475,41.686949999999996,0.003375022884565088,3
gh200,timing,Ring_LL128_cta8,4,2097152,41.66513,41.50781,41.87963,41.58647,41.77238,0.004462004558728121,3
gh200,timing,Ring_LL128_cta8,4,2129920,42.63662,42.52731,42.79064,42.581965,42.71363,0.0030880731164901263,3
gh200,timing,Ring_LL128_cta8,4,2162688,42.76973,42.51034,42.93591,42.640035,42.85282,0.004975130775901643,3
gh200,timing,Ring_LL128_cta8,4,2195456,42.74158,42.52123,42.80536,42.631405,42.77347,0.0033238125497466946,3
gh200,timing,Ring_LL128_cta8,4,2228224,42.79214,42.64026,42.90519,42.7162,42.848665,0.0030955451164628896,3
gh200,timing,Ring_LL128_cta8,4,2260992,43.65771,43.52279,43.91316,43.59025,43.785435,0.004470802522624347,3
gh200,timing,Ring_LL128_cta8,4,2293760,43.76522,43.58231,43.90324,43.673765,43.83423,0.003666495907023773,3
gh200,timing,Ring_LL128_cta8,4,2326528,43.78647,43.71755,43.93492,43.75201,43.860695,0.002482159443316651,3
gh200,timing,Ring_LL128_cta8,4,2359296,43.8705,43.83159,43.89557,43.851045,43.883035,0.0007291915979986644,3
gh200,timing,Ring_LL128_cta8,4,2392064,48.47609,48.16489,48.70949,48.32049,48.59279,0.005617202212472197,3
gh200,timing,Ring_LL128_cta8,4,2424832,48.41306,48.08712,48.65701,48.25009,48.535035,0.005885705220863966,3
gh200,timing,Ring_LL128_cta8,4,2457600,48.38714,48.16104,48.69189,48.27409,48.539515,0.005485445099669054,3
gh200,timing,Ring_LL128_cta8,4,2490368,48.55417,48.51944,48.75781,48.536805,48.65599,0.0024546810294564124,3
gh200,timing,Ring_LL128_cta8,4,2523136,49.4463,49.32069,49.69506,49.383494999999996,49.570679999999996,0.003785621977781947,3
gh200,timing,Ring_LL128_cta8,4,2555904,49.44566,49.31109,49.63074,49.378375,49.5382,0.0032323362657107825,3
gh200,timing,Ring_LL128_cta8,4,2588672,49.43351,49.36356,49.7293,49.398534999999995,49.581405000000004,0.003699312470427617,3
gh200,timing,Ring_LL128_cta8,4,2621440,49.55493,49.53238,49.75617,49.543655,49.65555,0.0022579993554626547,3
gh200,timing,Ring_Simple,2,524288,23.9595,23.62644,24.02093,23.792969999999997,23.990215,0.00823243389887111,3
gh200,timing,Ring_Simple,2,557056,26.24614,26.08076,26.31078,26.16345,26.278460000000003,0.004381977692719829,3
gh200,timing,Ring_Simple,2,589824,26.05606,25.84076,26.13318,25.94841,26.09462,0.005611362577457987,3
gh200,timing,Ring_Simple,2,622592,26.20486,26.05196,26.26726,26.128410000000002,26.236060000000002,0.0041080166045534905,3
gh200,timing,Ring_Simple,2,655360,26.4743,26.18796,26.50533,26.33113,26.489815,0.005993926185017108,3
gh200,timing,Ring_Simple,2,688128,27.10884,27.00712,27.11907,27.05798,27.113955,0.0020648246107173936,3
gh200,timing,Ring_Simple,2,720896,26.98979,26.74185,27.00675,26.86582,26.998269999999998,0.004907411284044767,3
gh200,timing,Ring_Simple,2,753664,27.12611,26.95817,27.14051,27.04214,27.13331,0.003360968454378521,3
gh200,timing,Ring_Simple,2,786432,27.39618,27.10696,27.41026,27.25157,27.40322,0.005535443262527843,3
gh200,timing,Ring_Simple,2,819200,27.82273,27.67207,27.85057,27.7474,27.83665,0.0032078088670665973,3
gh200,timing,Ring_Simple,2,851968,28.16479,27.90886,28.17023,28.036825,28.16751,0.004640013293193371,3
gh200,timing,Ring_Simple,2,884736,28.19968,27.99558,28.32478,28.097630000000002,28.262230000000002,0.00583694566746857,3
gh200,timing,Ring_Simple,2,917504,28.45694,28.21797,28.51007,28.337455,28.483505,0.005132315702250575,3
gh200,timing,Ring_Simple,2,950272,28.75421,28.60131,28.91389,28.67776,28.834049999999998,0.005435377984649847,3
gh200,timing,Ring_Simple,2,983040,29.05212,28.93026,29.14876,28.99119,29.10044,0.0037604828838652534,3
gh200,timing,Ring_Simple,2,1015808,29.11997,29.05986,29.22779,29.089914999999998,29.173879999999997,0.0028834164320910767,3
gh200,timing,Ring_Simple,2,1048576,29.36859,29.17538,29.51227,29.271985,29.44043,0.005735549442448493,3
gh200,timing,Ring_Simple,2,1081344,29.94138,29.84672,29.95417,29.89405,29.947775,0.0017943394726629175,3
gh200,timing,Ring_Simple,2,1114112,30.07801,29.96639,30.15864,30.022199999999998,30.118325,0.003195856374806734,3
gh200,timing,Ring_Simple,2,1146880,30.16888,30.11486,30.2684,30.14187,30.21864,0.0025446751752136567,3
gh200,timing,Ring_Simple,2,1179648,30.43575,30.27486,30.49303,30.355305,30.46439,0.003584107505154311,3
gh200,timing,Ring_Simple,2,1212416,31.0831,30.9382,31.09653,31.01065,31.089815,0.002546882389465763,3
gh200,timing,Ring_Simple,2,1245184,31.12149,31.0518,31.20085,31.086645,31.16117,0.002394647557041701,3
gh200,timing,Ring_Simple,2,1277952,31.18453,31.13243,31.28373,31.158479999999997,31.23413,0.002425882320496833,3
gh200,timing,Ring_Simple,2,1310720,31.44948,31.39963,31.4578,31.424554999999998,31.45364,0.0009248165629448253,3
gh200,timing,Ring_Simple,2,1343488,31.90233,31.87379,31.98995,31.88806,31.94614,0.0018205566803427948,3
gh200,timing,Ring_Simple,2,1376256,32.06931,32.04888,32.11666,32.059095,32.092985,0.001056773594442772,3
gh200,timing,Ring_Simple,2,1409024,32.13874,32.13528,32.23794,32.137010000000004,32.18834,0.0015971379089532755,3
gh200,timing,Ring_Simple,2,1441792,32.35953,32.31351,32.43697,32.33652,32.398250000000004,0.0019076296843620498,3
gh200,timing,Ring_Simple,2,1474560,32.91695,32.77142,32.95535,32.844184999999996,32.93615,0.002793849369397889,3
gh200,timing,Ring_Simple,2,1507328,32.98837,32.97583,33.04975,32.9821,33.01906,0.001120394854307762,3
gh200,timing,Ring_Simple,2,1540096,33.1979,33.08118,33.22734,33.13954,33.21262,0.002201344060919651,3
gh200,timing,Ring_Simple,2,1572864,33.36014,33.30132,33.3995,33.33073,33.37982,0.001471516606345166,3
gh200,timing,Ring_Simple,2,1605632,33.7614,33.73907,33.92844,33.750235,33.84492,0.002804534172161058,3
gh200,timing,Ring_Simple,2,1638400,33.92556,33.88979,34.10731,33.907675,34.016435,0.0032058424385626575,3
gh200,timing,Ring_Simple,2,1671168,34.12299,34.08274,34.31531,34.102865,34.21915,0.003407819771948406,3
gh200,timing,Ring_Simple,2,1703936,34.3729,34.18161,34.50154,34.277255,34.437219999999996,0.00465381157830732,3
gh200,timing,Ring_Simple,2,1736704,34.77609,34.68112,34.85992,34.728605,34.818005,0.0025707317872710155,3
gh200,timing,Ring_Simple,2,1769472,34.97096,34.85711,35.14696,34.914035,35.05896,0.004144152748451877,3
gh200,timing,Ring_Simple,2,1802240,35.22119,35.11182,35.37926,35.166505,35.300225,0.003796578139466518,3
gh200,timing,Ring_Simple,2,1835008,35.47974,35.2971,35.58278,35.388419999999996,35.53126,0.004025959603988269,3
gh200,timing,Ring_Simple,2,1867776,35.80293,35.62829,35.85509,35.71561,35.82901,0.003167338539052491,3
gh200,timing,Ring_Simple,2,1900544,36.06981,35.83212,36.11396,35.950965,36.091885,0.003906868375519618,3
gh200,timing,Ring_Simple,2,1933312,36.26723,36.09771,36.42467,36.182469999999995,36.34595,0.0045076505705014406,3
gh200,timing,Ring_Simple,2,1966080,36.55522,36.34059,36.69122,36.447905,36.62322,0.004795895086939834,3
gh200,timing,Ring_Simple,2,1998848,36.74754,36.51402,36.85218,36.63078,36.799859999999995,0.0046011243201584074,3
gh200,timing,Ring_Simple,2,2031616,36.96226,36.85929,37.1328,36.910775,37.04753,0.003699854933112879,3
gh200,timing,Ring_Simple,2,2064384,37.3216,37.11656,37.39775,37.21908,37.359674999999996,0.0037671214524564217,3
gh200,timing,Ring_Simple,2,2097152,37.61728,37.36744,37.67615,37.492360000000005,37.646715,0.004103300398114786,3
gh200,timing,Ring_Simple,2,2129920,39.04442,38.79298,39.10746,38.9187,39.07594,0.004027207985161557,3
gh200,timing,Ring_Simple,2,2162688,39.30105,39.07073,39.38041,39.18589,39.34072999999999,0.00393984384641105,3
gh200,timing,Ring_Simple,2,2195456,39.56792,39.31009,39.68248,39.439005,39.6252,0.00470570603660738,3
gh200,timing,Ring_Simple,2,2228224,39.86999,39.56064,39.88055,39.715315000000004,39.87527,0.004011914725837566,3
gh200,timing,Ring_Simple,2,2260992,39.93175,39.83967,40.24854,39.88571,40.090145,0.005119610335134237,3
gh200,timing,Ring_Simple,2,2293760,40.22454,40.12319,40.47093,40.173865,40.347735,0.004322485726375016,3
gh200,timing,Ring_Simple,2,2326528,40.64469,40.4067,40.7426,40.525695,40.693645000000004,0.004132151087879,3
gh200,timing,Ring_Simple,2,2359296,40.84564,40.61212,41.00596,40.728880000000004,40.9258,0.0048210775984902825,3
gh200,timing,Ring_Simple,2,2392064,41.01627,40.98867,41.03315,41.00247,41.02471,0.0005422238540948868,3
gh200,timing,Ring_Simple,2,2424832,41.38259,41.27547,41.51185,41.32903,41.44722,0.0028560319689994867,3
gh200,timing,Ring_Simple,2,2457600,41.73201,41.65305,41.80369,41.692530000000005,41.76785,0.0018048495627217053,3
gh200,timing,Ring_Simple,2,2490368,41.93232,41.92217,42.0824,41.927245,42.00736,0.001910578761203751,3
gh200,timing,Ring_Simple,2,2523136,42.05455,41.94392,42.12976,41.999235,42.092155,0.002209511218167819,3
gh200,timing,Ring_Simple,2,2555904,42.48463,42.32888,42.60142,42.406755000000004,42.543025,0.0032075129287932156,3
gh200,timing,Ring_Simple,2,2588672,42.77646,42.62294,42.91021,42.6997,42.843334999999996,0.003357804736530236,3
gh200,timing,Ring_Simple,2,2621440,43.09325,42.92597,43.11692,43.009609999999995,43.105085,0.002215544197757364,3
gh200,timing,Ring_Simple,4,524288,34.49264,34.39826,34.68976,34.44545,34.5912,0.0042255391295070365,3
gh200,timing,Ring_Simple,4,557056,35.08592,35.04847,35.08878,35.067195,35.08735,0.0005744469576400615,3
gh200,timing,Ring_Simple,4,589824,35.15312,35.11086,35.18318,35.13199,35.16815,0.0010286426923128106,3
gh200,timing,Ring_Simple,4,622592,35.1899,34.98447,35.24784,35.087185000000005,35.218869999999995,0.003742124871056476,3
gh200,timing,Ring_Simple,4,655360,34.79984,34.7976,34.86865,34.79872,34.834245,0.0010208380268414972,3
gh200,timing,Ring_Simple,4,688128,34.94927,34.90703,34.98544,34.92815,34.967355,0.0011217687808642498,3
gh200,timing,Ring_Simple,4,720896,35.0952,34.94383,35.11055,35.019515,35.102875,0.0023752535959333182,3
gh200,timing,Ring_Simple,4,753664,34.98543,34.90191,34.9928,34.94367,34.989115,0.0012989693137972248,3
gh200,timing,Ring_Simple,4,786432,34.93519,34.88209,35.06607,34.90864,35.00063,0.0026331615771948767,3
gh200,timing,Ring_Simple,4,819200,35.54287,35.48974,35.54413,35.516305,35.5435,0.0007651323598797444,3
gh200,timing,Ring_Simple,4,851968,35.56141,35.4043,35.57135,35.482855,35.56638,0.002348753887992676,3
gh200,timing,Ring_Simple,4,884736,35.48942,35.46509,35.53263,35.477255,35.511025000000004,0.0009515511946941954,3
gh200,timing,Ring_Simple,4,917504,35.61773,35.57933,35.71919,35.59853,35.668459999999996,0.0019633480291978006,3
gh200,timing,Ring_Simple,4,950272,35.3531,35.33581,35.41936,35.344454999999996,35.38623,0.0011816502654647325,3
gh200,timing,Ring_Simple,4,983040,35.47821,35.42029,41.18333,35.44925,38.33077,0.08121943017982029,3
gh200,timing,Ring_Simple,4,1015808,35.70766,35.64237,35.7742,35.675015,35.74093,0.0018459624629560392,3
gh200,timing,Ring_Simple,4,1048576,35.80879,35.7566,35.93868,35.782695000000004,35.873734999999996,0.0025423925242934057,3
gh200,timing,Ring_Simple,4,1081344,35.9243,35.83276,35.95723,35.87853,35.940765,0.001732392837160394,3
gh200,timing,Ring_Simple,4,1114112,35.96364,35.83309,35.99725,35.898365,35.980445,0.002282305128179595,3
gh200,timing,Ring_Simple,4,1146880,35.88332,35.88013,35.94509,35.881725,35.914204999999995,0.0009051559331743138,3
gh200,timing,Ring_Simple,4,1179648,35.96588,35.85004,36.01197,35.90796,35.988924999999995,0.0022511613785062942,3
gh200,timing,Ring_Simple,4,1212416,36.6401,36.4913,36.66923,36.5657,36.654664999999994,0.002428077434286332,3
gh200,timing,Ring_Simple,4,1245184,36.95272,36.83273,37.00139,36.892725,36.977055,0.0022821053497550747,3
gh200,timing,Ring_Simple,4,1277952,36.92235,36.72745,36.98249,36.8249,36.952420000000004,0.0034537346620679365,3
gh200,timing,Ring_Simple,4,1310720,37.26344,37.03944,37.29065,37.15144,37.277045,0.003370730131195622,3
gh200,timing,Ring_Simple,4,1343488,37.15113,36.97353,37.32231,37.06233,37.236720000000005,0.0046940698708223,3
gh200,timing,Ring_Simple,4,1376256,37.32041,37.1716,37.50119,37.246005,37.4108,0.004415680320768317,3
gh200,timing,Ring_Simple,4,1409024,37.39849,37.32647,37.54566,37.362480000000005,37.472075000000004,0.0029304659091850707,3
gh200,timing,Ring_Simple,4,1441792,37.5732,37.47047,37.65958,37.521834999999996,37.616389999999996,0.002516554352570442,3
gh200,timing,Ring_Simple,4,1474560,37.57769,37.57447,37.60167,37.57608,37.58968,0.0003619168714203516,3
gh200,timing,Ring_Simple,4,1507328,37.67368,37.67046,37.71494,37.67207,37.69431,0.0005903325610878362,3
gh200,timing,Ring_Simple,4,1540096,37.62374,37.52198,37.78664,37.57286,37.70519,0.003517194197068212,3
gh200,timing,Ring_Simple,4,1572864,37.73797,37.66822,37.75367,37.703095,37.745819999999995,0.001132148867572825,3
gh200,timing,Ring_Simple,4,1605632,38.63557,38.45284,38.66243,38.544205000000005,38.649,0.002712396892293701,3
gh200,timing,Ring_Simple,4,1638400,38.89698,38.7853,39.09891,38.841139999999996,38.997945,0.004031289832784078,3
gh200,timing,Ring_Simple,4,1671168,39.02372,38.82435,39.10466,38.924035,39.064189999999996,0.003591533559588705,3
gh200,timing,Ring_Simple,4,1703936,38.9258,38.76515,39.0285,38.845475,38.97715,0.00338271788890662,3
gh200,timing,Ring_Simple,4,1736704,39.42147,39.18017,39.52991,39.30082,39.47569,0.004435907641191425,3
gh200,timing,Ring_Simple,4,1769472,39.13412,39.03522,39.34657,39.08467,39.240345000000005,0.003977986473185093,3
gh200,timing,Ring_Simple,4,1802240,39.28771,39.28449,39.39233,39.2861,39.340019999999996,0.001372439370988993,3
gh200,timing,Ring_Simple,4,1835008,39.45122,39.4112,39.45281,39.43121,39.452015,0.000527360117126995,3
gh200,timing,Ring_Simple,4,1867776,39.40993,39.31393,39.44931,39.36193,39.42962,0.001717587420226296,3
gh200,timing,Ring_Simple,4,1900544,39.53889,39.50816,39.70498,39.523525,39.621935,0.0024889418999876124,3
gh200,timing,Ring_Simple,4,1933312,39.336,39.30145,39.46434,39.318725,39.40017,0.0020704952206630624,3
gh200,timing,Ring_Simple,4,1966080,39.46304,39.38113,39.57218,39.422084999999996,39.517610000000005,0.0024206193947554264,3
gh200,timing,Ring_Simple,4,1998848,40.7619,40.59485,40.98619,40.678375,40.874044999999995,0.004800315981345146,3
gh200,timing,Ring_Simple,4,2031616,40.69342,40.54173,40.84508,40.617575,40.76925,0.003727261065793864,3
gh200,timing,Ring_Simple,4,2064384,40.83838,40.74908,41.14746,40.79373,40.99292,0.0048775196273701735,3
gh200,timing,Ring_Simple,4,2097152,41.11262,41.08347,41.33658,41.098045,41.224599999999995,0.003078251884701004,3
gh200,timing,Ring_Simple,4,2129920,40.96253,40.90588,41.20058,40.934205000000006,41.081555,0.003597189919665506,3
gh200,timing,Ring_Simple,4,2162688,41.24123,41.14683,41.24252,41.19403,41.241875,0.0011601254375779373,3
gh200,timing,Ring_Simple,4,2195456,41.2854,41.14075,41.40282,41.213075,41.34411,0.0031738822925294926,3
gh200,timing,Ring_Simple,4,2228224,41.21627,41.12923,41.26397,41.17275,41.240120000000005,0.0016345486867201697,3
gh200,timing,Ring_Simple,4,2260992,41.30138,41.28475,41.47612,41.293065,41.38875,0.0023167506751591137,3
gh200,timing,Ring_Simple,4,2293760,41.35738,41.34714,41.42492,41.35226,41.391149999999996,0.0009403400312107533,3
gh200,timing,Ring_Simple,4,2326528,41.20347,41.20122,41.30621,41.202345,41.25484,0.0012740431813145932,3
gh200,timing,Ring_Simple,4,2359296,41.2825,41.23835,41.30045,41.260425,41.291475,0.0007521346817658928,3
gh200,timing,Ring_Simple,4,2392064,42.54489,42.43799,42.68214,42.49144,42.613515,0.002869322261733486,3
gh200,timing,Ring_Simple,4,2424832,42.78328,42.64118,42.9839,42.71223,42.88359,0.004005303006221121,3
gh200,timing,Ring_Simple,4,2457600,42.84759,42.58902,43.02581,42.718305,42.9367,0.005097019458970762,3
gh200,timing,Ring_Simple,4,2490368,42.75576,42.71606,43.00117,42.735910000000004,42.878465000000006,0.0033341706474168988,3
gh200,timing,Ring_Simple,4,2523136,42.92534,42.86454,43.04791,42.89494,42.986625000000004,0.0021359178517865052,3
gh200,timing,Ring_Simple,4,2555904,43.11444,43.02997,43.1519,43.072205,43.13317,0.0014140274116978683,3
gh200,timing,Ring_Simple,4,2588672,43.11414,43.02421,43.12053,43.069175,43.117335,0.0011170349217216385,3
gh200,timing,Ring_Simple,4,2621440,43.07959,42.97972,43.11796,43.029655000000005,43.098775,0.001604472094557958,3
gh200,timing,Tree_LL,2,524288,22.33683,22.31186,22.39503,22.324345,22.36593,0.0018617234406134516,3
gh200,timing,Tree_LL,2,557056,23.52397,23.52367,23.67275,23.52382,23.59836,0.0031686828371231108,3
gh200,timing,Tree_LL,2,589824,24.50472,24.34796,24.52041,24.42634,24.512565,0.0035187098648749664,3
gh200,timing,Tree_LL,2,622592,25.0132,24.90987,25.13414,24.961535,25.07367,0.0044830329585978015,3
gh200,timing,Tree_LL,2,655360,26.11523,25.85128,26.1501,25.983255,26.132665,0.00572118262025644,3
gh200,timing,Tree_LL,2,688128,27.07391,26.9418,27.16704,27.007855,27.120475,0.004159724251133276,3
gh200,timing,Tree_LL,2,720896,27.8432,27.83774,27.94811,27.84047,27.895654999999998,0.001981992012412296,3
gh200,timing,Tree_LL,2,753664,29.15609,28.85981,29.19063,29.00795,29.17336,0.005673257285184599,3
gh200,timing,Tree_LL,2,786432,30.09268,30.01049,30.22293,30.051585000000003,30.157805000000003,0.003529762055091152,3
gh200,timing,Tree_LL,2,819200,30.92822,30.92051,30.97328,30.924365,30.95075,0.0008531043816940536,3
gh200,timing,Tree_LL,2,851968,31.86963,31.84399,31.93901,31.856810000000003,31.90432,0.0014907609532961474,3
gh200,timing,Tree_LL,2,884736,32.71341,32.69515,32.81839,32.70428,32.7659,0.0018836312081193887,3
gh200,timing,Tree_LL,2,917504,33.76295,33.51949,33.9204,33.64122,33.841674999999995,0.005937129308902157,3
gh200,timing,Tree_LL,2,950272,34.51334,34.50755,34.75209,34.510445000000004,34.632715000000005,0.0035426881316036156,3
gh200,timing,Tree_LL,2,983040,35.25159,35.15042,35.29571,35.201004999999995,35.27365,0.0020607581104854704,3
gh200,timing,Tree_LL,2,1015808,36.41503,36.36355,36.51549,36.38929,36.46526,0.0020862264839545124,3
gh200,timing,Tree_LL,2,1048576,37.34592,37.26685,37.37561,37.306385,37.360765,0.0014561162236732118,3
gh200,timing,Tree_LL,2,1081344,38.64988,38.64631,38.67253,38.648095,38.661205,0.00033919898328286184,3
gh200,timing,Tree_LL,2,1114112,39.46004,39.44441,39.64146,39.452225,39.55075,0.0024968297041767368,3
gh200,timing,Tree_LL,2,1146880,40.33142,40.31058,40.42447,40.321,40.377945,0.0014119264831240486,3
gh200,timing,Tree_LL,2,1179648,41.42411,41.39538,41.47469,41.409745,41.4494,0.0009572927456980058,3
gh200,timing,Tree_LL,2,1212416,42.55111,42.54025,42.59822,42.545680000000004,42.574664999999996,0.0006811808199596109,3
gh200,timing,Tree_LL,2,1245184,43.47271,43.33092,43.48459,43.401815,43.47865,0.0017674306478708747,3
gh200,timing,Tree_LL,2,1277952,44.48608,44.47395,44.53607,44.480015,44.511075000000005,0.0006981959300528084,3
gh200,timing,Tree_LL,2,1310720,45.37343,45.32613,45.44572,45.349779999999996,45.409575000000004,0.0013178417413012033,3
gh200,timing,Tree_LL,2,1343488,46.48251,46.47361,46.69624,46.47806,46.589375000000004,0.00239477171090814,3
gh200,timing,Tree_LL,2,1376256,47.30677,47.19038,47.34841,47.248575,47.32759,0.0016702683358005266,3
gh200,timing,Tree_LL,2,1409024,48.17493,48.04635,48.21235,48.110640000000004,48.19364,0.0017228878173771794,3
gh200,timing,Tree_LL,2,1441792,49.14903,49.03667,49.15856,49.09285,49.153795,0.0012400041262259662,3
gh200,timing,Tree_LL,2,1474560,49.96853,49.95984,50.05389,49.964185,50.011210000000005,0.0009410923235085158,3
gh200,timing,Tree_LL,2,1507328,50.7909,50.73645,50.98856,50.763675,50.88973,0.0024818422197677324,3
gh200,timing,Tree_LL,2,1540096,52.07342,51.94217,52.18532,52.007795,52.129369999999994,0.0023346843744849652,3
gh200,timing,Tree_LL,2,1572864,53.0657,52.91685,53.07522,52.991275,53.07046,0.0014922068304007183,3
gh200,timing,Tree_LL,2,1605632,54.2359,53.97409,54.26685,54.104995,54.251374999999996,0.002698950326259793,3
gh200,timing,Tree_LL,2,1638400,55.08995,54.94558,55.15193,55.017765,55.120940000000004,0.0018728461361828671,3
gh200,timing,Tree_LL,2,1671168,55.74008,55.59004,55.88097,55.66506,55.810525,0.002609702031285235,3
gh200,timing,Tree_LL,2,1703936,56.81309,56.70328,56.88403,56.758185,56.848560000000006,0.0015907425559850512,3
gh200,timing,Tree_LL,2,1736704,57.58708,57.45361,57.66203,57.520345,57.624555,0.0018096072938583083,3
gh200,timing,Tree_LL,2,1769472,58.50509,58.25682,58.54295,58.380955,58.52402,0.0024453427898324743,3
gh200,timing,Tree_LL,2,1802240,59.38063,59.36213,59.53514,59.37138,59.457885,0.0014567881816005554,3
gh200,timing,Tree_LL,2,1835008,60.05196,59.91848,60.3285,59.98522,60.19023,0.0034138769159241674,3
gh200,timing,Tree_LL,2,1867776,61.48461,60.85993,61.50467,61.17227,61.494640000000004,0.005243100671859291,3
gh200,timing,Tree_LL,2,1900544,62.35595,62.05573,62.55423,62.205839999999995,62.45509,0.003997212776006195,3
gh200,timing,Tree_LL,2,1933312,63.06722,62.81257,63.33853,62.939895,63.202875,0.004169836564858874,3
gh200,timing,Tree_LL,2,1966080,64.06116,63.83838,64.24121,63.94977,64.151185,0.0031441047898601465,3
gh200,timing,Tree_LL,2,1998848,65.45461,65.11904,65.67096,65.286825,65.56278499999999,0.004216051398060393,3
gh200,timing,Tree_LL,2,2031616,66.32989,65.51417,66.35793,65.92203,66.34391,0.00636033016186198,3
gh200,timing,Tree_LL,2,2064384,67.18995,66.87131,67.3803,67.03063,67.285125,0.0037876944394212454,3
gh200,timing,Tree_LL,2,2097152,68.09775,67.65464,68.16524,67.876195,68.131495,0.003749022544797815,3
gh200,timing,Tree_LL,2,2129920,69.21575,69.07916,69.37074,69.14745500000001,69.293245,0.002106312508352376,3
gh200,timing,Tree_LL,2,2162688,70.10211,69.96912,70.25416,70.035615,70.178135,0.0020330343837010106,3
gh200,timing,Tree_LL,2,2195456,70.8253,70.79886,70.8615,70.81208000000001,70.8434,0.00044221485824971865,3
gh200,timing,Tree_LL,2,2228224,71.6803,71.64362,71.70435,71.66196,71.69232500000001,0.0004236170886564023,3
gh200,timing,Tree_LL,2,2260992,72.50408,72.41216,72.82011,72.45812000000001,72.662095,0.002813289955544372,3
gh200,timing,Tree_LL,2,2293760,73.48772,73.40381,73.67063,73.445765,73.57917499999999,0.0018154053493562982,3
gh200,timing,Tree_LL,2,2326528,74.4976,74.41753,74.9093,74.457565,74.70345,0.0033005761259423286,3
gh200,timing,Tree_LL,2,2359296,75.37053,75.18871,75.42129,75.27962,75.39591,0.0015429107371277135,3
gh200,timing,Tree_LL,2,2392064,76.67066,76.6373,76.89292,76.65397999999999,76.78179,0.001667000127558715,3
gh200,timing,Tree_LL,2,2424832,77.47319,77.34831,77.71145,77.41075000000001,77.59232,0.0023436494611877162,3
gh200,timing,Tree_LL,2,2457600,78.35751,78.1902,78.44371,78.273855,78.40061,0.0016176496675303087,3
gh200,timing,Tree_LL,2,2490368,79.53058,79.4712,79.74022,79.50089,79.6354,0.0016912991204138823,3
gh200,timing,Tree_LL,2,2523136,80.14829,79.91494,80.34175,80.031615,80.24502000000001,0.0026626269880493858,3
gh200,timing,Tree_LL,2,2555904,81.03837,80.98754,81.20138,81.012955,81.11987500000001,0.0013193750071725573,3
gh200,timing,Tree_LL,2,2588672,82.12327,81.78431,82.15641,81.95379,82.13983999999999,0.0022654967343603643,3
gh200,timing,Tree_LL,2,2621440,82.89883,82.43365,82.91958,82.66624,82.909205,0.0029308616297720738,3
gh200,timing,Tree_LL,4,524288,18.93539,18.89276,18.9434,18.914075,18.939395,0.0013371786902725887,3
gh200,timing,Tree_LL,4,557056,19.68481,19.50106,19.7664,19.592934999999997,19.725605,0.006739714531153946,3
gh200,timing,Tree_LL,4,589824,19.9948,19.97633,20.02816,19.985565,20.01148,0.0012960869826153644,3
gh200,timing,Tree_LL,4,622592,20.66653,20.45559,20.88797,20.56106,20.777250000000002,0.010460875628371138,3
gh200,timing,Tree_LL,4,655360,21.60091,20.84085,21.6697,21.22088,21.635305,0.019185534313137634,3
gh200,timing,Tree_LL,4,688128,21.73306,21.54171,21.85842,21.637385,21.79574,0.007286364644463332,3
gh200,timing,Tree_LL,4,720896,22.26841,21.75538,22.37815,22.011895,22.32328,0.013983261490155847,3
gh200,timing,Tree_LL,4,753664,23.31222,22.36944,23.40437,22.84083,23.358295,0.02219715668434829,3
gh200,timing,Tree_LL,4,786432,23.29398,23.26069,23.58667,23.277335,23.440325,0.006997086800967487,3
gh200,timing,Tree_LL,4,819200,24.36979,23.7377,24.55216,24.053745,24.460974999999998,0.016710443545061262,3
gh200,timing,Tree_LL,4,851968,24.74865,24.40808,24.91792,24.578365,24.833285,0.010300359817606151,3
gh200,timing,Tree_LL,4,884736,25.17926,25.12848,25.23727,25.153869999999998,25.208264999999997,0.002160309715217982,3
gh200,timing,Tree_LL,4,917504,25.84174,24.95398,25.96109,25.39786,25.901415,0.019486110455410457,3
gh200,timing,Tree_LL,4,950272,25.89134,25.51621,26.10988,25.703775,26.00061,0.011464644162874595,3
gh200,timing,Tree_LL,4,983040,26.14285,26.12514,26.45738,26.133995,26.300114999999998,0.00635431867604333,3
gh200,timing,Tree_LL,4,1015808,27.01163,26.32897,27.07113,26.6703,27.04138,0.013737786279465519,3
gh200,timing,Tree_LL,4,1048576,26.93002,26.43489,27.17,26.682454999999997,27.05001,0.01364852309801489,3
gh200,timing,Tree_LL,4,1081344,27.0273,26.90847,27.42216,26.967885000000003,27.22473,0.00950316901799286,3
gh200,timing,Tree_LL,4,1114112,28.3559,27.64861,28.49604,28.002254999999998,28.42597,0.014942745601444547,3
gh200,timing,Tree_LL,4,1146880,28.2071,27.83389,28.42116,28.020495,28.31413,0.010409967703166873,3
gh200,timing,Tree_LL,4,1179648,28.81763,28.26746,28.82724,28.542545,28.822435,0.009712457270080787,3
gh200,timing,Tree_LL,4,1212416,28.64774,28.51076,29.10743,28.579250000000002,28.877585,0.010413910486481588,3
gh200,timing,Tree_LL,4,1245184,29.96481,29.17495,30.30302,29.569879999999998,30.133915000000002,0.018823246334617308,3
gh200,timing,Tree_LL,4,1277952,30.23648,29.66742,30.44414,29.95195,30.340310000000002,0.012844087671580894,3
gh200,timing,Tree_LL,4,1310720,30.02016,29.87317,30.02175,29.946665,30.020955,0.002474670354854914,3
gh200,timing,Tree_LL,4,1343488,31.43292,30.81905,31.70586,31.125985,31.56939,0.01410638909779933,3
gh200,timing,Tree_LL,4,1376256,31.88411,31.21903,32.38487,31.551569999999998,32.13449,0.01828246107543856,3
gh200,timing,Tree_LL,4,1409024,31.33212,31.10352,31.68154,31.21782,31.50683,0.009224080592057005,3
gh200,timing,Tree_LL,4,1441792,32.96215,32.41995,33.29396,32.691050000000004,33.128055,0.013257782031815254,3
gh200,timing,Tree_LL,4,1474560,33.53622,32.7537,33.83635,33.14496,33.686285,0.01614150312706681,3
gh200,timing,Tree_LL,4,1507328,32.7676,32.72938,32.99637,32.748490000000004,32.881985,0.004073993823166676,3
gh200,timing,Tree_LL,4,1540096,34.4341,33.75878,34.70192,34.09644,34.56801,0.013694854809621852,3
gh200,timing,Tree_LL,4,1572864,34.16595,33.88006,34.69808,34.023005,34.432015,0.01197127549504703,3
gh200,timing,Tree_LL,4,1605632,35.30416,35.01314,35.42606,35.15865,35.36511,0.005848036038812419,3
gh200,timing,Tree_LL,4,1638400,36.03981,35.68831,36.41291,35.86406,36.22636,0.010052772198299536,3
gh200,timing,Tree_LL,4,1671168,36.47404,35.76351,36.77033,36.118775,36.622185,0.01380187113903484,3
gh200,timing,Tree_LL,4,1703936,36.49004,36.31677,36.66538,36.403405,36.577709999999996,0.004776782924874755,3
gh200,timing,Tree_LL,4,1736704,37.29737,36.78364,37.54086,37.040504999999996,37.419115000000005,0.01015111789383565,3
gh200,timing,Tree_LL,4,1769472,37.82056,37.72025,38.34692,37.770405,38.08374,0.00828477949559716,3
gh200,timing,Tree_LL,4,1802240,37.57766,37.50937,37.6436,37.543515,37.61063,0.001786034574797929,3
gh200,timing,Tree_LL,4,1835008,38.3719,38.06903,38.47876,38.220465,38.42533,0.005338932917056627,3
gh200,timing,Tree_LL,4,1867776,39.0282,38.32247,39.17889,38.675335000000004,39.103545,0.010971810127036167,3
gh200,timing,Tree_LL,4,1900544,38.82915,38.52853,39.06276,38.67884,38.945955,0.006879238922304426,3
gh200,timing,Tree_LL,4,1933312,39.53826,39.18867,39.88703,39.363465000000005,39.712645,0.00883144579452907,3
gh200,timing,Tree_LL,4,1966080,39.83522,39.35763,39.99071,39.596424999999996,39.912965,0.007946234513076704,3
gh200,timing,Tree_LL,4,1998848,40.37471,39.62674,40.42014,40.000725,40.397425,0.009825457569849929,3
gh200,timing,Tree_LL,4,2031616,41.14365,40.6763,41.5145,40.909975,41.329075,0.010186262035575362,3
gh200,timing,Tree_LL,4,2064384,41.5654,40.85261,41.63066,41.209005,41.598029999999994,0.009359346956843833,3
gh200,timing,Tree_LL,4,2097152,41.65497,41.13356,41.71131,41.394265000000004,41.683139999999995,0.006934946778259359,3
gh200,timing,Tree_LL,4,2129920,42.3721,42.06793,42.7887,42.220015000000004,42.5804,0.00850524283667776,3
gh200,timing,Tree_LL,4,2162688,43.12824,42.76902,43.59315,42.948629999999994,43.360695,0.009554412607609433,3
gh200,timing,Tree_LL,4,2195456,43.16471,42.59303,43.19573,42.87887,43.18022,0.0069813975351623895,3
gh200,timing,Tree_LL,4,2228224,44.0898,43.4538,44.30192,43.7718,44.195859999999996,0.00961809760987796,3
gh200,timing,Tree_LL,4,2260992,44.5861,44.07042,44.98126,44.32826,44.783680000000004,0.01021439417217482,3
gh200,timing,Tree_LL,4,2293760,44.15538,43.76066,44.56146,43.958020000000005,44.358419999999995,0.009067977673388622,3
gh200,timing,Tree_LL,4,2326528,45.5678,44.84895,45.59823,45.208375000000004,45.583015,0.008221595073714321,3
gh200,timing,Tree_LL,4,2359296,45.34032,44.20545,45.46957,44.772885,45.404945,0.01394035154582049,3
gh200,timing,Tree_LL,4,2392064,46.18891,45.14238,46.38285,45.665645,46.28588,0.01342822335491357,3
gh200,timing,Tree_LL,4,2424832,47.21479,45.86939,47.38377,46.54209,47.299279999999996,0.016037135821211832,3
gh200,timing,Tree_LL,4,2457600,47.25799,46.0393,47.81416,46.648645,47.536075,0.018778411862205625,3
gh200,timing,Tree_LL,4,2490368,47.3044,46.38681,47.43113,46.845605,47.367765000000006,0.01103829664893766,3
gh200,timing,Tree_LL,4,2523136,48.3959,47.32502,48.53667,47.86046,48.466285,0.012518105872604825,3
gh200,timing,Tree_LL,4,2555904,49.12164,48.58577,49.6064,48.853705,49.36402,0.010388802165399984,3
gh200,timing,Tree_LL,4,2588672,48.16452,47.23991,48.69157,47.702215,48.428045,0.01506980657131006,3
gh200,timing,Tree_LL,4,2621440,48.96418,48.07763,49.50243,48.520905,49.233305,0.014549411426883947,3
gh200,timing,Tree_LL128,2,524288,22.01914,21.92571,22.07544,21.972425,22.04729,0.0033999965484573453,3
gh200,timing,Tree_LL128,2,557056,24.38833,24.30899,24.67635,24.348660000000002,24.532339999999998,0.007531470994528752,3
gh200,timing,Tree_LL128,2,589824,24.55026,24.50801,24.6277,24.529135,24.58898,0.0024376523914614043,3
gh200,timing,Tree_LL128,2,622592,24.51219,24.43954,24.53041,24.475865,24.5213,0.0018535675514917771,3
gh200,timing,Tree_LL128,2,655360,24.56273,24.39858,24.6981,24.480655,24.630415,0.006097042144745334,3
gh200,timing,Tree_LL128,2,688128,27.16776,26.76939,27.17419,26.968575,27.170975,0.0074500069199668,3
gh200,timing,Tree_LL128,2,720896,27.00299,26.79339,27.16232,26.89819,27.082655000000003,0.0068312805359703865,3
gh200,timing,Tree_LL128,2,753664,26.93803,26.87372,27.10952,26.905875,27.023775,0.004376712031280638,3
gh200,timing,Tree_LL128,2,786432,27.12072,26.8945,27.14411,27.00761,27.132415,0.004601832104752457,3
gh200,timing,Tree_LL128,2,819200,29.13925,29.05923,29.26049,29.09924,29.19987,0.003453417641154075,3
gh200,timing,Tree_LL128,2,851968,29.17669,29.04836,29.34625,29.112524999999998,29.261470000000003,0.005104931368157415,3
gh200,timing,Tree_LL128,2,884736,29.20195,29.00741,29.29281,29.104680000000002,29.24738,0.004886659966200813,3
gh200,timing,Tree_LL128,2,917504,29.32612,29.12132,29.41441,29.22372,29.370265,0.004997081100397861,3
gh200,timing,Tree_LL128,2,950272,31.69145,31.54076,31.75322,31.616104999999997,31.722335,0.0033520081914839364,3
gh200,timing,Tree_LL128,2,983040,31.60922,31.51515,31.78204,31.562185,31.69563,0.004221711260195659,3
gh200,timing,Tree_LL128,2,1015808,31.72219,31.65244,31.79225,31.687314999999998,31.75722,0.0022036624835801723,3
gh200,timing,Tree_LL128,2,1048576,31.63162,31.59963,31.81659,31.615625,31.724105,0.003429479742106162,3
gh200,timing,Tree_LL128,2,1081344,34.50419,34.50003,34.80751,34.50211,34.65585,0.0044556907436458905,3
gh200,timing,Tree_LL128,2,1114112,34.49778,34.43796,34.7016,34.46787,34.599689999999995,0.0038211154456894796,3
gh200,timing,Tree_LL128,2,1146880,34.5717,34.4466,34.87727,34.50915,34.724485,0.006228649444487924,3
gh200,timing,Tree_LL128,2,1179648,34.54932,34.41683,34.85103,34.483075,34.700175,0.006283770563357023,3
gh200,timing,Tree_LL128,2,1212416,36.93032,36.91818,36.9518,36.92425,36.94106,0.0004551815418875208,3
gh200,timing,Tree_LL128,2,1245184,37.08747,36.92779,37.20584,37.007630000000006,37.146655,0.0037485706088874926,3
gh200,timing,Tree_LL128,2,1277952,37.03372,36.85803,37.10473,36.945875,37.069225,0.0033307483018179666,3
gh200,timing,Tree_LL128,2,1310720,37.21704,36.98954,37.30635,37.10329,37.261695,0.00425624928796062,3
gh200,timing,Tree_LL128,2,1343488,39.64804,39.53026,39.83103,39.589150000000004,39.739535000000004,0.0037929996035112956,3
gh200,timing,Tree_LL128,2,1376256,39.61924,39.57186,39.85663,39.59555,39.737935,0.003593834712629453,3
gh200,timing,Tree_LL128,2,1409024,39.64547,39.47778,39.89151,39.56162500000001,39.76849,0.005217872306722392,3
gh200,timing,Tree_LL128,2,1441792,39.79971,39.68354,39.83326,39.741625,39.816485,0.0018809182277961583,3
gh200,timing,Tree_LL128,2,1474560,42.20537,41.74845,42.35895,41.976910000000004,42.282160000000005,0.007232491979101259,3
gh200,timing,Tree_LL128,2,1507328,42.34263,41.84701,42.58969,42.09482,42.46616,0.008769885101610447,3
gh200,timing,Tree_LL128,2,1540096,42.29498,41.80093,42.33143,42.047955,42.313204999999996,0.006271429848175709,3
gh200,timing,Tree_LL128,2,1572864,42.39575,42.1142,42.63352,42.254975,42.514635,0.006124670515322801,3
gh200,timing,Tree_LL128,2,1605632,44.84371,44.72818,44.88783,44.785945,44.86577,0.0017800712742099079,3
gh200,timing,Tree_LL128,2,1638400,44.92911,44.65492,45.00625,44.792015,44.96768,0.003909825945806676,3
gh200,timing,Tree_LL128,2,1671168,44.85332,44.5973,44.85359,44.72530999999999,44.853455,0.0028569791489237257,3
gh200,timing,Tree_LL128,2,1703936,44.86606,44.78353,44.95154,44.824794999999995,44.9088,0.0018723507256934255,3
gh200,timing,Tree_LL128,2,1736704,47.26923,47.25994,47.52615,47.264585,47.39769,0.002815891014090995,3
gh200,timing,Tree_LL128,2,1769472,47.36967,47.26122,47.39083,47.315445,47.380250000000004,0.0013680694841236361,3
gh200,timing,Tree_LL128,2,1802240,47.32298,47.27979,47.51526,47.301384999999996,47.41912,0.0024879033399841525,3
gh200,timing,Tree_LL128,2,1835008,47.3175,47.28297,47.83562,47.300235,47.57656,0.005839805568764197,3
gh200,timing,Tree_LL128,2,1867776,49.95523,49.90018,50.20862,49.927705,50.081925,0.003087164246866547,3
gh200,timing,Tree_LL128,2,1900544,49.92642,49.90788,50.01375,49.91715,49.970085,0.0010602602790265746,3
gh200,timing,Tree_LL128,2,1933312,50.02625,49.92835,50.28606,49.9773,50.156155,0.003575223007920815,3
gh200,timing,Tree_LL128,2,1966080,49.95586,49.94846,50.43585,49.95216,50.195855,0.004878206480681194,3
gh200,timing,Tree_LL128,2,1998848,52.63513,52.49947,53.00981,52.5673,52.822469999999996,0.004847902911990387,3
gh200,timing,Tree_LL128,2,2031616,52.79257,52.42939,52.83317,52.61098,52.812870000000004,0.0038242123844322395,3
gh200,timing,Tree_LL128,2,2064384,52.62905,52.50843,53.05268,52.56874,52.840865,0.005170623448456748,3
gh200,timing,Tree_LL128,2,2097152,52.77081,52.75318,53.01594,52.761995,52.893375,0.0024896339472522794,3
gh200,timing,Tree_LL128,2,2129920,55.42061,55.41872,55.4965,55.419665,55.458555000000004,0.000701724502851955,3
gh200,timing,Tree_LL128,2,2162688,55.41554,55.26253,55.42576,55.339034999999996,55.420649999999995,0.0014727818225717792,3
gh200,timing,Tree_LL128,2,2195456,55.39474,55.3736,55.42956,55.38417,55.41215,0.0005051021089727915,3
gh200,timing,Tree_LL128,2,2228224,55.38767,55.23565,55.61105,55.31166,55.499359999999996,0.0033888408737900045,3
gh200,timing,Tree_LL128,2,2260992,57.78603,57.64649,58.13028,57.71626,57.958155,0.004186046350649102,3
gh200,timing,Tree_LL128,2,2293760,58.05161,57.85416,58.09604,57.952884999999995,58.073825,0.002083318619414767,3
gh200,timing,Tree_LL128,2,2326528,57.87242,57.58952,58.16196,57.73097,58.01719,0.0049457064349477725,3
gh200,timing,Tree_LL128,2,2359296,58.07146,57.83112,58.10276,57.95129,58.08711,0.002338842522643696,3
gh200,timing,Tree_LL128,2,2392064,60.4941,60.28065,60.74492,60.387375000000006,60.619510000000005,0.0038373163663894417,3
gh200,timing,Tree_LL128,2,2424832,60.68123,60.53952,60.74466,60.610375000000005,60.712945000000005,0.001690308518795681,3
gh200,timing,Tree_LL128,2,2457600,60.57314,60.33089,60.71228,60.452015,60.64271,0.0031481775585680064,3
gh200,timing,Tree_LL128,2,2490368,60.58527,60.58268,60.94145,60.583975,60.763360000000006,0.0029608682110355117,3
gh200,timing,Tree_LL128,2,2523136,61.56127,61.23102,62.00311,61.396145000000004,61.78219,0.006270907016700529,3
gh200,timing,Tree_LL128,2,2555904,61.62206,61.45532,61.88248,61.53869,61.752269999999996,0.003465966571062266,3
gh200,timing,Tree_LL128,2,2588672,61.67614,61.27133,61.9292,61.473735,61.80267,0.005333261776758425,3
gh200,timing,Tree_LL128,2,2621440,61.75966,61.45373,61.96664,61.606695,61.86315,0.004152467808274778,3
gh200,timing,Tree_LL128,4,524288,22.92344,22.89782,22.97271,22.910629999999998,22.948075,0.0016334808388270578,3
gh200,timing,Tree_LL128,4,557056,23.17462,23.14869,23.19286,23.161655,23.18374,0.0009529821848211783,3
gh200,timing,Tree_LL128,4,589824,23.15415,23.13367,23.18997,23.143909999999998,23.172060000000002,0.0012157647765089054,3
gh200,timing,Tree_LL128,4,622592,23.23446,23.22357,23.27702,23.229014999999997,23.25574,0.0011502311652606754,3
gh200,timing,Tree_LL128,4,655360,23.10935,23.06262,23.22454,23.085985,23.166945,0.003503343884618022,3
gh200,timing,Tree_LL128,4,688128,23.21078,23.14197,23.26902,23.176375,23.2399,0.00273687484866939,3
gh200,timing,Tree_LL128,4,720896,23.3871,23.26902,23.44949,23.32806,23.418295,0.0038583236057484612,3
gh200,timing,Tree_LL128,4,753664,23.35093,23.33045,23.37173,23.340690000000002,23.361330000000002,0.0008839048380514272,3
gh200,timing,Tree_LL128,4,786432,23.30517,23.21397,23.31445,23.25957,23.30981,0.00215574484116609,3
gh200,timing,Tree_LL128,4,819200,26.42508,26.39595,26.46348,26.410515,26.44428,0.0012777633974996078,3
gh200,timing,Tree_LL128,4,851968,26.49804,26.4686,26.49898,26.48332,26.49851,0.0005732499460337626,3
gh200,timing,Tree_LL128,4,884736,26.48202,26.46284,26.57196,26.47243,26.526989999999998,0.0020602657954339816,3
gh200,timing,Tree_LL128,4,917504,26.50442,26.50219,26.5454,26.503304999999997,26.52491,0.0008151470584906587,3
gh200,timing,Tree_LL128,4,950272,26.47084,26.36682,26.5262,26.41883,26.49852,0.0030104824780777407,3
gh200,timing,Tree_LL128,4,983040,26.53452,26.32747,26.53708,26.430995000000003,26.535800000000002,0.003949760538347742,3
gh200,timing,Tree_LL128,4,1015808,26.56842,26.49836,26.63147,26.53339,26.599944999999998,0.002505041699882698,3
gh200,timing,Tree_LL128,4,1048576,26.60395,26.45898,26.65323,26.531465,26.628590000000003,0.003650773663309467,3
gh200,timing,Tree_LL128,4,1081344,26.64395,26.62922,26.68779,26.636585,26.665869999999998,0.0010991238161007662,3
gh200,timing,Tree_LL128,4,1114112,26.65163,26.57867,26.69931,26.61515,26.67547,0.0022632762048700517,3
gh200,timing,Tree_LL128,4,1146880,26.62571,26.50538,26.66827,26.565545,26.646990000000002,0.003058885565868561,3
gh200,timing,Tree_LL128,4,1179648,26.66636,26.6273,26.76139,26.64683,26.713875,0.002514216413488764,3
gh200,timing,Tree_LL128,4,1212416,29.90977,29.79585,30.0339,29.85281,29.971835,0.00397946891600962,3
gh200,timing,Tree_LL128,4,1245184,29.95297,29.8864,29.95361,29.919685,29.953290000000003,0.001121925471831389,3
gh200,timing,Tree_LL128,4,1277952,29.68066,29.56512,29.70593,29.622889999999998,29.693295,0.002372083370113769,3
gh200,timing,Tree_LL128,4,1310720,29.7184,29.6781,29.74626,29.69825,29.732329999999997,0.0011467642941745146,3
gh200,timing,Tree_LL128,4,1343488,29.87361,29.8512,29.94369,29.862405,29.90865,0.0015480218159105155,3
gh200,timing,Tree_LL128,4,1376256,29.85951,29.84993,29.89954,29.85472,29.879525,0.0008307236120083897,3
gh200,timing,Tree_LL128,4,1409024,30.04832,29.93952,30.11007,29.993920000000003,30.079195,0.002837929042289079,3
gh200,timing,Tree_LL128,4,1441792,30.01023,29.97537,30.06433,29.992800000000003,30.037280000000003,0.001482161249680528,3
gh200,timing,Tree_LL128,4,1474560,30.00736,29.99553,30.00801,30.001444999999997,30.007685,0.00020794898318285247,3
gh200,timing,Tree_LL128,4,1507328,30.08385,29.90497,30.11807,29.994410000000002,30.10096,0.003541767426708968,3
gh200,timing,Tree_LL128,4,1540096,30.07103,29.93281,30.07137,30.00192,30.0712,0.0023038785169647554,3
gh200,timing,Tree_LL128,4,1572864,30.12447,30.07073,30.19168,30.0976,30.158075,0.0020075041984141226,3
gh200,timing,Tree_LL128,4,1605632,32.97431,32.93206,32.98647,32.953185000000005,32.98039,0.000825036217588633,3
gh200,timing,Tree_LL128,4,1638400,32.95095,32.93398,33.00343,32.942465,32.97719,0.0010538391154125046,3
gh200,timing,Tree_LL128,4,1671168,33.14102,32.95638,33.30774,33.0487,33.22438,0.005300983494171267,3
gh200,timing,Tree_LL128,4,1703936,33.18358,33.09237,33.2607,33.137975,33.222139999999996,0.002536344782570136,3
gh200,timing,Tree_LL128,4,1736704,33.22647,33.04662,33.34422,33.136545,33.285345,0.004478357165236072,3
gh200,timing,Tree_LL128,4,1769472,33.19383,33.02901,33.26518,33.111419999999995,33.229505,0.003557438234756513,3
gh200,timing,Tree_LL128,4,1802240,33.11285,33.09783,33.19671,33.10534,33.15478,0.0014930759508772016,3
gh200,timing,Tree_LL128,4,1835008,33.16727,33.07958,33.43734,33.123425,33.302305000000004,0.005393268725463585,3
gh200,timing,Tree_LL128,4,1867776,33.19925,33.19031,33.36949,33.194779999999994,33.284369999999996,0.002698554937235063,3
gh200,timing,Tree_LL128,4,1900544,33.2927,33.28981,33.3023,33.29125500000001,33.2975,0.00018757865838435237,3
gh200,timing,Tree_LL128,4,1933312,33.2959,33.10069,33.45206,33.198295,33.37398,0.005276475481966291,3
gh200,timing,Tree_LL128,4,1966080,33.38006,33.3314,33.4031,33.35573,33.391580000000005,0.0010739944745456866,3
gh200,timing,Tree_LL128,4,1998848,36.41804,36.34341,36.47532,36.380725,36.44668,0.0018110529836312562,3
gh200,timing,Tree_LL128,4,2031616,36.41037,36.37123,36.58027,36.3908,36.49532,0.002870610762812925,3
gh200,timing,Tree_LL128,4,2064384,36.35756,36.32036,36.43213,36.33896,36.394845000000004,0.0015370943484657254,3
gh200,timing,Tree_LL128,4,2097152,36.63147,36.42211,36.66284,36.526790000000005,36.647155,0.0032858359219543336,3
gh200,timing,Tree_LL128,4,2129920,36.44364,36.38179,36.54251,36.412715000000006,36.493075000000005,0.002205048672415787,3
gh200,timing,Tree_LL128,4,2162688,36.62827,36.43043,36.63916,36.52935,36.633714999999995,0.0028493019189820942,3
gh200,timing,Tree_LL128,4,2195456,36.45964,36.321,36.65996,36.39032,36.559799999999996,0.004648427686065824,3
gh200,timing,Tree_LL128,4,2228224,36.62412,36.42308,36.66284,36.5236,36.64348,0.003273252708870408,3
gh200,timing,Tree_LL128,4,2260992,36.62091,36.42372,36.63627,36.522315000000006,36.62859,0.0029020305612284503,3
gh200,timing,Tree_LL128,4,2293760,36.68684,36.61858,36.69643,36.65271,36.691635,0.0010610071622412557,3
gh200,timing,Tree_LL128,4,2326528,36.85867,36.55107,36.99178,36.70487,36.925225,0.00597837632231434,3
gh200,timing,Tree_LL128,4,2359296,36.83692,36.71907,36.87179,36.777995000000004,36.854355,0.0020729203201568965,3
gh200,timing,Tree_LL128,4,2392064,39.24004,39.08601,39.34563,39.163025000000005,39.292835,0.003308100603363095,3
gh200,timing,Tree_LL128,4,2424832,39.27299,39.12794,39.37859,39.200465,39.32579,0.0031911244853013885,3
gh200,timing,Tree_LL128,4,2457600,39.29251,39.10458,39.35236,39.198544999999996,39.322435,0.003153018221538989,3
gh200,timing,Tree_LL128,4,2490368,39.35491,39.21274,39.40355,39.28382499999999,39.37923,0.002424221018419471,3
gh200,timing,Tree_LL128,4,2523136,39.35459,39.1273,39.43971,39.240944999999996,39.397149999999996,0.003969168526466669,3
gh200,timing,Tree_LL128,4,2555904,39.36227,39.28601,39.50946,39.32414,39.435865,0.0028383779695632353,3
gh200,timing,Tree_LL128,4,2588672,39.30563,39.2057,39.36067,39.255665,39.33315,0.001971346089606067,3
gh200,timing,Tree_LL128,4,2621440,39.29219,39.26937,39.56258,39.28078,39.427385,0.003731148607395032,3
gh200,timing,Tree_Simple,2,524288,23.84234,23.80555,24.09555,23.823945000000002,23.968944999999998,0.00608161782778016,3
gh200,timing,Tree_Simple,2,557056,26.22081,26.16748,26.43745,26.194145,26.32913,0.005148010301741264,3
gh200,timing,Tree_Simple,2,589824,26.20267,26.1821,26.51168,26.192385,26.357174999999998,0.006289053749102532,3
gh200,timing,Tree_Simple,2,622592,26.05506,25.8494,26.38689,25.95223,26.220975000000003,0.010314503209741319,3
gh200,timing,Tree_Simple,2,655360,26.32066,26.07682,26.59658,26.19874,26.45862,0.009873612591781475,3
gh200,timing,Tree_Simple,2,688128,28.03707,27.76487,28.23578,27.90097,28.136425,0.008397988805534893,3
gh200,timing,Tree_Simple,2,720896,28.4345,27.88165,28.71865,28.158075,28.576575,0.014718036188432999,3
gh200,timing,Tree_Simple,2,753664,27.9303,27.84572,28.46073,27.88801,28.195515,0.011009727786668923,3
gh200,timing,Tree_Simple,2,786432,28.42329,28.23546,28.74723,28.329375,28.585259999999998,0.00900265240230808,3
gh200,timing,Tree_Simple,2,819200,30.3251,30.26963,30.53042,30.297365,30.42776,0.004299903380368079,3
gh200,timing,Tree_Simple,2,851968,30.43443,30.2611,30.81201,30.347765,30.62322,0.009050769145339699,3
gh200,timing,Tree_Simple,2,884736,30.19743,29.80245,30.5557,29.999940000000002,30.376565,0.012472087856483054,3
gh200,timing,Tree_Simple,2,917504,30.84753,30.47795,30.92828,30.66274,30.887905,0.007299287819802769,3
gh200,timing,Tree_Simple,2,950272,32.56683,32.35448,32.82314,32.460655,32.694985,0.007195357976198479,3
gh200,timing,Tree_Simple,2,983040,31.86638,30.51614,33.04521,31.19126,32.455794999999995,0.0396824176451795,3
gh200,timing,Tree_Simple,2,1015808,32.84778,32.77162,33.13524,32.8097,32.991510000000005,0.005534925039074354,3
gh200,timing,Tree_Simple,2,1048576,33.12169,32.84298,33.5074,32.982335,33.314544999999995,0.010029983373432827,3
gh200,timing,Tree_Simple,2,1081344,34.46692,34.40017,34.48484,34.433545,34.475880000000004,0.0012282791731898686,3
gh200,timing,Tree_Simple,2,1114112,34.70832,34.12261,34.96194,34.415465,34.83513,0.012091193120266321,3
gh200,timing,Tree_Simple,2,1146880,35.20367,34.85506,36.28509,35.029365,35.74438,0.020310808503772506,3
gh200,timing,Tree_Simple,2,1179648,35.29665,34.76931,35.45806,35.032979999999995,35.377355,0.009756591631217311,3
gh200,timing,Tree_Simple,2,1212416,36.66908,36.44938,36.98203,36.55923,36.825555,0.007262931057992235,3
gh200,timing,Tree_Simple,2,1245184,36.7569,36.72956,36.87867,36.74323,36.817785,0.002028326654315345,3
gh200,timing,Tree_Simple,2,1277952,36.80251,36.8017,36.98235,36.802105,36.89243,0.0024543162952744254,3
gh200,timing,Tree_Simple,2,1310720,37.15707,37.06651,37.54695,37.11179,37.35201,0.006464987686058152,3
gh200,timing,Tree_Simple,2,1343488,38.31972,38.2655,38.80052,38.292609999999996,38.56012,0.00698100090501709,3
gh200,timing,Tree_Simple,2,1376256,38.24101,38.20182,38.41686,38.221415,38.328935,0.002811641219727223,3
gh200,timing,Tree_Simple,2,1409024,38.39157,38.20758,38.9261,38.299575000000004,38.658834999999996,0.00935778349257381,3
gh200,timing,Tree_Simple,2,1441792,38.95924,36.50461,39.40833,37.731925000000004,39.183785,0.037266127367987574,3
gh200,timing,Tree_Simple,2,1474560,40.04159,39.81105,40.60589,39.926320000000004,40.32374,0.009925180293789452,3
gh200,timing,Tree_Simple,2,1507328,40.04976,39.53984,40.70381,39.794799999999995,40.376785,0.014531547754593364,3
gh200,timing,Tree_Simple,2,1540096,40.31934,37.56376,40.37103,38.94155,40.345185,0.03481294584683185,3
gh200,timing,Tree_Simple,2,1572864,40.72173,39.06004,41.44667,39.890885,41.084199999999996,0.02930413319866318,3
gh200,timing,Tree_Simple,2,1605632,42.81254,42.2252,43.06693,42.51887,42.939735,0.009830414173043672,3
gh200,timing,Tree_Simple,2,1638400,42.48232,41.8924,42.98438,42.18736,42.73335,0.012852170032145215,3
gh200,timing,Tree_Simple,2,1671168,42.33528,42.32072,42.56262,42.328,42.448949999999996,0.002856955239223491,3
gh200,timing,Tree_Simple,2,1703936,43.21797,42.09705,43.72498,42.65751,43.471475,0.018833948008201127,3
gh200,timing,Tree_Simple,2,1736704,44.31409,43.65346,45.20382,43.983775,44.758955,0.01749285610964817,3
gh200,timing,Tree_Simple,2,1769472,44.51696,43.79395,44.61536,44.155455,44.566159999999996,0.009225809668943994,3
gh200,timing,Tree_Simple,2,1802240,44.15073,44.0477,44.93551,44.099215,44.54312,0.010054307142826423,3
gh200,timing,Tree_Simple,2,1835008,44.83135,43.11685,45.51373,43.9741,45.17254,0.02673218629374306,3
gh200,timing,Tree_Simple,2,1867776,46.99703,45.96971,47.45494,46.48337,47.225985,0.015801317657732853,3
gh200,timing,Tree_Simple,2,1900544,46.5217,46.48857,46.98615,46.505135,46.753925,0.005347826928078716,3
gh200,timing,Tree_Simple,2,1933312,46.90071,44.88095,47.15751,45.890829999999994,47.02911,0.02426999505977647,3
gh200,timing,Tree_Simple,2,1966080,47.40309,44.72863,47.74021,46.06586,47.57165,0.031765650720237806,3
gh200,timing,Tree_Simple,2,1998848,49.1288,48.69041,49.21409,48.909605,49.171445,0.005329664066698137,3
gh200,timing,Tree_Simple,2,2031616,48.24659,47.92069,49.12016,48.08364,48.683375,0.012430619448959927,3
gh200,timing,Tree_Simple,2,2064384,48.51538,48.12978,48.52675,48.32258,48.521065,0.004091176859791637,3
gh200,timing,Tree_Simple,2,2097152,49.16367,48.4549,49.5184,48.809285,49.341035000000005,0.010815913458047423,3
gh200,timing,Tree_Simple,2,2129920,50.41707,49.66592,51.2372,50.041495,50.827135,0.015582817486220455,3
gh200,timing,Tree_Simple,2,2162688,50.32253,50.30572,50.99913,50.314125000000004,50.660830000000004,0.006889657574847688,3
gh200,timing,Tree_Simple,2,2195456,50.31805,50.08108,50.58538,50.199565,50.451715,0.0050111242387175245,3
gh200,timing,Tree_Simple,2,2228224,51.09,50.73194,51.24794,50.910970000000006,51.16897,0.005049911920140841,3
gh200,timing,Tree_Simple,2,2260992,52.70627,51.96792,52.79714,52.337095000000005,52.751705,0.007866426518135246,3
gh200,timing,Tree_Simple,2,2293760,52.31479,52.24644,52.39716,52.280615,52.355975,0.0014405104177996973,3
gh200,timing,Tree_Simple,2,2326528,52.51907,52.21797,52.66805,52.368520000000004,52.59356,0.0042849197443898535,3
gh200,timing,Tree_Simple,2,2359296,53.14369,52.48388,53.32052,52.813784999999996,53.232105000000004,0.007871489540903323,3
gh200,timing,Tree_Simple,2,2392064,54.55996,53.71314,55.08762,54.13655,54.82379,0.012596050290359501,3
gh200,timing,Tree_Simple,2,2424832,54.03889,54.01757,54.79899,54.02823,54.418940000000006,0.0072301633138653594,3
gh200,timing,Tree_Simple,2,2457600,53.46496,51.25576,54.54191,52.36036,54.003434999999996,0.03073181014256807,3
gh200,timing,Tree_Simple,2,2490368,54.95578,54.33053,55.30638,54.643155,55.13108,0.008878501951932937,3
gh200,timing,Tree_Simple,2,2523136,56.9266,56.74217,56.96179,56.834385,56.944195,0.0019289752066696951,3
gh200,timing,Tree_Simple,2,2555904,56.28299,56.06166,56.88979,56.172325,56.586389999999994,0.0073568408501395125,3
gh200,timing,Tree_Simple,2,2588672,56.47285,56.00855,56.66697,56.240700000000004,56.56991,0.005829526931968127,3
gh200,timing,Tree_Simple,2,2621440,56.66709,56.54868,57.30567,56.607884999999996,56.98638,0.00667927363130877,3
gh200,timing,Tree_Simple,4,524288,43.39446,43.37974,43.51319,43.387100000000004,43.453825,0.0015376386755359588,3
gh200,timing,Tree_Simple,4,557056,43.20792,43.13047,43.44919,43.169195,43.328555,0.0036882127165575084,3
gh200,timing,Tree_Simple,4,589824,43.03159,42.85657,43.3295,42.94408,43.180545,0.005495149028887907,3
gh200,timing,Tree_Simple,4,622592,43.02521,42.98743,43.1663,43.00632,43.095755,0.002078665043122267,3
gh200,timing,Tree_Simple,4,655360,43.32664,43.23159,43.43606,43.279115,43.38135,0.002359633703421274,3
gh200,timing,Tree_Simple,4,688128,43.66869,43.5519,43.72631,43.610295,43.6975,0.001996968537411984,3
gh200,timing,Tree_Simple,4,720896,43.9247,43.81237,43.93268,43.868535,43.92869,0.0013695028082150074,3
gh200,timing,Tree_Simple,4,753664,44.24341,44.10484,44.26931,44.174125000000004,44.25636,0.0018586948881199974,3
gh200,timing,Tree_Simple,4,786432,43.02679,42.35194,44.397,42.689364999999995,43.711895,0.023764961318285732,3
gh200,timing,Tree_Simple,4,819200,50.75806,50.68447,50.85504,50.721265,50.80655,0.0016802257611894336,3
gh200,timing,Tree_Simple,4,851968,50.89087,50.88351,50.9856,50.887190000000004,50.938235,0.0010030286375531583,3
gh200,timing,Tree_Simple,4,884736,51.57149,51.56892,51.72349,51.570205,51.64749,0.001498599322997964,3
gh200,timing,Tree_Simple,4,917504,51.44158,51.29853,51.44892,51.370055,51.44525,0.0014617552571285872,3
gh200,timing,Tree_Simple,4,950272,50.79871,50.76766,50.9104,50.783185,50.854555000000005,0.001404956936898628,3
gh200,timing,Tree_Simple,4,983040,50.91934,50.8115,50.992,50.86542,50.95567,0.0017724110328216647,3
gh200,timing,Tree_Simple,4,1015808,51.62939,51.57532,51.71421,51.602355,51.671800000000005,0.0013450672184970953,3
gh200,timing,Tree_Simple,4,1048576,52.05468,51.89051,52.09914,51.972595,52.07691,0.0020039504613225886,3
gh200,timing,Tree_Simple,4,1081344,52.27514,52.14682,52.38107,52.21098,52.328105,0.0022405487579756165,3
gh200,timing,Tree_Simple,4,1114112,52.47033,52.39194,52.52763,52.431135,52.49898,0.0012930164532985687,3
gh200,timing,Tree_Simple,4,1146880,52.48313,52.42618,52.59067,52.454655,52.5369,0.001567074981998984,3
gh200,timing,Tree_Simple,4,1179648,52.88506,52.65881,52.894,52.771935,52.88953,0.0022235958510778177,3
gh200,timing,Tree_Simple,4,1212416,58.77701,58.68133,58.80423,58.729169999999996,58.79062,0.0010454767944133375,3
gh200,timing,Tree_Simple,4,1245184,58.41542,58.38376,58.51462,58.39959,58.465019999999996,0.0011200809649231677,3
gh200,timing,Tree_Simple,4,1277952,57.95336,57.91304,58.10057,57.9332,58.026965000000004,0.001617938977136179,3
gh200,timing,Tree_Simple,4,1310720,58.07272,57.89896,58.17769,57.985839999999996,58.125204999999994,0.0023998359298479212,3
gh200,timing,Tree_Simple,4,1343488,58.34854,58.28231,58.43784,58.315425000000005,58.393190000000004,0.0013327668524353723,3
gh200,timing,Tree_Simple,4,1376256,59.36547,59.18628,59.40133,59.275875,59.3834,0.0018112380816660348,3
gh200,timing,Tree_Simple,4,1409024,59.84609,59.80002,59.94404,59.823055,59.895065,0.0012032532116969697,3
gh200,timing,Tree_Simple,4,1441792,60.35744,60.33408,60.41634,60.34576,60.386889999999994,0.000681440432198507,3
gh200,timing,Tree_Simple,4,1474560,60.65504,60.48384,60.80321,60.56944,60.729124999999996,0.0026326748774709585,3
gh200,timing,Tree_Simple,4,1507328,60.77503,60.69408,60.87904,60.734555,60.827035,0.0015216775705417488,3
gh200,timing,Tree_Simple,4,1540096,61.15998,60.77119,61.16351,60.965585,61.161744999999996,0.003207326097882946,3
gh200,timing,Tree_Simple,4,1572864,60.82334,60.67583,60.85568,60.749584999999996,60.839510000000004,0.0014784620509167702,3
gh200,timing,Tree_Simple,4,1605632,64.91922,64.8357,64.93619,64.87746,64.927705,0.0007739618559804612,3
gh200,timing,Tree_Simple,4,1638400,65.04913,64.85042,65.06676,64.949775,65.057945,0.0016628969518885373,3
gh200,timing,Tree_Simple,4,1671168,65.13777,64.99058,65.1426,65.064175,65.140185,0.0011669113019987724,3
gh200,timing,Tree_Simple,4,1703936,65.9259,65.66575,65.92593,65.79582500000001,65.925915,0.001973276056906248,3
gh200,timing,Tree_Simple,4,1736704,66.435,66.25293,66.50319,66.343965,66.46909500000001,0.0018834951456312612,3
gh200,timing,Tree_Simple,4,1769472,67.25931,67.21995,67.40236,67.23963,67.33083500000001,0.0013560204527819598,3
gh200,timing,Tree_Simple,4,1802240,67.91432,67.70985,68.00555,67.812085,67.959935,0.0021770077356293247,3
gh200,timing,Tree_Simple,4,1835008,68.19495,68.00712,68.42089,68.101035,68.30792,0.00303372903712078,3
gh200,timing,Tree_Simple,4,1867776,68.16616,67.94888,68.45833,68.05752000000001,68.312245,0.0037368248409473765,3
gh200,timing,Tree_Simple,4,1900544,68.48649,68.27688,68.57223,68.381685,68.52936,0.0021562646881157503,3
gh200,timing,Tree_Simple,4,1933312,68.71621,68.71173,69.02023,68.71397,68.86822000000001,0.0022447396327592087,3
gh200,timing,Tree_Simple,4,1966080,67.7604,67.72521,68.12522,67.742805,67.94281000000001,0.0029516502263859778,3
gh200,timing,Tree_Simple,4,1998848,71.86463,71.80187,71.983,71.83324999999999,71.923815,0.0012602166044688773,3
gh200,timing,Tree_Simple,4,2031616,72.35868,72.2921,72.44889,72.32539,72.403785,0.0010834221962036958,3
gh200,timing,Tree_Simple,4,2064384,73.29209,73.20375,73.32887,73.24792,73.31048,0.0008535709651615179,3
gh200,timing,Tree_Simple,4,2097152,73.63285,73.47638,73.63769,73.55461500000001,73.63527,0.0010953670814044688,3
gh200,timing,Tree_Simple,4,2129920,74.8485,74.75891,74.88565,74.80370500000001,74.867075,0.0008466435533109138,3
gh200,timing,Tree_Simple,4,2162688,75.30705,75.27793,75.51827,75.29249,75.41266,0.00159573373276475,3
gh200,timing,Tree_Simple,4,2195456,75.86543,75.67856,75.87697,75.771995,75.8712,0.0013076443381392258,3
gh200,timing,Tree_Simple,4,2228224,75.99697,75.88687,76.05358,75.94192000000001,76.025275,0.0010968200442725965,3
gh200,timing,Tree_Simple,4,2260992,75.69615,75.46864,75.7829,75.58239499999999,75.739525,0.0020757990994259195,3
gh200,timing,Tree_Simple,4,2293760,76.23696,76.05742,76.3339,76.14719,76.28542999999999,0.0018132937095077788,3
gh200,timing,Tree_Simple,4,2326528,76.85391,76.54541,77.01259,76.69966,76.93325,0.0030394029399415934,3
gh200,timing,Tree_Simple,4,2359296,74.52307,70.16163,74.53299,72.34235000000001,74.52803,0.02932890445871313,3
gh200,timing,Tree_Simple,4,2392064,79.68866,79.65826,79.75654,79.67346,79.7226,0.0006166498470421537,3
gh200,timing,Tree_Simple,4,2424832,80.04289,79.99681,80.37636,80.01984999999999,80.209625,0.0023709163924492426,3
gh200,timing,Tree_Simple,4,2457600,81.05022,81.02846,81.37632,81.03934,81.21327,0.0021459534594723936,3
gh200,timing,Tree_Simple,4,2490368,82.14555,82.00251,82.24445,82.07403,82.195,0.0014726299842170367,3
gh200,timing,Tree_Simple,4,2523136,82.15422,82.10363,82.28282,82.128925,82.21852,0.0010905708799864786,3
gh200,timing,Tree_Simple,4,2555904,82.44477,82.34715,82.51098,82.39596,82.47787500000001,0.000993574243702897,3
gh200,timing,Tree_Simple,4,2588672,82.39706,82.30907,82.61916,82.353065,82.50810999999999,0.001881681215324758,3
gh200,timing,Tree_Simple,4,2621440,81.65504,81.62109,82.2153,81.638065,81.93517,0.0036385384172244843,3
gh200,timing,auto,2,262144,10.80954,10.62237,11.02301,10.63646,10.95421,0.029395330421091017,5
gh200,timing,auto,2,278528,11.59319,11.28253,11.79482,11.29084,11.75548,0.04007870137554901,5
gh200,timing,auto,2,294912,11.66678,11.44635,11.93498,11.47772,11.83675,0.030773701055475517,5
gh200,timing,auto,2,311296,11.98326,11.72186,12.14552,11.73627,12.12506,0.03244442664183204,5
gh200,timing,auto,2,327680,12.11414,11.92505,12.3052,11.99161,12.2457,0.020974662666932996,5
gh200,timing,auto,2,344064,12.99538,12.61048,13.08886,12.66007,13.0847,0.03267545850910096,5
gh200,timing,auto,2,360448,13.04754,12.67255,13.10838,12.74424,13.09206,0.02665789873033541,5
gh200,timing,auto,2,376832,13.52212,13.11318,13.53878,13.19222,13.5384,0.02560101522542313,5
gh200,timing,auto,2,393216,13.53653,13.21237,13.57749,13.21494,13.55089,0.024818029435904207,5
gh200,timing,auto,2,409600,14.39309,14.09363,14.644,14.15475,14.51826,0.025255869309508922,5
gh200,timing,auto,2,425984,14.50573,14.15667,14.65937,14.20434,14.64114,0.030112238405099218,5
gh200,timing,auto,2,442368,14.83051,14.66193,15.16527,14.79088,15.09873,0.02075788357918913,5
gh200,timing,auto,2,458752,14.92619,14.716,15.14863,14.71761,15.05553,0.02263940094558616,5
gh200,timing,auto,2,475136,15.81576,15.63022,16.09454,15.66126,16.06892,0.0257755555218338,5
gh200,timing,auto,2,491520,15.95655,15.61454,16.07373,15.61997,16.02092,0.02512761217180405,5
gh200,timing,auto,2,507904,16.18279,16.00173,16.58379,16.09004,16.52332,0.02677412238557133,5
gh200,timing,auto,2,524288,16.22791,16.04781,16.55916,16.05421,16.49323,0.027053391348608617,5
gh200,timing,auto,2,540672,18.49726,18.37157,18.74149,18.42053,18.70724,0.015500133533290841,5
gh200,timing,auto,2,557056,18.68606,18.50724,18.90339,18.51397,18.88741,0.019984951348759376,5
gh200,timing,auto,2,573440,18.65534,18.59556,18.98564,18.59813,18.96995,0.01993102243111086,5
gh200,timing,auto,2,589824,18.52575,18.16902,18.61125,18.20997,18.60708,0.021435569410145416,5
gh200,timing,auto,2,606208,19.5865,19.48833,19.92161,19.55458,19.85216,0.015193117708625836,5
gh200,timing,auto,2,622592,19.7865,19.55712,20.00642,19.58914,19.96543,0.019017511939959108,5
gh200,timing,auto,2,638976,19.70273,19.58369,20.13472,19.66618,20.07327,0.020661603747297974,5
gh200,timing,auto,2,655360,19.59035,19.26689,19.7837,19.31202,19.7408,0.021887306760726567,5
gh200,timing,auto,2,671744,20.39672,20.15007,20.68733,20.17792,20.61215,0.021289207284308432,5
gh200,timing,auto,2,688128,20.4508,20.19647,20.66399,20.24096,20.64765,0.01988626361804905,5
gh200,timing,auto,2,704512,20.51831,20.24255,20.81469,20.27326,20.73983,0.022739202205249887,5
gh200,timing,auto,2,720896,20.58168,20.25312,20.76735,20.28734,20.76509,0.023212390825238773,5
gh200,timing,auto,2,737280,21.45748,21.21437,21.77498,21.29147,21.73724,0.020774573715086744,5
gh200,timing,auto,2,753664,21.49204,21.23933,21.77658,21.24411,21.75003,0.02353987801995528,5
gh200,timing,auto,2,770048,21.59124,21.33019,21.85467,21.37116,21.82682,0.021103929186095924,5
gh200,timing,auto,2,786432,21.58516,21.38203,21.83546,21.4246,21.78875,0.016870386876909817,5
gh200,timing,auto,2,802816,22.5448,22.33463,22.73049,22.34649,22.71926,0.016534633263546324,5
gh200,timing,auto,2,819200,22.548,22.30424,22.81944,22.33753,22.78647,0.019910413340429322,5
gh200,timing,auto,2,835584,22.56432,22.37783,22.90168,22.42201,22.89622,0.021015922482928773,5
gh200,timing,auto,2,851968,22.71919,22.43512,22.9548,22.47096,22.8815,0.018070186481120035,5
gh200,timing,auto,2,868352,23.52781,23.23957,23.6223,23.34677,23.60627,0.011029500833269191,5
gh200,timing,auto,2,884736,23.6238,23.36758,23.7519,23.41909,23.68755,0.011363963460577936,5
gh200,timing,auto,2,901120,28.36348,28.06789,28.51974,28.09703,28.41989,0.011382947367530311,5
gh200,timing,auto,2,917504,28.50012,28.12773,28.68966,28.35493,28.57507,0.007724178003461062,5
gh200,timing,auto,2,933888,28.57571,28.33348,28.78374,28.35622,28.64763,0.010197821856394786,5
gh200,timing,auto,2,950272,28.8793,28.64259,28.97378,28.68997,28.94724,0.008908456922432395,5
gh200,timing,auto,2,966656,29.06841,28.76163,29.19748,28.83653,29.12929,0.010071414294761952,5
gh200,timing,auto,2,983040,29.21145,28.94658,29.38724,29.03171,29.33793,0.01048287572167762,5
gh200,timing,auto,2,999424,29.26785,28.96483,29.40132,29.03428,29.27192,0.008119489473945047,5
gh200,timing,auto,2,1015808,29.29953,29.0093,29.48708,29.14435,29.32472,0.006156071445514652,5
gh200,timing,auto,2,1032192,29.34105,29.0109,29.45316,29.21348,29.39584,0.0062151831648833014,5
gh200,timing,auto,2,1048576,29.42584,29.16001,29.65667,29.32355,29.57888,0.008677067502575991,5
gh200,timing,auto,2,1064960,29.87382,29.552,29.9805,29.77953,29.95679,0.005933623487053227,5
gh200,timing,auto,2,1081344,30.06614,29.79584,30.17695,29.90849,30.16961,0.008684852794538914,5
gh200,timing,auto,2,1097728,30.23093,29.85344,30.35166,30.10784,30.33248,0.0074308001771695685,5
gh200,timing,auto,2,1114112,30.29397,30.02303,30.42817,30.12673,30.3907,0.008713615283833728,5
gh200,timing,auto,2,1130496,30.29525,29.90431,30.38721,30.1392,30.3091,0.0056081398899168,5
gh200,timing,auto,2,1146880,30.38421,30.01471,30.47997,30.22144,30.41504,0.006371730579797862,5
gh200,timing,auto,2,1163264,30.36565,30.07614,30.49597,30.3248,30.48353,0.005227288070566528,5
gh200,timing,auto,2,1179648,30.46549,30.17919,30.68447,30.43327,30.62653,0.006343571037262117,5
gh200,timing,auto,2,1196032,31.06749,30.70333,31.17502,31.00146,31.08412,0.0026606591005580776,5
gh200,timing,auto,2,1212416,31.23357,30.85916,31.3395,31.20146,31.30779,0.003404349870988165,5
gh200,timing,auto,2,1228800,31.24402,30.89756,31.35773,31.11773,31.27835,0.005140823748032359,5
gh200,timing,auto,2,1245184,31.20242,30.93372,31.37021,31.15261,31.34298,0.006101129335481077,5
gh200,timing,auto,2,1261568,31.26322,31.00283,31.44061,31.18205,31.33242,0.004809805259982778,5
gh200,timing,auto,2,1277952,31.35698,31.04348,31.51389,31.30172,31.41306,0.0035507245914626344,5
gh200,timing,auto,2,1294336,31.36188,31.09756,31.53853,31.35153,31.47226,0.0038495778952026545,5
gh200,timing,auto,2,1310720,31.54385,31.25115,31.71901,31.53948,31.67322,0.0042398121979403125,5
gh200,timing,auto,2,1327104,32.04698,31.73465,32.15224,32.02191,32.135,0.0035288816606120045,5
gh200,timing,auto,2,1343488,32.18638,31.87289,32.27835,32.1177,32.24823,0.004055442084509046,5
gh200,timing,auto,2,1359872,32.17327,31.82873,32.28666,32.0681,32.27608,0.006464372443335699,5
gh200,timing,auto,2,1376256,32.29528,31.88793,32.3241,32.1001,32.30446,0.006327859674850356,5
gh200,timing,auto,2,1392640,32.25134,31.86073,32.42455,32.17178,32.32634,0.0047923590151604115,5
gh200,timing,auto,2,1409024,32.26734,32.07865,32.42842,32.26553,32.40055,0.004184416812789786,5
gh200,timing,auto,2,1425408,32.42253,32.06233,32.56506,32.38489,32.52022,0.004173949411104046,5
gh200,timing,auto,2,1441792,32.5164,32.14744,32.66487,32.49549,32.66073,0.005081743366424459,5
gh200,timing,auto,2,1458176,33.09813,32.77334,33.18539,32.98487,33.1772,0.005810902307773833,5
gh200,timing,auto,2,1474560,33.13355,32.77974,33.1852,32.98136,33.16309,0.0054847729868968045,5
gh200,timing,auto,2,1490944,33.19221,32.8159,33.68777,33.06167,33.25623,0.005861616325035384,5
gh200,timing,auto,2,1507328,33.15051,32.90581,33.30263,33.01143,33.24117,0.006930210123464153,5
gh200,timing,auto,2,1523712,33.30325,32.94325,33.37642,33.15415,33.34072,0.005602155945740915,5
gh200,timing,auto,2,1540096,33.34027,33.05526,33.41336,33.13878,33.39828,0.007783380278564113,5
gh200,timing,auto,2,1556480,33.3553,33.09429,33.51703,33.2671,33.48916,0.0066574127649878445,5
gh200,timing,auto,2,1572864,33.54698,33.26356,33.67635,33.48821,33.6303,0.004235552648852328,5
gh200,timing,auto,2,1589248,34.06119,33.6018,34.20657,33.79668,34.10421,0.009028750903887968,5
gh200,timing,auto,2,1605632,33.9444,33.77779,34.19121,33.86453,34.11988,0.007522595774266151,5
gh200,timing,auto,2,1622016,34.00488,33.73587,34.33873,33.83573,34.269,0.012741406527533703,5
gh200,timing,auto,2,1638400,34.16327,33.78259,34.30004,33.95956,34.2469,0.008410787374861754,5
gh200,timing,auto,2,1654784,34.24295,33.89138,34.37073,34.08404,34.31284,0.006681667321302623,5
gh200,timing,auto,2,1671168,34.32423,34.0117,34.78834,34.16403,34.45681,0.008529834463875825,5
gh200,timing,auto,2,1687552,34.45927,34.0741,34.57329,34.27027,34.50419,0.006788303989028346,5
gh200,timing,auto,2,1703936,34.60198,34.22642,34.73328,34.4485,34.63347,0.005345647850209724,5
gh200,timing,auto,2,1720320,34.937,34.59824,35.00114,34.76082,34.95087,0.005439791624924847,5
gh200,timing,auto,2,1736704,34.93348,34.55184,35.09298,34.80434,34.98639,0.005211333082189255,5
gh200,timing,auto,2,1753088,35.00655,34.64144,35.21617,34.89489,35.08356,0.005389562810388396,5
gh200,timing,auto,2,1769472,35.06436,34.79856,35.25361,34.94418,35.13166,0.005346739538380101,5
gh200,timing,auto,2,1785856,35.17646,34.85423,35.27889,35.04912,35.20196,0.004344951140620678,5
gh200,timing,auto,2,1802240,35.39459,35.01519,35.48753,35.18288,35.4171,0.006617395483321054,5
gh200,timing,auto,2,1818624,35.45933,35.11279,35.63504,35.32848,35.52163,0.005447085435624497,5
gh200,timing,auto,2,1835008,35.49475,35.09455,35.6216,35.40399,35.60653,0.005706195986730405,5
gh200,timing,auto,2,1851392,35.92908,35.4427,36.02991,35.57295,35.95041,0.010505696221556445,5
gh200,timing,auto,2,1867776,36.02241,35.54093,36.12427,35.71886,36.03247,0.008705969422923234,5
gh200,timing,auto,2,1884160,36.00641,35.65517,36.20142,35.71662,36.09355,0.010468413818539574,5
gh200,timing,auto,2,1900544,36.17259,35.82092,36.32686,35.8987,36.17728,0.007701411483114843,5
gh200,timing,auto,2,1916928,36.34655,35.8334,36.40654,35.97166,36.35531,0.010555334687886551,5
gh200,timing,auto,2,1933312,36.5763,36.08555,36.61449,36.25229,36.60013,0.009509983240513609,5
gh200,timing,auto,2,1949696,36.63945,36.15051,36.68173,36.34413,36.66047,0.008633863226658609,5
gh200,timing,auto,2,1966080,36.68447,36.29162,36.76745,36.46859,36.73292,0.007205501401546788,5
gh200,timing,auto,2,1982464,36.85886,36.49866,36.97932,36.74091,36.94568,0.005555516367028265,5
gh200,timing,auto,2,1998848,36.97832,36.59626,37.08523,36.73804,36.99806,0.007031687756501766,5
gh200,timing,auto,2,2015232,37.09388,36.66154,37.13096,36.83275,37.11165,0.00751876050712409,5
gh200,timing,auto,2,2031616,37.1846,36.83753,37.25771,36.98058,37.23111,0.006737466585629472,5
gh200,timing,auto,2,2048000,37.39803,37.00296,37.45479,37.12394,37.40458,0.00750413858697919,5
gh200,timing,auto,2,2064384,37.54396,37.18632,37.63494,37.33161,37.57578,0.006503576074553777,5
gh200,timing,auto,2,2080768,37.63626,37.25096,37.72294,37.44553,37.65179,0.005480353255079021,5
gh200,timing,auto,2,2097152,37.76905,37.34407,37.7881,37.53193,37.78693,0.006751559808891022,5
gh200,timing,auto,2,2113536,39.09122,38.79491,39.19493,38.93637,39.10486,0.00431017502139881,5
gh200,timing,auto,2,2129920,39.16066,38.8109,39.24036,38.97188,39.18742,0.005503993037911115,5
gh200,timing,auto,2,2146304,39.27941,38.88771,39.32545,39.09059,39.28341,0.00490893320444489,5
gh200,timing,auto,2,2162688,39.34709,39.07234,39.4512,39.20196,39.42821,0.005750107568310649,5
gh200,timing,auto,2,2179072,39.58596,39.24449,39.64319,39.33187,39.59572,0.006665241919104599,5
gh200,timing,auto,2,2195456,39.68979,39.3424,39.72612,39.46915,39.71392,0.00616707722565432,5
gh200,timing,auto,2,2211840,39.78292,39.45569,39.90946,39.61986,39.87071,0.006305469784520588,5
gh200,timing,auto,2,2228224,39.91683,39.59808,40.00542,39.7357,40.00146,0.006657843320724622,5
gh200,timing,auto,2,2244608,40.08531,39.81695,40.11554,39.88354,40.10142,0.005435407634367648,5
gh200,timing,auto,2,2260992,40.15134,39.83647,40.27234,39.93441,40.20274,0.006682965001915226,5
gh200,timing,auto,2,2277376,40.27761,39.91167,40.35553,40.07809,40.31133,0.005790810328616692,5
gh200,timing,auto,2,2293760,40.48209,40.10302,40.51901,40.22432,40.49345,0.006648125133855591,5
gh200,timing,auto,2,2310144,40.57921,40.21246,40.67516,40.32704,40.61201,0.007022561553071172,5
gh200,timing,auto,2,2326528,40.72832,40.43869,40.78076,40.55071,40.75247,0.004953801187969457,5
gh200,timing,auto,2,2342912,40.89616,40.47133,40.96284,40.86878,40.89632,0.0006734128583221969,5
gh200,timing,auto,2,2359296,40.97504,40.66268,41.02907,40.80158,41.00943,0.005072600295204118,5
gh200,timing,auto,2,2375680,41.05629,40.6518,41.12159,41.01647,41.07355,0.0013902863605064933,5
gh200,timing,auto,2,2392064,41.14075,40.83868,41.27038,41.04381,41.2075,0.003978780163220228,5
gh200,timing,auto,2,2408448,41.29018,40.91676,41.36606,41.24125,41.31054,0.0016781229822684788,5
gh200,timing,auto,2,2424832,41.39098,41.13755,41.53534,41.279,41.43181,0.0036918671652614947,5
gh200,timing,auto,2,2441216,41.64621,41.30618,41.75549,41.53436,41.73529,0.004824688729178467,5
gh200,timing,auto,2,2457600,41.93132,41.62682,41.99512,41.72187,41.9894,0.0063801950427508775,5
gh200,timing,auto,2,2473984,41.99932,41.65082,42.05656,41.93947,42.00651,0.001596216319692763,5
gh200,timing,auto,2,2490368,42.12344,41.73337,42.18859,41.99867,42.15419,0.0036920061609403876,5
gh200,timing,auto,2,2506752,41.93464,41.65049,42.11196,41.88794,41.94188,0.0012862874225222204,5
gh200,timing,auto,2,2523136,42.10488,41.78296,42.29115,42.01722,42.18316,0.003941110864108841,5
gh200,timing,auto,2,2539520,42.24312,41.95833,42.36347,42.10298,42.24747,0.0034204386418426854,5
gh200,timing,auto,2,2555904,42.43671,42.17272,42.6553,42.32186,42.45546,0.003148217663433411,5
gh200,timing,auto,2,2572288,42.65558,42.37175,42.87738,42.59,42.66505,0.0017594415548914679,5
gh200,timing,auto,2,2588672,42.84712,42.59414,43.07352,42.82936,42.91093,0.001903745222549363,5
gh200,timing,auto,2,2605056,42.97769,42.61175,43.14393,42.89687,43.04629,0.003476687555799281,5
gh200,timing,auto,2,2621440,43.11336,42.85718,43.30585,43.05495,43.16597,0.0025750718570764016,5
gh200,timing,auto,2,2637824,43.00104,42.49879,43.07317,42.83383,43.01784,0.0042791988286795075,5
gh200,timing,auto,2,2654208,43.07221,42.74229,43.23832,42.98135,43.20648,0.005226804011217443,5
gh200,timing,auto,2,2670592,43.33319,42.93526,43.48756,43.15415,43.41815,0.00609232784385354,5
gh200,timing,auto,2,2686976,43.57523,43.25237,43.66487,43.36855,43.64805,0.006414194486179391,5
gh200,timing,auto,2,2703360,43.80978,43.37524,43.94902,43.62838,43.81349,0.00422531224763059,5
gh200,timing,auto,2,2719744,43.96274,43.59412,44.12085,43.8642,44.04452,0.004101655174359056,5
gh200,timing,auto,2,2736128,44.1578,43.71763,44.24565,44.03476,44.17137,0.003093677674159595,5
gh200,timing,auto,2,2752512,44.18321,43.88787,44.25845,44.00244,44.24163,0.005413594892720575,5
gh200,timing,auto,2,2768896,43.99109,43.66611,44.07377,43.8562,44.04278,0.004241313411420342,5
gh200,timing,auto,2,2785280,44.19857,43.91986,44.31924,44.03956,44.22468,0.0041883708002317215,5
gh200,timing,auto,2,2801664,44.39428,44.0741,44.51284,44.20499,44.39793,0.004346055392721767,5
gh200,timing,auto,2,2818048,44.55491,44.29105,44.67124,44.47795,44.63952,0.00362631189244906,5
gh200,timing,auto,2,2834432,44.76464,44.49072,45.01874,44.62066,44.82786,0.004628653329949717,5
gh200,timing,auto,2,2850816,45.03586,44.65392,45.1877,44.95569,45.08142,0.0027917752653108955,5
gh200,timing,auto,2,2867200,45.09729,44.78224,45.29298,44.97521,45.19822,0.004945086500763175,5
gh200,timing,auto,2,2883584,45.28941,44.84783,45.43825,45.18928,45.31648,0.002808603600709349,5
gh200,timing,auto,2,2899968,45.05697,44.82671,45.29714,45.00273,45.15182,0.0033089220158390824,5
gh200,timing,auto,2,2916352,45.23568,44.95438,45.45553,45.21312,45.32141,0.0023939067567901413,5
gh200,timing,auto,2,2932736,45.39712,45.19406,45.65008,45.29617,45.48493,0.004157973016790537,5
gh200,timing,auto,2,2949120,45.62573,45.40366,45.85264,45.62543,45.66463,0.000859164335562434,5
gh200,timing,auto,2,2965504,45.86542,45.63532,46.09199,45.81086,45.95276,0.0030938340911300867,5
gh200,timing,auto,2,2981888,46.14381,45.80556,46.28462,46.03902,46.16299,0.0026866008680254167,5
gh200,timing,auto,2,2998272,46.29949,46.01259,46.46638,46.20557,46.31754,0.002418385170117413,5
gh200,timing,auto,2,3014656,46.31901,46.06283,46.49677,46.30602,46.36493,0.0012718320188623302,5
gh200,timing,auto,2,3031040,46.13981,45.82764,46.20207,46.03277,46.19306,0.0034740065032778287,5
gh200,timing,auto,2,3047424,46.32781,45.96331,46.36334,46.3185,46.32925,0.00023204204990483237,5
gh200,timing,auto,2,3063808,46.43978,46.16619,46.62478,46.36813,46.45596,0.001891266496094442,5
gh200,timing,auto,2,3080192,46.80876,46.48426,46.84041,46.74619,46.82765,0.0017402725472753361,5
gh200,timing,auto,2,3096576,46.97195,46.76233,47.04012,46.96187,47.01575,0.0011470675584045263,5
gh200,timing,auto,2,3112960,47.30217,46.9092,47.34535,47.18682,47.30891,0.002581065519827104,5
gh200,timing,auto,2,3129344,47.37785,47.12008,47.57131,47.34026,47.39462,0.0011473716093069362,5
gh200,timing,auto,2,3145728,47.49638,47.19431,47.57643,47.4177,47.49784,0.001687286483727665,5
gh200,timing,auto,2,3162112,47.30873,47.09512,47.4487,47.2881,47.4273,0.002942374483525608,5
gh200,timing,auto,2,3178496,47.43756,47.24743,47.58662,47.38521,47.48969,0.0022024741576084934,5
gh200,timing,auto,2,3194880,47.65784,47.48966,47.77194,47.6132,47.70085,0.001839151753415672,5
gh200,timing,auto,2,3211264,47.87911,47.75013,48.03241,47.86071,47.97893,0.002469135286767045,5
gh200,timing,auto,2,3227648,48.15174,47.97253,48.24579,48.12278,48.22441,0.002110619470864399,5
gh200,timing,auto,2,3244032,48.44167,48.18628,48.53731,48.33909,48.51336,0.003597522546188022,5
gh200,timing,auto,2,3260416,48.45478,48.28644,48.63939,48.4434,48.60104,0.0032533426010808567,5
gh200,timing,auto,2,3276800,48.72995,48.34628,48.76295,48.67829,48.75237,0.00152021498072545,5
gh200,timing,auto,2,3293184,48.434,48.14788,48.53891,48.42325,48.5159,0.0019129124168972007,5
gh200,timing,auto,2,3309568,48.65639,48.3802,48.73987,48.55828,48.6567,0.0020227559011261886,5
gh200,timing,auto,2,3325952,48.81701,48.70978,48.90887,48.75764,48.83266,0.0015367594205379432,5
gh200,timing,auto,2,3342336,49.1018,48.94818,49.22022,49.05331,49.13505,0.0016647047562410415,5
gh200,timing,auto,2,3358720,49.43107,49.26753,49.45797,49.38994,49.43968,0.0010062497129841594,5
gh200,timing,auto,2,3375104,49.62513,49.33889,49.6794,49.5712,49.6349,0.0012836238413885125,5
gh200,timing,auto,2,3391488,49.76064,49.528,49.79041,49.61873,49.76612,0.0029619795886869915,5
gh200,timing,auto,2,3407872,49.90719,49.63968,50.01059,49.80656,49.93122,0.002497836484081868,5
gh200,timing,auto,2,3424256,49.47218,49.27073,49.70015,49.44452,49.69666,0.005096601766892105,5
gh200,timing,auto,2,3440640,49.71332,49.38657,49.76385,49.62193,49.75327,0.0026419478723207694,5
gh200,timing,auto,2,3457024,49.93699,49.73184,50.02142,49.8568,50.00736,0.003014999502372864,5
gh200,timing,auto,2,3473408,50.26018,49.94623,50.40029,50.18319,50.37536,0.0038235040145100413,5
gh200,timing,auto,2,3489792,50.62209,50.34781,50.6934,50.41326,50.66334,0.004940135818177341,5
gh200,timing,auto,2,3506176,50.86782,50.37533,50.89115,50.69773,50.88,0.0035832084016968408,5
gh200,timing,auto,2,3522560,50.86369,50.62301,50.95387,50.75757,50.93982,0.0035831061411391164,5
gh200,timing,auto,2,3538944,51.02432,50.59996,51.15037,50.85356,51.15034,0.00581644204175574,5
gh200,timing,auto,2,3555328,50.58527,50.47613,50.7158,50.52109,50.66721,0.0028885879229268966,5
gh200,timing,auto,2,3571712,50.78814,50.71772,50.87804,50.75501,50.82176,0.0013142832165147016,5
gh200,timing,auto,2,3588096,50.98796,50.8995,51.14879,50.94267,51.04731,0.0020522491976537873,5
gh200,timing,auto,2,3604480,51.32669,51.26075,51.44026,51.27787,51.36414,0.0016808019375494302,5
gh200,timing,auto,2,3620864,51.58138,51.48458,51.65118,51.52316,51.61881,0.0018543513182471315,5
gh200,timing,auto,2,3637248,51.83579,51.64826,51.89336,51.75145,51.86205,0.0021336609319546423,5
gh200,timing,auto,2,3653632,51.90523,51.83961,52.02744,51.84265,51.9782,0.0026114902101387867,5
gh200,timing,auto,2,3670016,52.00602,51.89865,52.14967,51.94264,52.13212,0.003643424357410992,5
gh200,timing,auto,2,3686400,51.82141,51.53914,51.88088,51.76298,51.83003,0.0012938667627917077,5
gh200,timing,auto,2,3702784,52.01979,51.84905,52.12087,51.87384,52.02717,0.002947532083462791,5
gh200,timing,auto,2,3719168,52.24922,52.12584,52.37659,52.15735,52.30391,0.002805017950507221,5
gh200,timing,auto,2,3735552,52.6783,52.41622,52.7369,52.42311,52.68537,0.004978520567292371,5
gh200,timing,auto,2,3751936,52.87992,52.68998,52.98618,52.79286,52.91189,0.002250948942434145,5
gh200,timing,auto,2,3768320,53.07221,52.83573,53.21113,52.90438,53.13047,0.004260044946309928,5
gh200,timing,auto,2,3784704,53.18967,53.01221,53.27928,53.02964,53.22868,0.0037420799941040536,5
gh200,timing,auto,2,3801088,53.31796,53.12373,53.50872,53.15524,53.46006,0.005717022931860098,5
gh200,timing,auto,2,3817472,53.05303,52.67318,53.1394,53.01157,53.13753,0.002374228201480654,5
gh200,timing,auto,2,3833856,53.30934,53.00757,53.38548,53.20004,53.38008,0.0033772693490483697,5
gh200,timing,auto,2,3850240,53.49123,53.41044,53.66808,53.4479,53.55859,0.0020693111749347562,5
gh200,timing,auto,2,3866624,53.96916,53.59155,54.00209,53.8285,53.97015,0.0026246471132772586,5
gh200,timing,auto,2,3883008,54.11252,53.95697,54.21238,54.08833,54.1656,0.0014279505001799696,5
gh200,timing,auto,2,3899392,54.30833,54.07985,54.43861,54.232,54.39379,0.0029791009961087633,5
gh200,timing,auto,2,3915776,54.44243,54.22865,54.62901,54.25569,54.50575,0.004593108720532822,5
gh200,timing,auto,2,3932160,54.52722,54.2728,54.69588,54.384,54.57488,0.0035006369295922284,5
gh200,timing,auto,2,3948544,54.25632,54.03762,54.27797,54.11605,54.27441,0.0029187383147253965,5
gh200,timing,auto,2,3964928,54.45744,54.30676,54.58485,54.33105,54.47072,0.002564755155585764,5
gh200,timing,auto,2,3981312,54.69999,54.59219,54.81684,54.65519,54.72095,0.0012021940040574867,5
gh200,timing,auto,2,3997696,54.95503,54.88767,55.10963,54.89166,55.08753,0.003564186936118483,5
gh200,timing,auto,2,4014080,55.19485,55.11502,55.31154,55.15917,55.22384,0.0011716672841759613,5
gh200,timing,auto,2,4030464,55.41709,55.21805,55.5125,55.27261,55.46608,0.003491161300602356,5
gh200,timing,auto,2,4046848,55.51181,55.31886,55.65201,55.45712,55.55452,0.0017545815926375537,5
gh200,timing,auto,2,4063232,55.59739,55.40013,55.72785,55.54128,55.7278,0.0033548337430948033,5
gh200,timing,auto,2,4079616,55.26205,55.09006,55.36557,55.19248,55.3541,0.0029246110124398063,5
gh200,timing,auto,2,4096000,55.5646,55.48812,55.61169,55.55644,55.60783,0.0009248694312565523,5
gh200,timing,auto,2,4112384,55.83579,55.69004,56.02704,55.81292,55.86062,0.0008542907694150824,5
gh200,timing,auto,2,4128768,56.1233,55.96843,56.18958,56.07227,56.14831,0.0013548740006378633,5
gh200,timing,auto,2,4145152,56.26058,56.13962,56.46479,56.22777,56.37261,0.002574449108061134,5
gh200,timing,auto,2,4161536,56.50601,56.18506,56.57999,56.41145,56.56236,0.002670689365609005,5
gh200,timing,auto,2,4177920,56.56393,56.3777,56.75054,56.46649,56.63948,0.0030583094208623527,5
gh200,timing,auto,2,4194304,56.71177,56.58729,56.91726,56.66744,56.7198,0.0009232651352620485,5
gh200,timing,auto,4,262144,11.16029,11.08573,11.21785,11.0998,11.18332,0.007483676499445807,5
gh200,timing,auto,4,278528,11.26364,11.18525,11.34232,11.18684,11.27067,0.007442531899101954,5
gh200,timing,auto,4,294912,11.30936,11.23548,11.39899,11.26684,11.367,0.0088563809092646,5
gh200,timing,auto,4,311296,11.40632,11.29341,11.45275,11.35004,11.42683,0.006732232656983217,5
gh200,timing,auto,4,327680,11.46104,11.37052,11.53948,11.39228,11.49882,0.009295840517091009,5
gh200,timing,auto,4,344064,11.39448,11.29149,11.44123,11.33948,11.43163,0.008087249264556187,5
gh200,timing,auto,4,360448,11.54587,11.4246,11.58679,11.48476,11.55899,0.006429138730992122,5
gh200,timing,auto,4,376832,11.57655,11.46524,11.62843,11.50363,11.60475,0.008734899430313857,5
gh200,timing,auto,4,393216,11.58043,11.53115,12.93078,11.53467,11.62967,0.008203495034294982,5
gh200,timing,auto,4,409600,13.64884,13.52501,14.00724,13.62352,13.65045,0.0019730614469801186,5
gh200,timing,auto,4,425984,13.56048,13.45621,13.6306,13.54997,13.62549,0.005569124396776452,5
gh200,timing,auto,4,442368,13.64752,13.5407,13.69589,13.56981,13.68596,0.008510703776217167,5
gh200,timing,auto,4,458752,13.6626,13.52726,13.89679,13.59573,13.67252,0.0056204529152577695,5
gh200,timing,auto,4,475136,13.71572,13.64053,13.77071,13.64565,13.72788,0.005995310490444608,5
gh200,timing,auto,4,491520,13.7618,13.66997,13.82991,13.73844,13.81012,0.005208620965280622,5
gh200,timing,auto,4,507904,13.80147,13.64788,13.83444,13.68053,13.82095,0.010174278536996468,5
gh200,timing,auto,4,524288,13.82644,13.71668,13.92846,13.81621,13.89715,0.005854001463861993,5
gh200,timing,auto,4,540672,13.91348,13.78261,14.4469,13.79541,14.0555,0.018693382245132055,5
gh200,timing,auto,4,557056,13.92692,13.85587,13.98415,13.8578,13.94835,0.006501796520695197,5
gh200,timing,auto,4,573440,13.96339,13.80884,13.9778,13.94575,13.9698,0.0017223611171784943,5
gh200,timing,auto,4,589824,14.03634,13.89556,14.06062,13.9586,14.04948,0.006474622301825141,5
gh200,timing,auto,4,606208,14.07182,13.92179,14.09683,13.96276,14.0789,0.008253374474659387,5
gh200,timing,auto,4,622592,14.04079,13.99348,14.1461,14.0114,14.06387,0.0037369692161195755,5
gh200,timing,auto,4,638976,14.15763,14.0354,14.19538,14.04147,14.17422,0.009376569383434919,5
gh200,timing,auto,4,655360,14.1179,14.04148,14.16947,14.11284,14.13458,0.00153988907698733,5
gh200,timing,auto,4,671744,14.2341,14.12948,14.27891,14.14164,14.26349,0.008560428829360372,5
gh200,timing,auto,4,688128,14.24302,14.17299,14.32434,14.18291,14.28114,0.006896711512024903,5
gh200,timing,auto,4,704512,14.32653,14.25459,14.38226,14.28051,14.36018,0.005561011633661475,5
gh200,timing,auto,4,720896,14.38194,14.24275,14.45229,14.25395,14.4341,0.012526126517006825,5
gh200,timing,auto,4,737280,14.35442,14.32755,14.41522,14.33011,14.3819,0.003607947935200478,5
gh200,timing,auto,4,753664,14.44013,14.38739,14.50737,14.41234,14.50386,0.006337893079909887,5
gh200,timing,auto,4,770048,14.50801,14.34515,14.54514,14.37554,14.52109,0.01003238900441882,5
gh200,timing,auto,4,786432,14.46385,14.3909,14.53266,14.43315,14.50989,0.005305641305738162,5
gh200,timing,auto,4,802816,16.45126,16.25196,16.47563,16.36717,16.46028,0.005659748858142133,5
gh200,timing,auto,4,819200,16.43622,16.33324,16.49004,16.43404,16.48331,0.002997647877675033,5
gh200,timing,auto,4,835584,16.49125,16.40365,16.54251,16.48172,16.50219,0.0012412643068293516,5
gh200,timing,auto,4,851968,16.46438,16.39531,16.56331,16.40108,16.54827,0.008939905420064308,5
gh200,timing,auto,4,868352,16.5303,16.40172,16.57354,16.49324,16.57099,0.004703483905313164,5
gh200,timing,auto,4,884736,16.56747,16.51532,16.6449,16.52811,16.60294,0.004516682390250208,5
gh200,timing,auto,4,901120,16.61292,16.56748,16.69349,16.61227,16.68362,0.004294850032384582,5
gh200,timing,auto,4,917504,16.65157,16.58635,16.73834,16.60492,16.67307,0.0040927071741583086,5
gh200,timing,auto,4,933888,16.64906,16.55787,16.67237,16.61004,16.65739,0.0028440044062546478,5
gh200,timing,auto,4,950272,16.67141,16.6206,16.78089,16.63595,16.69547,0.003570183925654706,5
gh200,timing,auto,4,966656,16.65861,16.55019,16.79402,16.63212,16.78858,0.009392140160553562,5
gh200,timing,auto,4,983040,16.76555,16.59372,16.7985,16.62763,16.79173,0.00978792822185978,5
gh200,timing,auto,4,999424,16.77643,16.70539,16.8609,16.72106,16.83812,0.006977646614923354,5
gh200,timing,auto,4,1015808,16.86725,16.75627,16.9313,16.84555,16.92489,0.004703789888689737,5
gh200,timing,auto,4,1032192,16.85061,16.72588,16.90859,16.8433,16.87466,0.0018610602227456092,5
gh200,timing,auto,4,1048576,16.88586,16.73611,16.93546,16.8778,16.92969,0.003072985326184169,5
gh200,timing,auto,4,1064960,16.89225,16.81451,16.96042,16.82091,16.9242,0.006114638369666425,5
gh200,timing,auto,4,1081344,16.95882,16.83531,17.0001,16.86731,16.97988,0.006637843906592653,5
gh200,timing,auto,4,1097728,17.03978,16.88875,17.1492,17.02313,17.14723,0.007282957878564283,5
gh200,timing,auto,4,1114112,17.08203,17.03146,17.21641,17.06825,17.14435,0.004454974028262466,5
gh200,timing,auto,4,1130496,17.25129,17.15273,17.65383,17.20714,17.26659,0.003446119101817996,5
gh200,timing,auto,4,1146880,17.17,17.00106,17.19683,17.07626,17.17865,0.005963308095515419,5
gh200,timing,auto,4,1163264,17.18019,17.00778,17.21384,17.07019,17.20233,0.007691416683983105,5
gh200,timing,auto,4,1179648,17.19907,17.03146,17.49288,17.08106,17.22504,0.008371382871283105,5
gh200,timing,auto,4,1196032,19.1446,19.1018,19.20739,19.12964,19.20514,0.00394367080012127,5
gh200,timing,auto,4,1212416,19.22556,19.08452,19.35778,19.15619,19.23202,0.003944228412592394,5
gh200,timing,auto,4,1228800,19.10973,19.02019,19.16546,19.06884,19.14339,0.00390115401944447,5
gh200,timing,auto,4,1245184,19.0918,19.00229,19.21603,19.05572,19.20418,0.007776113305188617,5
gh200,timing,auto,4,1261568,19.18595,18.99012,19.20604,19.08196,19.19426,0.0058532415647909635,5
gh200,timing,auto,4,1277952,19.19874,19.10339,19.2477,19.10468,19.21756,0.005879552512300314,5
gh200,timing,auto,4,1294336,19.71747,19.5629,20.12,19.56737,19.93818,0.018806165294025998,5
gh200,timing,auto,4,1310720,20.11585,19.84577,20.43807,19.96735,20.21177,0.012150617547854138,5
gh200,timing,auto,4,1327104,19.52417,19.32643,19.54203,19.36259,19.53313,0.008734814335257223,5
gh200,timing,auto,4,1343488,19.45762,19.40163,19.60833,19.42594,19.48987,0.0032856022473457267,5
gh200,timing,auto,4,1359872,19.47459,19.43587,19.55457,19.44987,19.47937,0.001514794406454706,5
gh200,timing,auto,4,1376256,19.50619,19.30371,19.5792,19.4701,19.51585,0.002345409329038717,5
gh200,timing,auto,4,1392640,20.70679,20.44318,21.08285,20.46207,20.75359,0.01407847377599321,5
gh200,timing,auto,4,1409024,20.97343,20.72638,21.13085,20.77149,21.06774,0.014125014363411258,5
gh200,timing,auto,4,1425408,19.98329,19.8317,20.09055,19.9552,20.0368,0.004083411690467291,5
gh200,timing,auto,4,1441792,20.00321,19.77218,20.04001,19.99738,20.00543,0.0004024354091168757,5
gh200,timing,auto,4,1458176,20.04025,19.82049,20.08095,20.02241,20.05984,0.0018677411708936025,5
gh200,timing,auto,4,1474560,20.01376,19.86498,20.05535,19.99226,20.03009,0.0018901995427145915,5
gh200,timing,auto,4,1490944,21.41213,21.16829,21.71194,21.21115,21.59411,0.017885189376302152,5
gh200,timing,auto,4,1507328,21.52477,21.22301,21.75227,21.25723,21.59412,0.015651270605911254,5
gh200,timing,auto,4,1523712,20.40767,20.16768,20.50015,20.382,20.45725,0.003687339122986452,5
gh200,timing,auto,4,1540096,20.34046,20.10432,20.40703,20.33311,20.39576,0.0030800680023951215,5
gh200,timing,auto,4,1556480,20.3603,20.1376,20.39999,20.34968,20.39263,0.002109497404262273,5
gh200,timing,auto,4,1572864,20.39064,20.18368,20.4659,20.32608,20.41246,0.004236257420071088,5
gh200,timing,auto,4,1589248,23.36182,22.90903,23.66357,23.15573,23.39053,0.010050586812157609,5
gh200,timing,auto,4,1605632,22.04154,21.91131,22.21337,22.0149,22.17753,0.007378341077801281,5
gh200,timing,auto,4,1622016,22.15474,21.94235,22.23832,22.15418,22.21561,0.002772770070874288,5
gh200,timing,auto,4,1638400,22.08817,21.91035,22.22936,22.06394,22.21465,0.006823109383891925,5
gh200,timing,auto,4,1654784,22.12409,21.8886,22.24465,22.04666,22.17721,0.005900807671637546,5
gh200,timing,auto,4,1671168,22.14258,21.97851,22.26713,22.14233,22.20152,0.002673130231436328,5
gh200,timing,auto,4,1687552,24.01141,23.72885,24.17298,23.86771,24.05419,0.007766307767848682,5
gh200,timing,auto,4,1703936,22.67832,22.34714,22.78808,22.61904,22.74454,0.0055339196201483355,5
gh200,timing,auto,4,1720320,22.63767,22.35482,22.71895,22.60753,22.70424,0.004272082771769271,5
gh200,timing,auto,4,1736704,22.59768,22.3353,22.79384,22.5208,22.78935,0.011883963309507773,5
gh200,timing,auto,4,1753088,22.70327,22.41497,22.78359,22.60593,22.76727,0.007106465280111594,5
gh200,timing,auto,4,1769472,22.6716,22.41018,22.81496,22.60561,22.7199,0.005041108699871224,5
gh200,timing,auto,4,1785856,24.51187,24.03187,24.77585,24.2149,24.65321,0.017881540657648777,5
gh200,timing,auto,4,1802240,23.13422,22.95895,29.47298,23.12566,23.23317,0.004647228218630294,5
gh200,timing,auto,4,1818624,23.13494,22.88089,23.30964,23.13391,23.30774,0.007513743281806601,5
gh200,timing,auto,4,1835008,23.20526,22.80344,23.30805,23.14422,23.30166,0.006784668648401163,5
gh200,timing,auto,4,1851392,23.22894,22.8204,23.27766,23.08054,23.24373,0.007025288282633653,5
gh200,timing,auto,4,1867776,23.25652,22.89688,23.32374,23.23574,23.31982,0.003615330238573964,5
gh200,timing,auto,4,1884160,25.75117,25.61102,26.14692,25.74063,26.0331,0.011357542200995201,5
gh200,timing,auto,4,1900544,24.26675,23.44502,24.56913,23.65037,24.49137,0.034656474393975345,5
gh200,timing,auto,4,1916928,24.32339,23.48279,24.76817,23.57388,24.48209,0.03733895645302733,5
gh200,timing,auto,4,1933312,24.25523,23.41622,24.63825,23.51053,24.38833,0.036190133014611714,5
gh200,timing,auto,4,1949696,23.89332,23.37815,24.60594,23.47982,24.27025,0.033081631183946,5
gh200,timing,auto,4,1966080,23.98612,23.45015,24.38354,23.59468,24.14322,0.022869059272612624,5
gh200,timing,auto,4,1982464,25.35182,25.09073,25.47951,25.28806,25.42735,0.005494280095077948,5
gh200,timing,auto,4,1998848,25.41807,25.03569,25.43565,25.26503,25.42511,0.006297881782527181,5
gh200,timing,auto,4,2015232,25.44301,25.07089,31.06877,25.38438,25.52111,0.005373971082823927,5
gh200,timing,auto,4,2031616,25.41806,25.11537,25.5547,25.28294,25.42671,0.005656214518338534,5
gh200,timing,auto,4,2048000,25.41231,25.05521,25.54221,25.30215,25.52558,0.008792195593395502,5
gh200,timing,auto,4,2064384,25.4107,25.23152,25.50319,25.3975,25.5019,0.004108505472104203,5
gh200,timing,auto,4,2080768,25.94892,25.70959,26.19949,25.83205,25.9851,0.0058981260106393775,5
gh200,timing,auto,4,2097152,26.00077,25.65264,26.14573,25.93668,26.08651,0.005762521648397393,5
gh200,timing,auto,4,2113536,25.9418,25.71695,26.09101,25.82765,26.04812,0.008498639261732123,5
gh200,timing,auto,4,2129920,25.96844,25.58416,26.16685,25.89285,25.96877,0.002923548738391678,5
gh200,timing,auto,4,2146304,26.0702,25.65903,26.27052,25.79045,26.08749,0.011393851984257854,5
gh200,timing,auto,4,2162688,26.11405,25.59472,26.26221,25.86661,26.12204,0.009781324612612633,5
gh200,timing,auto,4,2179072,27.25481,26.27629,27.58952,26.38627,27.4756,0.039968357878847824,5
gh200,timing,auto,4,2195456,27.12682,26.24334,27.59496,26.43235,27.49447,0.039153870597438266,5
gh200,timing,auto,4,2211840,27.16201,26.25902,27.5716,26.34659,27.45192,0.040693969260743305,5
gh200,timing,auto,4,2228224,27.13322,26.2411,27.58824,26.29411,27.24264,0.03495825412538584,5
gh200,timing,auto,4,2244608,27.17161,26.29678,27.40967,26.33571,27.40457,0.03933738192179266,5
gh200,timing,auto,4,2260992,27.26729,26.20173,27.55689,26.35842,27.48327,0.04125272441815825,5
gh200,timing,auto,4,2277376,28.51781,27.19115,28.66597,27.6275,28.63876,0.03546064722361219,5
gh200,timing,auto,4,2293760,28.49957,27.16651,28.6458,27.44255,28.63589,0.04187221070352989,5
gh200,timing,auto,4,2310144,28.34566,27.06187,28.60422,27.31487,28.5898,0.044977961352813844,5
gh200,timing,auto,4,2326528,28.42597,27.01387,28.63813,27.208,28.57028,0.047923782372246294,5
gh200,timing,auto,4,2342912,28.49733,27.04459,28.6202,27.27296,28.59174,0.04627731791013404,5
gh200,timing,auto,4,2359296,28.3223,27.01835,28.59715,27.53022,28.52197,0.03501657704353106,5
gh200,timing,auto,4,2375680,29.14307,28.60358,29.58242,28.79546,29.57504,0.026750098737024025,5
gh200,timing,auto,4,2392064,29.10275,28.60358,29.60034,28.7769,29.4848,0.02432416180601485,5
gh200,timing,auto,4,2408448,29.26115,28.52967,29.62978,28.76378,29.48832,0.02476115942128047,5
gh200,timing,auto,4,2424832,29.33091,28.59623,29.66529,28.71066,29.52737,0.02784468671445927,5
gh200,timing,auto,4,2441216,29.48546,28.6551,29.75521,28.67771,29.6816,0.03404695059870182,5
gh200,timing,auto,4,2457600,29.44546,28.68294,29.8173,28.74426,29.54688,0.027257852314074935,5
gh200,timing,auto,4,2473984,30.24672,29.21157,30.47229,29.61656,30.43103,0.0269275478465103,5
gh200,timing,auto,4,2490368,30.12799,29.99169,30.45941,30.0429,30.35007,0.010195502587461004,5
gh200,timing,auto,4,2506752,30.10527,30.00322,30.26933,30.04416,30.23648,0.006388250296376638,5
gh200,timing,auto,4,2523136,30.22014,29.94946,30.43381,30.10465,30.32191,0.007189245317857547,5
gh200,timing,auto,4,2539520,30.11969,29.96481,30.29269,30.09503,30.2592,0.005450587306841425,5
gh200,timing,auto,4,2555904,30.10368,30.00031,30.40597,30.06017,30.33503,0.00913044518145291,5
gh200,timing,auto,4,2572288,30.12706,30.00481,30.28053,30.10526,30.25119,0.004843818148866829,5
gh200,timing,auto,4,2588672,30.1475,30.0813,30.44084,30.11649,30.29376,0.005880089559664982,5
gh200,timing,auto,4,2605056,30.14273,30.03009,30.29461,30.13183,30.20671,0.0024841810944131563,5
gh200,timing,auto,4,2621440,30.20959,30.0333,30.40372,30.1568,30.25664,0.003304910791573152,5
gh200,timing,auto,4,2637824,30.22814,29.99041,30.44085,30.13058,30.35711,0.007494010547787602,5
gh200,timing,auto,4,2654208,30.13314,30.03424,30.19135,30.08543,30.15189,0.002205545124072793,5
gh200,timing,auto,4,2670592,30.09185,30.03583,30.13696,30.04576,30.13302,0.0028997884809341067,5
gh200,timing,auto,4,2686976,30.15906,30.01601,30.25759,30.10622,30.18901,0.0027451120824057264,5
gh200,timing,auto,4,2703360,30.0176,29.9837,30.17375,29.99871,30.09462,0.003195125526357868,5
gh200,timing,auto,4,2719744,30.14934,29.96704,30.20992,30.12062,30.17729,0.0018796431364666837,5
gh200,timing,auto,4,2736128,30.09313,30.03169,30.16639,30.08766,30.15957,0.0023895819411273948,5
gh200,timing,auto,4,2752512,30.15874,30.056,30.25951,30.12094,30.21461,0.003105898986496103,5
gh200,timing,auto,4,2768896,32.14523,32.13432,32.50317,32.14297,32.33945,0.0061122598905032285,5
gh200,timing,auto,4,2785280,32.17976,32.04795,32.39213,32.07963,32.20761,0.003977034011440759,5
gh200,timing,auto,4,2801664,32.2012,32.04508,32.58349,32.14778,32.38745,0.007442890327068675,5
gh200,timing,auto,4,2818048,32.23834,32.02682,32.43438,32.12728,32.24187,0.0035544634121980148,5
gh200,timing,auto,4,2834432,32.20536,32.10268,32.48717,32.19354,32.37625,0.005673279230538027,5
gh200,timing,auto,4,2850816,32.18427,32.03962,32.41773,32.17272,32.25369,0.0025158252773793115,5
gh200,timing,auto,4,2867200,32.22427,32.18424,32.64076,32.21498,32.39385,0.005550785169066776,5
gh200,timing,auto,4,2883584,32.21304,32.1686,32.38381,32.1977,32.29337,0.002969915288963894,5
gh200,timing,auto,4,2899968,32.18393,32.13403,32.53101,32.15704,32.48376,0.010151650217981291,5
gh200,timing,auto,4,2916352,32.23032,32.02618,32.41102,32.20699,32.32504,0.003662700215201207,5
gh200,timing,auto,4,2932736,32.24058,32.18394,32.45657,32.20728,32.44462,0.007361530096543028,5
gh200,timing,auto,4,2949120,32.31194,32.21178,32.45422,32.22327,32.31577,0.0028627188587253237,5
gh200,timing,auto,4,2965504,32.31863,32.23258,32.60077,32.3017,32.52376,0.006870959567283828,5
gh200,timing,auto,4,2981888,32.31064,32.14778,32.47118,32.21306,32.35867,0.004506565020067624,5
gh200,timing,auto,4,2998272,32.34519,32.28154,32.53069,32.31097,32.50105,0.005876607928412286,5
gh200,timing,auto,4,3014656,32.38682,32.27417,32.62189,32.38487,32.46456,0.002460568836335255,5
gh200,timing,auto,4,3031040,32.28826,32.18776,32.49624,32.22138,32.37326,0.004703876888999235,5
gh200,timing,auto,4,3047424,32.326,32.12314,32.3995,32.3193,32.37688,0.0017812287322898446,5
gh200,timing,auto,4,3063808,32.30075,32.1932,32.42425,32.26937,32.41838,0.004613205575721833,5
gh200,timing,auto,4,3080192,32.29785,32.23639,32.47149,32.25562,32.37915,0.003824712790479935,5
gh200,timing,auto,4,3096576,32.37306,32.25337,32.45432,32.30136,32.42605,0.0038516593735653647,5
gh200,timing,auto,4,3112960,32.33114,32.2636,32.44877,32.26426,32.40441,0.0043348301358998925,5
gh200,timing,auto,4,3129344,32.34683,32.22554,32.52408,32.31575,32.36302,0.0014613487627689477,5
gh200,timing,auto,4,3145728,32.40378,32.26297,32.46094,32.38263,32.42393,0.0012745426613808535,5
gh200,timing,auto,4,3162112,33.78322,33.70485,33.92456,33.77686,33.9026,0.003721966112170492,5
gh200,timing,auto,4,3178496,33.7103,33.65142,33.97288,33.69139,33.75765,0.0019655713535625544,5
gh200,timing,auto,4,3194880,33.77939,33.69621,34.05959,33.7487,33.96819,0.006497749071253223,5
gh200,timing,auto,4,3211264,33.7727,33.68821,34.28551,33.73107,33.86901,0.004084363998140521,5
gh200,timing,auto,4,3227648,33.89652,33.74997,33.98631,33.76182,33.94322,0.005351581814298236,5
gh200,timing,auto,4,3244032,33.76916,33.75605,33.95496,33.76755,33.79926,0.000939022469021936,5
gh200,timing,auto,4,3260416,33.91336,33.75252,34.16947,33.82291,33.99061,0.004944953847097321,5
gh200,timing,auto,4,3276800,33.82709,33.74611,33.98887,33.81718,33.9442,0.00375497862807595,5
gh200,timing,auto,4,3293184,33.99765,33.79701,34.08967,33.83922,34.02323,0.005412432918157599,5
gh200,timing,auto,4,3309568,33.86612,33.79315,34.01107,33.86198,33.9252,0.0018667624162435512,5
gh200,timing,auto,4,3325952,34.02229,33.92914,34.15047,33.94292,34.11475,0.0050505124728523546,5
gh200,timing,auto,4,3342336,34.04756,33.85077,34.12295,33.86038,34.09074,0.006765829915565094,5
gh200,timing,auto,4,3358720,33.99573,33.8949,34.21831,33.91764,34.00308,0.002513256811958396,5
gh200,timing,auto,4,3375104,34.00468,33.92308,34.16488,33.98707,34.01717,0.0008851722762865979,5
gh200,timing,auto,4,3391488,34.22803,33.98738,40.36577,34.00372,34.23207,0.006671432740943576,5
gh200,timing,auto,4,3407872,33.96821,33.89875,34.07444,33.901,34.00136,0.0029545271888037346,5
gh200,timing,auto,4,3424256,33.89013,33.81779,34.03688,33.87924,34.00276,0.003644718978652463,5
gh200,timing,auto,4,3440640,33.93204,33.89142,34.12883,33.90066,33.96936,0.002024635123617671,5
gh200,timing,auto,4,3457024,33.96277,33.81653,34.13684,33.93043,34.04583,0.0033978382799754276,5
gh200,timing,auto,4,3473408,34.02293,33.9426,34.10867,33.95122,34.06824,0.0034394451036405056,5
gh200,timing,auto,4,3489792,34.01064,33.83829,34.15027,33.9733,34.03701,0.0018732373163221972,5
gh200,timing,auto,4,3506176,34.06005,33.89298,34.13299,33.90005,34.10184,0.0059245362235229426,5
gh200,timing,auto,4,3522560,34.06485,33.9474,34.22771,34.0197,34.12167,0.0029934081611984625,5
gh200,timing,auto,4,3538944,34.10613,33.99186,34.17939,34.00884,34.17063,0.004743722022991275,5
gh200,timing,auto,4,3555328,38.96964,38.76037,39.01558,38.79459,39.00997,0.005526866555605935,5
gh200,timing,auto,4,3571712,38.96932,38.83107,39.17571,38.93062,39.14581,0.005522036309589178,5
gh200,timing,auto,4,3588096,38.9863,38.85154,39.00004,38.9306,38.99927,0.0017613879747502186,5
gh200,timing,auto,4,3604480,38.9623,38.8301,39.14147,38.92996,39.04598,0.0029777502868156887,5
gh200,timing,auto,4,3620864,38.96038,38.81315,39.017,38.8618,39.00662,0.003717109535379165,5
gh200,timing,auto,4,3637248,39.06757,38.88098,39.33155,38.99652,39.21494,0.005590826355465718,5
gh200,timing,auto,4,3653632,39.04677,38.8829,39.12118,39.03492,39.06083,0.0006635632089415644,5
gh200,timing,auto,4,3670016,39.12548,38.8269,39.30293,38.99749,39.20739,0.005364790412794872,5
gh200,timing,auto,4,3686400,39.04164,38.89346,39.1919,39.00101,39.11907,0.003023950838130771,5
gh200,timing,auto,4,3702784,39.20068,38.99874,39.3535,39.13829,39.28642,0.0037787609806769137,5
gh200,timing,auto,4,3719168,39.06565,39.03106,39.2559,39.05124,39.11652,0.0016710332478789254,5
gh200,timing,auto,4,3735552,39.17891,39.05025,39.45781,39.11333,39.29891,0.004736732083664441,5
gh200,timing,auto,4,3751936,39.08484,39.05762,39.38549,39.07109,39.14915,0.0019971937968788073,5
gh200,timing,auto,4,3768320,39.27523,39.0845,39.54292,39.13989,39.29955,0.004065157606970153,5
gh200,timing,auto,4,3784704,39.15013,38.93797,39.17124,39.10113,39.16758,0.0016973123716320542,5
gh200,timing,auto,4,3801088,39.09221,38.95269,39.23011,38.9869,39.21014,0.0057106006541969385,5
gh200,timing,auto,4,3817472,39.16437,38.99972,39.28835,39.04898,39.21988,0.0043636601329219175,5
gh200,timing,auto,4,3833856,39.14774,38.87653,39.2621,39.12965,39.20001,0.0017972940455822193,5
gh200,timing,auto,4,3850240,39.21858,39.06115,39.27363,39.13398,39.23909,0.0026801072348870423,5
gh200,timing,auto,4,3866624,39.14773,39.0474,39.25251,39.13634,39.18628,0.0012756806077900155,5
gh200,timing,auto,4,3883008,39.1935,39.05252,39.26115,39.14789,39.23297,0.0021707681120595236,5
gh200,timing,auto,4,3899392,39.22657,39.05603,39.32677,39.14101,39.27938,0.003527456007497007,5
gh200,timing,auto,4,3915776,39.20629,39.09316,39.34084,39.14914,39.21763,0.001746913569225679,5
gh200,timing,auto,4,3932160,39.24161,39.12003,39.28323,39.1471,39.26853,0.0030944194185711696,5
gh200,timing,auto,4,3948544,40.0157,39.79839,40.1008,39.80225,40.09394,0.0072893889148509874,5
gh200,timing,auto,4,3964928,40.1565,39.816,40.38496,40.13843,40.23391,0.0023776972594723644,5
gh200,timing,auto,4,3981312,40.03266,39.85569,40.22353,39.98975,40.1952,0.005132059673276745,5
gh200,timing,auto,4,3997696,40.17267,40.01278,40.38912,40.08224,40.29665,0.005337210596159053,5
gh200,timing,auto,4,4014080,40.13314,39.91391,40.31327,40.04961,40.29138,0.006024198455440949,5
gh200,timing,auto,4,4030464,40.31409,40.04063,40.46431,40.10017,40.39169,0.007231218663251445,5
gh200,timing,auto,4,4046848,40.22146,40.03167,40.41567,40.11809,40.33201,0.005318553826738129,5
gh200,timing,auto,4,4063232,40.35506,40.14622,40.58718,40.22912,40.39809,0.004187083354602907,5
gh200,timing,auto,4,4079616,40.2224,40.15518,40.42208,40.22178,40.39761,0.004371444767094895,5
gh200,timing,auto,4,4096000,40.28641,40.1059,40.46175,40.1216,40.39569,0.006803534988597919,5
gh200,timing,auto,4,4112384,40.23744,40.0643,40.51025,40.14849,40.24033,0.0022824513686754847,5
gh200,timing,auto,4,4128768,40.41663,40.10368,40.52113,40.16062,40.46144,0.007442975824555428,5
gh200,timing,auto,4,4145152,40.31906,40.15968,40.57552,40.30781,40.38047,0.0018021253471682886,5
gh200,timing,auto,4,4161536,40.08354,39.98847,40.10739,40.03168,40.10592,0.0018521318226882178,5
gh200,timing,auto,4,4177920,40.04483,39.89951,40.11296,40.03841,40.08978,0.0012828122881280452,5
gh200,timing,auto,4,4194304,40.11218,40.02815,40.15842,40.04416,40.15104,0.002664527333094433,5
gh200,timing,auto_graph,2,524288,15.69229,15.00749,15.82767,15.34989,15.759979999999999,0.026133215738429413,3
gh200,timing,auto_graph,2,557056,17.83623,17.27269,17.96422,17.55446,17.900225,0.019385542796880286,3
gh200,timing,auto_graph,2,589824,18.03656,17.32388,18.10918,17.68022,18.07287,0.02176967226566503,3
gh200,timing,auto_graph,2,622592,18.88355,18.26465,19.02756,18.5741,18.955555,0.020200386050292396,3
gh200,timing,auto_graph,2,655360,18.94147,18.34593,19.0842,18.6437,19.012835,0.019488191782369584,3
gh200,timing,auto_graph,2,688128,19.62912,19.39102,20.2736,19.51007,19.95136,0.022481394988670005,3
gh200,timing,auto_graph,2,720896,19.53953,19.48925,19.78466,19.51439,19.662095,0.007559291344264779,3
gh200,timing,auto_graph,2,753664,20.39198,20.35482,20.584,20.3734,20.48799,0.005619366044886261,3
gh200,timing,auto_graph,2,786432,20.59198,20.52825,20.74526,20.560115,20.668619999999997,0.005269284449576845,3
gh200,timing,auto_graph,2,819200,21.34743,21.34171,21.55036,21.344569999999997,21.448895,0.004887005133639173,3
gh200,timing,auto_graph,2,851968,21.58454,21.46523,21.75452,21.524884999999998,21.66953,0.0067013241885166015,3
gh200,timing,auto_graph,2,884736,22.46679,22.38963,22.56665,22.42821,22.51672,0.003939592616479676,3
gh200,timing,auto_graph,2,917504,27.82088,27.73153,27.8311,27.776204999999997,27.825989999999997,0.0017894832945614938,3
gh200,timing,auto_graph,2,950272,28.05702,28.00968,28.08159,28.03335,28.069305,0.0012814974648056455,3
gh200,timing,auto_graph,2,983040,28.39879,28.33215,28.44036,28.365470000000002,28.419575000000002,0.0019051868054941723,3
gh200,timing,auto_graph,2,1015808,28.4538,28.39815,29.84666,28.425975,29.15023,0.025453717956828242,3
gh200,timing,auto_graph,2,1048576,28.59107,28.56094,28.59494,28.576005,28.593004999999998,0.0005945912482463742,3
gh200,timing,auto_graph,2,1081344,29.09276,29.02245,29.1501,29.057605,29.121429999999997,0.0021938447916250575,3
gh200,timing,auto_graph,2,1114112,29.25252,29.11837,29.29346,29.185445,29.27299,0.002992733617479747,3
gh200,timing,auto_graph,2,1146880,29.38171,29.37763,29.39681,29.37967,29.38926,0.0003263935284910007,3
gh200,timing,auto_graph,2,1179648,29.62106,29.58787,29.65312,29.604464999999998,29.63709,0.001101412305974297,3
gh200,timing,auto_graph,2,1212416,30.08066,30.05087,30.09689,30.065765,30.088775,0.0007649433223871852,3
gh200,timing,auto_graph,2,1245184,30.17186,30.11576,30.21823,30.143810000000002,30.195045,0.0016981054532268932,3
gh200,timing,auto_graph,2,1277952,30.25057,30.24286,30.28185,30.246715000000002,30.26621,0.0006444506665493956,3
gh200,timing,auto_graph,2,1310720,30.5516,30.51645,30.55392,30.534025,30.55276,0.0006132248392882697,3
gh200,timing,auto_graph,2,1343488,30.94655,30.84118,30.97404,30.893864999999998,30.960295,0.0021466043872418877,3
gh200,timing,auto_graph,2,1376256,31.07326,31.0063,31.07643,31.03978,31.074845,0.0011284622212152653,3
gh200,timing,auto_graph,2,1409024,31.15038,30.97878,31.22331,31.06458,31.186844999999998,0.003924992247285547,3
gh200,timing,auto_graph,2,1441792,31.33406,31.26453,31.43259,31.299295,31.383325,0.0026817463169470693,3
gh200,timing,auto_graph,2,1474560,31.60186,31.56509,31.83731,31.583475,31.719585,0.004307024966251943,3
gh200,timing,auto_graph,2,1507328,31.76755,31.66877,31.79257,31.718159999999997,31.78006,0.001948529238169182,3
gh200,timing,auto_graph,2,1540096,31.89171,31.85468,31.96313,31.873195,31.927419999999998,0.0017002851211176465,3
gh200,timing,auto_graph,2,1572864,32.13778,32.08475,32.14841,32.111265,32.143095,0.0009904231094991427,3
gh200,timing,auto_graph,2,1605632,32.60112,32.48375,32.69497,32.542435,32.648044999999996,0.0032394592578414067,3
gh200,timing,auto_graph,2,1638400,32.70832,32.63734,32.71737,32.672830000000005,32.712845,0.001223389033738107,3
gh200,timing,auto_graph,2,1671168,32.92591,32.89813,33.06552,32.91202,32.995715000000004,0.002541919114764204,3
gh200,timing,auto_graph,2,1703936,33.13077,33.10126,33.21784,33.116015000000004,33.174305000000004,0.001759391647100249,3
gh200,timing,auto_graph,2,1736704,33.25813,33.22104,33.28878,33.239585000000005,33.273455,0.0010183976068405885,3
gh200,timing,auto_graph,2,1769472,33.51444,33.48919,33.53965,33.501815,33.527045,0.000752809833612035,3
gh200,timing,auto_graph,2,1802240,34.07221,33.7118,36.29291,33.892005,35.182559999999995,0.03787705581762961,3
gh200,timing,auto_graph,2,1835008,34.02325,34.00971,34.06194,34.01648,34.042595,0.0007675633574099249,3
gh200,timing,auto_graph,2,1867776,34.24052,34.16242,34.24842,34.20147,34.24447,0.0012558220494314708,3
gh200,timing,auto_graph,2,1900544,34.32618,34.29618,34.41236,34.31118,34.36927,0.001692294336276276,3
gh200,timing,auto_graph,2,1933312,34.64371,34.604,34.68297,34.623855,34.66334,0.001139745136995983,3
gh200,timing,auto_graph,2,1966080,34.84136,34.78512,34.9365,34.81324,34.88893,0.0021724180686403054,3
gh200,timing,auto_graph,2,1998848,34.89321,34.77071,34.91346,34.83196,34.903335,0.0020455269091034095,3
gh200,timing,auto_graph,2,2031616,35.10152,35.03759,35.25009,35.069555,35.175805,0.0030269344461435212,3
gh200,timing,auto_graph,2,2064384,35.43822,35.38631,35.55696,35.412265000000005,35.49759,0.0024077112225161824,3
gh200,timing,auto_graph,2,2097152,35.67942,35.64237,35.844,35.660895,35.76171,0.0028255784426990216,3
gh200,timing,auto_graph,2,2129920,36.67785,36.61325,36.69954,36.64555,36.688694999999996,0.001176323039654602,3
gh200,timing,auto_graph,2,2162688,36.81869,36.79465,36.9485,36.80667,36.883595,0.0020892921502639774,3
gh200,timing,auto_graph,2,2195456,37.16075,37.05736,37.26209,37.109055,37.211420000000004,0.0027546537677524277,3
gh200,timing,auto_graph,2,2228224,37.43979,37.29096,37.51008,37.365375,37.474935,0.002926298464815157,3
gh200,timing,auto_graph,2,2260992,37.48319,37.43527,37.58474,37.459230000000005,37.533964999999995,0.0019938270995608904,3
gh200,timing,auto_graph,2,2293760,37.69862,37.60991,37.84201,37.654264999999995,37.770315,0.003078362019617729,3
gh200,timing,auto_graph,2,2326528,37.98981,37.94334,38.07432,37.966575,38.032065,0.0017238833255550383,3
gh200,timing,auto_graph,2,2359296,38.17053,38.13637,38.17928,38.15345,38.174904999999995,0.0005620828424440532,3
gh200,timing,auto_graph,2,2392064,38.21384,38.15037,38.2778,38.182105,38.245819999999995,0.0016673278581789965,3
gh200,timing,auto_graph,2,2424832,38.53948,38.34372,38.62311,38.441599999999994,38.581295,0.003624724568157205,3
gh200,timing,auto_graph,2,2457600,38.97602,38.87707,41.2595,38.926545000000004,40.117760000000004,0.030562766542094336,3
gh200,timing,auto_graph,2,2490368,39.34849,39.28186,39.37892,39.315174999999996,39.363704999999996,0.0012333383059934325,3
gh200,timing,auto_graph,2,2523136,39.09146,39.04546,39.25156,39.06846,39.17151,0.0026361256397176287,3
gh200,timing,auto_graph,2,2555904,39.5276,39.44577,39.53988,39.486685,39.533739999999995,0.0011904340258450598,3
gh200,timing,auto_graph,2,2588672,39.97826,39.90519,42.07512,39.941725,41.02669,0.027138874978550942,3
gh200,timing,auto_graph,2,2621440,40.12183,39.95487,40.18817,40.03835,40.155,0.0029073948022809507,3
gh200,timing,auto_graph,4,524288,13.12182,13.11349,13.17233,13.117655,13.147075000000001,0.0022420670303358666,3
gh200,timing,auto_graph,4,557056,13.27286,13.26,13.35157,13.26643,13.312215,0.0034495202993175857,3
gh200,timing,auto_graph,4,589824,13.41526,13.37396,13.42512,13.39461,13.42019,0.0019067837671427699,3
gh200,timing,auto_graph,4,622592,13.41717,13.41205,13.46064,13.41461,13.438905,0.0018107395225670092,3
gh200,timing,auto_graph,4,655360,13.49909,13.47664,13.58964,13.487865,13.544364999999999,0.004185467316685774,3
gh200,timing,auto_graph,4,688128,13.57807,13.55636,14.11955,13.567215000000001,13.84881,0.020738956272872314,3
gh200,timing,auto_graph,4,720896,13.74639,13.71893,13.77652,13.73266,13.761455,0.002094731780489319,3
gh200,timing,auto_graph,4,753664,13.81715,13.81071,13.84564,13.81393,13.831395,0.0012640088585563155,3
gh200,timing,auto_graph,4,786432,13.84019,13.80724,13.86894,13.823715,13.854565000000001,0.0022290156421263677,3
gh200,timing,auto_graph,4,819200,15.78631,15.77518,15.86061,15.780745,15.82346,0.002705825490567534,3
gh200,timing,auto_graph,4,851968,15.97036,15.93158,16.04141,15.95097,16.005885,0.0034385574276346548,3
gh200,timing,auto_graph,4,884736,15.98444,15.9563,16.00966,15.970369999999999,15.99705,0.0016691232223337636,3
gh200,timing,auto_graph,4,917504,16.17356,16.00678,16.22699,16.09017,16.200274999999998,0.006807715802828644,3
gh200,timing,auto_graph,4,950272,16.05575,16.04652,16.1406,16.051135000000002,16.098174999999998,0.002929791507715026,3
gh200,timing,auto_graph,4,983040,16.16909,16.11462,16.20812,16.141855,16.188605000000003,0.0028913191775172846,3
gh200,timing,auto_graph,4,1015808,16.27627,16.22445,16.32517,16.25036,16.30072,0.0030940749938405876,3
gh200,timing,auto_graph,4,1048576,16.35115,16.26637,16.44101,16.30876,16.396079999999998,0.005340297165642678,3
gh200,timing,auto_graph,4,1081344,16.36363,16.34917,16.38988,16.3564,16.376755000000003,0.0012439171504123549,3
gh200,timing,auto_graph,4,1114112,16.55813,16.52874,16.55819,16.543435,16.55816,0.0008892912424290725,3
gh200,timing,auto_graph,4,1146880,16.57803,16.52459,16.59684,16.55131,16.587435,0.0021790888302167634,3
gh200,timing,auto_graph,4,1179648,16.61131,16.55786,16.6298,16.584585,16.620555,0.0021653921334319178,3
gh200,timing,auto_graph,4,1212416,18.59517,18.57701,18.60996,18.58609,18.602565,0.0008859827578881933,3
gh200,timing,auto_graph,4,1245184,18.58725,18.54621,18.62532,18.56673,18.606285,0.0021280716620263895,3
gh200,timing,auto_graph,4,1277952,18.59677,18.56164,18.64773,18.579205,18.62225,0.0023146492643614635,3
gh200,timing,auto_graph,4,1310720,18.92452,18.82013,18.94371,18.872325,18.934115,0.0032650762080094213,3
gh200,timing,auto_graph,4,1343488,18.93348,18.83612,18.97187,18.8848,18.952675,0.003584919412596142,3
gh200,timing,auto_graph,4,1376256,18.90628,18.87804,19.03074,18.892159999999997,18.968510000000002,0.00403834069949271,3
gh200,timing,auto_graph,4,1409024,19.66688,19.64154,19.67201,19.65421,19.669445,0.0007746526139377753,3
gh200,timing,auto_graph,4,1441792,19.52538,19.49154,19.53729,19.50846,19.531335,0.001171552102955184,3
gh200,timing,auto_graph,4,1474560,19.51874,19.39034,19.57345,19.45454,19.546095,0.004690620398652761,3
gh200,timing,auto_graph,4,1507328,20.30327,20.14015,20.57183,20.22171,20.43755,0.010630799866228446,3
gh200,timing,auto_graph,4,1540096,19.92865,19.77497,19.97183,19.85181,19.95024,0.0049391203117120554,3
gh200,timing,auto_graph,4,1572864,19.82017,19.76025,19.85632,19.790210000000002,19.838245,0.0024235412713412004,3
gh200,timing,auto_graph,4,1605632,21.66682,21.56307,21.73466,21.614945,21.700740000000003,0.003959741207985505,3
gh200,timing,auto_graph,4,1638400,21.67195,21.50835,21.7785,21.59015,21.725225000000002,0.00623271094663842,3
gh200,timing,auto_graph,4,1671168,21.71227,21.46323,21.72889,21.58775,21.720579999999998,0.006117738955899058,3
gh200,timing,auto_graph,4,1703936,22.08025,22.01361,22.18841,22.04693,22.13433,0.003958288515754976,3
gh200,timing,auto_graph,4,1736704,22.06874,22.01521,22.3036,22.041975,22.186169999999997,0.006533902705818108,3
gh200,timing,auto_graph,4,1769472,22.06865,22.05818,22.07257,22.063415,22.070610000000002,0.00032602809868310695,3
gh200,timing,auto_graph,4,1802240,22.71831,22.54287,23.10454,22.630589999999998,22.911425,0.012361614926462544,3
gh200,timing,auto_graph,4,1835008,22.6796,22.42575,22.74454,22.552675,22.71207,0.007028122189103862,3
gh200,timing,auto_graph,4,1867776,22.70008,22.49967,22.7071,22.599874999999997,22.70359,0.004568926629333514,3
gh200,timing,auto_graph,4,1900544,23.39156,23.24908,23.45909,23.32032,23.425325,0.004489012276222793,3
gh200,timing,auto_graph,4,1933312,23.28949,23.25206,23.31116,23.270775,23.300325,0.0012688126704363388,3
gh200,timing,auto_graph,4,1966080,23.21941,23.09463,23.28012,23.15702,23.249765,0.0039942875378832085,3
gh200,timing,auto_graph,4,1998848,25.11311,25.05264,25.73667,25.082875,25.424889999999998,0.013618982276587664,3
gh200,timing,auto_graph,4,2031616,24.90545,24.85671,24.98576,24.881079999999997,24.945605,0.0025907983995472187,3
gh200,timing,auto_graph,4,2064384,25.00785,24.83367,25.04175,24.92076,25.0248,0.004160293667788222,3
gh200,timing,auto_graph,4,2097152,25.56014,25.45924,25.61998,25.50969,25.59006,0.0031443489746144603,3
gh200,timing,auto_graph,4,2129920,25.66925,25.52964,26.56588,25.599445000000003,26.117565,0.02018446195350453,3
gh200,timing,auto_graph,4,2162688,25.65197,25.53231,25.68099,25.59214,25.66648,0.002898023036827168,3
gh200,timing,auto_graph,4,2195456,26.44012,26.11906,26.48426,26.27959,26.46219,0.0069061713789498975,3
gh200,timing,auto_graph,4,2228224,26.30284,26.1917,26.36203,26.24727,26.332435,0.003237863287766642,3
gh200,timing,auto_graph,4,2260992,26.32257,26.16589,26.42251,26.24423,26.37254,0.004874524030138358,3
gh200,timing,auto_graph,4,2293760,27.55261,27.5188,27.66376,27.535705,27.608185,0.002630603779460413,3
gh200,timing,auto_graph,4,2326528,27.43465,27.37224,27.84156,27.403445,27.638105000000003,0.008553416938069254,3
gh200,timing,auto_graph,4,2359296,27.7511,27.09897,28.03355,27.425035,27.892325,0.01683861180277533,3
gh200,timing,auto_graph,4,2392064,28.80536,28.76676,28.92963,28.78606,28.867494999999998,0.0028270780160358708,3
gh200,timing,auto_graph,4,2424832,28.71769,28.65957,28.91203,28.68863,28.814860000000003,0.004395548527754258,3
gh200,timing,auto_graph,4,2457600,28.77945,28.60453,29.07106,28.69199,28.925255,0.008105262609257625,3
gh200,timing,auto_graph,4,2490368,29.70434,29.50997,30.89468,29.607155,30.299509999999998,0.023308210180734507,3
gh200,timing,auto_graph,4,2523136,29.71169,29.55297,29.78548,29.63233,29.748585,0.003912769687621232,3
gh200,timing,auto_graph,4,2555904,29.63746,29.5711,30.47902,29.604280000000003,30.058239999999998,0.01531710207284953,3
gh200,timing,auto_graph,4,2588672,29.67073,29.54529,29.70197,29.60801,29.686349999999997,0.002640312523486857,3
gh200,timing,auto_graph,4,2621440,29.6112,29.58402,29.62134,29.59761,29.61627,0.0006301669638515348,3
