cell_id,measured_rank,datasheet_rank,class,verdict,arm,bytes_declared,cell_guard_findings,cell_void,compute_peak_flops_s,datasheet_binding_floor_s,datasheet_bytes_s,datasheet_class,datasheet_compute_fraction,datasheet_diagnostic_below_0.25,datasheet_diagnostic_below_0.5,datasheet_diagnostic_below_0.75,datasheet_flops_s,datasheet_fraction,datasheet_intensity_flops_byte,datasheet_memory_fraction,datasheet_ridge_class,datasheet_ridge_flops_byte,device,device_batch_mean_s,distinct_bytes,distribution_verdict,evidence_class,family,flop_accounting,flops_declared,host_issue_bound,host_loop_mean_s,host_ratio_max,launch_bound,launch_count_in_cell,launch_count_per_step,launch_scale_s,measured_binding_floor_s,measured_bytes_s,measured_class,measured_compute_fraction,measured_diagnostic_below_0.25,measured_diagnostic_below_0.5,measured_diagnostic_below_0.75,measured_flops_s,measured_fraction,measured_intensity_flops_byte,measured_memory_fraction,measured_ridge_class,measured_ridge_flops_byte,memory_mhz,nsys_time_s,physical_floor_s,record_sha256,shape,sm_mhz_high,sm_mhz_low,source_batch_cv,source_file,source_group,source_guard_reasons,source_in_scored_scope,source_state,source_void,source_void_for_scoring,time_s,verdict_void,work_missing_reason,work_state
constants/boosted/attn_decode_b1_l128,1,1,launch-bound,void-with-findings,boosted,262144,[],False,311869440000000.0,1.285624607658506e-07,9637647058.82353,launch-bound,6.1805652126887e-05,False,False,False,19275294117.64706,0.004726561057568036,2.0,0.004726561057568036,HBM-bound,152.94915254237287,a100,0.0002176,262144,,retained-standalone-microbenchmark,attn_decode,declared-contractions-only,524288,False,1.3084e-05,0.06876474056603774,True,1,,1.8060582199999998e-06,1.463437510986328e-07,9637647058.82353,launch-bound,6.1805652126887e-05,False,False,False,19275294117.64706,0.0053802849668615,2.0,0.0053802849668615,HBM-bound,174.10333138515472,1593,,1.6811137378513265e-09,,"{""k"":64,""length"":128,""m"":1,""n"":16,""rotate"":1,""size_bytes"":0}",1410,1410,0.002352941176470578,examples/a100_kernel_constants_v1/measurements/results.json,8,"[""G9R"",""G10"",""G11R""]",False,void,True,False,2.72e-05,True,,declared
constants/boosted/attn_decode_b1_l512,2,2,launch-bound,void-with-findings,boosted,1048576,[],False,311869440000000.0,5.142498430634024e-07,11511007025.761126,launch-bound,7.381939715389315e-05,False,False,False,23022014051.52225,0.005645307117938405,2.0,0.005645307117938405,HBM-bound,152.94915254237287,a100,0.0003643733333333333,1048576,,retained-standalone-microbenchmark,attn_decode,declared-contractions-only,2097152,False,6.564916666666666e-06,0.018689102001404494,True,1,,1.8060582199999998e-06,5.853750043945312e-07,11511007025.761126,launch-bound,7.381939715389315e-05,False,False,False,23022014051.52225,0.006426101482668303,2.0,0.006426101482668303,HBM-bound,174.10333138515472,1593,,6.724454951405306e-09,,"{""k"":64,""length"":512,""m"":1,""n"":16,""rotate"":1,""size_bytes"":0}",1410,1410,0.0010473386311474105,examples/a100_kernel_constants_v1/measurements/results.json,4,"[""G9R"",""G10"",""G11R""]",False,void,True,False,9.109333333333332e-05,True,,declared
constants/boosted/attn_decode_b1_l8192,3,3,HBM-bound,void-with-findings,boosted,16777216,[],False,311869440000000.0,8.227997489014438e-06,11677139632.951237,HBM-bound,7.488479559235581e-05,True,True,True,23354279265.902473,0.005726783012079821,2.0,0.005726783012079821,HBM-bound,152.94915254237287,a100,0.0014367573333333335,16777216,,retained-standalone-microbenchmark,attn_decode,declared-contractions-only,33554432,False,1.6347499999999999e-06,0.0011763456723891273,False,1,,1.8060582199999998e-06,9.3660000703125e-06,11677139632.951237,HBM-bound,7.488479559235581e-05,True,True,True,23354279265.902473,0.006518846191362749,2.0,0.006518846191362749,HBM-bound,174.10333138515472,1593,,1.075912792224849e-07,,"{""k"":64,""length"":8192,""m"":1,""n"":16,""rotate"":1,""size_bytes"":0}",1410,1410,0.0015246775141644579,examples/a100_kernel_constants_v1/measurements/results.json,1,"[""G9R"",""G10"",""G11R""]",False,void,True,False,0.0014367573333333335,True,,declared
constants/boosted/attn_decode_b1_l2048,4,4,HBM-bound,void-with-findings,boosted,4194304,[],False,311869440000000.0,2.0569993722536095e-06,12097464927.393553,HBM-bound,7.758031647726402e-05,True,True,True,24194929854.787106,0.00593292182958331,2.0,0.00593292182958331,HBM-bound,152.94915254237287,a100,0.0003467093333333333,4194304,,retained-standalone-microbenchmark,attn_decode,declared-contractions-only,8388608,False,1.6105e-06,0.0048336954511834325,False,1,,1.8060582199999998e-06,2.341500017578125e-06,12097464927.393553,HBM-bound,7.758031647726402e-05,True,True,True,24194929854.787106,0.006753495774303138,2.0,0.006753495774303138,HBM-bound,174.10333138515472,1593,,2.6897819805621224e-08,,"{""k"":64,""length"":2048,""m"":1,""n"":16,""rotate"":1,""size_bytes"":0}",1410,1410,0.0014560865821067555,examples/a100_kernel_constants_v1/measurements/results.json,1,"[""G9R"",""G10"",""G11R""]",False,void,True,False,0.0003467093333333333,True,,declared
constants/boosted/attn_decode_b4_l8192,5,5,HBM-bound,void-with-findings,boosted,67108864,[],False,311869440000000.0,3.291198995605775e-05,25902704127.00504,HBM-bound,0.0001661124868599183,True,True,True,51805408254.01008,0.012703382045965276,2.0,0.012703382045965276,HBM-bound,152.94915254237287,a100,0.0025908053333333334,67108864,,retained-standalone-microbenchmark,attn_decode,declared-contractions-only,134217728,False,1.6347499999999999e-06,0.0006655922418908228,False,1,,1.8060582199999998e-06,3.746400028125e-05,25902704127.00504,HBM-bound,0.0001661124868599183,True,True,True,51805408254.01008,0.014460368673492256,2.0,0.014460368673492256,HBM-bound,174.10333138515472,1593,,1.2341996233521658e-05,,"{""k"":64,""length"":8192,""m"":4,""n"":16,""rotate"":1,""size_bytes"":0}",1410,1410,0.001123243167549149,examples/a100_kernel_constants_v1/measurements/results.json,1,"[""G9R"",""G10"",""G11R""]",False,void,True,False,0.0025908053333333334,True,,declared
constants/boosted/attn_decode_b4_l128,6,6,launch-bound,void-with-findings,boosted,1048576,[],False,311869440000000.0,5.142498430634024e-07,38475146771.03718,launch-bound,0.00024673880692534147,False,False,False,76950293542.07436,0.01886924570927357,2.0,0.01886924570927357,HBM-bound,152.94915254237287,a100,0.00021802666666666668,1048576,,retained-standalone-microbenchmark,attn_decode,declared-contractions-only,2097152,False,1.2840666666666667e-05,0.05994626613849765,True,1,,1.8060582199999998e-06,5.853750043945312e-07,38475146771.03718,launch-bound,0.00024673880692534147,False,False,False,76950293542.07436,0.021479024133850215,2.0,0.021479024133850215,HBM-bound,174.10333138515472,1593,,6.724454951405306e-09,,"{""k"":64,""length"":128,""m"":4,""n"":16,""rotate"":1,""size_bytes"":0}",1410,1410,0.0030063192750953323,examples/a100_kernel_constants_v1/measurements/results.json,8,"[""G9R"",""G10"",""G11R""]",False,void,True,False,2.7253333333333336e-05,True,,declared
constants/boosted/attn_decode_b4_l512,7,7,HBM-bound,void-with-findings,boosted,4194304,[],False,311869440000000.0,2.0569993722536095e-06,45722790697.674416,HBM-bound,0.000293217512415929,True,True,True,91445581395.34883,0.022423685017299518,2.0,0.022423685017299518,HBM-bound,152.94915254237287,a100,0.0003669333333333334,4194304,,retained-standalone-microbenchmark,attn_decode,declared-contractions-only,8388608,False,6.570916666666668e-06,0.01880494864206128,False,1,,1.8060582199999998e-06,2.341500017578125e-06,45722790697.674416,HBM-bound,0.000293217512415929,True,True,True,91445581395.34883,0.025525072866040603,2.0,0.025525072866040603,HBM-bound,174.10333138515472,1593,,2.6897819805621224e-08,,"{""k"":64,""length"":512,""m"":4,""n"":16,""rotate"":1,""size_bytes"":0}",1410,1410,0.0013155474998819779,examples/a100_kernel_constants_v1/measurements/results.json,4,"[""G9R"",""G10"",""G11R""]",False,void,True,False,9.173333333333334e-05,True,,declared
constants/boosted/attn_decode_b4_l2048,8,8,HBM-bound,void-with-findings,boosted,16777216,[],False,311869440000000.0,8.227997489014438e-06,47103018687.11069,HBM-bound,0.0003020688316695005,True,True,True,94206037374.22137,0.02310058590665739,2.0,0.02310058590665739,HBM-bound,152.94915254237287,a100,0.00035618133333333333,16777216,,retained-standalone-microbenchmark,attn_decode,declared-contractions-only,33554432,False,1.6080833333333334e-06,0.004567610770893372,False,1,,1.8060582199999998e-06,9.3660000703125e-06,47103018687.11069,HBM-bound,0.0003020688316695005,True,True,True,94206037374.22137,0.026295594950640776,2.0,0.026295594950640776,HBM-bound,174.10333138515472,1593,,1.075912792224849e-07,,"{""k"":64,""length"":2048,""m"":4,""n"":16,""rotate"":1,""size_bytes"":0}",1410,1410,0.0025803377130496213,examples/a100_kernel_constants_v1/measurements/results.json,1,"[""G9R"",""G10"",""G11R""]",False,void,True,False,0.00035618133333333333,True,,declared
constants/boosted/attn_decode_b16_l2048,9,9,HBM-bound,void-with-findings,boosted,67108864,[],False,311869440000000.0,3.291198995605775e-05,99636640060.81337,HBM-bound,0.0006389637924178359,True,True,True,199273280121.62674,0.04886448527778433,2.0,0.04886448527778433,HBM-bound,152.94915254237287,a100,0.0006735360000000001,67108864,,retained-standalone-microbenchmark,attn_decode,declared-contractions-only,134217728,False,1.6080833333333334e-06,0.0024532793503039517,False,1,,1.8060582199999998e-06,3.746400028125e-05,99636640060.81337,HBM-bound,0.0006389637924178359,True,True,True,199273280121.62674,0.05562286244721885,2.0,0.05562286244721885,HBM-bound,174.10333138515472,1593,,1.2341996233521658e-05,,"{""k"":64,""length"":2048,""m"":16,""n"":16,""rotate"":1,""size_bytes"":0}",1410,1410,0.002161246941496503,examples/a100_kernel_constants_v1/measurements/results.json,1,"[""G9R"",""G10"",""G11R""]",True,void,True,False,0.0006735360000000001,True,,declared
constants/boosted/attn_decode_b16_l8192,10,10,HBM-bound,void-with-findings,boosted,268435456,[],False,311869440000000.0,0.000131647959824231,100524973636.27647,HBM-bound,0.0006446606223185989,True,True,True,201049947272.55295,0.04930014793053421,2.0,0.04930014793053421,HBM-bound,152.94915254237287,a100,0.002670336,268435456,,retained-standalone-microbenchmark,attn_decode,declared-contractions-only,536870912,False,1.62175e-06,0.0006782099444869831,False,1,,1.8060582199999998e-06,0.000149856001125,100524973636.27647,HBM-bound,0.0006446606223185989,True,True,True,201049947272.55295,0.05611878097924755,2.0,0.05611878097924755,HBM-bound,174.10333138515472,1593,,0.00011107796610169492,,"{""k"":64,""length"":8192,""m"":16,""n"":16,""rotate"":1,""size_bytes"":0}",1410,1410,0.0008873194245943325,examples/a100_kernel_constants_v1/measurements/results.json,1,"[""G9R"",""G10"",""G11R""]",True,void,True,False,0.002670336,True,,declared
envelope/gh200/hbm_read_1mib,11,11,launch-bound,launch-screen-excluded,lane-a,1048576,[],False,1070530560000000.0,2.606592847142675e-07,268590169094.3296,launch-bound,0.0,False,False,False,0.0,0.06676723609677516,0.0,0.06676723609677516,HBM-bound,266.11683848797253,gh200,,1048576,,retained-hardware-envelope,hbm_read,source-zero-scalar-work-uninventoried,0,False,,,True,1,,1.304124965e-06,2.7903907177734374e-07,268590169094.3296,launch-bound,0.0,False,False,False,0.0,0.07147517344722894,0.0,0.07147517344722894,HBM-bound,284.8814523426819,2619,,0.0,,"{""k"":0,""length"":0,""m"":0,""n"":0,""rotate"":0,""size_bytes"":1048576}",1980,1980,,examples/gh200_hardware_envelope_v1/measurements/lane_a_result.json,,[],,nonvoid,False,False,3.903999925e-06,False,,declared
envelope/gh200/hbm_write_1mib,12,13,launch-bound,launch-screen-excluded,lane-a,1048576,[],False,1070530560000000.0,2.606592847142675e-07,282482751619.50073,launch-bound,0.0,False,False,False,0.0,0.07022071073651998,0.0,0.07022071073651998,HBM-bound,266.11683848797253,gh200,,1048576,,retained-hardware-envelope,hbm_write,source-zero-scalar-work-uninventoried,0,False,,,True,1,,1.304124965e-06,2.7903907177734374e-07,282482751619.50073,launch-bound,0.0,False,False,False,0.0,0.07517216187001746,0.0,0.07517216187001746,HBM-bound,284.8814523426819,2619,,0.0,,"{""k"":0,""length"":0,""m"":0,""n"":0,""rotate"":0,""size_bytes"":1048576}",1980,1980,,examples/gh200_hardware_envelope_v1/measurements/lane_a_result.json,,[],,nonvoid,False,False,3.712000092e-06,False,,declared
constants/boosted/attn_decode_b16_l512,13,12,HBM-bound,void-with-findings,boosted,16777216,[],False,311869440000000.0,8.227997489014438e-06,138896503002.47263,HBM-bound,0.0008907349370459166,True,True,True,277793006004.94525,0.0681185768805284,2.0,0.0681185768805284,HBM-bound,152.94915254237287,a100,0.00024157866666666666,16777216,,retained-standalone-microbenchmark,attn_decode,declared-contractions-only,33554432,False,3.3230833333333333e-06,0.015536983637339056,False,1,,1.8060582199999998e-06,9.3660000703125e-06,138896503002.47263,HBM-bound,0.0008907349370459166,True,True,True,277793006004.94525,0.07753995996042007,2.0,0.07753995996042007,HBM-bound,174.10333138515472,1593,,1.075912792224849e-07,,"{""k"":64,""length"":512,""m"":16,""n"":16,""rotate"":1,""size_bytes"":0}",1410,1410,0.007020348609802816,examples/a100_kernel_constants_v1/measurements/results.json,2,"[""G9R"",""G10"",""G11R""]",True,void,True,False,0.00012078933333333333,True,,declared
constants/boosted/attn_decode_b16_l128,14,14,HBM-bound,void-with-findings,boosted,4194304,[],False,311869440000000.0,2.0569993722536095e-06,147051608077.78607,HBM-bound,0.0009430331364162265,True,True,True,294103216155.57214,0.07211805951711889,2.0,0.07211805951711889,HBM-bound,152.94915254237287,a100,0.00022818133333333334,4194304,,retained-standalone-microbenchmark,attn_decode,declared-contractions-only,8388608,False,1.2806250000000001e-05,0.057603990709459464,False,1,,1.8060582199999998e-06,2.341500017578125e-06,147051608077.78607,HBM-bound,0.0009430331364162265,True,True,True,294103216155.57214,0.08209260532832804,2.0,0.08209260532832804,HBM-bound,174.10333138515472,1593,,2.6897819805621224e-08,,"{""k"":64,""length"":128,""m"":16,""n"":16,""rotate"":1,""size_bytes"":0}",1410,1410,0.0024806468140279626,examples/a100_kernel_constants_v1/measurements/results.json,8,"[""G9R"",""G10"",""G11R""]",True,void,True,False,2.8522666666666667e-05,True,,declared
constants/boosted/gemm_G3_m4,15,15,launch-bound,void-with-findings,boosted,1060864,[],False,311869440000000.0,5.202762084118016e-07,148886227544.9102,launch-bound,0.0018874779990845731,False,False,False,588646706586.8263,0.07301780619551856,3.9536679536679538,0.07301780619551856,HBM-bound,152.94915254237287,a100,0.00022801066666666668,1060864,,retained-standalone-microbenchmark,G3:grid,declared-contractions-only,4194304,False,0.00011334749999999999,0.5100251618806306,True,1,,1.8060582199999998e-06,5.922348677272796e-07,148886227544.9102,launch-bound,0.0018874779990845731,False,False,False,588646706586.8263,0.08311679468477913,3.9536679536679538,0.08311679468477913,HBM-bound,174.10333138515472,1593,,1.3448909902810612e-08,,"{""k"":512,""length"":0,""m"":4,""n"":1024,""rotate"":1,""size_bytes"":0}",1410,1410,0.002800641756567309,examples/a100_kernel_constants_v1/measurements/results.json,32,"[""G9R"",""G10"",""G11R""]",True,void,True,False,7.125333333333334e-06,True,,declared
constants/boosted/moe_expert_down_m4,16,16,launch-bound,void-with-findings,boosted,1060864,[],False,311869440000000.0,5.202762084118016e-07,149053578119.14572,launch-bound,0.0018895995554717045,False,False,False,589308355189.2094,0.07309987941342284,3.9536679536679538,0.07309987941342284,HBM-bound,152.94915254237287,a100,0.00022775466666666668,1060864,,retained-standalone-microbenchmark,expert_down:captured,declared-contractions-only,4194304,False,0.00011358958333333334,0.5176968961148649,True,1,,1.8060582199999998e-06,5.922348677272796e-07,149053578119.14572,launch-bound,0.0018895995554717045,False,False,False,589308355189.2094,0.08321021933223299,3.9536679536679538,0.08321021933223299,HBM-bound,174.10333138515472,1593,,1.3448909902810612e-08,,"{""k"":512,""length"":0,""m"":4,""n"":1024,""rotate"":1,""size_bytes"":0}",1410,1410,0.0034134258445651026,examples/a100_kernel_constants_v1/measurements/results.json,32,"[""G9R"",""G10"",""G11R""]",True,void,True,False,7.117333333333334e-06,True,,declared
constants/base/moe_expert_down_m54,17,17,launch-bound,void-with-findings,base,1214464,[],False,282009600000000.0,5.956057752667922e-07,149123772102.1611,launch-bound,0.024654262490850957,False,False,False,6952738703339.882,0.07313430442863363,46.62394603709949,0.07313430442863363,HBM-bound,138.3050847457627,a100,0.000130304,1214464,,retained-standalone-microbenchmark,expert_down:captured,declared-contractions-only,56623104,True,8.637533333333333e-05,0.87048828125,True,1,,1.8060582199999998e-06,6.779831593866349e-07,149123772102.1611,launch-bound,0.024654262490850957,False,False,False,6952738703339.882,0.083249405622131,46.62394603709949,0.083249405622131,HBM-bound,157.4338634865761,1593,,2.007843137254902e-07,,"{""k"":512,""length"":0,""m"":54,""n"":1024,""rotate"":1,""size_bytes"":0}",1275,1275,0.05417316793093268,examples/a100_kernel_constants_v1/measurements/results.json,16,"[""G9R"",""G10"",""G11R""]",True,void,True,False,8.144e-06,True,,declared
constants/boosted/moe_expert_down_m7,18,18,launch-bound,void-with-findings,boosted,1070080,[],False,311869440000000.0,5.247959824231011e-07,150687194892.97784,launch-bound,0.0033142497648214284,False,False,False,1033613218174.9906,0.07390104897058314,6.85933014354067,0.07390104897058314,HBM-bound,152.94915254237287,a100,0.00022724266666666667,1070080,,retained-standalone-microbenchmark,expert_down:captured,declared-contractions-only,7340032,False,0.00011322908333333334,0.5067563984728507,True,1,,1.8060582199999998e-06,5.97379765226841e-07,150687194892.97784,launch-bound,0.0033142497648214284,False,False,False,1033613218174.9906,0.08412219750659608,6.85933014354067,0.08412219750659608,HBM-bound,174.10333138515472,1593,,2.353559232991857e-08,,"{""k"":512,""length"":0,""m"":7,""n"":1024,""rotate"":1,""size_bytes"":0}",1410,1410,0.0028843956995375794,examples/a100_kernel_constants_v1/measurements/results.json,32,"[""G9R"",""G10"",""G11R""]",True,void,True,False,7.1013333333333335e-06,True,,declared
constants/boosted/gemm_G3_m8,19,19,launch-bound,void-with-findings,boosted,1073152,[],False,311869440000000.0,5.263025737602009e-07,150893138357.7053,launch-bound,0.003782033156020982,False,False,False,1179500562429.6963,0.0740020491788809,7.816793893129771,0.0740020491788809,HBM-bound,152.94915254237287,a100,0.000227584,1073152,,retained-standalone-microbenchmark,G3:grid,declared-contractions-only,8388608,False,0.00011330800000000001,0.5298599380630631,True,1,,1.8060582199999998e-06,5.990947310600281e-07,150893138357.7053,launch-bound,0.003782033156020982,False,False,False,1179500562429.6963,0.08423716690945278,7.816793893129771,0.08423716690945278,HBM-bound,174.10333138515472,1593,,2.6897819805621224e-08,,"{""k"":512,""length"":0,""m"":8,""n"":1024,""rotate"":1,""size_bytes"":0}",1410,1410,0.0026777009480850465,examples/a100_kernel_constants_v1/measurements/results.json,32,"[""G9R"",""G10"",""G11R""]",True,void,True,False,7.112e-06,True,,declared
constants/boosted/moe_expert_down_m11,20,20,launch-bound,void-with-findings,boosted,1082368,[],False,311869440000000.0,5.308223477715003e-07,152303189493.4334,launch-bound,0.005204198250384031,False,False,False,1623030393996.2476,0.074693576140455,10.656575212866604,0.074693576140455,HBM-bound,152.94915254237287,a100,0.00022741333333333333,1082368,,retained-standalone-microbenchmark,expert_down:captured,declared-contractions-only,11534336,False,0.0001129025,0.5036335163288288,True,1,,1.8060582199999998e-06,6.042396285595894e-07,152303189493.4334,launch-bound,0.005204198250384031,False,False,False,1623030393996.2476,0.08502433797742816,10.656575212866604,0.08502433797742816,HBM-bound,174.10333138515472,1593,,3.698450223272918e-08,,"{""k"":512,""length"":0,""m"":11,""n"":1024,""rotate"":1,""size_bytes"":0}",1410,1410,0.002882231049856876,examples/a100_kernel_constants_v1/measurements/results.json,32,"[""G9R"",""G10"",""G11R""]",True,void,True,False,7.106666666666667e-06,True,,declared
constants/boosted/moe_expert_down_m18,21,21,launch-bound,void-with-findings,boosted,1103872,[],False,311869440000000.0,5.41368487131199e-07,155038202247.191,launch-bound,0.008500013281270752,False,False,False,2650894382022.472,0.07603489987797739,17.098330241187384,0.07603489987797739,HBM-bound,152.94915254237287,a100,0.00022784,1103872,,retained-standalone-microbenchmark,expert_down:captured,declared-contractions-only,18874368,False,0.00011717216666666667,0.5224521396396397,True,1,,1.8060582199999998e-06,6.162443893918991e-07,155038202247.191,launch-bound,0.008500013281270752,False,False,False,2650894382022.472,0.08655117828537909,17.098330241187384,0.08655117828537909,HBM-bound,174.10333138515472,1593,,6.052009456264775e-08,,"{""k"":512,""length"":0,""m"":18,""n"":1024,""rotate"":1,""size_bytes"":0}",1410,1410,0.004677901122395784,examples/a100_kernel_constants_v1/measurements/results.json,32,"[""G9R"",""G10"",""G11R""]",True,void,True,False,7.12e-06,True,,declared
constants/boosted/moe_expert_down_m2,22,22,launch-bound,void-with-findings,boosted,1054720,[],False,311869440000000.0,5.17263025737602e-07,158715890850.72232,launch-bound,0.0010119063430084228,False,False,False,315582664526.48474,0.07783853717961507,1.9883495145631067,0.07783853717961507,HBM-bound,152.94915254237287,a100,0.00021265066666666666,1054720,,retained-standalone-microbenchmark,expert_down:captured,declared-contractions-only,2097152,False,0.00012577375,0.6488479393115942,True,1,,1.8060582199999998e-06,5.888049360609055e-07,158715890850.72232,launch-bound,0.0010119063430084228,False,False,False,315582664526.48474,0.0886042740862117,1.9883495145631067,0.0886042740862117,HBM-bound,174.10333138515472,1593,,6.724454951405306e-09,,"{""k"":512,""length"":0,""m"":2,""n"":1024,""rotate"":1,""size_bytes"":0}",1410,1410,0.0030029353023868005,examples/a100_kernel_constants_v1/measurements/results.json,32,"[""G9R"",""G10"",""G11R""]",True,void,True,False,6.645333333333333e-06,True,,declared
constants/boosted/gemm_G3_m2,23,23,launch-bound,void-with-findings,boosted,1054720,[],False,311869440000000.0,5.17263025737602e-07,158971061093.24762,launch-bound,0.0010135332020807838,False,False,False,316090032154.3409,0.07796367952234758,1.9883495145631067,0.07796367952234758,HBM-bound,152.94915254237287,a100,0.0002123093333333333,1054720,,retained-standalone-microbenchmark,G3:grid,declared-contractions-only,2097152,False,0.00012353533333333332,0.6210321222694175,True,1,,1.8060582199999998e-06,5.888049360609055e-07,158971061093.24762,launch-bound,0.0010135332020807838,False,False,False,316090032154.3409,0.08874672468763649,1.9883495145631067,0.08874672468763649,HBM-bound,174.10333138515472,1593,,6.724454951405306e-09,,"{""k"":512,""length"":0,""m"":2,""n"":1024,""rotate"":1,""size_bytes"":0}",1410,1410,0.003594964594051094,examples/a100_kernel_constants_v1/measurements/results.json,32,"[""G9R"",""G10"",""G11R""]",True,void,True,False,6.634666666666666e-06,True,,declared
constants/boosted/moe_expert_down_m27,24,24,launch-bound,void-with-findings,boosted,1131520,[],False,311869440000000.0,5.549278091650973e-07,159040479760.11993,launch-bound,0.01275957765797952,False,False,False,3979322338830.5845,0.07799772430169095,25.02081447963801,0.07799772430169095,HBM-bound,152.94915254237287,a100,0.00022766933333333335,1131520,,retained-standalone-microbenchmark,expert_down:captured,declared-contractions-only,28311552,False,0.000117053,0.5210488809121622,True,1,,1.8060582199999998e-06,6.31679081890583e-07,159040479760.11993,launch-bound,0.01275957765797952,False,False,False,3979322338830.5845,0.08878547815178733,25.02081447963801,0.08878547815178733,HBM-bound,174.10333138515472,1593,,9.078014184397163e-08,,"{""k"":512,""length"":0,""m"":27,""n"":1024,""rotate"":1,""size_bytes"":0}",1410,1410,0.0028048406197705585,examples/a100_kernel_constants_v1/measurements/results.json,32,"[""G9R"",""G10"",""G11R""]",True,void,True,False,7.114666666666667e-06,True,,declared
constants/boosted/gemm_G3_m32,25,25,launch-bound,void-with-findings,boosted,1146880,[],False,311869440000000.0,5.624607658505964e-07,161018345189.06778,launch-bound,0.015105477240146702,False,False,False,4710936727817.297,0.07896772264843642,29.257142857142856,0.07896772264843642,HBM-bound,152.94915254237287,a100,0.00022792533333333332,1146880,,retained-standalone-microbenchmark,G3:grid,declared-contractions-only,33554432,False,0.00011719483333333333,0.5243084881756757,True,1,,1.8060582199999998e-06,6.402539110565185e-07,161018345189.06778,launch-bound,0.015105477240146702,False,False,False,4710936727817.297,0.08988963558449811,29.257142857142856,0.08988963558449811,HBM-bound,174.10333138515472,1593,,1.075912792224849e-07,,"{""k"":512,""length"":0,""m"":32,""n"":1024,""rotate"":1,""size_bytes"":0}",1410,1410,0.0034108699285452116,examples/a100_kernel_constants_v1/measurements/results.json,32,"[""G9R"",""G10"",""G11R""]",True,void,True,False,7.122666666666666e-06,True,,declared
constants/boosted/moe_expert_down_m14,26,26,launch-bound,void-with-findings,boosted,1091584,[],False,311869440000000.0,5.353421217827998e-07,164395180722.89157,launch-bound,0.007089033834312823,False,False,False,2210853012048.193,0.080623813521506,13.448405253283303,0.080623813521506,HBM-bound,152.94915254237287,a100,0.00021248,1091584,,retained-standalone-microbenchmark,expert_down:captured,declared-contractions-only,14680064,False,0.00012436033333333333,0.5962814775485438,True,1,,1.8060582199999998e-06,6.093845260591507e-07,164395180722.89157,launch-bound,0.007089033834312823,False,False,False,2210853012048.193,0.09177477802095643,13.448405253283303,0.09177477802095643,HBM-bound,174.10333138515472,1593,,4.707118465983714e-08,,"{""k"":512,""length"":0,""m"":14,""n"":1024,""rotate"":1,""size_bytes"":0}",1410,1410,0.003110829996953735,examples/a100_kernel_constants_v1/measurements/results.json,32,"[""G9R"",""G10"",""G11R""]",True,void,True,False,6.64e-06,True,,declared
constants/boosted/gemm_G3_m16,27,27,launch-bound,void-with-findings,boosted,1097728,[],False,311869440000000.0,5.383553044569993e-07,165254114813.32797,launch-bound,0.008098500543643484,False,False,False,2525674829385.789,0.08104505787690677,15.283582089552239,0.08104505787690677,HBM-bound,152.94915254237287,a100,0.00021256533333333333,1097728,,retained-standalone-microbenchmark,G3:grid,declared-contractions-only,16777216,False,0.00012587066666666665,0.6173612154447116,True,1,,1.8060582199999998e-06,6.128144577255249e-07,165254114813.32797,launch-bound,0.008098500543643484,False,False,False,2525674829385.789,0.09225428408152223,15.283582089552239,0.09225428408152223,HBM-bound,174.10333138515472,1593,,5.379563961124245e-08,,"{""k"":512,""length"":0,""m"":16,""n"":1024,""rotate"":1,""size_bytes"":0}",1410,1410,0.0023749818478922486,examples/a100_kernel_constants_v1/measurements/results.json,32,"[""G9R"",""G10"",""G11R""]",True,void,True,False,6.6426666666666665e-06,True,,declared
constants/boosted/moe_expert_down_m54,28,28,launch-bound,void-with-findings,boosted,1214464,[],False,311869440000000.0,5.956057752667922e-07,166273822562.9792,launch-bound,0.024857651107330674,False,False,False,7752341730558.598,0.08154514995438009,46.62394603709949,0.08154514995438009,HBM-bound,152.94915254237287,a100,0.00023372800000000002,1214464,,retained-standalone-microbenchmark,expert_down:captured,declared-contractions-only,56623104,False,0.00011255275,0.5298690459801763,True,1,,1.8060582199999998e-06,6.779831593866349e-07,166273822562.9792,launch-bound,0.024857651107330674,False,False,False,7752341730558.598,0.09282354317998834,46.62394603709949,0.09282354317998834,HBM-bound,174.10333138515472,1593,,1.8156028368794326e-07,,"{""k"":512,""length"":0,""m"":54,""n"":1024,""rotate"":1,""size_bytes"":0}",1410,1410,0.003161830608924619,examples/a100_kernel_constants_v1/measurements/results.json,32,"[""G9R"",""G10"",""G11R""]",True,void,True,False,7.304000000000001e-06,True,,declared
envelope/a100/hbm_read_1mib,29,29,launch-bound,launch-screen-excluded,lane-a,1048576,[],False,282009600000000.0,5.142498430634024e-07,170666660638.88913,launch-bound,0.0,False,False,False,0.0,0.08369951577158326,0.0,0.08369951577158326,HBM-bound,138.3050847457627,a100,,1048576,,retained-hardware-envelope,hbm_read,source-zero-scalar-work-uninventoried,0,False,,,True,1,,1.8060582199999998e-06,5.853750043945312e-07,170666660638.88913,launch-bound,0.0,False,False,False,0.0,0.09527587625645607,0.0,0.09527587625645607,HBM-bound,157.4338634865761,1593,,0.0,,"{""k"":0,""length"":0,""m"":0,""n"":0,""rotate"":0,""size_bytes"":1048576}",1275,1275,,examples/a100_hardware_envelope_v1/measurements/lane_a_result.json,,[],,nonvoid,False,False,6.144000216999999e-06,False,,declared
envelope/a100/hbm_write_1mib,30,30,launch-bound,launch-screen-excluded,lane-a,1048576,[],False,282009600000000.0,5.142498430634024e-07,170666660638.88913,launch-bound,0.0,False,False,False,0.0,0.08369951577158326,0.0,0.08369951577158326,HBM-bound,138.3050847457627,a100,,1048576,,retained-hardware-envelope,hbm_write,source-zero-scalar-work-uninventoried,0,False,,,True,1,,1.8060582199999998e-06,5.853750043945312e-07,170666660638.88913,launch-bound,0.0,False,False,False,0.0,0.09527587625645607,0.0,0.09527587625645607,HBM-bound,157.4338634865761,1593,,0.0,,"{""k"":0,""length"":0,""m"":0,""n"":0,""rotate"":0,""size_bytes"":1048576}",1275,1275,,examples/a100_hardware_envelope_v1/measurements/lane_a_result.json,,[],,nonvoid,False,False,6.144000216999999e-06,False,,declared
constants/boosted/gemm_G3_m69,31,31,launch-bound,void-with-findings,boosted,1260544,[],False,311869440000000.0,6.182046453232894e-07,170774566473.98843,launch-bound,0.03142978176799355,False,False,False,9801988439306.357,0.08375243569228089,57.39723801787165,0.08375243569228089,HBM-bound,152.94915254237287,a100,0.0002362026666666667,1260544,,retained-standalone-microbenchmark,G3:grid,declared-contractions-only,72351744,False,0.00011220858333333333,0.4865217537715517,True,1,,1.8060582199999998e-06,7.037076468844413e-07,170774566473.98843,launch-bound,0.03142978176799355,False,False,False,9801988439306.357,0.095336115455804,57.39723801787165,0.095336115455804,HBM-bound,174.10333138515472,1593,,2.3199369582348306e-07,,"{""k"":512,""length"":0,""m"":69,""n"":1024,""rotate"":1,""size_bytes"":0}",1410,1410,0.0032313121062135545,examples/a100_kernel_constants_v1/measurements/results.json,32,"[""G9R"",""G10"",""G11R""]",True,void,True,False,7.381333333333334e-06,True,,declared
constants/boosted/gemm_G3_m64,32,32,launch-bound,void-with-findings,boosted,1245184,[],False,311869440000000.0,6.106716886377903e-07,171607497243.66043,launch-bound,0.02965581014952726,False,False,False,9248740904079.383,0.0841609273205334,53.89473684210526,0.0841609273205334,HBM-bound,152.94915254237287,a100,0.000232192,1245184,,retained-standalone-microbenchmark,G3:grid,declared-contractions-only,67108864,False,0.00011196816666666667,0.4935770580947137,True,1,,1.8060582199999998e-06,6.951328177185058e-07,171607497243.66043,launch-bound,0.02965581014952726,False,False,False,9248740904079.383,0.09580110497774337,53.89473684210526,0.09580110497774337,HBM-bound,174.10333138515472,1593,,2.151825584449698e-07,,"{""k"":512,""length"":0,""m"":64,""n"":1024,""rotate"":1,""size_bytes"":0}",1410,1410,0.0026245602456975124,examples/a100_kernel_constants_v1/measurements/results.json,32,"[""G9R"",""G10"",""G11R""]",True,void,True,False,7.256e-06,True,,declared
constants/boosted/attn_decode_b64_l512,33,33,HBM-bound,void-with-findings,boosted,67108864,[],False,311869440000000.0,3.291198995605775e-05,178329251700.68027,HBM-bound,0.0011436147876539636,True,True,True,356658503401.36053,0.08745745630329972,2.0,0.08745745630329972,HBM-bound,152.94915254237287,a100,0.00037632000000000003,67108864,,retained-standalone-microbenchmark,attn_decode,declared-contractions-only,134217728,False,1.6414166666666668e-06,0.004678477411684783,False,1,,1.8060582199999998e-06,3.746400028125e-05,178329251700.68027,HBM-bound,0.0011436147876539636,True,True,True,356658503401.36053,0.09955357217594067,2.0,0.09955357217594067,HBM-bound,174.10333138515472,1593,,1.2341996233521658e-05,,"{""k"":64,""length"":512,""m"":64,""n"":16,""rotate"":1,""size_bytes"":0}",1410,1410,0.006234796863885495,examples/a100_kernel_constants_v1/measurements/results.json,1,"[""G9R"",""G10"",""G11R""]",True,void,True,False,0.00037632000000000003,True,,declared
constants/boosted/attn_decode_b64_l128,34,34,HBM-bound,void-with-findings,boosted,16777216,[],False,311869440000000.0,8.227997489014438e-06,178410163339.38293,HBM-bound,0.0011441336691365653,True,True,True,356820326678.76587,0.08749713754481665,2.0,0.08749713754481665,HBM-bound,152.94915254237287,a100,0.0003761493333333333,16777216,,retained-standalone-microbenchmark,attn_decode,declared-contractions-only,33554432,False,6.488333333333334e-06,0.018317864441416896,False,1,,1.8060582199999998e-06,9.3660000703125e-06,178410163339.38293,HBM-bound,0.0011441336691365653,True,True,True,356820326678.76587,0.0995987416732982,2.0,0.0995987416732982,HBM-bound,174.10333138515472,1593,,1.075912792224849e-07,,"{""k"":64,""length"":128,""m"":64,""n"":16,""rotate"":1,""size_bytes"":0}",1410,1410,0.004886719425711906,examples/a100_kernel_constants_v1/measurements/results.json,4,"[""G9R"",""G10"",""G11R""]",True,void,True,False,9.403733333333333e-05,True,,declared
constants/boosted/gemm_G3_holdout_m89,35,35,launch-bound,void-with-findings,boosted,1321984,[],False,311869440000000.0,6.483364720652857e-07,178904366654.6373,launch-bound,0.04049597329540817,False,False,False,12629456513893.9,0.08773950812864746,70.59333849728893,0.08773950812864746,HBM-bound,152.94915254237287,a100,0.0002364586666666667,1321984,,retained-standalone-microbenchmark,G3:holdout,declared-contractions-only,93323264,False,0.00011119750000000001,0.4783803436147186,True,1,,1.8060582199999998e-06,7.380069635481834e-07,178904366654.6373,launch-bound,0.04049597329540817,False,False,False,12629456513893.9,0.09987463418641962,70.59333849728893,0.09987463418641962,HBM-bound,174.10333138515472,1593,,2.9923824533753613e-07,,"{""k"":512,""length"":0,""m"":89,""n"":1024,""rotate"":1,""size_bytes"":0}",1410,1410,0.003287778267464547,examples/a100_kernel_constants_v1/measurements/results.json,32,"[""G9R"",""G10"",""G11R""]",True,void,True,False,7.389333333333334e-06,True,,declared
constants/boosted/attn_decode_b64_l8192,36,36,HBM-bound,void-with-findings,boosted,1073741824,[],False,311869440000000.0,0.000526591839296924,180568443710.98514,HBM-bound,0.0011579745916174737,True,True,True,361136887421.9703,0.08855561622674647,2.0,0.08855561622674647,HBM-bound,152.94915254237287,a100,0.005946453333333334,1073741824,,retained-standalone-microbenchmark,attn_decode,declared-contractions-only,2147483648,False,1.6456666666666668e-06,0.0003014766808712121,False,1,,1.8060582199999998e-06,0.0005994240045,180568443710.98514,HBM-bound,0.0011579745916174737,True,True,True,361136887421.9703,0.10080361702998313,2.0,0.10080361702998313,HBM-bound,174.10333138515472,1593,,0.0005060218455743879,,"{""k"":64,""length"":8192,""m"":64,""n"":16,""rotate"":1,""size_bytes"":0}",1410,1410,0.004110976314171986,examples/a100_kernel_constants_v1/measurements/results.json,1,"[""G9R"",""G10"",""G11R""]",True,void,True,False,0.005946453333333334,True,,declared
constants/boosted/attn_decode_b64_l2048,37,37,HBM-bound,void-with-findings,boosted,268435456,[],False,311869440000000.0,0.000131647959824231,182160403034.339,HBM-bound,0.0011681837312071293,True,True,True,364320806068.678,0.08933635585095877,2.0,0.08933635585095877,HBM-bound,152.94915254237287,a100,0.0014736213333333334,268435456,,retained-standalone-microbenchmark,attn_decode,declared-contractions-only,536870912,False,1.606416666666667e-06,0.0011393229166666667,False,1,,1.8060582199999998e-06,0.000149856001125,182160403034.339,HBM-bound,0.0011681837312071293,True,True,True,364320806068.678,0.10169233963655067,2.0,0.10169233963655067,HBM-bound,174.10333138515472,1593,,0.00011107796610169492,,"{""k"":64,""length"":2048,""m"":64,""n"":16,""rotate"":1,""size_bytes"":0}",1410,1410,0.006502907453138534,examples/a100_kernel_constants_v1/measurements/results.json,1,"[""G9R"",""G10"",""G11R""]",True,void,True,False,0.0014736213333333334,True,,declared
constants/boosted/attn_prefill_granite_s128,38,38,launch-bound,void-with-findings,boosted,2097152,[],False,311869440000000.0,1.0284996861268048e-06,187692601431.98093,launch-bound,0.019258582199728803,False,False,False,6006163245823.39,0.09204949458175461,32.0,0.09204949458175461,HBM-bound,152.94915254237287,a100,0.0001787733333333333,2097152,,retained-standalone-microbenchmark,attn_prefill_granite,declared-contractions-only,67108864,False,0.00011864591666666667,0.6983314732142857,True,2,,3.6121164399999996e-06,1.1707500087890624e-06,187692601431.98093,launch-bound,0.019258582199728803,False,False,False,6006163245823.39,0.1047807287102383,32.0,0.1047807287102383,HBM-bound,174.10333138515472,1593,,2.151825584449698e-07,,"{""k"":64,""length"":128,""m"":128,""n"":16,""rotate"":1,""size_bytes"":0}",1410,1410,0.004348655646369576,examples/a100_kernel_constants_v1/measurements/results.json,16,"[""G9R"",""G10"",""G11R""]",False,void,True,False,1.1173333333333332e-05,True,,declared
constants/boosted/gemm_G3_m111,39,39,launch-bound,void-with-findings,boosted,1389568,[],False,311869440000000.0,6.814814814814815e-07,187982683982.68396,launch-bound,0.050487993750405094,False,False,False,15745662337662.336,0.09219175885842552,83.76123802505526,0.09219175885842552,HBM-bound,152.94915254237287,a100,0.00023654400000000002,1389568,,retained-standalone-microbenchmark,G3:grid,declared-contractions-only,116391936,False,0.00011151808333333334,0.47854521780303033,True,1,,1.8060582199999998e-06,7.757362118782997e-07,187982683982.68396,launch-bound,0.050487993750405094,False,False,False,15745662337662.336,0.10494266935583058,83.76123802505526,0.10494266935583058,HBM-bound,174.10333138515472,1593,,3.732072498029945e-07,,"{""k"":512,""length"":0,""m"":111,""n"":1024,""rotate"":1,""size_bytes"":0}",1410,1410,0.002499351814673694,examples/a100_kernel_constants_v1/measurements/results.json,32,"[""G9R"",""G10"",""G11R""]",True,void,True,False,7.3920000000000005e-06,True,,declared
constants/boosted/gemm_G2_m16,40,40,launch-bound,void-with-findings,boosted,2162688,[],False,311869440000000.0,1.0606403013182674e-06,192547008547.00858,launch-bound,0.009578995657272518,False,False,False,2987396011396.0117,0.09443022625696826,15.515151515151516,0.09443022625696826,HBM-bound,152.94915254237287,a100,0.00017971199999999998,2162688,,retained-standalone-microbenchmark,G2:grid,declared-contractions-only,33554432,False,6.0059e-05,0.34854910714285714,True,1,,1.8060582199999998e-06,1.2073359465637208e-06,192547008547.00858,launch-bound,0.009578995657272518,False,False,False,2987396011396.0117,0.10749073598323726,15.515151515151516,0.10749073598323726,HBM-bound,174.10333138515472,1593,,1.075912792224849e-07,,"{""k"":1024,""length"":0,""m"":16,""n"":1024,""rotate"":1,""size_bytes"":0}",1410,1410,0.002849002849002837,examples/a100_kernel_constants_v1/measurements/results.json,16,"[""G9R"",""G10"",""G11R""]",True,void,True,False,1.1231999999999999e-05,True,,declared
constants/boosted/gemm_G3_m152,41,41,launch-bound,void-with-findings,boosted,1515520,[],False,311869440000000.0,7.432517263025738e-07,205095633345.36267,launch-bound,0.0691616622573263,False,False,False,21569408877661.492,0.10058440900882899,105.16756756756757,0.10058440900882899,HBM-bound,152.94915254237287,a100,0.0002364586666666667,1515520,,retained-standalone-microbenchmark,G3:grid,declared-contractions-only,159383552,False,0.00011124425,0.48227391098484845,True,1,,1.8060582199999998e-06,8.460498110389709e-07,205095633345.36267,launch-bound,0.0691616622573263,False,False,False,21569408877661.492,0.11449609496196826,105.16756756756757,0.11449609496196826,HBM-bound,174.10333138515472,1593,,5.110585763068032e-07,,"{""k"":512,""length"":0,""m"":152,""n"":1024,""rotate"":1,""size_bytes"":0}",1410,1410,0.0021349981173221185,examples/a100_kernel_constants_v1/measurements/results.json,32,"[""G9R"",""G10"",""G11R""]",True,void,True,False,7.389333333333334e-06,True,,declared
constants/boosted/gemm_G3_holdout_m172,42,42,launch-bound,void-with-findings,boosted,1576960,[],False,311869440000000.0,7.7338355304457e-07,213410321183.68817,launch-bound,0.07826188097539556,False,False,False,24407488993143.266,0.10466215531999773,114.36883116883116,0.10466215531999773,HBM-bound,152.94915254237287,a100,0.0002364586666666667,1576960,,retained-standalone-microbenchmark,G3:holdout,declared-contractions-only,180355072,False,0.00011653275,0.5156123173701299,True,1,,1.8060582199999998e-06,8.80349127702713e-07,213410321183.68817,launch-bound,0.07826188097539556,False,False,False,24407488993143.266,0.11913782854150752,114.36883116883116,0.11913782854150752,HBM-bound,174.10333138515472,1593,,5.783031258208563e-07,,"{""k"":512,""length"":0,""m"":172,""n"":1024,""rotate"":1,""size_bytes"":0}",1410,1410,0.0021349981173221185,examples/a100_kernel_constants_v1/measurements/results.json,32,"[""G9R"",""G10"",""G11R""]",True,void,True,False,7.389333333333334e-06,True,,declared
constants/boosted/attn_decode_b256_l128,43,43,HBM-bound,void-with-findings,boosted,67108864,[],False,311869440000000.0,3.291198995605775e-05,221592561284.86896,HBM-bound,0.0014210597953096587,True,True,True,443185122569.7379,0.10867494570232508,2.0,0.10867494570232508,HBM-bound,152.94915254237287,a100,0.00030284800000000004,67108864,,retained-standalone-microbenchmark,attn_decode,declared-contractions-only,134217728,False,1.6790833333333332e-06,0.00823666351010101,False,1,,1.8060582199999998e-06,3.746400028125e-05,221592561284.86896,HBM-bound,0.0014210597953096587,True,True,True,443185122569.7379,0.12370562223045882,2.0,0.12370562223045882,HBM-bound,174.10333138515472,1593,,1.2341996233521658e-05,,"{""k"":64,""length"":128,""m"":256,""n"":16,""rotate"":1,""size_bytes"":0}",1410,1410,0.003416273782187129,examples/a100_kernel_constants_v1/measurements/results.json,1,"[""G9R"",""G10"",""G11R""]",True,void,True,False,0.00030284800000000004,True,,declared
constants/boosted/gemm_G3_m194,44,44,launch-bound,void-with-findings,boosted,1644544,[],False,311869440000000.0,8.065285624607659e-07,221995680345.57233,launch-bound,0.08804969361316342,False,False,False,27460008639308.85,0.10887264612051374,123.69613947696139,0.10887264612051374,HBM-bound,152.94915254237287,a100,0.00023705600000000003,1644544,,retained-standalone-microbenchmark,G3:grid,declared-contractions-only,203423744,False,0.00011607033333333334,0.49795006061422414,True,1,,1.8060582199999998e-06,9.180783760328293e-07,221995680345.57233,launch-bound,0.08804969361316342,False,False,False,27460008639308.85,0.12393066631112705,123.69613947696139,0.12393066631112705,HBM-bound,174.10333138515472,1593,,6.522721302863147e-07,,"{""k"":512,""length"":0,""m"":194,""n"":1024,""rotate"":1,""size_bytes"":0}",1410,1410,0.0021598272138228848,examples/a100_kernel_constants_v1/measurements/results.json,32,"[""G9R"",""G10"",""G11R""]",True,void,True,False,7.408000000000001e-06,True,,declared
constants/base/moe_expert_gate_up_m14,45,45,launch-bound,void-with-findings,base,2154496,[],False,282009600000000.0,1.0566227244193345e-06,222326912493.1205,launch-bound,0.010743366630575669,False,False,False,3029732526141.992,0.10903509126506616,13.627376425855513,0.10903509126506616,HBM-bound,138.3050847457627,a100,0.00015505066666666667,2154496,,retained-standalone-microbenchmark,expert_gate_up:captured,declared-contractions-only,29360128,False,7.903291666666667e-05,0.6663131208609271,True,1,,1.8060582199999998e-06,1.2027627043418885e-06,222326912493.1205,launch-bound,0.010743366630575669,False,False,False,3029732526141.992,0.1241155790116148,13.627376425855513,0.1241155790116148,HBM-bound,157.4338634865761,1593,,1.0411038489469862e-07,,"{""k"":1024,""length"":0,""m"":14,""n"":1024,""rotate"":1,""size_bytes"":0}",1275,1275,0.0032559602548704407,examples/a100_kernel_constants_v1/measurements/results.json,16,"[""G9R"",""G10"",""G11R""]",True,void,True,False,9.690666666666667e-06,True,,declared
constants/boosted/moe_expert_down_m1,46,46,launch-bound,void-with-findings,boosted,1051648,[],False,311869440000000.0,5.157564344005022e-07,222555304740.4063,launch-bound,0.0007115323382553583,False,False,False,221905191873.58914,0.10914710095947422,0.997078870496592,0.10914710095947422,HBM-bound,152.94915254237287,a100,0.00015121066666666668,1051648,,retained-standalone-microbenchmark,expert_down:captured,declared-contractions-only,1048576,False,0.00011235958333333334,0.7603743043664384,True,1,,1.8060582199999998e-06,5.870899702277183e-07,222555304740.4063,launch-bound,0.0007115323382553583,False,False,False,221905191873.58914,0.12424308060688169,0.997078870496592,0.12424308060688169,HBM-bound,174.10333138515472,1593,,3.362227475702653e-09,,"{""k"":512,""length"":0,""m"":1,""n"":1024,""rotate"":1,""size_bytes"":0}",1410,1410,0.007486737675745791,examples/a100_kernel_constants_v1/measurements/results.json,32,"[""G9R"",""G10"",""G11R""]",True,void,True,False,4.725333333333334e-06,True,,declared
constants/boosted/gemm_G3_m1,47,47,launch-bound,void-with-findings,boosted,1051648,[],False,311869440000000.0,5.157564344005022e-07,226648275862.06894,launch-bound,0.000724617990453158,False,False,False,225986206896.5517,0.11115440396562547,0.997078870496592,0.11115440396562547,HBM-bound,152.94915254237287,a100,0.00014848000000000001,1051648,,retained-standalone-microbenchmark,G3:grid,declared-contractions-only,1048576,False,0.00011208333333333334,0.788386932791096,True,1,,1.8060582199999998e-06,5.870899702277183e-07,226648275862.06894,launch-bound,0.000724617990453158,False,False,False,225986206896.5517,0.12652801082493928,0.997078870496592,0.12652801082493928,HBM-bound,174.10333138515472,1593,,3.362227475702653e-09,,"{""k"":512,""length"":0,""m"":1,""n"":1024,""rotate"":1,""size_bytes"":0}",1410,1410,0.006295661580519156,examples/a100_kernel_constants_v1/measurements/results.json,32,"[""G9R"",""G10"",""G11R""]",True,void,True,False,4.6400000000000005e-06,True,,declared
constants/base/attn_decode_b256_l2048,48,48,HBM-bound,void-with-findings,base,1073741824,[],False,282009600000000.0,0.000526591839296924,233319339885.03616,HBM-bound,0.001654690761484972,True,True,True,466638679770.0723,0.11442607299760484,2.0,0.11442607299760484,HBM-bound,138.3050847457627,a100,0.004602026666666667,1073741824,,retained-standalone-microbenchmark,attn_decode,declared-contractions-only,2147483648,False,1.8159166666666665e-06,0.0004782792132216014,False,1,,1.8060582199999998e-06,0.0005994240045,233319339885.03616,HBM-bound,0.001654690761484972,True,True,True,466638679770.0723,0.13025217972806183,2.0,0.13025217972806183,HBM-bound,157.4338634865761,1593,,0.0005060218455743879,,"{""k"":64,""length"":2048,""m"":256,""n"":16,""rotate"":1,""size_bytes"":0}",1275,1275,0.033148467315196745,examples/a100_kernel_constants_v1/measurements/results.json,1,"[""G9R"",""G10"",""G11R""]",True,void,True,False,0.004602026666666667,True,,declared
constants/base/attn_decode_b256_l8192,49,49,HBM-bound,void-with-findings,base,4294967296,[],False,311869440000000.0,0.002106367357187696,235746512990.2395,HBM-bound,0.0015118282380616676,True,True,True,471493025980.479,0.11561642390058041,2.0,0.11561642390058041,HBM-bound,152.94915254237287,a100,0.0182185825,4294967296,,retained-standalone-microbenchmark,attn_decode,declared-contractions-only,8589934592,False,1.92375e-06,0.00011963772546790846,False,1,,1.8060582199999998e-06,0.002397696018,235746512990.2395,HBM-bound,0.0015118282380616676,True,True,True,471493025980.479,0.13160716636434255,2.0,0.13160716636434255,HBM-bound,174.10333138515472,1593,,0.0020857973634651602,,"{""k"":64,""length"":8192,""m"":256,""n"":16,""rotate"":1,""size_bytes"":0}",1410,1410,0.0077164767269680135,examples/a100_kernel_constants_v1/measurements/results.json,1,"[""G9R"",""G10"",""G11R""]",True,void,True,False,0.0182185825,True,,declared
constants/boosted/moe_expert_gate_up_m18,50,50,launch-bound,void-with-findings,boosted,2170880,[],False,311869440000000.0,1.0646578782172002e-06,236376306620.20905,launch-bound,0.013179463101621896,False,False,False,4110271777003.484,0.11592529161772651,17.38867924528302,0.11592529161772651,HBM-bound,152.94915254237287,a100,0.000146944,2170880,,retained-standalone-microbenchmark,expert_gate_up:captured,declared-contractions-only,37748736,False,0.00010112025,0.7015226122359155,True,1,,1.8060582199999998e-06,1.211909188785553e-06,236376306620.20905,launch-bound,0.013179463101621896,False,False,False,4110271777003.484,0.13195875313431543,17.38867924528302,0.13195875313431543,HBM-bound,174.10333138515472,1593,,1.210401891252955e-07,,"{""k"":1024,""length"":0,""m"":18,""n"":1024,""rotate"":1,""size_bytes"":0}",1410,1410,0.004498238497337366,examples/a100_kernel_constants_v1/measurements/results.json,16,"[""G9R"",""G10"",""G11R""]",True,void,True,False,9.184e-06,True,,declared
constants/boosted/moe_expert_gate_up_m4,51,51,launch-bound,void-with-findings,boosted,2113536,[],False,311869440000000.0,1.0365348399246705e-06,236731182795.69897,launch-bound,0.003012748634142163,False,False,False,939584229390.6812,0.11609933242883856,3.9689922480620154,0.11609933242883856,HBM-bound,152.94915254237287,a100,0.00014284799999999997,2113536,,retained-standalone-microbenchmark,expert_gate_up:captured,declared-contractions-only,8388608,False,5.828458333333333e-05,0.41538331834532377,True,1,,1.8060582199999998e-06,1.179896493232727e-06,236731182795.69897,launch-bound,0.003012748634142163,False,False,False,939584229390.6812,0.13215686528144346,3.9689922480620154,0.13215686528144346,HBM-bound,174.10333138515472,1593,,2.6897819805621224e-08,,"{""k"":1024,""length"":0,""m"":4,""n"":1024,""rotate"":1,""size_bytes"":0}",1410,1410,0.004627220246364913,examples/a100_kernel_constants_v1/measurements/results.json,16,"[""G9R"",""G10"",""G11R""]",True,void,True,False,8.927999999999998e-06,True,,declared
constants/boosted/gemm_G2_m2,52,52,launch-bound,void-with-findings,boosted,2105344,[],False,311869440000000.0,1.0325172630257376e-06,236803839232.1536,launch-bound,0.0015126998241013737,False,False,False,471764847030.59393,0.11613496509737602,1.9922178988326849,0.11613496509737602,HBM-bound,152.94915254237287,a100,0.00014225066666666666,2105344,,retained-standalone-microbenchmark,G2:grid,declared-contractions-only,4194304,False,5.8140333333333336e-05,0.4157345998201439,True,1,,1.8060582199999998e-06,1.1753232510108947e-06,236803839232.1536,launch-bound,0.0015126998241013737,False,False,False,471764847030.59393,0.13219742625347497,1.9922178988326849,0.13219742625347497,HBM-bound,174.10333138515472,1593,,1.3448909902810612e-08,,"{""k"":1024,""length"":0,""m"":2,""n"":1024,""rotate"":1,""size_bytes"":0}",1410,1410,0.004607765895542037,examples/a100_kernel_constants_v1/measurements/results.json,16,"[""G9R"",""G10"",""G11R""]",True,void,True,False,8.890666666666666e-06,True,,declared
constants/boosted/gemm_G3_m236,53,53,launch-bound,void-with-findings,boosted,1773568,[],False,311869440000000.0,8.698053986189579e-07,238297384450.0179,launch-bound,0.10661308907190427,False,False,False,33249364385524.902,0.11686743980011079,139.52886836027713,0.11686743980011079,HBM-bound,152.94915254237287,a100,0.00023816533333333333,1773568,,retained-standalone-microbenchmark,G3:grid,declared-contractions-only,247463936,False,0.00011613533333333333,0.4941783462982833,True,1,,1.8060582199999998e-06,9.901069410266876e-07,238297384450.0179,launch-bound,0.10661308907190427,False,False,False,33249364385524.902,0.13303120848620847,139.52886836027713,0.13303120848620847,HBM-bound,174.10333138515472,1593,,7.934856842658261e-07,,"{""k"":512,""length"":0,""m"":236,""n"":1024,""rotate"":1,""size_bytes"":0}",1410,1410,0.002752112414141374,examples/a100_kernel_constants_v1/measurements/results.json,32,"[""G9R"",""G10"",""G11R""]",True,void,True,False,7.4426666666666665e-06,True,,declared
constants/boosted/moe_expert_gate_up_m2,54,54,launch-bound,void-with-findings,boosted,2105344,[],False,311869440000000.0,1.0325172630257376e-06,238304859643.82733,launch-bound,0.0015222883228354902,False,False,False,474755206761.2436,0.11687110583599505,1.9922178988326849,0.11687110583599505,HBM-bound,152.94915254237287,a100,0.00028270933333333334,2105344,,retained-standalone-microbenchmark,expert_gate_up:captured,declared-contractions-only,4194304,False,0.00011694341666666667,0.4354622630866426,True,1,,1.8060582199999998e-06,1.1753232510108947e-06,238304859643.82733,launch-bound,0.0015222883228354902,False,False,False,474755206761.2436,0.13303538156627995,1.9922178988326849,0.13303538156627995,HBM-bound,174.10333138515472,1593,,1.3448909902810612e-08,,"{""k"":1024,""length"":0,""m"":2,""n"":1024,""rotate"":1,""size_bytes"":0}",1410,1410,0.0017857168074553668,examples/a100_kernel_constants_v1/measurements/results.json,32,"[""G9R"",""G10"",""G11R""]",True,void,True,False,8.834666666666667e-06,True,,declared
constants/boosted/attn_decode_b256_l8192,55,55,HBM-bound,void-with-findings,boosted,4294967296,[],False,311869440000000.0,0.002106367357187696,238826128444.6726,HBM-bound,0.0015315776271293052,True,True,True,477652256889.3452,0.1171267500611428,2.0,0.1171267500611428,HBM-bound,152.94915254237287,a100,0.0179836575,4294967296,,retained-standalone-microbenchmark,attn_decode,declared-contractions-only,8589934592,False,1.66325e-06,0.00010681153542143153,False,1,,1.8060582199999998e-06,0.002397696018,238826128444.6726,HBM-bound,0.0015315776271293052,True,True,True,477652256889.3452,0.13332638357909118,2.0,0.13332638357909118,HBM-bound,174.10333138515472,1593,,0.0020857973634651602,,"{""k"":64,""length"":8192,""m"":256,""n"":16,""rotate"":1,""size_bytes"":0}",1410,1410,0.0063927871635608546,examples/a100_kernel_constants_v1/measurements/results.json,1,"[""G9R"",""G10"",""G11R""]",True,void,True,False,0.0179836575,True,,declared
constants/boosted/moe_expert_gate_up_m27,56,56,launch-bound,void-with-findings,boosted,2207744,[],False,311869440000000.0,1.082736974262398e-06,239278612716.76297,launch-bound,0.019677776411265526,False,False,False,6136897109826.589,0.11734866050531768,25.647495361781075,0.11734866050531768,HBM-bound,152.94915254237287,a100,0.00014762666666666668,2207744,,retained-standalone-microbenchmark,expert_gate_up:captured,declared-contractions-only,56623104,False,0.00010184725,0.6964586046006944,True,1,,1.8060582199999998e-06,1.2324887787837981e-06,239278612716.76297,launch-bound,0.019677776411265526,False,False,False,6136897109826.589,0.1335789861398625,25.647495361781075,0.1335789861398625,HBM-bound,174.10333138515472,1593,,1.8156028368794326e-07,,"{""k"":1024,""length"":0,""m"":27,""n"":1024,""rotate"":1,""size_bytes"":0}",1410,1410,0.003834248312549611,examples/a100_kernel_constants_v1/measurements/results.json,16,"[""G9R"",""G10"",""G11R""]",True,void,True,False,9.226666666666668e-06,True,,declared
constants/boosted/gemm_G2_m8,57,57,launch-bound,void-with-findings,boosted,2129920,[],False,311869440000000.0,1.044569993722536e-06,239424460431.6547,launch-bound,0.0060471717188896644,False,False,False,1885928057553.957,0.1174201881432707,7.876923076923077,0.1174201881432707,HBM-bound,152.94915254237287,a100,0.000142336,2129920,,retained-standalone-microbenchmark,G2:grid,declared-contractions-only,16777216,False,5.825225000000001e-05,0.413556654676259,True,1,,1.8060582199999998e-06,1.1890429776763917e-06,239424460431.6547,launch-bound,0.0060471717188896644,False,False,False,1885928057553.957,0.13366040666326348,7.876923076923077,0.13366040666326348,HBM-bound,174.10333138515472,1593,,5.379563961124245e-08,,"{""k"":1024,""length"":0,""m"":8,""n"":1024,""rotate"":1,""size_bytes"":0}",1410,1410,0.0029370380608910885,examples/a100_kernel_constants_v1/measurements/results.json,16,"[""G9R"",""G10"",""G11R""]",True,void,True,False,8.896e-06,True,,declared
constants/boosted/gemm_G3_m277,58,58,launch-bound,void-with-findings,boosted,1899520,[],False,311869440000000.0,9.315756434400502e-07,240000000000.00003,launch-bound,0.11767229751974836,False,False,False,36698393530997.31,0.1177024482109228,152.9099730458221,0.1177024482109228,HBM-bound,152.94915254237287,a100,0.0002532693333333333,1899520,,retained-standalone-microbenchmark,G3:grid,declared-contractions-only,290455552,False,0.00011663374999999999,0.4873995761639676,True,1,,1.8060582199999998e-06,1.0604205401873588e-06,240000000000.00003,launch-bound,0.11767229751974836,False,False,False,36698393530997.31,0.13398170571774246,152.9099730458221,0.13398170571774246,HBM-bound,174.10333138515472,1593,,9.313370107696349e-07,,"{""k"":512,""length"":0,""m"":277,""n"":1024,""rotate"":1,""size_bytes"":0}",1410,1410,0.0030135687028299083,examples/a100_kernel_constants_v1/measurements/results.json,32,"[""G9R"",""G10"",""G11R""]",True,void,True,False,7.914666666666666e-06,True,,declared
constants/boosted/moe_expert_gate_up_m7,59,59,launch-bound,void-with-findings,boosted,2125824,[],False,311869440000000.0,1.0425612052730696e-06,240115662650.6024,launch-bound,0.005316775375734616,False,False,False,1658139759036.1445,0.11775917228234972,6.905587668593449,0.11775917228234972,HBM-bound,152.94915254237287,a100,0.0002833066666666667,2125824,,retained-standalone-microbenchmark,expert_gate_up:captured,declared-contractions-only,14680064,False,0.00011612041666666667,0.4136150568181818,True,1,,1.8060582199999998e-06,1.1867563565654755e-06,240115662650.6024,launch-bound,0.005316775375734616,False,False,False,1658139759036.1445,0.13404627521447388,6.905587668593449,0.13404627521447388,HBM-bound,174.10333138515472,1593,,4.707118465983714e-08,,"{""k"":1024,""length"":0,""m"":7,""n"":1024,""rotate"":1,""size_bytes"":0}",1410,1410,0.0030716985021643148,examples/a100_kernel_constants_v1/measurements/results.json,32,"[""G9R"",""G10"",""G11R""]",True,void,True,False,8.853333333333334e-06,True,,declared
constants/boosted/gemm_G2_m4,60,60,launch-bound,void-with-findings,boosted,2113536,[],False,311869440000000.0,1.0365348399246705e-06,240612021857.92346,launch-bound,0.003062137956013345,False,False,False,954987249544.6265,0.11800260017357359,3.9689922480620154,0.11800260017357359,HBM-bound,152.94915254237287,a100,0.00028108800000000003,2113536,,retained-standalone-microbenchmark,G2:grid,declared-contractions-only,8388608,False,0.00011792616666666667,0.43553267045454547,True,1,,1.8060582199999998e-06,1.179896493232727e-06,240612021857.92346,launch-bound,0.003062137956013345,False,False,False,954987249544.6265,0.13432337126966382,3.9689922480620154,0.13432337126966382,HBM-bound,174.10333138515472,1593,,2.6897819805621224e-08,,"{""k"":1024,""length"":0,""m"":4,""n"":1024,""rotate"":1,""size_bytes"":0}",1410,1410,0.0018214936247723536,examples/a100_kernel_constants_v1/measurements/results.json,32,"[""G9R"",""G10"",""G11R""]",True,void,True,False,8.784000000000001e-06,True,,declared
constants/boosted/attn_decode_b256_l512,61,61,HBM-bound,void-with-findings,boosted,268435456,[],False,311869440000000.0,0.000131647959824231,240627858945.9191,HBM-bound,0.0015431320166921073,True,True,True,481255717891.8382,0.1180103671070303,2.0,0.1180103671070303,HBM-bound,152.94915254237287,a100,0.0011155626666666666,268435456,,retained-standalone-microbenchmark,attn_decode,declared-contractions-only,536870912,False,1.63325e-06,0.0015161943611623617,False,1,,1.8060582199999998e-06,0.000149856001125,240627858945.9191,HBM-bound,0.0015431320166921073,True,True,True,481255717891.8382,0.13433221243659402,2.0,0.13433221243659402,HBM-bound,174.10333138515472,1593,,0.00011107796610169492,,"{""k"":64,""length"":512,""m"":256,""n"":16,""rotate"":1,""size_bytes"":0}",1410,1410,0.006581556494249042,examples/a100_kernel_constants_v1/measurements/results.json,1,"[""G9R"",""G10"",""G11R""]",True,void,True,False,0.0011155626666666666,True,,declared
constants/boosted/moe_expert_gate_up_m11,62,62,launch-bound,void-with-findings,boosted,2142208,[],False,311869440000000.0,1.0505963590709354e-06,241966265060.24094,launch-bound,0.008354932733297253,False,False,False,2605648192771.084,0.11866675742518094,10.768642447418738,0.11866675742518094,HBM-bound,152.94915254237287,a100,0.0002833066666666667,2142208,,retained-standalone-microbenchmark,expert_gate_up:captured,declared-contractions-only,23068672,False,0.00011639833333333334,0.42807987364620936,True,1,,1.8060582199999998e-06,1.19590284100914e-06,241966265060.24094,launch-bound,0.008354932733297253,False,False,False,2605648192771.084,0.13507938716217696,10.768642447418738,0.13507938716217696,HBM-bound,174.10333138515472,1593,,7.396900446545836e-08,,"{""k"":1024,""length"":0,""m"":11,""n"":1024,""rotate"":1,""size_bytes"":0}",1410,1410,0.0017038717618953329,examples/a100_kernel_constants_v1/measurements/results.json,32,"[""G9R"",""G10"",""G11R""]",True,void,True,False,8.853333333333334e-06,True,,declared
constants/boosted/attn_decode_b256_l2048,63,63,HBM-bound,void-with-findings,boosted,1073741824,[],False,311869440000000.0,0.000526591839296924,242039586819.78186,HBM-bound,0.001552185342813851,True,True,True,484079173639.5637,0.11870271638603552,2.0,0.11870271638603552,HBM-bound,152.94915254237287,a100,0.004436224,1073741824,,retained-standalone-microbenchmark,attn_decode,declared-contractions-only,2147483648,False,1.603e-06,0.0003761925961315729,False,1,,1.8060582199999998e-06,0.0005994240045,242039586819.78186,HBM-bound,0.001552185342813851,True,True,True,484079173639.5637,0.13512031955554993,2.0,0.13512031955554993,HBM-bound,174.10333138515472,1593,,0.0005060218455743879,,"{""k"":64,""length"":2048,""m"":256,""n"":16,""rotate"":1,""size_bytes"":0}",1410,1410,0.006198125938792035,examples/a100_kernel_constants_v1/measurements/results.json,1,"[""G9R"",""G10"",""G11R""]",True,void,True,False,0.004436224,True,,declared
constants/boosted/moe_expert_gate_up_m14,64,64,launch-bound,void-with-findings,boosted,2154496,[],False,311869440000000.0,1.0566227244193345e-06,243574314139.2825,launch-bound,0.010643168072016236,False,False,False,3319278866445.5835,0.11945538789787472,13.627376425855513,0.11945538789787472,HBM-bound,152.94915254237287,a100,0.00028305066666666666,2154496,,retained-standalone-microbenchmark,expert_gate_up:captured,declared-contractions-only,29360128,False,0.00011624058333333334,0.415536221590909,True,1,,1.8060582199999998e-06,1.2027627043418885e-06,243574314139.2825,launch-bound,0.010643168072016236,False,False,False,3319278866445.5835,0.1359770919892096,13.627376425855513,0.1359770919892096,HBM-bound,174.10333138515472,1593,,9.414236931967428e-08,,"{""k"":1024,""length"":0,""m"":14,""n"":1024,""rotate"":1,""size_bytes"":0}",1410,1410,0.002746588356691074,examples/a100_kernel_constants_v1/measurements/results.json,32,"[""G9R"",""G10"",""G11R""]",True,void,True,False,8.845333333333333e-06,True,,declared
constants/boosted/gemm_G2_m32,65,65,launch-bound,void-with-findings,boosted,2228224,[],False,311869440000000.0,1.09278091650973e-06,243610495626.82214,launch-bound,0.023525789917452966,False,False,False,7336974927113.703,0.11947313227147194,30.11764705882353,0.11947313227147194,HBM-bound,152.94915254237287,a100,0.00014634666666666667,2228224,,retained-standalone-microbenchmark,G2:grid,declared-contractions-only,67108864,False,0.00010283791666666666,0.7604327134683099,True,1,,1.8060582199999998e-06,1.243921884338379e-06,243610495626.82214,launch-bound,0.023525789917452966,False,False,False,7336974927113.703,0.13599729056177612,30.11764705882353,0.13599729056177612,HBM-bound,174.10333138515472,1593,,2.151825584449698e-07,,"{""k"":1024,""length"":0,""m"":32,""n"":1024,""rotate"":1,""size_bytes"":0}",1410,1410,0.0034496092029735565,examples/a100_kernel_constants_v1/measurements/results.json,16,"[""G9R"",""G10"",""G11R""]",True,void,True,False,9.146666666666667e-06,True,,declared
constants/boosted/gemm_G3_holdout_m255,66,66,launch-bound,void-with-findings,boosted,1831936,[],False,311869440000000.0,8.984306340238544e-07,244911229946.52405,launch-bound,0.1146213912171359,False,False,False,35746909090909.086,0.12011104732939229,145.95863610955843,0.12011104732939229,HBM-bound,152.94915254237287,a100,0.00023936,1831936,,retained-standalone-microbenchmark,G3:holdout,declared-contractions-only,267386880,False,0.00011714316666666667,0.5147736378205128,True,1,,1.8060582199999998e-06,1.0226912918572427e-06,244911229946.52405,launch-bound,0.1146213912171359,False,False,False,35746909090909.086,0.13672343474027307,145.95863610955843,0.13672343474027307,HBM-bound,174.10333138515472,1593,,8.573680063041765e-07,,"{""k"":512,""length"":0,""m"":255,""n"":1024,""rotate"":1,""size_bytes"":0}",1410,1410,0.0018524607567581496,examples/a100_kernel_constants_v1/measurements/results.json,32,"[""G9R"",""G10"",""G11R""]",True,void,True,False,7.48e-06,True,,declared
constants/boosted/gemm_G3_holdout_m297,67,67,launch-bound,void-with-findings,boosted,1960960,[],False,311869440000000.0,9.98581560283688e-07,246351758793.96985,launch-bound,0.12544994475925728,False,False,False,39124004020100.5,0.12544994475925728,158.81357702349868,0.12081752137965408,compute-bound,152.94915254237287,a100,0.00025472,1960960,,retained-standalone-microbenchmark,G3:holdout,declared-contractions-only,311427072,False,0.00011652266666666667,0.4703251008064516,True,1,,1.8060582199999998e-06,1.094719856851101e-06,246351758793.96985,launch-bound,0.12544994475925728,False,False,False,39124004020100.5,0.13752762020742473,158.81357702349868,0.13752762020742473,HBM-bound,174.10333138515472,1593,,9.98581560283688e-07,,"{""k"":512,""length"":0,""m"":297,""n"":1024,""rotate"":1,""size_bytes"":0}",1410,1410,0.0023924383345201817,examples/a100_kernel_constants_v1/measurements/results.json,32,"[""G9R"",""G10"",""G11R""]",True,void,True,False,7.96e-06,True,,declared
constants/boosted/gemm_G3_m319,68,73,launch-bound,void-with-findings,boosted,2028544,[],False,311869440000000.0,1.0725505647491464e-06,253737158105.4036,launch-bound,0.13415825943326548,False,False,False,41839861240827.22,0.13415825943326548,164.89449772842,0.12443951962953331,compute-bound,152.94915254237287,a100,0.0002558293333333333,2028544,,retained-standalone-microbenchmark,G3:grid,declared-contractions-only,334495744,False,0.00011676741666666667,0.48119241782868527,True,1,,1.8060582199999998e-06,1.1324491051812173e-06,253737158105.4036,launch-bound,0.13415825943326548,False,False,False,41839861240827.22,0.141650571862227,164.89449772842,0.141650571862227,HBM-bound,174.10333138515472,1593,,1.0725505647491464e-06,,"{""k"":512,""length"":0,""m"":319,""n"":1024,""rotate"":1,""size_bytes"":0}",1410,1410,0.002750570797610182,examples/a100_kernel_constants_v1/measurements/results.json,32,"[""G9R"",""G10"",""G11R""]",True,void,True,False,7.994666666666666e-06,True,,declared
constants/boosted/gemm_G3_holdout_m338,69,77,launch-bound,void-with-findings,boosted,2086912,[],False,311869440000000.0,1.1364328867874968e-06,257516288252.7147,launch-bound,0.1402311064643999,False,False,False,43733796643632.77,0.1402311064643999,169.82924435721296,0.1262929065897259,compute-bound,152.94915254237287,a100,0.000259328,2086912,,retained-standalone-microbenchmark,G3:holdout,declared-contractions-only,354418688,False,0.00011673466666666667,0.46122313488142286,True,1,,1.8060582199999998e-06,1.1650334560117722e-06,257516288252.7147,launch-bound,0.1402311064643999,False,False,False,43733796643632.77,0.14376029812583566,169.82924435721296,0.14376029812583566,HBM-bound,174.10333138515472,1593,,1.1364328867874968e-06,,"{""k"":512,""length"":0,""m"":338,""n"":1024,""rotate"":1,""size_bytes"":0}",1410,1410,0.004595011531348818,examples/a100_kernel_constants_v1/measurements/results.json,32,"[""G9R"",""G10"",""G11R""]",True,void,True,False,8.104e-06,True,,declared
constants/boosted/gemm_G2_m55,70,68,launch-bound,void-with-findings,boosted,2322432,[],False,311869440000000.0,1.1389830508474577e-06,257971563981.04266,launch-bound,0.04108171900851139,False,False,False,12812132701421.803,0.1265161860390393,49.66490299823633,0.1265161860390393,HBM-bound,152.94915254237287,a100,0.00014404266666666666,2322432,,retained-standalone-microbenchmark,G2:grid,declared-contractions-only,115343360,False,5.5624583333333326e-05,0.3940810616134751,True,1,,1.8060582199999998e-06,1.29651416988945e-06,257971563981.04266,launch-bound,0.04108171900851139,False,False,False,12812132701421.803,0.14401445903689095,49.66490299823633,0.14401445903689095,HBM-bound,174.10333138515472,1593,,3.698450223272918e-07,,"{""k"":1024,""length"":0,""m"":55,""n"":1024,""rotate"":1,""size_bytes"":0}",1410,1410,0.0033512169724481673,examples/a100_kernel_constants_v1/measurements/results.json,16,"[""G9R"",""G10"",""G11R""]",True,void,True,False,9.002666666666666e-06,True,,declared
envelope/gh200/hbm_read_2mib,71,74,launch-bound,launch-screen-excluded,lane-a,2097152,[],False,1070530560000000.0,5.21318569428535e-07,541619846740.5235,launch-bound,0.0,False,False,False,0.0,0.13463806327670674,0.0,0.13463806327670674,HBM-bound,266.11683848797253,gh200,,2097152,,retained-hardware-envelope,hbm_read,source-zero-scalar-work-uninventoried,0,False,,,True,1,,1.304124965e-06,5.580781435546875e-07,541619846740.5235,launch-bound,0.0,False,False,False,0.0,0.1441317551523808,0.0,0.1441317551523808,HBM-bound,284.8814523426819,2619,,0.0,,"{""k"":0,""length"":0,""m"":0,""n"":0,""rotate"":0,""size_bytes"":2097152}",1980,1980,,examples/gh200_hardware_envelope_v1/measurements/lane_a_result.json,,[],,nonvoid,False,False,3.871999914e-06,False,,declared
constants/boosted/moe_expert_gate_up_m54,72,69,launch-bound,void-with-findings,boosted,2318336,[],False,311869440000000.0,1.1369742623979912e-06,258204930204.93024,launch-bound,0.040442593634083,False,False,False,12612809028809.03,0.1266306351052114,48.84805653710247,0.1266306351052114,HBM-bound,152.94915254237287,a100,0.0002873173333333333,2318336,,retained-standalone-microbenchmark,expert_gate_up:captured,declared-contractions-only,113246208,False,0.00011185275000000001,0.3961983816964286,True,1,,1.8060582199999998e-06,1.294227548778534e-06,258204930204.93024,launch-bound,0.040442593634083,False,False,False,12612809028809.03,0.14414473738994663,48.84805653710247,0.14414473738994663,HBM-bound,174.10333138515472,1593,,3.631205673758865e-07,,"{""k"":1024,""length"":0,""m"":54,""n"":1024,""rotate"":1,""size_bytes"":0}",1410,1410,0.002281302568419596,examples/a100_kernel_constants_v1/measurements/results.json,32,"[""G9R"",""G10"",""G11R""]",True,void,True,False,8.978666666666666e-06,True,,declared
constants/boosted/gemm_G2_holdout_m70,73,70,launch-bound,void-with-findings,boosted,2383872,[],False,311869440000000.0,1.1691148775894539e-06,258666666666.66663,launch-bound,0.05107550418819134,False,False,False,15928888888888.887,0.12685708307177232,61.580756013745706,0.12685708307177232,HBM-bound,152.94915254237287,a100,0.00014745600000000002,2383872,,retained-standalone-microbenchmark,G2:holdout,declared-contractions-only,146800640,False,5.53215e-05,0.3833110249125874,True,1,,1.8060582199999998e-06,1.3308134865531922e-06,258666666666.66663,launch-bound,0.05107550418819134,False,False,False,15928888888888.887,0.1444025050513446,61.580756013745706,0.1444025050513446,HBM-bound,174.10333138515472,1593,,4.7071184659837143e-07,,"{""k"":1024,""length"":0,""m"":70,""n"":1024,""rotate"":1,""size_bytes"":0}",1410,1410,0.00283505757266574,examples/a100_kernel_constants_v1/measurements/results.json,16,"[""G9R"",""G10"",""G11R""]",True,void,True,False,9.216000000000001e-06,True,,declared
envelope/gh200/hbm_write_2mib,74,75,launch-bound,launch-screen-excluded,lane-a,2097152,[],False,1070530560000000.0,5.21318569428535e-07,546133347128.8893,launch-bound,0.0,False,False,False,0.0,0.13576004755136972,0.0,0.13576004755136972,HBM-bound,266.11683848797253,gh200,,2097152,,retained-hardware-envelope,hbm_write,source-zero-scalar-work-uninventoried,0,False,,,True,1,,1.304124965e-06,5.580781435546875e-07,546133347128.8893,launch-bound,0.0,False,False,False,0.0,0.14533285355520165,0.0,0.14533285355520165,HBM-bound,284.8814523426819,2619,,0.0,,"{""k"":0,""length"":0,""m"":0,""n"":0,""rotate"":0,""size_bytes"":2097152}",1980,1980,,examples/gh200_hardware_envelope_v1/measurements/lane_a_result.json,,[],,nonvoid,False,False,3.839999903e-06,False,,declared
constants/boosted/gemm_G2_m64,75,71,launch-bound,void-with-findings,boosted,2359296,[],False,311869440000000.0,1.1570621468926554e-06,262066350710.90048,launch-bound,0.04780418211899507,False,False,False,14908663507109.006,0.1285243794682304,56.888888888888886,0.1285243794682304,HBM-bound,152.94915254237287,a100,0.00014404266666666666,2359296,,retained-standalone-microbenchmark,G2:grid,declared-contractions-only,134217728,False,5.552366666666667e-05,0.3930594308035715,True,1,,1.8060582199999998e-06,1.3170937598876954e-06,262066350710.90048,launch-bound,0.04780418211899507,False,False,False,14908663507109.006,0.1463004028311273,56.888888888888886,0.1463004028311273,HBM-bound,174.10333138515472,1593,,4.303651168899396e-07,,"{""k"":1024,""length"":0,""m"":64,""n"":1024,""rotate"":1,""size_bytes"":0}",1410,1410,0.0033512169724481673,examples/a100_kernel_constants_v1/measurements/results.json,16,"[""G9R"",""G10"",""G11R""]",True,void,True,False,9.002666666666666e-06,True,,declared
constants/boosted/gemm_G3_m360,76,81,launch-bound,void-with-findings,boosted,2154496,[],False,311869440000000.0,1.210401891252955e-06,263257086999.0225,launch-bound,0.14789856931243342,False,False,False,46125043988269.8,0.14789856931243342,175.20912547528516,0.12910834853608683,compute-bound,152.94915254237287,a100,0.000261888,2154496,,retained-standalone-microbenchmark,G3:grid,declared-contractions-only,377487360,False,0.00011213591666666665,0.4327735900878906,True,1,,1.8060582199999998e-06,1.210401891252955e-06,263257086999.0225,launch-bound,0.14789856931243342,False,False,False,46125043988269.8,0.14789856931243342,175.20912547528516,0.14696513982672146,compute-bound,174.10333138515472,1593,,1.210401891252955e-06,,"{""k"":512,""length"":0,""m"":360,""n"":1024,""rotate"":1,""size_bytes"":0}",1410,1410,0.0016931092938111672,examples/a100_kernel_constants_v1/measurements/results.json,32,"[""G9R"",""G10"",""G11R""]",True,void,True,False,8.184e-06,True,,declared
constants/boosted/gemm_G2_m87,77,72,launch-bound,void-with-findings,boosted,2453504,[],False,311869440000000.0,1.203264281230383e-06,266530706836.61646,launch-bound,0.06355311204797165,False,False,False,19820273464658.168,0.13071381965857287,74.36393989983306,0.13071381965857287,HBM-bound,152.94915254237287,a100,0.00014728533333333333,2453504,,retained-standalone-microbenchmark,G2:grid,declared-contractions-only,182452224,False,5.561983333333333e-05,0.3816652097902098,True,1,,1.8060582199999998e-06,1.3696860454387665e-06,266530706836.61646,launch-bound,0.06355311204797165,False,False,False,19820273464658.168,0.1487926613671893,74.36393989983306,0.1487926613671893,HBM-bound,174.10333138515472,1593,,5.850275807722616e-07,,"{""k"":1024,""length"":0,""m"":87,""n"":1024,""rotate"":1,""size_bytes"":0}",1410,1410,0.004777642671631178,examples/a100_kernel_constants_v1/measurements/results.json,16,"[""G9R"",""G10"",""G11R""]",True,void,True,False,9.205333333333333e-06,True,,declared
envelope/gh200/hbm_copy_1mib,78,78,launch-bound,launch-screen-excluded,lane-a,2097152,[],False,1070530560000000.0,5.21318569428535e-07,564965503239.0015,launch-bound,0.0,False,False,False,0.0,0.14044142147303995,0.0,0.14044142147303995,HBM-bound,266.11683848797253,gh200,,2097152,,retained-hardware-envelope,hbm_copy,source-zero-scalar-work-uninventoried,0,False,,,True,1,,1.304124965e-06,5.580781435546875e-07,564965503239.0015,launch-bound,0.0,False,False,False,0.0,0.15034432374003492,0.0,0.15034432374003492,HBM-bound,284.8814523426819,2619,,0.0,,"{""k"":0,""length"":0,""m"":0,""n"":0,""rotate"":0,""size_bytes"":1048576}",1980,1980,,examples/gh200_hardware_envelope_v1/measurements/lane_a_result.json,,[],,nonvoid,False,False,3.712000092e-06,False,,declared
constants/boosted/gemm_G2_m120,79,76,launch-bound,void-with-findings,boosted,2588672,[],False,311869440000000.0,1.2695543000627746e-06,281377391304.3478,launch-bound,0.0877102819748518,False,False,False,27354156521739.125,0.13799503261551896,97.21518987341773,0.13799503261551896,HBM-bound,152.94915254237287,a100,0.00014720000000000003,2588672,,retained-standalone-microbenchmark,G2:grid,declared-contractions-only,251658240,False,5.6072999999999997e-05,0.420932583041958,True,1,,1.8060582199999998e-06,1.445144542098999e-06,281377391304.3478,launch-bound,0.0877102819748518,False,False,False,27354156521739.125,0.1570809284890216,97.21518987341773,0.1570809284890216,HBM-bound,174.10333138515472,1593,,8.069345941686367e-07,,"{""k"":1024,""length"":0,""m"":120,""n"":1024,""rotate"":1,""size_bytes"":0}",1410,1410,0.004139958509300262,examples/a100_kernel_constants_v1/measurements/results.json,16,"[""G9R"",""G10"",""G11R""]",True,void,True,False,9.200000000000002e-06,True,,declared
constants/boosted/gemm_G2_holdout_m135,80,79,launch-bound,void-with-findings,boosted,2650112,[],False,311869440000000.0,1.299686126804771e-06,287057192374.35004,launch-bound,0.09833204272527254,False,False,False,30666759098786.824,0.14078055966256184,106.83153013910355,0.14078055966256184,HBM-bound,152.94915254237287,a100,0.000147712,2650112,,retained-standalone-microbenchmark,G2:holdout,declared-contractions-only,283115520,False,5.5420833333333336e-05,0.3802964952256944,True,1,,1.8060582199999998e-06,1.4794438587627411e-06,287057192374.35004,launch-bound,0.09833204272527254,False,False,False,30666759098786.824,0.1602517178035898,106.83153013910355,0.1602517178035898,HBM-bound,174.10333138515472,1593,,9.078014184397163e-07,,"{""k"":1024,""length"":0,""m"":135,""n"":1024,""rotate"":1,""size_bytes"":0}",1410,1410,0.0041256085664603545,examples/a100_kernel_constants_v1/measurements/results.json,16,"[""G9R"",""G10"",""G11R""]",True,void,True,False,9.232e-06,True,,declared
constants/boosted/gemm_G3_m416,81,85,launch-bound,void-with-findings,boosted,2326528,[],False,311869440000000.0,1.3986866298923036e-06,268033179723.50232,launch-bound,0.16113901266040365,False,False,False,50254333640552.99,0.16113901266040365,187.49295774647888,0.1314506727300604,compute-bound,152.94915254237287,a100,0.00027776,2326528,,retained-standalone-microbenchmark,G3:grid,declared-contractions-only,436207616,False,0.00011181425,0.4075281479779412,True,1,,1.8060582199999998e-06,1.3986866298923036e-06,268033179723.50232,launch-bound,0.16113901266040365,False,False,False,50254333640552.99,0.16113901266040365,187.49295774647888,0.14963142753460443,compute-bound,174.10333138515472,1593,,1.3986866298923036e-06,,"{""k"":512,""length"":0,""m"":416,""n"":1024,""rotate"":1,""size_bytes"":0}",1410,1410,0.0015963601913077563,examples/a100_kernel_constants_v1/measurements/results.json,32,"[""G9R"",""G10"",""G11R""]",True,void,True,False,8.68e-06,True,,declared
constants/boosted/gemm_G2_m153,82,80,launch-bound,void-with-findings,boosted,2723840,[],False,311869440000000.0,1.3358443188951663e-06,296241299303.94434,launch-bound,0.11189547646081191,False,False,False,34896779582366.59,0.14528469245524575,117.79849624060151,0.14528469245524575,HBM-bound,152.94915254237287,a100,0.00014711466666666667,2723840,,retained-standalone-microbenchmark,G2:grid,declared-contractions-only,320864256,False,5.530916666666666e-05,0.3798963758680555,True,1,,1.8060582199999998e-06,1.5206030387592315e-06,296241299303.94434,launch-bound,0.11189547646081191,False,False,False,34896779582366.59,0.16537881076992803,117.79849624060151,0.16537881076992803,HBM-bound,174.10333138515472,1593,,1.028841607565012e-06,,"{""k"":1024,""length"":0,""m"":153,""n"":1024,""rotate"":1,""size_bytes"":0}",1410,1410,0.0032812379637427525,examples/a100_kernel_constants_v1/measurements/results.json,16,"[""G9R"",""G10"",""G11R""]",True,void,True,False,9.194666666666667e-06,True,,declared
constants/boosted/gemm_G2_m185,83,82,launch-bound,void-with-findings,boosted,2854912,[],False,311869440000000.0,1.4001255492780917e-06,309062355658.1986,launch-bound,0.13467351681690043,False,False,False,42000554272517.32,0.15157248296168718,135.89670014347203,0.15157248296168718,HBM-bound,152.94915254237287,a100,0.00014779733333333334,2854912,,retained-standalone-microbenchmark,G2:grid,declared-contractions-only,387973120,False,5.7936666666666664e-05,0.3967488606770833,True,1,,1.8060582199999998e-06,1.593774914308548e-06,309062355658.1986,launch-bound,0.13467351681690043,False,False,False,42000554272517.32,0.17253625660095423,135.89670014347203,0.17253625660095423,HBM-bound,174.10333138515472,1593,,1.2440241660099817e-06,,"{""k"":1024,""length"":0,""m"":185,""n"":1024,""rotate"":1,""size_bytes"":0}",1410,1410,0.003266082130191891,examples/a100_kernel_constants_v1/measurements/results.json,16,"[""G9R"",""G10"",""G11R""]",True,void,True,False,9.237333333333334e-06,True,,declared
constants/boosted/gemm_G2_holdout_m266,84,92,launch-bound,void-with-findings,boosted,3186688,[],False,311869440000000.0,1.7887050170738113e-06,311524504692.3879,launch-bound,0.17486037054292994,False,False,False,54533605839416.055,0.17486037054292994,175.05398457583547,0.15277998699995482,compute-bound,152.94915254237287,a100,0.00016366933333333334,3186688,,retained-standalone-microbenchmark,G2:holdout,declared-contractions-only,557842432,False,5.7633416666666666e-05,0.36146938875786166,True,1,,1.8060582199999998e-06,1.7887050170738113e-06,311524504692.3879,launch-bound,0.17486037054292994,False,False,False,54533605839416.055,0.17486037054292994,175.05398457583547,0.17391076879817077,compute-bound,174.10333138515472,1593,,1.7887050170738113e-06,,"{""k"":1024,""length"":0,""m"":266,""n"":1024,""rotate"":1,""size_bytes"":0}",1410,1410,0.004299380214408501,examples/a100_kernel_constants_v1/measurements/results.json,16,"[""G9R"",""G10"",""G11R""]",True,void,True,False,1.0229333333333334e-05,True,,declared
constants/boosted/gemm_G3_holdout_m457,85,93,launch-bound,void-with-findings,boosted,2452480,[],False,311869440000000.0,1.5365379563961125e-06,279283328272.0923,launch-bound,0.17497775088021322,False,False,False,54570213179471.6,0.17497775088021322,195.3937369519833,0.13696804784216704,compute-bound,152.94915254237287,a100,0.00028100266666666667,2452480,,retained-standalone-microbenchmark,G3:holdout,declared-contractions-only,479199232,False,0.00011112475000000001,0.40216198106751827,True,1,,1.8060582199999998e-06,1.5365379563961125e-06,279283328272.0923,launch-bound,0.17497775088021322,False,False,False,54570213179471.6,0.17497775088021322,195.3937369519833,0.1559119029184297,compute-bound,174.10333138515472,1593,,1.5365379563961125e-06,,"{""k"":512,""length"":0,""m"":457,""n"":1024,""rotate"":1,""size_bytes"":0}",1410,1410,0.0017965623392346636,examples/a100_kernel_constants_v1/measurements/results.json,32,"[""G9R"",""G10"",""G11R""]",True,void,True,False,8.781333333333334e-06,True,,declared
constants/boosted/gemm_G2_holdout_m201,86,83,launch-bound,void-with-findings,boosted,2920448,[],False,311869440000000.0,1.4322661644695543e-06,315246977547.49567,launch-bound,0.14589976740419544,False,False,False,45501678756476.69,0.15460558770180854,144.3366058906031,0.15460558770180854,HBM-bound,152.94915254237287,a100,0.000148224,2920448,,retained-standalone-microbenchmark,G2:holdout,declared-contractions-only,421527552,False,5.799775e-05,0.39671656468531463,True,1,,1.8060582199999998e-06,1.6303608520832061e-06,315246977547.49567,launch-bound,0.14589976740419544,False,False,False,45501678756476.69,0.1759888657257347,144.3366058906031,0.1759888657257347,HBM-bound,174.10333138515472,1593,,1.3516154452324664e-06,,"{""k"":1024,""length"":0,""m"":201,""n"":1024,""rotate"":1,""size_bytes"":0}",1410,1410,0.00498575361994497,examples/a100_kernel_constants_v1/measurements/results.json,16,"[""G9R"",""G10"",""G11R""]",True,void,True,False,9.264e-06,True,,declared
constants/boosted/gemm_G2_m218,87,84,launch-bound,void-with-findings,boosted,2990080,[],False,311869440000000.0,1.4664155681104834e-06,317463193657.98413,launch-bound,0.15564105104116188,False,False,False,48539687429218.57,0.1556924796266793,152.8986301369863,0.1556924796266793,HBM-bound,152.94915254237287,a100,0.00015069866666666667,2990080,,retained-standalone-microbenchmark,G2:grid,declared-contractions-only,457179136,False,5.7700333333333334e-05,0.38641775470890416,True,1,,1.8060582199999998e-06,1.6692334109687805e-06,317463193657.98413,launch-bound,0.15564105104116188,False,False,False,48539687429218.57,0.1772260841204113,152.8986301369863,0.1772260841204113,HBM-bound,174.10333138515472,1593,,1.4659311794063568e-06,,"{""k"":1024,""length"":0,""m"":218,""n"":1024,""rotate"":1,""size_bytes"":0}",1410,1410,0.004669428794583967,examples/a100_kernel_constants_v1/measurements/results.json,16,"[""G9R"",""G10"",""G11R""]",True,void,True,False,9.418666666666667e-06,True,,declared
envelope/gh200/gemm_square_m1024_n1024_k1024,88,95,compute-bound,inefficient-under-declared-threshold,lane-a,6291456,[],False,1070530560000000.0,2.0059993878175697e-06,559339973042.3363,compute-bound,0.17834276255048476,True,True,True,190921377465117.47,0.17834276255048476,341.3333333333333,0.13904300430804545,compute-bound,266.11683848797253,gh200,,6291456,,retained-hardware-envelope,gemm,declared-contractions-only,2147483648,False,,,False,1,,1.304124965e-06,2.0059993878175697e-06,559339973042.3363,compute-bound,0.17834276255048476,True,True,True,190921377465117.47,0.17834276255048476,341.3333333333333,0.14884730042047312,compute-bound,284.8814523426819,2619,,2.0059993878175697e-06,,"{""k"":1024,""length"":0,""m"":1024,""n"":1024,""rotate"":0,""size_bytes"":0}",1980,1980,,examples/gh200_hardware_envelope_v1/measurements/lane_a_result.json,,[],,nonvoid,False,False,1.124799997e-05,False,,declared
constants/boosted/gemm_G2_holdout_m233,89,86,launch-bound,void-with-findings,boosted,3051520,[],False,311869440000000.0,1.5667980036774362e-06,320897363993.2698,launch-bound,0.1647642320187994,False,False,False,51384928771733.04,0.1647642320187994,160.12885906040268,0.15737668902683116,compute-bound,152.94915254237287,a100,0.00015214933333333332,3051520,,retained-standalone-microbenchmark,G2:holdout,declared-contractions-only,488636416,False,5.7668500000000005e-05,0.3840398015202703,True,1,,1.8060582199999998e-06,1.7035327276325226e-06,320897363993.2698,launch-bound,0.1647642320187994,False,False,False,51384928771733.04,0.17914323411727315,160.12885906040268,0.17914323411727315,HBM-bound,174.10333138515472,1593,,1.5667980036774362e-06,,"{""k"":1024,""length"":0,""m"":233,""n"":1024,""rotate"":1,""size_bytes"":0}",1410,1410,0.003318048111665503,examples/a100_kernel_constants_v1/measurements/results.json,16,"[""G9R"",""G10"",""G11R""]",True,void,True,False,9.509333333333332e-06,True,,declared
constants/boosted/gemm_G2_m251,90,94,launch-bound,void-with-findings,boosted,3125248,[],False,311869440000000.0,1.6878381928027319e-06,326817624093.6977,launch-bound,0.17650287850000682,False,False,False,55045853876185.164,0.17650287850000682,168.42988204456094,0.1602801436429387,compute-bound,152.94915254237287,a100,0.00015300266666666668,3125248,,retained-standalone-microbenchmark,G2:grid,declared-contractions-only,526385152,False,5.82355e-05,0.41792968750000004,True,1,,1.8060582199999998e-06,1.744691907629013e-06,326817624093.6977,launch-bound,0.17650287850000682,False,False,False,55045853876185.164,0.18244826139455655,168.42988204456094,0.18244826139455655,HBM-bound,174.10333138515472,1593,,1.6878381928027319e-06,,"{""k"":1024,""length"":0,""m"":251,""n"":1024,""rotate"":1,""size_bytes"":0}",1410,1410,0.00576914692291612,examples/a100_kernel_constants_v1/measurements/results.json,16,"[""G9R"",""G10"",""G11R""]",True,void,True,False,9.562666666666667e-06,True,,declared
constants/boosted/gemm_G2_m284,91,97,compute-bound,void-with-findings,boosted,3260416,[],False,311869440000000.0,1.909745206199107e-06,315605575632.42126,compute-bound,0.1848617584730679,True,True,True,57652733092410.94,0.1848617584730679,182.67336683417085,0.1547814538373064,compute-bound,152.94915254237287,a100,0.00016529066666666668,3260416,,retained-standalone-microbenchmark,G2:grid,declared-contractions-only,595591168,False,5.7755750000000003e-05,0.351756599378882,False,1,,1.8060582199999998e-06,1.909745206199107e-06,315605575632.42126,compute-bound,0.1848617584730679,True,True,True,57652733092410.94,0.1848617584730679,182.67336683417085,0.1761890556552574,compute-bound,174.10333138515472,1593,,1.909745206199107e-06,,"{""k"":1024,""length"":0,""m"":284,""n"":1024,""rotate"":1,""size_bytes"":0}",1410,1410,0.0030542487264324162,examples/a100_kernel_constants_v1/measurements/results.json,16,"[""G9R"",""G10"",""G11R""]",True,void,True,False,1.0330666666666667e-05,True,,declared
constants/boosted/gemm_G3_m499,92,98,launch-bound,void-with-findings,boosted,2581504,[],False,311869440000000.0,1.6777515103756239e-06,290884615384.6154,launch-bound,0.18904952415590714,False,False,False,58958769230769.234,0.18904952415590714,202.68782229274098,0.14265763074025786,compute-bound,152.94915254237287,a100,0.00014199466666666666,2581504,,retained-standalone-microbenchmark,G3:grid,declared-contractions-only,523239424,False,5.591891666666667e-05,0.40080814085144933,True,1,,1.8060582199999998e-06,1.6777515103756239e-06,290884615384.6154,launch-bound,0.18904952415590714,False,False,False,58958769230769.234,0.18904952415590714,202.68782229274098,0.16238840390116765,compute-bound,174.10333138515472,1593,,1.6777515103756239e-06,,"{""k"":512,""length"":0,""m"":499,""n"":1024,""rotate"":1,""size_bytes"":0}",1410,1410,0.0033995518326276177,examples/a100_kernel_constants_v1/measurements/results.json,16,"[""G9R"",""G10"",""G11R""]",True,void,True,False,8.874666666666667e-06,True,,declared
envelope/a100/hbm_copy_1mib,93,87,launch-bound,launch-screen-excluded,lane-a,2097152,[],False,282009600000000.0,1.0284996861268048e-06,341333321277.77826,launch-bound,0.0,False,False,False,0.0,0.16739903154316652,0.0,0.16739903154316652,HBM-bound,138.3050847457627,a100,,2097152,,retained-hardware-envelope,hbm_copy,source-zero-scalar-work-uninventoried,0,False,,,True,1,,1.8060582199999998e-06,1.1707500087890624e-06,341333321277.77826,launch-bound,0.0,False,False,False,0.0,0.19055175251291215,0.0,0.19055175251291215,HBM-bound,157.4338634865761,1593,,0.0,,"{""k"":0,""length"":0,""m"":0,""n"":0,""rotate"":0,""size_bytes"":1048576}",1275,1275,,examples/a100_hardware_envelope_v1/measurements/lane_a_result.json,,[],,nonvoid,False,False,6.144000216999999e-06,False,,declared
envelope/a100/hbm_read_2mib,94,88,launch-bound,launch-screen-excluded,lane-a,2097152,[],False,282009600000000.0,1.0284996861268048e-06,341333321277.77826,launch-bound,0.0,False,False,False,0.0,0.16739903154316652,0.0,0.16739903154316652,HBM-bound,138.3050847457627,a100,,2097152,,retained-hardware-envelope,hbm_read,source-zero-scalar-work-uninventoried,0,False,,,True,1,,1.8060582199999998e-06,1.1707500087890624e-06,341333321277.77826,launch-bound,0.0,False,False,False,0.0,0.19055175251291215,0.0,0.19055175251291215,HBM-bound,157.4338634865761,1593,,0.0,,"{""k"":0,""length"":0,""m"":0,""n"":0,""rotate"":0,""size_bytes"":2097152}",1275,1275,,examples/a100_hardware_envelope_v1/measurements/lane_a_result.json,,[],,nonvoid,False,False,6.144000216999999e-06,False,,declared
envelope/a100/hbm_write_2mib,95,89,launch-bound,launch-screen-excluded,lane-a,2097152,[],False,282009600000000.0,1.0284996861268048e-06,341333321277.77826,launch-bound,0.0,False,False,False,0.0,0.16739903154316652,0.0,0.16739903154316652,HBM-bound,138.3050847457627,a100,,2097152,,retained-hardware-envelope,hbm_write,source-zero-scalar-work-uninventoried,0,False,,,True,1,,1.8060582199999998e-06,1.1707500087890624e-06,341333321277.77826,launch-bound,0.0,False,False,False,0.0,0.19055175251291215,0.0,0.19055175251291215,HBM-bound,157.4338634865761,1593,,0.0,,"{""k"":0,""length"":0,""m"":0,""n"":0,""rotate"":0,""size_bytes"":2097152}",1275,1275,,examples/a100_hardware_envelope_v1/measurements/lane_a_result.json,,[],,nonvoid,False,False,6.144000216999999e-06,False,,declared
constants/boosted/moe_expert_gate_up_m1,96,90,launch-bound,void-with-findings,boosted,2101248,[],False,311869440000000.0,1.0305084745762712e-06,351614457831.3254,launch-bound,0.0011252434657639402,False,False,False,350929049531.4592,0.17244117713793028,0.9980506822612085,0.17244117713793028,HBM-bound,152.94915254237287,a100,0.00019123199999999997,2101248,,retained-standalone-microbenchmark,expert_gate_up:captured,declared-contractions-only,2097152,False,0.00011055050000000001,0.6345597550675676,True,1,,1.8060582199999998e-06,1.1730366298999787e-06,351614457831.3254,launch-bound,0.0011252434657639402,False,False,False,350929049531.4592,0.19629127006358416,0.9980506822612085,0.19629127006358416,HBM-bound,174.10333138515472,1593,,6.724454951405306e-09,,"{""k"":1024,""length"":0,""m"":1,""n"":1024,""rotate"":1,""size_bytes"":0}",1410,1410,0.005410243486382013,examples/a100_kernel_constants_v1/measurements/results.json,32,"[""G9R"",""G10"",""G11R""]",True,void,True,False,5.975999999999999e-06,True,,declared
constants/boosted/attn_prefill_granite_s256,97,91,launch-bound,void-with-findings,boosted,6291456,[],False,311869440000000.0,3.0854990583804145e-06,353929792979.2979,launch-bound,0.04842091774189239,False,False,False,15101004500450.045,0.1735766797018685,42.666666666666664,0.1735766797018685,HBM-bound,152.94915254237287,a100,0.000284416,6291456,,retained-standalone-microbenchmark,attn_prefill_granite,declared-contractions-only,268435456,False,0.00011150366666666667,0.4014800033844765,True,2,,3.6121164399999996e-06,3.5122500263671875e-06,353929792979.2979,launch-bound,0.04842091774189239,False,False,False,15101004500450.045,0.19758382236539082,42.666666666666664,0.19758382236539082,HBM-bound,174.10333138515472,1593,,8.607302337798792e-07,,"{""k"":64,""length"":256,""m"":256,""n"":16,""rotate"":1,""size_bytes"":0}",1410,1410,0.0025983360449577868,examples/a100_kernel_constants_v1/measurements/results.json,16,"[""G9R"",""G10"",""G11R""]",False,void,True,False,1.7776e-05,True,,declared
constants/boosted/gemm_G2_m327,98,99,compute-bound,void-with-findings,boosted,3436544,[],False,311869440000000.0,2.198896769109535e-06,323957767722.47363,compute-bound,0.20728664867171337,True,True,True,64646371040723.984,0.20728664867171337,199.5518474374255,0.15887759324116918,compute-bound,152.94915254237287,a100,0.00016972799999999999,3436544,,retained-standalone-microbenchmark,G2:grid,declared-contractions-only,685768704,False,5.805916666666667e-05,0.3458737292921687,False,1,,1.8060582199999998e-06,2.198896769109535e-06,323957767722.47363,compute-bound,0.20728664867171337,True,True,True,64646371040723.984,0.20728664867171337,199.5518474374255,0.18085172624987175,compute-bound,174.10333138515472,1593,,2.198896769109535e-06,,"{""k"":1024,""length"":0,""m"":327,""n"":1024,""rotate"":1,""size_bytes"":0}",1410,1410,0.0026124446569666215,examples/a100_kernel_constants_v1/measurements/results.json,16,"[""G9R"",""G10"",""G11R""]",True,void,True,False,1.0607999999999999e-05,True,,declared
constants/boosted/gemm_G2_m1,99,96,launch-bound,void-with-findings,boosted,2101248,[],False,311869440000000.0,1.0305084745762712e-06,373621621621.62164,launch-bound,0.0011956712218003744,False,False,False,372893314366.9986,0.1832340815391663,0.9980506822612085,0.1832340815391663,HBM-bound,152.94915254237287,a100,0.000179968,2101248,,retained-standalone-microbenchmark,G2:grid,declared-contractions-only,2097152,False,0.00011061633333333333,0.6192187499999999,True,1,,1.8060582199999998e-06,1.1730366298999787e-06,373621621621.62164,launch-bound,0.0011956712218003744,False,False,False,372893314366.9986,0.20857692565789096,0.9980506822612085,0.20857692565789096,HBM-bound,174.10333138515472,1593,,6.724454951405306e-09,,"{""k"":1024,""length"":0,""m"":1,""n"":1024,""rotate"":1,""size_bytes"":0}",1410,1410,0.003386168055259753,examples/a100_kernel_constants_v1/measurements/results.json,32,"[""G9R"",""G10"",""G11R""]",True,void,True,False,5.624e-06,True,,declared
constants/boosted/gemm_G3_m610,100,101,compute-bound,void-with-findings,boosted,2922496,[],False,311869440000000.0,2.0509587601786183e-06,314201834862.3853,compute-bound,0.22050158688846958,True,True,True,68767706422018.34,0.22050158688846958,218.86475122634897,0.15409302164861174,compute-bound,152.94915254237287,a100,0.00014882133333333334,2922496,,retained-standalone-microbenchmark,G3:grid,declared-contractions-only,639631360,False,5.58e-05,0.3861502033390411,False,1,,1.8060582199999998e-06,2.0509587601786183e-06,314201834862.3853,compute-bound,0.22050158688846958,True,True,True,68767706422018.34,0.22050158688846958,218.86475122634897,0.1754054073937784,compute-bound,174.10333138515472,1593,,2.0509587601786183e-06,,"{""k"":512,""length"":0,""m"":610,""n"":1024,""rotate"":1,""size_bytes"":0}",1410,1410,0.0042908914985939515,examples/a100_kernel_constants_v1/measurements/results.json,16,"[""G9R"",""G10"",""G11R""]",True,void,True,False,9.301333333333334e-06,True,,declared
constants/boosted/gemm_G2_m393,101,102,compute-bound,void-with-findings,boosted,3706880,[],False,311869440000000.0,2.6427107959022853e-06,309870708872.0464,compute-bound,0.22091318512335198,True,True,True,68896071333036.12,0.22091318512335198,222.33812154696133,0.15196892109622487,compute-bound,152.94915254237287,a100,0.00019140266666666666,3706880,,retained-standalone-microbenchmark,G2:grid,declared-contractions-only,824180736,False,5.560383333333334e-05,0.29695375504032256,False,1,,1.8060582199999998e-06,2.6427107959022853e-06,309870708872.0464,compute-bound,0.22091318512335198,True,True,True,68896071333036.12,0.22091318512335198,222.33812154696133,0.17298752552767815,compute-bound,174.10333138515472,1593,,2.6427107959022853e-06,,"{""k"":1024,""length"":0,""m"":393,""n"":1024,""rotate"":1,""size_bytes"":0}",1410,1410,0.00406171804687662,examples/a100_kernel_constants_v1/measurements/results.json,16,"[""G9R"",""G10"",""G11R""]",True,void,True,False,1.1962666666666666e-05,True,,declared
constants/boosted/gemm_G2_holdout_m360,102,104,compute-bound,void-with-findings,boosted,3571712,[],False,311869440000000.0,2.42080378250591e-06,329737075332.3486,compute-bound,0.2234863167010626,True,True,True,69698552437223.04,0.2234863167010626,211.37614678899084,0.1617119209688621,compute-bound,152.94915254237287,a100,0.000173312,3571712,,retained-standalone-microbenchmark,G2:holdout,declared-contractions-only,754974720,False,5.587941666666667e-05,0.3282470703125,False,1,,1.8060582199999998e-06,2.42080378250591e-06,329737075332.3486,compute-bound,0.2234863167010626,True,True,True,69698552437223.04,0.2234863167010626,211.37614678899084,0.1840780657975325,compute-bound,174.10333138515472,1593,,2.42080378250591e-06,,"{""k"":1024,""length"":0,""m"":360,""n"":1024,""rotate"":1,""size_bytes"":0}",1410,1410,0.0035162129141028814,examples/a100_kernel_constants_v1/measurements/results.json,16,"[""G9R"",""G10"",""G11R""]",True,void,True,False,1.0832e-05,True,,declared
constants/base/gemm_G1_m32,103,100,HBM-bound,void-with-findings,base,4390912,[],False,282009600000000.0,2.1534212178279974e-06,442394411606.6631,HBM-bound,0.04795135559746617,True,True,True,13522742611499.195,0.2169621055038955,30.567164179104477,0.2169621055038955,HBM-bound,138.3050847457627,a100,0.00015880533333333333,4390912,,retained-standalone-microbenchmark,G1:grid,declared-contractions-only,134217728,False,5.516141666666667e-05,0.40287642045454547,False,1,,1.8060582199999998e-06,2.4512578309020997e-06,442394411606.6631,HBM-bound,0.04795135559746617,True,True,True,13522742611499.195,0.246969824446074,30.567164179104477,0.246969824446074,HBM-bound,157.4338634865761,1593,,4.7593318809005085e-07,,"{""k"":1024,""length"":0,""m"":32,""n"":2048,""rotate"":1,""size_bytes"":0}",1275,1275,0.003178978926974525,examples/a100_kernel_constants_v1/measurements/results.json,16,"[""G9R"",""G10"",""G11R""]",True,void,True,False,9.925333333333333e-06,True,,declared
constants/boosted/gemm_G1_m197,104,103,HBM-bound,void-with-findings,boosted,5404672,[],False,311869440000000.0,2.6505963590709353e-06,450589595375.72253,HBM-bound,0.22088444176748195,True,True,True,68887107158737.21,0.22098124380871514,152.8821523304282,0.22098124380871514,HBM-bound,152.94915254237287,a100,0.00019191466666666667,5404672,,retained-standalone-microbenchmark,G1:grid,declared-contractions-only,826277888,False,5.7589333333333334e-05,0.30258815173796794,False,1,,1.8060582199999998e-06,3.0171965558538435e-06,450589595375.72253,HBM-bound,0.22088444176748195,False,True,True,68887107158737.21,0.25154484402961125,152.8821523304282,0.25154484402961125,HBM-bound,174.10333138515472,1593,,2.6494352508536904e-06,,"{""k"":1024,""length"":0,""m"":197,""n"":2048,""rotate"":1,""size_bytes"":0}",1410,1410,0.002630537920453353,examples/a100_kernel_constants_v1/measurements/results.json,16,"[""G9R"",""G10"",""G11R""]",True,void,True,False,1.1994666666666667e-05,True,,declared
constants/boosted/gemm_G3_holdout_m721,105,120,compute-bound,void-with-findings,boosted,3263488,[],False,311869440000000.0,2.4241660099816128e-06,340135630906.05896,compute-bound,0.25265765807201357,False,True,True,78796202334630.36,0.25265765807201357,231.66112331346093,0.16681165200587478,compute-bound,152.94915254237287,a100,0.00015351466666666666,3263488,,retained-standalone-microbenchmark,G3:holdout,declared-contractions-only,756023296,False,5.5985916666666665e-05,0.37174260696308725,False,1,,1.8060582199999998e-06,2.4241660099816128e-06,340135630906.05896,compute-bound,0.25265765807201357,False,True,True,78796202334630.36,0.25265765807201357,231.66112331346093,0.18988313335072604,compute-bound,174.10333138515472,1593,,2.4241660099816128e-06,,"{""k"":512,""length"":0,""m"":721,""n"":1024,""rotate"":1,""size_bytes"":0}",1410,1410,0.004269675235057624,examples/a100_kernel_constants_v1/measurements/results.json,16,"[""G9R"",""G10"",""G11R""]",True,void,True,False,9.594666666666666e-06,True,,declared
constants/boosted/gemm_G1_holdout_m211,106,108,HBM-bound,void-with-findings,boosted,5490688,[],False,311869440000000.0,2.837719989493039e-06,454126157917.9532,compute-bound,0.23470335157915517,True,True,True,73196802823114.25,0.23470335157915517,161.1816486385677,0.22271566909818014,compute-bound,152.94915254237287,a100,0.00019345066666666668,5490688,,retained-standalone-microbenchmark,G1:holdout,declared-contractions-only,884998144,False,5.83875e-05,0.32996904089095747,False,1,,1.8060582199999998e-06,3.0652155991830826e-06,454126157917.9532,HBM-bound,0.23470335157915517,False,True,True,73196802823114.25,0.25351915520371765,161.1816486385677,0.25351915520371765,HBM-bound,174.10333138515472,1593,,2.837719989493039e-06,,"{""k"":1024,""length"":0,""m"":211,""n"":2048,""rotate"":1,""size_bytes"":0}",1410,1410,0.00664601639758246,examples/a100_kernel_constants_v1/measurements/results.json,16,"[""G9R"",""G10"",""G11R""]",True,void,True,False,1.2090666666666668e-05,True,,declared
constants/boosted/gemm_G3_m1024,107,122,compute-bound,void-with-findings,boosted,4194304,[],False,311869440000000.0,3.4429209351195167e-06,310107255520.5047,compute-bound,0.2545534997377402,False,True,True,79387457413249.2,0.2545534997377402,256.0,0.15208492992805667,compute-bound,152.94915254237287,a100,0.00021640533333333337,4194304,,retained-standalone-microbenchmark,G3:grid,declared-contractions-only,1073741824,False,6.021608333333333e-05,0.2820321756516588,False,1,,1.8060582199999998e-06,3.4429209351195167e-06,310107255520.5047,compute-bound,0.2545534997377402,False,True,True,79387457413249.2,0.2545534997377402,256.0,0.17311957937535424,compute-bound,174.10333138515472,1593,,3.4429209351195167e-06,,"{""k"":512,""length"":0,""m"":1024,""n"":1024,""rotate"":1,""size_bytes"":0}",1410,1410,0.002230620760840834,examples/a100_kernel_constants_v1/measurements/results.json,16,"[""G9R"",""G10"",""G11R""]",True,void,True,False,1.3525333333333336e-05,True,,declared
constants/boosted/gemm_G1_m227,108,121,HBM-bound,void-with-findings,boosted,5588992,[],False,311869440000000.0,3.052902547938009e-06,465956425077.8123,compute-bound,0.2545216664021239,False,True,True,79377529568697.2,0.2545216664021239,170.35397581531697,0.22851754996361637,compute-bound,152.94915254237287,a100,0.00019191466666666667,5588992,,retained-standalone-microbenchmark,G1:grid,declared-contractions-only,952107008,False,5.789083333333333e-05,0.30643804022606386,False,1,,1.8060582199999998e-06,3.12009450584507e-06,465956425077.8123,HBM-bound,0.2545216664021239,False,True,True,79377529568697.2,0.2601234859252782,170.35397581531697,0.2601234859252782,HBM-bound,174.10333138515472,1593,,3.052902547938009e-06,,"{""k"":1024,""length"":0,""m"":227,""n"":2048,""rotate"":1,""size_bytes"":0}",1410,1410,0.0034153604926049686,examples/a100_kernel_constants_v1/measurements/results.json,16,"[""G9R"",""G10"",""G11R""]",True,void,True,False,1.1994666666666667e-05,True,,declared
constants/boosted/gemm_G1_m2,109,105,HBM-bound,void-with-findings,boosted,4206592,[],False,311869440000000.0,2.063025737602009e-06,471168458781.3621,HBM-bound,0.003012748634142163,True,True,True,939584229390.6812,0.23107367132638992,1.994157740993184,0.23107367132638992,HBM-bound,152.94915254237287,a100,0.00014284799999999997,4206592,,retained-standalone-microbenchmark,G1:grid,declared-contractions-only,8388608,False,6.324191666666667e-05,0.5289202008928572,False,1,,1.8060582199999998e-06,2.3483598809108734e-06,471168458781.3621,HBM-bound,0.003012748634142163,False,True,True,939584229390.6812,0.263033140783028,1.994157740993184,0.263033140783028,HBM-bound,174.10333138515472,1593,,2.6897819805621224e-08,,"{""k"":1024,""length"":0,""m"":2,""n"":2048,""rotate"":1,""size_bytes"":0}",1410,1410,0.003584229390680989,examples/a100_kernel_constants_v1/measurements/results.json,16,"[""G9R"",""G10"",""G11R""]",True,void,True,False,8.927999999999998e-06,True,,declared
constants/boosted/gemm_G1_m4,110,106,HBM-bound,void-with-findings,boosted,4218880,[],False,311869440000000.0,2.069052102950408e-06,475241814358.6663,HBM-bound,0.006059887309767474,True,True,True,1889893661760.2886,0.2330713543425663,3.9766990291262134,0.2330713543425663,HBM-bound,152.94915254237287,a100,0.00028407466666666663,4218880,,retained-standalone-microbenchmark,G1:grid,declared-contractions-only,16777216,False,0.00011136275,0.39985827504512633,False,1,,1.8060582199999998e-06,2.355219744243622e-06,475241814358.6663,HBM-bound,0.006059887309767474,False,True,True,1889893661760.2886,0.26530712048403676,3.9766990291262134,0.26530712048403676,HBM-bound,174.10333138515472,1593,,5.379563961124245e-08,,"{""k"":1024,""length"":0,""m"":4,""n"":2048,""rotate"":1,""size_bytes"":0}",1410,1410,0.0017771342094020533,examples/a100_kernel_constants_v1/measurements/results.json,32,"[""G9R"",""G10"",""G11R""]",True,void,True,False,8.877333333333332e-06,True,,declared
constants/boosted/gemm_G1_m8,111,107,HBM-bound,void-with-findings,boosted,4243456,[],False,311869440000000.0,2.0811048336472064e-06,477866666666.6667,HBM-bound,0.012116135047577128,True,True,True,3778652252252.2524,0.23435865243774848,7.9073359073359075,0.23435865243774848,HBM-bound,152.94915254237287,a100,0.00028416,4243456,,retained-standalone-microbenchmark,G1:grid,declared-contractions-only,33554432,False,0.00011142475,0.4254992102888086,False,1,,1.8060582199999998e-06,2.3689394709091185e-06,477866666666.6667,HBM-bound,0.012116135047577128,False,True,True,3778652252252.2524,0.26677246294021606,7.9073359073359075,0.26677246294021606,HBM-bound,174.10333138515472,1593,,1.075912792224849e-07,,"{""k"":1024,""length"":0,""m"":8,""n"":2048,""rotate"":1,""size_bytes"":0}",1410,1410,0.0018018018018017465,examples/a100_kernel_constants_v1/measurements/results.json,32,"[""G9R"",""G10"",""G11R""]",True,void,True,False,8.88e-06,True,,declared
constants/boosted/gemm_G1_holdout_m181,112,109,HBM-bound,void-with-findings,boosted,5306368,[],False,311869440000000.0,2.602385436283741e-06,478798845043.3109,HBM-bound,0.21964503360280807,True,True,True,68500573628488.93,0.23481581775899976,143.06754148977228,0.23481581775899976,HBM-bound,152.94915254237287,a100,0.00017732266666666666,5306368,,retained-standalone-microbenchmark,G1:holdout,declared-contractions-only,759169024,False,5.5855083333333337e-05,0.3159320809248555,False,1,,1.8060582199999998e-06,2.9623176491918563e-06,478798845043.3109,HBM-bound,0.21964503360280807,False,True,True,68500573628488.93,0.267292858144116,143.06754148977228,0.267292858144116,HBM-bound,174.10333138515472,1593,,2.434252692408721e-06,,"{""k"":1024,""length"":0,""m"":181,""n"":2048,""rotate"":1,""size_bytes"":0}",1410,1410,0.002152134723291415,examples/a100_kernel_constants_v1/measurements/results.json,16,"[""G9R"",""G10"",""G11R""]",True,void,True,False,1.1082666666666666e-05,True,,declared
constants/boosted/gemm_G1_m16,113,110,HBM-bound,void-with-findings,boosted,4292608,[],False,311869440000000.0,2.1052102950408036e-06,478800713860.79724,HBM-bound,0.024001623859864273,True,True,True,7485372992266.509,0.23481673427730562,15.633587786259541,0.23481673427730562,HBM-bound,152.94915254237287,a100,0.0001434453333333333,4292608,,retained-standalone-microbenchmark,G1:grid,declared-contractions-only,67108864,False,5.5703083333333335e-05,0.4036760602678572,False,1,,1.8060582199999998e-06,2.3963789242401125e-06,478800713860.79724,HBM-bound,0.024001623859864273,False,True,True,7485372992266.509,0.2672939014247598,15.633587786259541,0.2672939014247598,HBM-bound,174.10333138515472,1593,,2.151825584449698e-07,,"{""k"":1024,""length"":0,""m"":16,""n"":2048,""rotate"":1,""size_bytes"":0}",1410,1410,0.003519381191611951,examples/a100_kernel_constants_v1/measurements/results.json,16,"[""G9R"",""G10"",""G11R""]",True,void,True,False,8.965333333333332e-06,True,,declared
constants/boosted/gemm_G1_m138,114,111,HBM-bound,void-with-findings,boosted,5042176,[],False,311869440000000.0,2.4728185812931575e-06,481123664122.1373,HBM-bound,0.17709442429273514,True,True,True,55230338931297.7,0.23595597149743866,114.7944760357433,0.23595597149743866,HBM-bound,152.94915254237287,a100,0.00016768000000000002,5042176,,retained-standalone-microbenchmark,G1:grid,declared-contractions-only,578813952,False,5.863708333333334e-05,0.3654249237804878,False,1,,1.8060582199999998e-06,2.8148305875377654e-06,481123664122.1373,HBM-bound,0.17709442429273514,False,True,True,55230338931297.7,0.2685907049177257,114.7944760357433,0.2685907049177257,HBM-bound,174.10333138515472,1593,,1.8559495665878645e-06,,"{""k"":1024,""length"":0,""m"":138,""n"":2048,""rotate"":1,""size_bytes"":0}",1410,1410,0.005063549298252497,examples/a100_kernel_constants_v1/measurements/results.json,16,"[""G9R"",""G10"",""G11R""]",True,void,True,False,1.0480000000000001e-05,True,,declared
constants/boosted/gemm_G2_m480,115,126,compute-bound,void-with-findings,boosted,4063232,[],False,311869440000000.0,3.227738376674547e-06,338301953818.82776,compute-bound,0.2687393186618462,False,True,True,83811580817051.52,0.2687393186618462,247.74193548387098,0.16591236749589403,compute-bound,152.94915254237287,a100,0.00019217066666666664,4063232,,retained-standalone-microbenchmark,G2:grid,declared-contractions-only,1006632960,False,5.8047333333333336e-05,0.31112346243351063,False,1,,1.8060582199999998e-06,3.227738376674547e-06,338301953818.82776,compute-bound,0.2687393186618462,False,True,True,83811580817051.52,0.2687393186618462,247.74193548387098,0.18885947008454781,compute-bound,174.10333138515472,1593,,3.227738376674547e-06,,"{""k"":1024,""length"":0,""m"":480,""n"":1024,""rotate"":1,""size_bytes"":0}",1410,1410,0.0025119246223323077,examples/a100_kernel_constants_v1/measurements/results.json,16,"[""G9R"",""G10"",""G11R""]",True,void,True,False,1.2010666666666665e-05,True,,declared
constants/boosted/gemm_G1_holdout_m240,116,127,compute-bound,void-with-findings,boosted,5668864,[],False,311869440000000.0,3.227738376674547e-06,473879625501.5604,compute-bound,0.2698176306850101,False,True,True,84147873383860.9,0.2698176306850101,177.5722543352601,0.2324033003283704,compute-bound,152.94915254237287,a100,0.00019140266666666666,5668864,,retained-standalone-microbenchmark,G1:holdout,declared-contractions-only,1006632960,False,5.782641666666667e-05,0.3065100685160428,False,1,,1.8060582199999998e-06,3.227738376674547e-06,473879625501.5604,compute-bound,0.2698176306850101,False,True,True,84147873383860.9,0.2698176306850101,177.5722543352601,0.26454666887326694,compute-bound,174.10333138515472,1593,,3.227738376674547e-06,,"{""k"":1024,""length"":0,""m"":240,""n"":2048,""rotate"":1,""size_bytes"":0}",1410,1410,0.0014786557246345903,examples/a100_kernel_constants_v1/measurements/results.json,16,"[""G9R"",""G10"",""G11R""]",True,void,True,False,1.1962666666666666e-05,True,,declared
constants/boosted/gemm_G1_holdout_m63,117,112,HBM-bound,void-with-findings,boosted,4581376,[],False,311869440000000.0,2.246829880728186e-06,488072727272.72723,HBM-bound,0.09026434558349451,True,True,True,28150690909090.906,0.23936397877075843,57.677246312025034,0.23936397877075843,HBM-bound,152.94915254237287,a100,0.00015018666666666668,4581376,,retained-standalone-microbenchmark,G1:holdout,declared-contractions-only,264241152,False,5.616208333333333e-05,0.4083970997431507,False,1,,1.8060582199999998e-06,2.5575857125597e-06,488072727272.72723,HBM-bound,0.09026434558349451,False,True,True,28150690909090.906,0.2724700688096271,57.677246312025034,0.2724700688096271,HBM-bound,174.10333138515472,1593,,8.472813238770686e-07,,"{""k"":1024,""length"":0,""m"":63,""n"":2048,""rotate"":1,""size_bytes"":0}",1410,1410,0.004251883394061279,examples/a100_kernel_constants_v1/measurements/results.json,16,"[""G9R"",""G10"",""G11R""]",True,void,True,False,9.386666666666668e-06,True,,declared
constants/boosted/gemm_G1_m32,118,113,HBM-bound,void-with-findings,boosted,4390912,[],False,311869440000000.0,2.1534212178279974e-06,488602967359.0505,HBM-bound,0.04788929342247102,True,True,True,14935207121661.72,0.23962402275534095,30.567164179104477,0.23962402275534095,HBM-bound,152.94915254237287,a100,0.0002875733333333333,4390912,,retained-standalone-microbenchmark,G1:grid,declared-contractions-only,134217728,False,0.0001110765,0.39176199776785714,False,1,,1.8060582199999998e-06,2.4512578309020997e-06,488602967359.0505,HBM-bound,0.04788929342247102,False,True,True,14935207121661.72,0.27276607910631673,30.567164179104477,0.27276607910631673,HBM-bound,174.10333138515472,1593,,4.303651168899396e-07,,"{""k"":1024,""length"":0,""m"":32,""n"":2048,""rotate"":1,""size_bytes"":0}",1410,1410,0.003511026577507239,examples/a100_kernel_constants_v1/measurements/results.json,32,"[""G9R"",""G10"",""G11R""]",True,void,True,False,8.986666666666666e-06,True,,declared
constants/boosted/gemm_G1_m49,119,114,HBM-bound,void-with-findings,boosted,4495360,[],False,311869440000000.0,2.204645323289391e-06,489477351916.3763,HBM-bound,0.07175485466438589,True,True,True,22378146341463.414,0.24005284443482044,45.71845102505695,0.24005284443482044,HBM-bound,152.94915254237287,a100,0.000146944,4495360,,retained-standalone-microbenchmark,G1:grid,declared-contractions-only,205520896,False,5.539258333333333e-05,0.38303103146853146,False,1,,1.8060582199999998e-06,2.5095666692304613e-06,489477351916.3763,HBM-bound,0.07175485466438589,False,True,True,22378146341463.414,0.27325421049983245,45.71845102505695,0.27325421049983245,HBM-bound,174.10333138515472,1593,,6.5899658523772e-07,,"{""k"":1024,""length"":0,""m"":49,""n"":2048,""rotate"":1,""size_bytes"":0}",1410,1410,0.0034843205574913664,examples/a100_kernel_constants_v1/measurements/results.json,16,"[""G9R"",""G10"",""G11R""]",True,void,True,False,9.184e-06,True,,declared
constants/boosted/gemm_G1_m168,120,115,HBM-bound,void-with-findings,boosted,5226496,[],False,311869440000000.0,2.5632140615191464e-06,491212030075.188,HBM-bound,0.2123512089917465,True,True,True,66225852631578.945,0.2409035772104461,134.82131661442006,0.2409035772104461,HBM-bound,152.94915254237287,a100,0.00017024,5226496,,retained-standalone-microbenchmark,G1:grid,declared-contractions-only,704643072,False,5.589433333333334e-05,0.33184299698795183,False,1,,1.8060582199999998e-06,2.9177285375289917e-06,491212030075.188,HBM-bound,0.2123512089917465,False,True,True,66225852631578.945,0.2742226069106195,134.82131661442006,0.2742226069106195,HBM-bound,174.10333138515472,1593,,2.2594168636721827e-06,,"{""k"":1024,""length"":0,""m"":168,""n"":2048,""rotate"":1,""size_bytes"":0}",1410,1410,0.0035796633727031672,examples/a100_kernel_constants_v1/measurements/results.json,16,"[""G9R"",""G10"",""G11R""]",True,void,True,False,1.064e-05,True,,declared
envelope/gh200/hbm_read_4mib,121,123,launch-bound,launch-screen-excluded,lane-a,4194304,[],False,1070530560000000.0,1.04263713885707e-06,1032062938288.0554,launch-bound,0.0,False,False,False,0.0,0.25655440070559477,0.0,0.25655440070559477,HBM-bound,266.11683848797253,gh200,,4194304,,retained-hardware-envelope,hbm_read,source-zero-scalar-work-uninventoried,0,False,,,True,1,,1.304124965e-06,1.116156287109375e-06,1032062938288.0554,launch-bound,0.0,False,False,False,0.0,0.2746447413594217,0.0,0.2746447413594217,HBM-bound,284.8814523426819,2619,,0.0,,"{""k"":0,""length"":0,""m"":0,""n"":0,""rotate"":0,""size_bytes"":4194304}",1980,1980,,examples/gh200_hardware_envelope_v1/measurements/lane_a_result.json,,[],,nonvoid,False,False,4.064000212e-06,False,,declared
envelope/gh200/hbm_write_4mib,122,124,launch-bound,launch-screen-excluded,lane-a,4194304,[],False,1070530560000000.0,1.04263713885707e-06,1032062938288.0554,launch-bound,0.0,False,False,False,0.0,0.25655440070559477,0.0,0.25655440070559477,HBM-bound,266.11683848797253,gh200,,4194304,,retained-hardware-envelope,hbm_write,source-zero-scalar-work-uninventoried,0,False,,,True,1,,1.304124965e-06,1.116156287109375e-06,1032062938288.0554,launch-bound,0.0,False,False,False,0.0,0.2746447413594217,0.0,0.2746447413594217,HBM-bound,284.8814523426819,2619,,0.0,,"{""k"":0,""length"":0,""m"":0,""n"":0,""rotate"":0,""size_bytes"":4194304}",1980,1980,,examples/gh200_hardware_envelope_v1/measurements/lane_a_result.json,,[],,nonvoid,False,False,4.064000212e-06,False,,declared
constants/boosted/gemm_G3_m1109,123,128,compute-bound,void-with-findings,boosted,4455424,[],False,311869440000000.0,3.728710270554242e-06,329803395183.5768,compute-bound,0.2760099390955074,False,True,True,86079065140150.02,0.2760099390955074,261.0011491611124,0.161744446005756,compute-bound,152.94915254237287,a100,0.00021614933333333335,4455424,,retained-standalone-microbenchmark,G3:grid,declared-contractions-only,1162870784,False,6.0143166666666664e-05,0.28192894345238095,False,1,,1.8060582199999998e-06,3.728710270554242e-06,329803395183.5768,compute-bound,0.2760099390955074,False,True,True,86079065140150.02,0.2760099390955074,261.0011491611124,0.1841150893258262,compute-bound,174.10333138515472,1593,,3.728710270554242e-06,,"{""k"":512,""length"":0,""m"":1109,""n"":1024,""rotate"":1,""size_bytes"":0}",1410,1410,0.003032430220240294,examples/a100_kernel_constants_v1/measurements/results.json,16,"[""G9R"",""G10"",""G11R""]",True,void,True,False,1.3509333333333335e-05,True,,declared
constants/boosted/gemm_G1_m64,124,116,HBM-bound,void-with-findings,boosted,4587520,[],False,311869440000000.0,2.2498430634023856e-06,497202312138.7283,HBM-bound,0.0932872363200736,True,True,True,29093438150289.016,0.24384137247858223,58.51428571428571,0.24384137247858223,HBM-bound,152.94915254237287,a100,0.00014762666666666668,4587520,,retained-standalone-microbenchmark,G1:grid,declared-contractions-only,268435456,False,5.55915e-05,0.38789335664335667,False,1,,1.8060582199999998e-06,2.561015644226074e-06,497202312138.7283,HBM-bound,0.0932872363200736,False,True,True,29093438150289.016,0.2775667244464675,58.51428571428571,0.2775667244464675,HBM-bound,174.10333138515472,1593,,8.607302337798792e-07,,"{""k"":1024,""length"":0,""m"":64,""n"":2048,""rotate"":1,""size_bytes"":0}",1410,1410,0.003834248312549611,examples/a100_kernel_constants_v1/measurements/results.json,16,"[""G9R"",""G10"",""G11R""]",True,void,True,False,9.226666666666668e-06,True,,declared
constants/boosted/gemm_G1_m79,125,117,HBM-bound,void-with-findings,boosted,4679680,[],False,311869440000000.0,2.2950408035153797e-06,498262350936.9676,HBM-bound,0.11312434862883712,True,True,True,35280027257240.2,0.2443612439858794,70.80612691466084,0.2443612439858794,HBM-bound,152.94915254237287,a100,0.00015027200000000001,4679680,,retained-standalone-microbenchmark,G1:grid,declared-contractions-only,331350016,False,5.7707e-05,0.3900430757705479,False,1,,1.8060582199999998e-06,2.6124646192216872e-06,498262350936.9676,HBM-bound,0.11312434862883712,False,True,True,35280027257240.2,0.2781584986394471,70.80612691466084,0.2781584986394471,HBM-bound,174.10333138515472,1593,,1.0624638823220384e-06,,"{""k"":1024,""length"":0,""m"":79,""n"":2048,""rotate"":1,""size_bytes"":0}",1410,1410,0.00405532562665691,examples/a100_kernel_constants_v1/measurements/results.json,16,"[""G9R"",""G10"",""G11R""]",True,void,True,False,9.392000000000001e-06,True,,declared
constants/boosted/gemm_G1_holdout_m122,126,118,HBM-bound,void-with-findings,boosted,4943872,[],False,311869440000000.0,2.4246076585059638e-06,506544262295.082,HBM-bound,0.16811137378513266,True,True,True,52428800000000.0,0.24842291583052908,103.50289975144987,0.24842291583052908,HBM-bound,152.94915254237287,a100,0.00015616,4943872,,retained-standalone-microbenchmark,G1:holdout,declared-contractions-only,511705088,False,5.8407583333333336e-05,0.4120327818627451,False,1,,1.8060582199999998e-06,2.759951680875778e-06,506544262295.082,HBM-bound,0.16811137378513266,False,True,True,52428800000000.0,0.2827819345159609,103.50289975144987,0.2827819345159609,HBM-bound,174.10333138515472,1593,,1.6407670081428947e-06,,"{""k"":1024,""length"":0,""m"":122,""n"":2048,""rotate"":1,""size_bytes"":0}",1410,1410,0.00327868852459015,examples/a100_kernel_constants_v1/measurements/results.json,16,"[""G9R"",""G10"",""G11R""]",True,void,True,False,9.76e-06,True,,declared
constants/boosted/gemm_G1_m108,127,119,HBM-bound,void-with-findings,boosted,4857856,[],False,311869440000000.0,2.382423101067169e-06,509422818791.9463,HBM-bound,0.15231567423485173,True,True,True,47502604026845.64,0.24983463727633903,93.24789207419899,0.24983463727633903,HBM-bound,152.94915254237287,a100,0.000152576,4857856,,retained-standalone-microbenchmark,G1:grid,declared-contractions-only,452984832,False,5.773875e-05,0.3825175650167785,False,1,,1.8060582199999998e-06,2.7119326375465395e-06,509422818791.9463,HBM-bound,0.15231567423485173,False,True,True,47502604026845.64,0.28438890913868914,93.24789207419899,0.28438890913868914,HBM-bound,174.10333138515472,1593,,1.452482269503546e-06,,"{""k"":1024,""length"":0,""m"":108,""n"":2048,""rotate"":1,""size_bytes"":0}",1410,1410,0.0038748340214068678,examples/a100_kernel_constants_v1/measurements/results.json,16,"[""G9R"",""G10"",""G11R""]",True,void,True,False,9.536e-06,True,,declared
envelope/gh200/hbm_copy_2mib,128,125,launch-bound,launch-screen-excluded,lane-a,4194304,[],False,1070530560000000.0,1.04263713885707e-06,1074360676377.3184,launch-bound,0.0,False,False,False,0.0,0.26706894438710066,0.0,0.26706894438710066,HBM-bound,266.11683848797253,gh200,,4194304,,retained-hardware-envelope,hbm_copy,source-zero-scalar-work-uninventoried,0,False,,,True,1,,1.304124965e-06,1.116156287109375e-06,1074360676377.3184,launch-bound,0.0,False,False,False,0.0,0.28590069378891575,0.0,0.28590069378891575,HBM-bound,284.8814523426819,2619,,0.0,,"{""k"":0,""length"":0,""m"":0,""n"":0,""rotate"":0,""size_bytes"":2097152}",1980,1980,,examples/gh200_hardware_envelope_v1/measurements/lane_a_result.json,,[],,nonvoid,False,False,3.903999925e-06,False,,declared
constants/boosted/gemm_G3_m831,129,130,compute-bound,void-with-findings,boosted,3601408,[],False,311869440000000.0,2.7940110323089045e-06,369400437636.7615,compute-bound,0.28658482962687065,False,True,True,89377050328227.58,0.28658482962687065,241.95166334944554,0.18116389950013806,compute-bound,152.94915254237287,a100,0.00015598933333333333,3601408,,retained-standalone-microbenchmark,G3:grid,declared-contractions-only,871366656,False,5.599291666666667e-05,0.3616365131578947,False,1,,1.8060582199999998e-06,2.7940110323089045e-06,369400437636.7615,compute-bound,0.28658482962687065,False,True,True,89377050328227.58,0.28658482962687065,241.95166334944554,0.20622041969772437,compute-bound,174.10333138515472,1593,,2.7940110323089045e-06,,"{""k"":512,""length"":0,""m"":831,""n"":1024,""rotate"":1,""size_bytes"":0}",1410,1410,0.003094559217446584,examples/a100_kernel_constants_v1/measurements/results.json,16,"[""G9R"",""G10"",""G11R""]",True,void,True,False,9.749333333333333e-06,True,,declared
constants/boosted/gemm_G1_m256,130,131,compute-bound,void-with-findings,boosted,5767168,[],False,311869440000000.0,3.4429209351195167e-06,480597333333.3333,compute-bound,0.2869100779266264,False,True,True,89478485333333.33,0.2869100779266264,186.1818181818182,0.23569784473739275,compute-bound,152.94915254237287,a100,0.000192,5767168,,retained-standalone-microbenchmark,G1:grid,declared-contractions-only,1073741824,False,5.76845e-05,0.30404857878989366,False,1,,1.8060582199999998e-06,3.4429209351195167e-06,480597333333.3333,compute-bound,0.2869100779266264,False,True,True,89478485333333.33,0.2869100779266264,186.1818181818182,0.26829687701416016,compute-bound,174.10333138515472,1593,,3.4429209351195167e-06,,"{""k"":1024,""length"":0,""m"":256,""n"":2048,""rotate"":1,""size_bytes"":0}",1410,1410,0.0026666666666666553,examples/a100_kernel_constants_v1/measurements/results.json,16,"[""G9R"",""G10"",""G11R""]",True,void,True,False,1.2e-05,True,,declared
constants/boosted/gemm_G1_m434,131,135,compute-bound,void-with-findings,boosted,6860800,[],False,311869440000000.0,5.836826897819805e-06,354282566786.0094,compute-bound,0.30140596071088227,False,True,True,93999308179564.86,0.30140596071088227,265.32298507462684,0.1737496894548461,compute-bound,152.94915254237287,a100,0.0003098453333333333,6860800,,retained-standalone-microbenchmark,G1:grid,declared-contractions-only,1820327936,False,6.0280249999999996e-05,0.2133192811468647,False,1,,1.8060582199999998e-06,5.836826897819805e-06,354282566786.0094,compute-bound,0.30140596071088227,False,True,True,93999308179564.86,0.30140596071088227,265.32298507462684,0.19778076085020643,compute-bound,174.10333138515472,1593,,5.836826897819805e-06,,"{""k"":1024,""length"":0,""m"":434,""n"":2048,""rotate"":1,""size_bytes"":0}",1410,1410,0.0016293251950149916,examples/a100_kernel_constants_v1/measurements/results.json,16,"[""G9R"",""G10"",""G11R""]",True,void,True,False,1.9365333333333332e-05,True,,declared
constants/boosted/gemm_G2_m872,132,136,compute-bound,void-with-findings,boosted,5668864,[],False,311869440000000.0,5.863724717625427e-06,291928591046.41583,compute-bound,0.30196330254182024,False,True,True,94173126064268.05,0.30196330254182024,322.5895953757225,0.14316962445386838,compute-bound,152.94915254237287,a100,0.0003106986666666667,5668864,,retained-standalone-microbenchmark,G2:grid,declared-contractions-only,1828716544,False,6.0451333333333335e-05,0.21315813221947197,False,1,,1.8060582199999998e-06,5.863724717625427e-06,291928591046.41583,compute-bound,0.30196330254182024,False,True,True,94173126064268.05,0.30196330254182024,322.5895953757225,0.16297121073406692,compute-bound,174.10333138515472,1593,,5.863724717625427e-06,,"{""k"":1024,""length"":0,""m"":872,""n"":1024,""rotate"":1,""size_bytes"":0}",1410,1410,0.0021096253083956774,examples/a100_kernel_constants_v1/measurements/results.json,16,"[""G9R"",""G10"",""G11R""]",True,void,True,False,1.9418666666666668e-05,True,,declared
envelope/a100/gemm_square_m1024_n1024_k1024,133,137,compute-bound,inefficient-under-declared-threshold,lane-a,6291456,[],False,311869440000000.0,6.885841870239033e-06,279272725041.3223,compute-bound,0.30565704080347855,False,True,True,95325090147438.02,0.30565704080347855,341.3333333333333,0.13696284773291467,compute-bound,152.94915254237287,a100,,6291456,,retained-hardware-envelope,gemm,declared-contractions-only,2147483648,False,,,False,1,,1.8060582199999998e-06,6.885841870239033e-06,279272725041.3223,compute-bound,0.30565704080347855,False,True,True,95325090147438.02,0.30565704080347855,341.3333333333333,0.15590598358949354,compute-bound,174.10333138515472,1593,,6.885841870239033e-06,,"{""k"":1024,""length"":0,""m"":1024,""n"":1024,""rotate"":0,""size_bytes"":0}",1410,1410,,examples/a100_hardware_envelope_v1/measurements/lane_a_result.json,,[],,nonvoid,False,False,2.2528000180000002e-05,False,,declared
constants/boosted/gemm_G1_m296,134,138,compute-bound,void-with-findings,boosted,6012928,[],False,311869440000000.0,3.980877331231941e-06,465108910891.0891,compute-bound,0.3079267737648469,False,True,True,96032950495049.5,0.3079267737648469,206.4741144414169,0.22810190623582133,compute-bound,152.94915254237287,a100,0.000206848,6012928,,retained-standalone-microbenchmark,G1:grid,declared-contractions-only,1241513984,False,5.779966666666667e-05,0.28915481187810943,False,1,,1.8060582199999998e-06,3.980877331231941e-06,465108910891.0891,compute-bound,0.3079267737648469,False,True,True,96032950495049.5,0.3079267737648469,206.4741144414169,0.2596503551071233,compute-bound,174.10333138515472,1593,,3.980877331231941e-06,,"{""k"":1024,""length"":0,""m"":296,""n"":2048,""rotate"":1,""size_bytes"":0}",1410,1410,0.004042062281820408,examples/a100_kernel_constants_v1/measurements/results.json,16,"[""G9R"",""G10"",""G11R""]",True,void,True,False,1.2928e-05,True,,declared
constants/boosted/gemm_G2_holdout_m567,135,139,compute-bound,void-with-findings,boosted,4419584,[],False,311869440000000.0,3.8127659574468084e-06,367971580817.0516,compute-bound,0.3174483201693058,False,True,True,99002429840142.11,0.3174483201693058,269.04911955514365,0.18046314972587668,compute-bound,152.94915254237287,a100,0.00019217066666666664,4419584,,retained-standalone-microbenchmark,G2:holdout,declared-contractions-only,1189085184,False,5.7795666666666666e-05,0.30326704545454547,False,1,,1.8060582199999998e-06,3.8127659574468084e-06,367971580817.0516,compute-bound,0.3174483201693058,False,True,True,99002429840142.11,0.3174483201693058,269.04911955514365,0.20542275022301118,compute-bound,174.10333138515472,1593,,3.8127659574468084e-06,,"{""k"":1024,""length"":0,""m"":567,""n"":1024,""rotate"":1,""size_bytes"":0}",1410,1410,0.0025119246223323077,examples/a100_kernel_constants_v1/measurements/results.json,16,"[""G9R"",""G10"",""G11R""]",True,void,True,False,1.2010666666666665e-05,True,,declared
constants/boosted/gemm_G1_m1,136,129,HBM-bound,void-with-findings,boosted,4200448,[],False,311869440000000.0,2.060012554927809e-06,571956427015.2505,HBM-bound,0.0018312785815373927,False,True,True,571119825708.061,0.28050279887361235,0.9985372988785958,0.28050279887361235,HBM-bound,152.94915254237287,a100,0.000235008,4200448,,retained-standalone-microbenchmark,G1:grid,declared-contractions-only,4194304,False,0.00011033908333333333,0.48403108016304347,False,1,,1.8060582199999998e-06,2.3449299492444993e-06,571956427015.2505,HBM-bound,0.0018312785815373927,False,True,True,571119825708.061,0.3192987403655364,0.9985372988785958,0.3192987403655364,HBM-bound,174.10333138515472,1593,,1.3448909902810612e-08,,"{""k"":1024,""length"":0,""m"":1,""n"":2048,""rotate"":1,""size_bytes"":0}",1410,1410,0.0033279416811589106,examples/a100_kernel_constants_v1/measurements/results.json,32,"[""G9R"",""G10"",""G11R""]",True,void,True,False,7.344e-06,True,,declared
envelope/a100/hbm_copy_2mib,137,132,HBM-bound,inefficient-under-declared-threshold,lane-a,4194304,[],False,282009600000000.0,2.0569993722536095e-06,585142849142.8573,HBM-bound,0.0,False,True,True,0.0,0.28696977457178735,0.0,0.28696977457178735,HBM-bound,138.3050847457627,a100,,4194304,,retained-hardware-envelope,hbm_copy,source-zero-scalar-work-uninventoried,0,False,,,False,1,,1.8060582199999998e-06,2.341500017578125e-06,585142849142.8573,HBM-bound,0.0,False,True,True,0.0,0.32666015423624856,0.0,0.32666015423624856,HBM-bound,157.4338634865761,1593,,0.0,,"{""k"":0,""length"":0,""m"":0,""n"":0,""rotate"":0,""size_bytes"":2097152}",1275,1275,,examples/a100_hardware_envelope_v1/measurements/lane_a_result.json,,[],,nonvoid,False,False,7.168000098e-06,False,,declared
envelope/a100/hbm_read_4mib,138,133,HBM-bound,inefficient-under-declared-threshold,lane-a,4194304,[],False,282009600000000.0,2.0569993722536095e-06,585142849142.8573,HBM-bound,0.0,False,True,True,0.0,0.28696977457178735,0.0,0.28696977457178735,HBM-bound,138.3050847457627,a100,,4194304,,retained-hardware-envelope,hbm_read,source-zero-scalar-work-uninventoried,0,False,,,False,1,,1.8060582199999998e-06,2.341500017578125e-06,585142849142.8573,HBM-bound,0.0,False,True,True,0.0,0.32666015423624856,0.0,0.32666015423624856,HBM-bound,157.4338634865761,1593,,0.0,,"{""k"":0,""length"":0,""m"":0,""n"":0,""rotate"":0,""size_bytes"":4194304}",1275,1275,,examples/a100_hardware_envelope_v1/measurements/lane_a_result.json,,[],,nonvoid,False,False,7.168000098e-06,False,,declared
envelope/a100/hbm_write_4mib,139,134,HBM-bound,inefficient-under-declared-threshold,lane-a,4194304,[],False,282009600000000.0,2.0569993722536095e-06,585142849142.8573,HBM-bound,0.0,False,True,True,0.0,0.28696977457178735,0.0,0.28696977457178735,HBM-bound,138.3050847457627,a100,,4194304,,retained-hardware-envelope,hbm_write,source-zero-scalar-work-uninventoried,0,False,,,False,1,,1.8060582199999998e-06,2.341500017578125e-06,585142849142.8573,HBM-bound,0.0,False,True,True,0.0,0.32666015423624856,0.0,0.32666015423624856,HBM-bound,157.4338634865761,1593,,0.0,,"{""k"":0,""length"":0,""m"":0,""n"":0,""rotate"":0,""size_bytes"":4194304}",1275,1275,,examples/a100_hardware_envelope_v1/measurements/lane_a_result.json,,[],,nonvoid,False,False,7.168000098e-06,False,,declared
constants/boosted/gemm_G2_m654,140,140,compute-bound,void-with-findings,boosted,4775936,[],False,311869440000000.0,4.39779353821907e-06,363428571428.5714,compute-bound,0.33465352614288785,False,True,True,104368207792207.78,0.33465352614288785,287.17667238421956,0.1782351358622545,compute-bound,152.94915254237287,a100,0.00021026133333333335,4775936,,retained-standalone-microbenchmark,G2:grid,declared-contractions-only,1371537408,False,5.800424999999999e-05,0.2777075674019608,False,1,,1.8060582199999998e-06,4.39779353821907e-06,363428571428.5714,compute-bound,0.33465352614288785,False,True,True,104368207792207.78,0.33465352614288785,287.17667238421956,0.20288658294400996,compute-bound,174.10333138515472,1593,,4.39779353821907e-06,,"{""k"":1024,""length"":0,""m"":654,""n"":1024,""rotate"":1,""size_bytes"":0}",1410,1410,0.003629980482954188,examples/a100_kernel_constants_v1/measurements/results.json,16,"[""G9R"",""G10"",""G11R""]",True,void,True,False,1.3141333333333334e-05,True,,declared
constants/boosted/gemm_G1_holdout_m325,141,141,compute-bound,void-with-findings,boosted,6191104,[],False,311869440000000.0,4.3708957184134485e-06,474196078431.37256,compute-bound,0.33478061568730455,False,True,True,104407843137254.9,0.33478061568730455,220.1786304995038,0.23255849734746378,compute-bound,152.94915254237287,a100,0.000208896,6191104,,retained-standalone-microbenchmark,G1:holdout,declared-contractions-only,1363148800,False,5.608708333333334e-05,0.2832222732843137,False,1,,1.8060582199999998e-06,4.3708957184134485e-06,474196078431.37256,compute-bound,0.33478061568730455,False,True,True,104407843137254.9,0.33478061568730455,220.1786304995038,0.26472333097041534,compute-bound,174.10333138515472,1593,,4.3708957184134485e-06,,"{""k"":1024,""length"":0,""m"":325,""n"":2048,""rotate"":1,""size_bytes"":0}",1410,1410,0.0028301483783805064,examples/a100_kernel_constants_v1/measurements/results.json,16,"[""G9R"",""G10"",""G11R""]",True,void,True,False,1.3056e-05,True,,declared
constants/boosted/gemm_G1_m355,142,143,compute-bound,void-with-findings,boosted,6375424,[],False,311869440000000.0,4.774363015497767e-06,478923076923.07697,compute-bound,0.35865106787092604,False,True,True,111852307692307.7,0.35865106787092604,233.5496305814327,0.2348767444106427,compute-bound,152.94915254237287,a100,0.00021299199999999998,6375424,,retained-standalone-microbenchmark,G1:grid,declared-contractions-only,1488977920,False,5.5987083333333335e-05,0.26700533353365385,False,1,,1.8060582199999998e-06,4.774363015497767e-06,478923076923.07697,compute-bound,0.35865106787092604,False,True,True,111852307692307.7,0.35865106787092604,233.5496305814327,0.2673622114739309,compute-bound,174.10333138515472,1593,,4.774363015497767e-06,,"{""k"":1024,""length"":0,""m"":355,""n"":2048,""rotate"":1,""size_bytes"":0}",1410,1410,0.0033995518326276632,examples/a100_kernel_constants_v1/measurements/results.json,16,"[""G9R"",""G10"",""G11R""]",True,void,True,False,1.3311999999999999e-05,True,,declared
constants/boosted/gemm_G3_m2048,143,144,compute-bound,void-with-findings,boosted,7340032,[],False,311869440000000.0,6.885841870239033e-06,382505836575.8755,compute-bound,0.35883695127009974,False,True,True,111910279043913.28,0.35883695127009974,292.57142857142856,0.18759113924978202,compute-bound,152.94915254237287,a100,0.0003070293333333333,7340032,,retained-standalone-microbenchmark,G3:grid,declared-contractions-only,2147483648,False,5.540108333333333e-05,0.18509114583333336,False,1,,1.8060582199999998e-06,6.885841870239033e-06,382505836575.8755,compute-bound,0.35883695127009974,False,True,True,111910279043913.28,0.35883695127009974,292.57142857142856,0.213536601797616,compute-bound,174.10333138515472,1593,,6.885841870239033e-06,,"{""k"":512,""length"":0,""m"":2048,""n"":1024,""rotate"":1,""size_bytes"":0}",1410,1410,0.0012429505155640472,examples/a100_kernel_constants_v1/measurements/results.json,16,"[""G9R"",""G10"",""G11R""]",True,void,True,False,1.9189333333333333e-05,True,,declared
constants/base/gemm_G1_m512,144,145,compute-bound,void-with-findings,base,7340032,[],False,282009600000000.0,7.614931009440814e-06,348595744680.8511,compute-bound,0.3616513587310417,False,True,True,101989155015197.56,0.3616513587310417,292.57142857142856,0.17096071910352473,compute-bound,138.3050847457627,a100,0.000168448,7340032,,retained-standalone-microbenchmark,G1:pair,declared-contractions-only,2147483648,False,3.169091666666667e-05,0.3618489583333333,False,1,,1.8060582199999998e-06,7.614931009440814e-06,348595744680.8511,compute-bound,0.3616513587310417,False,True,True,101989155015197.56,0.3616513587310417,292.57142857142856,0.1946060519928628,compute-bound,157.4338634865761,1593,,7.614931009440814e-06,,"{""k"":1024,""length"":0,""m"":512,""n"":2048,""rotate"":1,""size_bytes"":0}",1275,1275,0.003039513677811537,examples/a100_kernel_constants_v1/measurements/results.json,8,"[""G9R"",""G10"",""G11R""]",True,void,True,False,2.1056e-05,True,,declared
constants/boosted/gemm_G2_m1024,145,146,compute-bound,void-with-findings,boosted,6291456,[],False,311869440000000.0,6.885841870239033e-06,332108108108.1081,compute-bound,0.3634840514273138,False,True,True,113359567567567.56,0.3634840514273138,341.3333333333333,0.1628747391459256,compute-bound,152.94915254237287,a100,0.000303104,6291456,,retained-standalone-microbenchmark,G2:grid,declared-contractions-only,2147483648,False,6.0672749999999996e-05,0.25135597022804057,False,1,,1.8060582199999998e-06,6.885841870239033e-06,332108108108.1081,compute-bound,0.3634840514273138,False,True,True,113359567567567.56,0.3634840514273138,341.3333333333333,0.18540171169590305,compute-bound,174.10333138515472,1593,,6.885841870239033e-06,,"{""k"":1024,""length"":0,""m"":1024,""n"":1024,""rotate"":1,""size_bytes"":0}",1410,1410,0.0013792171975130448,examples/a100_kernel_constants_v1/measurements/results.json,16,"[""G9R"",""G10"",""G11R""]",True,void,True,False,1.8944e-05,True,,declared
constants/boosted/gemm_G1_m512,146,147,compute-bound,void-with-findings,boosted,7340032,[],False,311869440000000.0,6.885841870239033e-06,387677746478.8732,compute-bound,0.3636888311745968,False,True,True,113423432112676.05,0.3636888311745968,292.57142857142856,0.19012758282273678,compute-bound,152.94915254237287,a100,0.00030293333333333334,7340032,,retained-standalone-microbenchmark,G1:pair,declared-contractions-only,2147483648,False,5.5333333333333334e-05,0.18846001059322035,False,1,,1.8060582199999998e-06,6.885841870239033e-06,387677746478.8732,compute-bound,0.3636888311745968,False,True,True,113423432112676.05,0.3636888311745968,292.57142857142856,0.2164238572585415,compute-bound,174.10333138515472,1593,,6.885841870239033e-06,,"{""k"":1024,""length"":0,""m"":512,""n"":2048,""rotate"":1,""size_bytes"":0}",1410,1410,0.0018685210086509033,examples/a100_kernel_constants_v1/measurements/results.json,16,"[""G9R"",""G10"",""G11R""]",True,void,True,False,1.8933333333333334e-05,True,,declared
constants/boosted/gemm_G1_holdout_m512,147,148,compute-bound,void-with-findings,boosted,7340032,[],False,311869440000000.0,6.885841870239033e-06,387786982248.5207,compute-bound,0.36379130759927264,False,True,True,113455391377852.9,0.36379130759927264,292.57142857142856,0.1901811549790689,compute-bound,152.94915254237287,a100,0.00030284800000000004,7340032,,retained-standalone-microbenchmark,G1:holdout,declared-contractions-only,2147483648,False,5.571575e-05,0.19084679555084746,False,1,,1.8060582199999998e-06,6.885841870239033e-06,387786982248.5207,compute-bound,0.36379130759927264,False,True,True,113455391377852.9,0.36379130759927264,292.57142857142856,0.21648483890330295,compute-bound,174.10333138515472,1593,,6.885841870239033e-06,,"{""k"":1024,""length"":0,""m"":512,""n"":2048,""rotate"":1,""size_bytes"":0}",1410,1410,0.0014641173352230126,examples/a100_kernel_constants_v1/measurements/results.json,16,"[""G9R"",""G10"",""G11R""]",True,void,True,False,1.8928000000000002e-05,True,,declared
constants/boosted/gemm_G3_m4096,148,151,compute-bound,void-with-findings,boosted,13631488,[],False,311869440000000.0,1.3771683740478067e-05,378316163410.30194,compute-bound,0.3822070309857367,False,True,True,119198692717584.36,0.3822070309857367,315.0769230769231,0.18553641096315027,compute-bound,152.94915254237287,a100,0.000288256,13631488,,retained-standalone-microbenchmark,G3:grid,declared-contractions-only,4294967296,False,2.9977083333333335e-05,0.10606302824733096,False,1,,1.8060582199999998e-06,1.3771683740478067e-05,378316163410.30194,compute-bound,0.3822070309857367,False,True,True,119198692717584.36,0.3822070309857367,315.0769230769231,0.21119768697626845,compute-bound,174.10333138515472,1593,,1.3771683740478067e-05,,"{""k"":512,""length"":0,""m"":4096,""n"":1024,""rotate"":1,""size_bytes"":0}",1410,1410,0.002293062964006774,examples/a100_kernel_constants_v1/measurements/results.json,8,"[""G9R"",""G10"",""G11R""]",True,void,True,False,3.6032e-05,True,,declared
constants/boosted/gemm_G5_holdout_m202,149,152,compute-bound,void-with-findings,boosted,36864000,[],False,311869440000000.0,2.173343840294195e-05,660298051203.6682,compute-bound,0.3892835021543385,False,True,True,121405627818112.33,0.3892835021543385,183.86488888888888,0.32382790489822083,compute-bound,152.94915254237287,a100,0.00022331733333333335,36864000,,retained-standalone-microbenchmark,G5:holdout,declared-contractions-only,6777995264,False,1.4517166666666665e-05,0.06656303755733944,False,1,,1.8060582199999998e-06,2.173343840294195e-05,660298051203.6682,compute-bound,0.3892835021543385,False,True,True,121405627818112.33,0.3892835021543385,183.86488888888888,0.36861607992653633,compute-bound,174.10333138515472,1593,,2.173343840294195e-05,,"{""k"":4096,""length"":0,""m"":202,""n"":4096,""rotate"":1,""size_bytes"":0}",1410,1410,0.001267338475489257,examples/a100_kernel_constants_v1/measurements/results.json,4,"[""G9R"",""G10"",""G11R""]",True,void,True,False,5.582933333333334e-05,True,,declared
constants/base/attn_prefill_granite_s1024,150,142,HBM-bound,void-with-findings,base,75497472,[],False,282009600000000.0,3.7025988700564974e-05,698016568047.3373,HBM-bound,0.14080863552960082,False,True,True,39709386982248.516,0.3423260789623241,56.888888888888886,0.3423260789623241,HBM-bound,138.3050847457627,a100,0.00021632000000000002,75497472,,retained-standalone-microbenchmark,attn_prefill_granite,declared-contractions-only,4294967296,False,1.4602250000000002e-05,0.06993298281990522,False,2,,3.6121164399999996e-06,4.214700031640625e-05,698016568047.3373,HBM-bound,0.14080863552960082,False,True,True,39709386982248.516,0.38967271002594533,56.888888888888886,0.38967271002594533,HBM-bound,157.4338634865761,1593,,1.6455994978028876e-05,,"{""k"":64,""length"":1024,""m"":1024,""n"":16,""rotate"":1,""size_bytes"":0}",1275,1275,0.003924999751899896,examples/a100_kernel_constants_v1/measurements/results.json,2,"[""G9R"",""G10"",""G11R""]",False,void,True,False,0.00010816000000000001,True,,declared
constants/boosted/gemm_G5_m215,151,154,compute-bound,void-with-findings,boosted,37076992,[],False,311869440000000.0,2.3132125032834253e-05,663605956471.9358,compute-bound,0.414019992712526,False,True,True,129120183276059.56,0.414019992712526,194.57357490057447,0.32545019051707463,compute-bound,152.94915254237287,a100,0.000223488,37076992,,retained-standalone-microbenchmark,G5:grid,declared-contractions-only,7214202880,False,1.4440250000000001e-05,0.06597620412844037,False,1,,1.8060582199999998e-06,2.3132125032834253e-05,663605956471.9358,compute-bound,0.414019992712526,False,True,True,129120183276059.56,0.414019992712526,194.57357490057447,0.3704627415523496,compute-bound,174.10333138515472,1593,,2.3132125032834253e-05,,"{""k"":4096,""length"":0,""m"":215,""n"":4096,""rotate"":1,""size_bytes"":0}",1410,1410,0.0019840215436069527,examples/a100_kernel_constants_v1/measurements/results.json,4,"[""G9R"",""G10"",""G11R""]",True,void,True,False,5.5872e-05,True,,declared
constants/boosted/gemm_G1_m591,152,156,compute-bound,void-with-findings,boosted,7825408,[],False,311869440000000.0,7.948305752561072e-06,411805781644.68146,compute-bound,0.4182731767064836,False,True,True,130446621386472.08,0.4182731767064836,316.7673383930908,0.20196061952913205,compute-bound,152.94915254237287,a100,0.00030404266666666667,7825408,,retained-standalone-microbenchmark,G1:grid,declared-contractions-only,2478833664,False,5.581566666666667e-05,0.19987307975589225,False,1,,1.8060582199999998e-06,7.948305752561072e-06,411805781644.68146,compute-bound,0.4182731767064836,False,True,True,130446621386472.08,0.4182731767064836,316.7673383930908,0.22989350437159423,compute-bound,174.10333138515472,1593,,7.948305752561072e-06,,"{""k"":1024,""length"":0,""m"":591,""n"":2048,""rotate"":1,""size_bytes"":0}",1410,1410,0.0021558085175045183,examples/a100_kernel_constants_v1/measurements/results.json,16,"[""G9R"",""G10"",""G11R""]",True,void,True,False,1.9002666666666667e-05,True,,declared
constants/boosted/attn_prefill_synthetic_s128,153,149,HBM-bound,void-with-findings,boosted,12582912,[],False,311869440000000.0,6.170998116760829e-06,751607518317.9355,HBM-bound,0.1028269632581888,False,True,True,32068587448231.918,0.3686085208323209,42.666666666666664,0.3686085208323209,HBM-bound,152.94915254237287,a100,0.00026786133333333336,12582912,,retained-standalone-microbenchmark,attn_prefill_synthetic,declared-contractions-only,536870912,False,0.00011595316666666667,0.4452863086685824,False,2,,3.6121164399999996e-06,7.024500052734375e-06,751607518317.9355,HBM-bound,0.1028269632581888,False,True,True,32068587448231.918,0.41959023889381813,42.666666666666664,0.41959023889381813,HBM-bound,174.10333138515472,1593,,1.7214604675597583e-06,,"{""k"":128,""length"":128,""m"":128,""n"":64,""rotate"":1,""size_bytes"":0}",1410,1410,0.002902336278797197,examples/a100_kernel_constants_v1/measurements/results.json,16,"[""G9R"",""G10"",""G11R""]",False,void,True,False,1.6741333333333335e-05,True,,declared
constants/boosted/attn_prefill_granite_s1024,154,150,HBM-bound,void-with-findings,boosted,75497472,[],False,311869440000000.0,3.7025988700564974e-05,759104247104.2471,HBM-bound,0.13847011482945287,False,True,True,43184597168597.164,0.37228511804782993,56.888888888888886,0.37228511804782993,HBM-bound,152.94915254237287,a100,0.000198912,75497472,,retained-standalone-microbenchmark,attn_prefill_granite,declared-contractions-only,4294967296,False,1.4491416666666667e-05,0.09794671474358974,False,2,,3.6121164399999996e-06,4.214700031640625e-05,759104247104.2471,HBM-bound,0.13847011482945287,False,True,True,43184597168597.164,0.423775341019207,56.888888888888886,0.423775341019207,HBM-bound,174.10333138515472,1593,,1.6455994978028876e-05,,"{""k"":64,""length"":1024,""m"":1024,""n"":16,""rotate"":1,""size_bytes"":0}",1410,1410,0.004757844919094597,examples/a100_kernel_constants_v1/measurements/results.json,2,"[""G9R"",""G10"",""G11R""]",False,void,True,False,9.9456e-05,True,,declared
constants/boosted/gemm_G2_m2048,155,158,compute-bound,void-with-findings,boosted,10485760,[],False,311869440000000.0,1.3771683740478067e-05,335737704918.0328,compute-bound,0.4409478656659217,False,True,True,137518163934426.22,0.4409478656659217,409.6,0.16465479093987012,compute-bound,152.94915254237287,a100,0.000249856,10485760,,retained-standalone-microbenchmark,G2:grid,declared-contractions-only,4294967296,False,2.7863583333333335e-05,0.11509029200819673,False,1,,1.8060582199999998e-06,1.3771683740478067e-05,335737704918.0328,compute-bound,0.4409478656659217,False,True,True,137518163934426.22,0.4409478656659217,409.6,0.18742795991115882,compute-bound,174.10333138515472,1593,,1.3771683740478067e-05,,"{""k"":1024,""length"":0,""m"":2048,""n"":1024,""rotate"":1,""size_bytes"":0}",1410,1410,0.0016731487314092673,examples/a100_kernel_constants_v1/measurements/results.json,8,"[""G9R"",""G10"",""G11R""]",True,void,True,False,3.1232e-05,True,,declared
constants/boosted/gemm_G1_m1024,156,159,compute-bound,void-with-findings,boosted,10485760,[],False,311869440000000.0,1.3771683740478067e-05,337582417582.4176,compute-bound,0.4433706561366136,False,True,True,138273758241758.23,0.4433706561366136,409.6,0.16555948759338587,compute-bound,152.94915254237287,a100,0.00024849066666666667,10485760,,retained-standalone-microbenchmark,G1:grid,declared-contractions-only,4294967296,False,2.7884666666666664e-05,0.1152303396177686,False,1,,1.8060582199999998e-06,1.3771683740478067e-05,337582417582.4176,compute-bound,0.4433706561366136,False,True,True,138273758241758.23,0.4433706561366136,409.6,0.18845778386671463,compute-bound,174.10333138515472,1593,,1.3771683740478067e-05,,"{""k"":1024,""length"":0,""m"":1024,""n"":2048,""rotate"":1,""size_bytes"":0}",1410,1410,0.0019426010472157302,examples/a100_kernel_constants_v1/measurements/results.json,8,"[""G9R"",""G10"",""G11R""]",True,void,True,False,3.1061333333333334e-05,True,,declared
envelope/gh200/hbm_write_8mib,157,155,HBM-bound,inefficient-under-declared-threshold,lane-a,8388608,[],False,1070530560000000.0,2.08527427771414e-06,1669706982772.8513,HBM-bound,0.0,False,True,True,0.0,0.4150625494117634,0.0,0.4150625494117634,HBM-bound,266.11683848797253,gh200,,8388608,,retained-hardware-envelope,hbm_write,source-zero-scalar-work-uninventoried,0,False,,,False,1,,1.304124965e-06,2.23231257421875e-06,1669706982772.8513,HBM-bound,0.0,False,True,True,0.0,0.44432972585018704,0.0,0.44432972585018704,HBM-bound,284.8814523426819,2619,,0.0,,"{""k"":0,""length"":0,""m"":0,""n"":0,""rotate"":0,""size_bytes"":8388608}",1980,1980,,examples/gh200_hardware_envelope_v1/measurements/lane_a_result.json,,[],,nonvoid,False,False,5.024000071e-06,False,,declared
constants/boosted/attn_prefill_granite_s2048,158,153,HBM-bound,void-with-findings,boosted,285212672,[],False,311869440000000.0,0.00013987595731324544,811246601941.7476,HBM-bound,0.15668632896478382,False,True,True,48865677669902.91,0.39785712979723176,60.23529411764706,0.39785712979723176,HBM-bound,152.94915254237287,a100,0.00035157333333333336,285212672,,retained-standalone-microbenchmark,attn_prefill_granite,declared-contractions-only,17179869184,False,7.0368333333333335e-06,0.02110855502915452,False,2,,3.6121164399999996e-06,0.0001592220011953125,811246601941.7476,HBM-bound,0.15668632896478382,False,True,True,48865677669902.91,0.4528841811911573,60.23529411764706,0.4528841811911573,HBM-bound,174.10333138515472,1593,,0.00011930596359070935,,"{""k"":64,""length"":2048,""m"":2048,""n"":16,""rotate"":1,""size_bytes"":0}",1410,1410,0.0018163385372689162,examples/a100_kernel_constants_v1/measurements/results.json,1,"[""G9R"",""G10"",""G11R""]",True,void,True,False,0.00035157333333333336,True,,declared
constants/boosted/gemm_G2_m4096,159,162,compute-bound,void-with-findings,boosted,18874368,[],False,311869440000000.0,2.7543367480956134e-05,314852669039.1459,compute-bound,0.4594645376049177,False,True,True,143292948042704.62,0.4594645376049177,455.1111111111111,0.154412208215212,compute-bound,152.94915254237287,a100,0.0002397866666666667,18874368,,retained-standalone-microbenchmark,G2:grid,declared-contractions-only,8589934592,False,1.5269583333333334e-05,0.06593883547008547,False,1,,1.8060582199999998e-06,2.7543367480956134e-05,314852669039.1459,compute-bound,0.4594645376049177,False,True,True,143292948042704.62,0.4594645376049177,455.1111111111111,0.17576874019853583,compute-bound,174.10333138515472,1593,,2.7543367480956134e-05,,"{""k"":1024,""length"":0,""m"":4096,""n"":1024,""rotate"":1,""size_bytes"":0}",1410,1410,0.001591507457295217,examples/a100_kernel_constants_v1/measurements/results.json,4,"[""G9R"",""G10"",""G11R""]",True,void,True,False,5.994666666666667e-05,True,,declared
constants/boosted/gemm_G1_m2048,160,163,compute-bound,void-with-findings,boosted,16777216,[],False,311869440000000.0,2.7543367480956134e-05,280668094218.4154,compute-bound,0.4607763564132116,False,True,True,143702064239828.7,0.4607763564132116,512.0,0.137647174267506,compute-bound,152.94915254237287,a100,0.000239104,16777216,,retained-standalone-microbenchmark,G1:grid,declared-contractions-only,8589934592,False,1.5146583333333333e-05,0.0645198985042735,False,1,,1.8060582199999998e-06,2.7543367480956134e-05,280668094218.4154,compute-bound,0.4607763564132116,False,True,True,143702064239828.7,0.4607763564132116,512.0,0.15668495834971394,compute-bound,174.10333138515472,1593,,2.7543367480956134e-05,,"{""k"":1024,""length"":0,""m"":2048,""n"":2048,""rotate"":1,""size_bytes"":0}",1410,1410,0.0021413276231263293,examples/a100_kernel_constants_v1/measurements/results.json,4,"[""G9R"",""G10"",""G11R""]",True,void,True,False,5.9776e-05,True,,declared
constants/boosted/gemm_G1_m788,161,167,compute-bound,void-with-findings,boosted,9035776,[],False,311869440000000.0,1.0597741003414762e-05,400143599433.1602,compute-bound,0.4693142272414426,False,True,True,146364765233821.47,0.4693142272414426,365.78059836808706,0.19624117203839073,compute-bound,152.94915254237287,a100,0.00018065066666666664,9035776,,retained-standalone-microbenchmark,G1:grid,declared-contractions-only,3305111552,False,3.0308333333333333e-05,0.17755782132768363,False,1,,1.8060582199999998e-06,1.0597741003414762e-05,400143599433.1602,compute-bound,0.4693142272414426,False,True,True,146364765233821.47,0.4693142272414426,365.78059836808706,0.22338300826704952,compute-bound,174.10333138515472,1593,,1.0597741003414762e-05,,"{""k"":1024,""length"":0,""m"":788,""n"":2048,""rotate"":1,""size_bytes"":0}",1410,1410,0.002794558234813222,examples/a100_kernel_constants_v1/measurements/results.json,8,"[""G9R"",""G10"",""G11R""]",True,void,True,False,2.258133333333333e-05,True,,declared
constants/boosted/attn_prefill_granite_s512,162,157,HBM-bound,void-with-findings,boosted,20971520,[],False,311869440000000.0,1.0284996861268047e-05,852963123644.2516,HBM-bound,0.1400320336952081,False,True,True,43671711930585.69,0.4183160328606852,51.2,0.4183160328606852,HBM-bound,152.94915254237287,a100,0.00019669333333333333,20971520,,retained-standalone-microbenchmark,attn_prefill_granite,declared-contractions-only,1073741824,False,5.365341666666667e-05,0.2748895615183246,False,2,,3.6121164399999996e-06,1.1707500087890625e-05,852963123644.2516,HBM-bound,0.1400320336952081,False,True,True,43671711930585.69,0.47617272591746035,51.2,0.47617272591746035,HBM-bound,174.10333138515472,1593,,3.4429209351195167e-06,,"{""k"":64,""length"":512,""m"":512,""n"":16,""rotate"":1,""size_bytes"":0}",1410,1410,0.0025666289731451587,examples/a100_kernel_constants_v1/measurements/results.json,8,"[""G9R"",""G10"",""G11R""]",False,void,True,False,2.4586666666666666e-05,True,,declared
constants/boosted/gemm_G5_m248,163,168,compute-bound,void-with-findings,boosted,37617664,[],False,311869440000000.0,2.6682637247176254e-05,673025954198.4731,compute-bound,0.4773849698325903,False,True,True,148881783206106.84,0.4773849698325903,221.21254355400697,0.33007001049438617,compute-bound,152.94915254237287,a100,0.00022357333333333337,37617664,,retained-standalone-microbenchmark,G5:grid,declared-contractions-only,8321499136,False,1.4464583333333334e-05,0.06615538990825688,False,1,,1.8060582199999998e-06,2.6682637247176254e-05,673025954198.4731,compute-bound,0.4773849698325903,False,True,True,148881783206106.84,0.4773849698325903,221.21254355400697,0.37572152223259436,compute-bound,174.10333138515472,1593,,2.6682637247176254e-05,,"{""k"":4096,""length"":0,""m"":248,""n"":4096,""rotate"":1,""size_bytes"":0}",1410,1410,0.0021591046753787614,examples/a100_kernel_constants_v1/measurements/results.json,4,"[""G9R"",""G10"",""G11R""]",True,void,True,False,5.589333333333334e-05,True,,declared
envelope/gh200/hbm_read_8mib,164,160,HBM-bound,inefficient-under-declared-threshold,lane-a,8388608,[],False,1070530560000000.0,2.08527427771414e-06,1795506778217.3044,HBM-bound,0.0,False,True,True,0.0,0.44633437396024855,0.0,0.44633437396024855,HBM-bound,266.11683848797253,gh200,,8388608,,retained-hardware-envelope,hbm_read,source-zero-scalar-work-uninventoried,0,False,,,False,1,,1.304124965e-06,2.23231257421875e-06,1795506778217.3044,HBM-bound,0.0,False,True,True,0.0,0.4778066108357293,0.0,0.4778066108357293,HBM-bound,284.8814523426819,2619,,0.0,,"{""k"":0,""length"":0,""m"":0,""n"":0,""rotate"":0,""size_bytes"":8388608}",1980,1980,,examples/gh200_hardware_envelope_v1/measurements/lane_a_result.json,,[],,nonvoid,False,False,4.672000185e-06,False,,declared
envelope/a100/gemm_square_m2048_n2048_k2048,165,175,compute-bound,inefficient-under-declared-threshold,lane-a,25165824,[],False,311869440000000.0,5.508673496191227e-05,227555555144.03293,compute-bound,0.49810777327736827,False,True,True,155344592311659.8,0.49810777327736827,682.6666666666666,0.11159935810186801,compute-bound,152.94915254237287,a100,,25165824,,retained-hardware-envelope,gemm,declared-contractions-only,17179869184,False,,,False,1,,1.8060582199999998e-06,5.508673496191227e-05,227555555144.03293,compute-bound,0.49810777327736827,False,True,True,155344592311659.8,0.49810777327736827,682.6666666666666,0.12703450593227222,compute-bound,174.10333138515472,1593,,5.508673496191227e-05,,"{""k"":2048,""length"":0,""m"":2048,""n"":2048,""rotate"":0,""size_bytes"":0}",1410,1410,,examples/a100_hardware_envelope_v1/measurements/lane_a_result.json,,[],,nonvoid,False,False,0.0001105920002,False,,declared
envelope/a100/hbm_write_8mib,166,161,HBM-bound,not-below-declared-threshold,lane-a,8388608,[],False,282009600000000.0,4.113998744507219e-06,910222190024.6926,HBM-bound,0.0,False,True,True,0.0,0.4463974174242254,0.0,0.4463974174242254,HBM-bound,138.3050847457627,a100,,8388608,,retained-hardware-envelope,hbm_write,source-zero-scalar-work-uninventoried,0,False,,,False,1,,1.8060582199999998e-06,4.68300003515625e-06,910222190024.6926,HBM-bound,0.0,False,False,True,0.0,0.5081380066735308,0.0,0.5081380066735308,HBM-bound,157.4338634865761,1593,,0.0,,"{""k"":0,""length"":0,""m"":0,""n"":0,""rotate"":0,""size_bytes"":8388608}",1275,1275,,examples/a100_hardware_envelope_v1/measurements/lane_a_result.json,,[],,nonvoid,False,False,9.216000326e-06,False,,declared
constants/boosted/gemm_G4_holdout_m170,167,170,HBM-bound,void-with-findings,boosted,139788288,[],False,311869440000000.0,7.316206987128973e-05,919788882650.1965,compute-bound,0.4813969715351918,False,True,True,150133003930376.22,0.4813969715351918,163.22550398499766,0.45108918052132213,compute-bound,152.94915254237287,a100,0.0003039573333333333,139788288,,retained-standalone-microbenchmark,G4:holdout,declared-contractions-only,22817013760,False,1.0921166666666666e-05,0.03673124473905724,False,1,,1.8060582199999998e-06,7.803780527334594e-05,919788882650.1965,HBM-bound,0.4813969715351918,False,False,True,150133003930376.22,0.5134786808237074,163.22550398499766,0.5134786808237074,HBM-bound,174.10333138515472,1593,,7.316206987128973e-05,,"{""k"":8192,""length"":0,""m"":170,""n"":8192,""rotate"":1,""size_bytes"":0}",1410,1410,0.0030236747934500093,examples/a100_kernel_constants_v1/measurements/results.json,2,"[""G9R"",""G10"",""G11R""]",True,void,True,False,0.00015197866666666666,True,,declared
constants/boosted/gemm_G5_m190,168,179,HBM-bound,void-with-findings,boosted,36667392,[],False,311869440000000.0,2.044234305227213e-05,920859362443.0753,compute-bound,0.5133859258372656,False,False,True,160109381194749.53,0.5133859258372656,173.86952636282396,0.4516141725729144,compute-bound,152.94915254237287,a100,0.0003185493333333333,36667392,,retained-standalone-microbenchmark,G5:grid,declared-contractions-only,6375342080,False,2.7615250000000003e-05,0.08843699758842444,False,1,,1.8060582199999998e-06,2.0469832184921264e-05,920859362443.0753,HBM-bound,0.5133859258372656,False,False,True,160109381194749.53,0.5140762837761502,173.86952636282396,0.5140762837761502,HBM-bound,174.10333138515472,1593,,2.044234305227213e-05,,"{""k"":4096,""length"":0,""m"":190,""n"":4096,""rotate"":1,""size_bytes"":0}",1410,1410,0.0020576334711675734,examples/a100_kernel_constants_v1/measurements/results.json,8,"[""G9R"",""G10"",""G11R""]",True,void,True,False,3.9818666666666665e-05,True,,declared
constants/boosted/gemm_G4_m183,169,181,compute-bound,void-with-findings,boosted,140214272,[],False,311869440000000.0,7.875681639085894e-05,918979865771.8121,compute-bound,0.5161808960181087,False,False,True,160981046979865.78,0.5161808960181087,175.173638700631,0.4506924169078645,compute-bound,152.94915254237287,a100,0.000305152,140214272,,retained-standalone-microbenchmark,G4:grid,declared-contractions-only,24561844224,False,1.1037833333333333e-05,0.037364985318791955,False,1,,1.8060582199999998e-06,7.875681639085894e-05,918979865771.8121,compute-bound,0.5161808960181087,False,False,True,160981046979865.78,0.5161808960181087,175.173638700631,0.5130270414015391,compute-bound,174.10333138515472,1593,,7.875681639085894e-05,,"{""k"":8192,""length"":0,""m"":183,""n"":8192,""rotate"":1,""size_bytes"":0}",1410,1410,0.004109882118763704,examples/a100_kernel_constants_v1/measurements/results.json,2,"[""G9R"",""G10"",""G11R""]",True,void,True,False,0.000152576,True,,declared
constants/boosted/gemm_G5_holdout_m430,170,182,compute-bound,void-with-findings,boosted,40599552,[],False,311869440000000.0,4.6264250065668506e-05,456708423326.1339,compute-bound,0.5204311787444712,False,False,True,162306580273578.12,0.5204311787444712,355.38337368845845,0.22398208143348533,compute-bound,152.94915254237287,a100,0.000355584,40599552,,retained-standalone-microbenchmark,G5:holdout,declared-contractions-only,14428405760,False,2.3279083333333335e-05,0.06620924891930835,False,1,,1.8060582199999998e-06,4.6264250065668506e-05,456708423326.1339,compute-bound,0.5204311787444712,False,False,True,162306580273578.12,0.5204311787444712,355.38337368845845,0.25496072322040086,compute-bound,174.10333138515472,1593,,4.6264250065668506e-05,,"{""k"":4096,""length"":0,""m"":430,""n"":4096,""rotate"":1,""size_bytes"":0}",1410,1410,0.0020782947055062364,examples/a100_kernel_constants_v1/measurements/results.json,4,"[""G9R"",""G10"",""G11R""]",True,void,True,False,8.8896e-05,True,,declared
envelope/gh200/hbm_copy_4mib,171,172,HBM-bound,not-below-declared-threshold,lane-a,8388608,[],False,1070530560000000.0,2.08527427771414e-06,1956298482370.2385,HBM-bound,0.0,False,True,True,0.0,0.48630462942336417,0.0,0.48630462942336417,HBM-bound,266.11683848797253,gh200,,8388608,,retained-hardware-envelope,hbm_copy,source-zero-scalar-work-uninventoried,0,False,,,False,1,,1.304124965e-06,2.23231257421875e-06,1956298482370.2385,HBM-bound,0.0,False,False,True,0.0,0.5205952764892746,0.0,0.5205952764892746,HBM-bound,284.8814523426819,2619,,0.0,,"{""k"":0,""length"":0,""m"":0,""n"":0,""rotate"":0,""size_bytes"":4194304}",1980,1980,,examples/gh200_hardware_envelope_v1/measurements/lane_a_result.json,,[],,nonvoid,False,False,4.288000055e-06,False,,declared
constants/boosted/gemm_G5_holdout_m177,172,174,HBM-bound,void-with-findings,boosted,36454400,[],False,311869440000000.0,1.9043656422379828e-05,934536505332.2396,compute-bound,0.4881987392939866,False,True,True,152254267432321.6,0.4881987392939866,162.91955056179776,0.45832181091701957,compute-bound,152.94915254237287,a100,0.00031206399999999997,36454400,,retained-standalone-microbenchmark,G5:holdout,declared-contractions-only,5939134464,False,2.78835e-05,0.09922710217927631,False,1,,1.8060582199999998e-06,2.0350927887153624e-05,934536505332.2396,HBM-bound,0.4881987392939866,False,False,True,152254267432321.6,0.5217116459996315,162.91955056179776,0.5217116459996315,HBM-bound,174.10333138515472,1593,,1.9043656422379828e-05,,"{""k"":4096,""length"":0,""m"":177,""n"":4096,""rotate"":1,""size_bytes"":0}",1410,1410,0.0014208784311475178,examples/a100_kernel_constants_v1/measurements/results.json,8,"[""G9R"",""G10"",""G11R""]",True,void,True,False,3.9007999999999997e-05,True,,declared
constants/boosted/gemm_G5_holdout_m273,173,183,compute-bound,void-with-findings,boosted,38027264,[],False,311869440000000.0,2.9372419227738376e-05,677252279635.2583,compute-bound,0.5231125194909712,False,False,True,163142808510638.28,0.5231125194909712,240.88927186557518,0.33214271403957657,compute-bound,152.94915254237287,a100,0.00022459733333333337,38027264,,retained-standalone-microbenchmark,G5:holdout,declared-contractions-only,9160359936,False,1.4448583333333332e-05,0.06531820776255708,False,1,,1.8060582199999998e-06,2.9372419227738376e-05,677252279635.2583,compute-bound,0.5231125194909712,False,False,True,163142808510638.28,0.5231125194909712,240.88927186557518,0.3780808984448391,compute-bound,174.10333138515472,1593,,2.9372419227738376e-05,,"{""k"":4096,""length"":0,""m"":273,""n"":4096,""rotate"":1,""size_bytes"":0}",1410,1410,0.0021492607330898003,examples/a100_kernel_constants_v1/measurements/results.json,4,"[""G9R"",""G10"",""G11R""]",True,void,True,False,5.614933333333334e-05,True,,declared
constants/boosted/gemm_G5_m165,174,164,HBM-bound,void-with-findings,boosted,36257792,[],False,311869440000000.0,1.778179535467671e-05,942642262895.1748,HBM-bound,0.4615370494932927,False,True,True,143939301164725.47,0.4622970922076932,152.69769543605966,0.4622970922076932,HBM-bound,152.94915254237287,a100,0.00030771199999999997,36257792,,retained-standalone-microbenchmark,G5:grid,declared-contractions-only,5536481280,False,2.755466666666667e-05,0.090439453125,False,1,,1.8060582199999998e-06,2.024117007382965e-05,942642262895.1748,HBM-bound,0.4615370494932927,False,False,True,143939301164725.47,0.5262367427680338,152.69769543605966,0.5262367427680338,HBM-bound,174.10333138515472,1593,,1.775256107171001e-05,,"{""k"":4096,""length"":0,""m"":165,""n"":4096,""rotate"":1,""size_bytes"":0}",1410,1410,0.003186113503348904,examples/a100_kernel_constants_v1/measurements/results.json,8,"[""G9R"",""G10"",""G11R""]",True,void,True,False,3.8463999999999996e-05,True,,declared
constants/boosted/gemm_G5_holdout_m152,175,165,HBM-bound,void-with-findings,boosted,36044800,[],False,311869440000000.0,1.7677338355304458e-05,948414257648.0494,HBM-bound,0.43030472324457186,False,True,True,134198893067639.62,0.4651278335138347,141.49818181818182,0.4651278335138347,HBM-bound,152.94915254237287,a100,0.00030404266666666667,36044800,,retained-standalone-microbenchmark,G5:holdout,declared-contractions-only,5100273664,False,2.913866666666667e-05,0.11101352768456378,False,1,,1.8060582199999998e-06,2.012226577606201e-05,948414257648.0494,HBM-bound,0.43030472324457186,False,False,True,134198893067639.62,0.5294589998613005,141.49818181818182,0.5294589998613005,HBM-bound,174.10333138515472,1593,,1.6353874441817703e-05,,"{""k"":4096,""length"":0,""m"":152,""n"":4096,""rotate"":1,""size_bytes"":0}",1410,1410,0.0025569558178906186,examples/a100_kernel_constants_v1/measurements/results.json,8,"[""G9R"",""G10"",""G11R""]",True,void,True,False,3.8005333333333334e-05,True,,declared
constants/boosted/gemm_G5_m140,176,166,HBM-bound,void-with-findings,boosted,35848192,[],False,311869440000000.0,1.758091650973007e-05,948833427442.123,HBM-bound,0.39868309988569006,False,True,True,124337075098814.22,0.46533340564291187,131.0420475319927,0.46533340564291187,HBM-bound,152.94915254237287,a100,0.0003022506666666667,35848192,,retained-standalone-microbenchmark,G5:grid,declared-contractions-only,4697620480,False,2.8600083333333334e-05,0.09581273915816327,False,1,,1.8060582199999998e-06,2.001250796273804e-05,948833427442.123,HBM-bound,0.39868309988569006,False,False,True,124337075098814.22,0.5296930043779478,131.0420475319927,0.5296930043779478,HBM-bound,174.10333138515472,1593,,1.5062779091147886e-05,,"{""k"":4096,""length"":0,""m"":140,""n"":4096,""rotate"":1,""size_bytes"":0}",1410,1410,0.002328122882900973,examples/a100_kernel_constants_v1/measurements/results.json,8,"[""G9R"",""G10"",""G11R""]",True,void,True,False,3.778133333333334e-05,True,,declared
constants/boosted/gemm_G5_m1024,177,188,compute-bound,void-with-findings,boosted,50331648,[],False,311869440000000.0,0.00011017346992382453,244943521594.6844,compute-bound,0.5361691655605559,False,False,True,167214777408637.88,0.5361691655605559,682.6666666666666,0.12012688402124745,compute-bound,152.94915254237287,a100,0.00020548266666666666,50331648,,retained-standalone-microbenchmark,G5:grid,declared-contractions-only,34359738368,False,3.7690000000000003e-06,0.01937577736318408,False,1,,1.8060582199999998e-06,0.00011017346992382453,244943521594.6844,compute-bound,0.5361691655605559,False,False,True,167214777408637.88,0.5361691655605559,682.6666666666666,0.1367414617823604,compute-bound,174.10333138515472,1593,,0.00011017346992382453,,"{""k"":4096,""length"":0,""m"":1024,""n"":4096,""rotate"":1,""size_bytes"":0}",1410,1410,0.0023491919640748985,examples/a100_kernel_constants_v1/measurements/results.json,1,"[""G9R"",""G10"",""G11R""]",True,void,True,False,0.00020548266666666666,True,,declared
constants/boosted/gemm_G5_m116,178,169,HBM-bound,void-with-findings,boosted,35454976,[],False,311869440000000.0,1.7388072818581294e-05,975323943661.9718,HBM-bound,0.34332604505414416,False,True,True,107072901408450.7,0.4783250665322759,109.7818853974122,0.4783250665322759,HBM-bound,152.94915254237287,a100,0.000290816,35454976,,retained-standalone-microbenchmark,G5:grid,declared-contractions-only,3892314112,False,4.779975e-05,0.18970502981448764,False,1,,1.8060582199999998e-06,1.9792992336090086e-05,975323943661.9718,HBM-bound,0.34332604505414416,False,False,True,107072901408450.7,0.5444815233299429,109.7818853974122,0.5444815233299429,HBM-bound,174.10333138515472,1593,,1.2480588389808248e-05,,"{""k"":4096,""length"":0,""m"":116,""n"":4096,""rotate"":1,""size_bytes"":0}",1410,1410,0.011318838921353281,examples/a100_kernel_constants_v1/measurements/results.json,8,"[""G9R"",""G10"",""G11R""]",True,void,True,False,3.6352e-05,True,,declared
constants/boosted/gemm_G4_holdout_m194,179,190,compute-bound,void-with-findings,boosted,140574720,[],False,311869440000000.0,8.349083267664828e-05,918260869565.2173,compute-bound,0.5453780353564504,False,False,True,170086742474916.38,0.5453780353564504,185.22703962703963,0.4503398018504871,compute-bound,152.94915254237287,a100,0.000306176,140574720,,retained-standalone-microbenchmark,G4:holdout,declared-contractions-only,26038239232,False,1.0938499999999999e-05,0.03661126258389262,False,1,,1.8060582199999998e-06,8.349083267664828e-05,918260869565.2173,compute-bound,0.5453780353564504,False,False,True,170086742474916.38,0.5453780353564504,185.22703962703963,0.5126256566591885,compute-bound,174.10333138515472,1593,,8.349083267664828e-05,,"{""k"":8192,""length"":0,""m"":194,""n"":8192,""rotate"":1,""size_bytes"":0}",1410,1410,0.003612453009145976,examples/a100_kernel_constants_v1/measurements/results.json,2,"[""G9R"",""G10"",""G11R""]",True,void,True,False,0.000153088,True,,declared
constants/boosted/elem_rmsnorm_4mib_rot,180,171,HBM-bound,void-with-findings,boosted,12582912,[],False,311869440000000.0,6.170998116760829e-06,991300840336.1344,HBM-bound,0.0,False,True,True,0.0,0.48616056592128376,0.0,0.48616056592128376,HBM-bound,152.94915254237287,a100,0.00020309333333333335,8388608,,retained-standalone-microbenchmark,elem_rmsnorm,source-zero-scalar-work-uninventoried,0,False,2.565683333333333e-05,0.1273947864321608,False,1,,1.8060582199999998e-06,7.024500052734375e-06,991300840336.1344,HBM-bound,0.0,False,False,True,0.0,0.5534007394486115,0.0,0.5534007394486115,HBM-bound,174.10333138515472,1593,,0.0,,"{""k"":0,""length"":0,""m"":0,""n"":1024,""rotate"":80,""size_bytes"":4194304}",1410,1410,0.0031442499048520973,examples/a100_kernel_constants_v1/measurements/results.json,16,"[""G9R"",""G10"",""G11R""]",False,void,True,False,1.2693333333333334e-05,True,,declared
constants/boosted/gemm_G5_holdout_m102,181,173,HBM-bound,void-with-findings,boosted,35225600,[],False,311869440000000.0,1.7275580665411173e-05,991711711711.7118,HBM-bound,0.30896144371321677,False,True,True,96355632432432.44,0.48636206828297224,97.16093023255814,0.48636206828297224,HBM-bound,152.94915254237287,a100,0.00028416,35225600,,retained-standalone-microbenchmark,G5:holdout,declared-contractions-only,3422552064,False,4.748908333333333e-05,0.17282262731481482,False,1,,1.8060582199999998e-06,1.9664941553878785e-05,991711711711.7118,HBM-bound,0.30896144371321677,False,False,True,96355632432432.44,0.5536301113141551,97.16093023255814,0.5536301113141551,HBM-bound,174.10333138515472,1593,,1.0974310480693459e-05,,"{""k"":4096,""length"":0,""m"":102,""n"":4096,""rotate"":1,""size_bytes"":0}",1410,1410,0.014149211999266937,examples/a100_kernel_constants_v1/measurements/results.json,8,"[""G9R"",""G10"",""G11R""]",True,void,True,False,3.552e-05,True,,declared
constants/boosted/gemm_G4_holdout_m262,182,195,compute-bound,void-with-findings,boosted,142802944,[],False,311869440000000.0,0.00011275566062516417,713025990626.3314,compute-bound,0.5629976131023189,False,False,True,175581750319556.88,0.5629976131023189,246.24873795318953,0.34968710306140705,compute-bound,152.94915254237287,a100,0.00020027733333333335,142802944,,retained-standalone-microbenchmark,G4:holdout,declared-contractions-only,35165044736,False,3.6802500000000005e-06,0.01986507493622449,False,1,,1.8060582199999998e-06,0.00011275566062516417,713025990626.3314,compute-bound,0.5629976131023189,False,False,True,175581750319556.88,0.5629976131023189,246.24873795318953,0.39805182685499546,compute-bound,174.10333138515472,1593,,0.00011275566062516417,,"{""k"":8192,""length"":0,""m"":262,""n"":8192,""rotate"":1,""size_bytes"":0}",1410,1410,0.0025206986719640352,examples/a100_kernel_constants_v1/measurements/results.json,1,"[""G9R"",""G10"",""G11R""]",True,void,True,False,0.00020027733333333335,True,,declared
constants/boosted/gemm_G4_holdout_m413,183,198,compute-bound,void-with-findings,boosted,147750912,[],False,311869440000000.0,0.00017774079327554504,471016322089.2274,compute-bound,0.5666213060929797,False,False,True,176711869423286.2,0.5666213060929797,375.17143490796184,0.23099905940502757,compute-bound,152.94915254237287,a100,0.00031368533333333334,147750912,,retained-standalone-microbenchmark,G4:holdout,declared-contractions-only,55431921664,False,5.74525e-06,0.018739787581699346,False,1,,1.8060582199999998e-06,0.00017774079327554504,471016322089.2274,compute-bound,0.5666213060929797,False,False,True,176711869423286.2,0.5666213060929797,375.17143490796184,0.2629482093933844,compute-bound,174.10333138515472,1593,,0.00017774079327554504,,"{""k"":8192,""length"":0,""m"":413,""n"":8192,""rotate"":1,""size_bytes"":0}",1410,1410,0.0015388613301121346,examples/a100_kernel_constants_v1/measurements/results.json,1,"[""G9R"",""G10"",""G11R""]",True,void,True,False,0.00031368533333333334,True,,declared
envelope/gh200/gemm_square_m2048_n2048_k2048,184,199,compute-bound,not-below-declared-threshold,lane-a,25165824,[],False,1070530560000000.0,1.6047995102540558e-05,893672720290.9092,compute-bound,0.5698861852686647,False,False,True,610080577051927.4,0.5698861852686647,682.6666666666666,0.22215279773681837,compute-bound,266.11683848797253,gh200,,25165824,,retained-hardware-envelope,gemm,declared-contractions-only,17179869184,False,,,False,1,,1.304124965e-06,1.6047995102540558e-05,893672720290.9092,compute-bound,0.5698861852686647,False,False,True,610080577051927.4,0.5698861852686647,682.6666666666666,0.23781738886137874,compute-bound,284.8814523426819,2619,,1.6047995102540558e-05,,"{""k"":2048,""length"":0,""m"":2048,""n"":2048,""rotate"":0,""size_bytes"":0}",1980,1980,,examples/gh200_hardware_envelope_v1/measurements/lane_a_result.json,,[],,nonvoid,False,False,2.8160000219999998e-05,False,,declared
constants/boosted/gemm_G5_m298,185,201,compute-bound,void-with-findings,boosted,38436864,[],False,311869440000000.0,3.20622012083005e-05,684027334851.9363,compute-bound,0.570583022642022,False,False,True,177947407744874.72,0.570583022642022,260.1466325660699,0.33546538314693986,compute-bound,152.94915254237287,a100,0.000224768,38436864,,retained-standalone-microbenchmark,G5:grid,declared-contractions-only,9999220736,False,1.45145e-05,0.06969713184931507,False,1,,1.8060582199999998e-06,3.20622012083005e-05,684027334851.9363,compute-bound,0.570583022642022,False,False,True,177947407744874.72,0.570583022642022,260.1466325660699,0.38186312117093246,compute-bound,174.10333138515472,1593,,3.20622012083005e-05,,"{""k"":4096,""length"":0,""m"":298,""n"":4096,""rotate"":1,""size_bytes"":0}",1410,1410,0.0022779043280182136,examples/a100_kernel_constants_v1/measurements/results.json,4,"[""G9R"",""G10"",""G11R""]",True,void,True,False,5.6192e-05,True,,declared
envelope/a100/hbm_read_8mib,186,176,HBM-bound,not-below-declared-threshold,lane-a,8388608,[],False,282009600000000.0,4.113998744507219e-06,1024000002625.0001,HBM-bound,0.0,False,False,True,0.0,0.5021971136539745,0.0,0.5021971136539745,HBM-bound,138.3050847457627,a100,,8388608,,retained-hardware-envelope,hbm_read,source-zero-scalar-work-uninventoried,0,False,,,False,1,,1.8060582199999998e-06,4.68300003515625e-06,1024000002625.0001,HBM-bound,0.0,False,False,True,0.0,0.5716552791944594,0.0,0.5716552791944594,HBM-bound,157.4338634865761,1593,,0.0,,"{""k"":0,""length"":0,""m"":0,""n"":0,""rotate"":0,""size_bytes"":8388608}",1275,1275,,examples/a100_hardware_envelope_v1/measurements/lane_a_result.json,,[],,nonvoid,False,False,8.191999978999999e-06,False,,declared
constants/boosted/elem_scale_4mib_rot,187,177,HBM-bound,void-with-findings,boosted,8388608,[],False,311869440000000.0,4.113998744507219e-06,1027008814887.3652,HBM-bound,0.0,False,False,True,0.0,0.5036727160268387,0.0,0.5036727160268387,HBM-bound,152.94915254237287,a100,0.000261376,4194304,,retained-standalone-microbenchmark,elem_scale,source-zero-scalar-work-uninventoried,0,False,4.99745e-05,0.20781632965686272,False,1,,1.8060582199999998e-06,4.68300003515625e-06,1027008814887.3652,HBM-bound,0.0,False,False,True,0.0,0.5733349700240267,0.0,0.5733349700240267,HBM-bound,174.10333138515472,1593,,0.0,,"{""k"":0,""length"":0,""m"":0,""n"":0,""rotate"":80,""size_bytes"":4194304}",1410,1410,0.027006995569877346,examples/a100_kernel_constants_v1/measurements/results.json,32,"[""G9R"",""G10"",""G11R""]",False,void,True,False,8.168e-06,True,,declared
constants/boosted/gemm_G5_m91,188,178,HBM-bound,void-with-findings,boosted,35045376,[],False,311869440000000.0,1.718719397363465e-05,1033177358490.566,HBM-bound,0.28864405687635986,False,False,True,90019260377358.48,0.5066979355434743,87.12856474988313,0.5066979355434743,HBM-bound,152.94915254237287,a100,0.00027136,35045376,,retained-standalone-microbenchmark,G5:grid,declared-contractions-only,3053453312,False,4.730458333333334e-05,0.177419951467803,False,1,,1.8060582199999998e-06,1.9564330224998474e-05,1033177358490.566,HBM-bound,0.28864405687635986,False,False,True,90019260377358.48,0.5767786033313229,87.12856474988313,0.5767786033313229,HBM-bound,174.10333138515472,1593,,9.790806409246126e-06,,"{""k"":4096,""length"":0,""m"":91,""n"":4096,""rotate"":1,""size_bytes"":0}",1410,1410,0.007059730918441378,examples/a100_kernel_constants_v1/measurements/results.json,8,"[""G9R"",""G10"",""G11R""]",True,void,True,False,3.392e-05,True,,declared
constants/boosted/gemm_G4_m207,189,203,compute-bound,void-with-findings,boosted,141000704,[],False,311869440000000.0,8.90855791962175e-05,918483602001.1117,compute-bound,0.5803066321321144,False,False,True,180979904391328.53,0.5803066321321144,197.04206367650477,0.4504490358213236,compute-bound,152.94915254237287,a100,0.0003070293333333333,141000704,,retained-standalone-microbenchmark,G4:grid,declared-contractions-only,27783069696,False,1.11615e-05,0.037556555134680134,False,1,,1.8060582199999998e-06,8.90855791962175e-05,918483602001.1117,compute-bound,0.5803066321321144,False,False,True,180979904391328.53,0.5803066321321144,197.04206367650477,0.512749998624521,compute-bound,174.10333138515472,1593,,8.90855791962175e-05,,"{""k"":8192,""length"":0,""m"":207,""n"":8192,""rotate"":1,""size_bytes"":0}",1410,1410,0.005417895689165646,examples/a100_kernel_constants_v1/measurements/results.json,2,"[""G9R"",""G10"",""G11R""]",True,void,True,False,0.00015351466666666666,True,,declared
constants/boosted/attn_prefill_synthetic_s4096,190,180,HBM-bound,void-with-findings,boosted,4563402752,[],False,311869440000000.0,0.002238015317011927,1046933750978.8567,HBM-bound,0.404415145080601,False,False,True,126124724823805.8,0.5134444400202334,120.47058823529412,0.5134444400202334,HBM-bound,152.94915254237287,a100,0.004358826666666667,4563402752,,retained-standalone-microbenchmark,attn_prefill_synthetic,declared-contractions-only,549755813888,False,3.987508333333333e-05,0.009303431589834515,False,2,,3.6121164399999996e-06,0.002547552019125,1046933750978.8567,HBM-bound,0.404415145080601,False,False,True,126124724823805.8,0.5844582072067559,120.47058823529412,0.5844582072067559,HBM-bound,174.10333138515472,1593,,0.002217445323289391,,"{""k"":128,""length"":4096,""m"":4096,""n"":64,""rotate"":1,""size_bytes"":0}",1410,1410,0.005244626116195094,examples/a100_kernel_constants_v1/measurements/results.json,1,"[""G9R"",""G10"",""G11R""]",True,void,True,False,0.004358826666666667,True,,declared
constants/boosted/attn_prefill_synthetic_s256,191,184,HBM-bound,void-with-findings,boosted,33554432,[],False,311869440000000.0,1.6455994978028876e-05,1067071913161.4653,HBM-bound,0.2189781802357223,False,False,True,68292602442333.78,0.5233207358175737,64.0,0.5233207358175737,HBM-bound,152.94915254237287,a100,0.0002515626666666667,33554432,,retained-standalone-microbenchmark,attn_prefill_synthetic,declared-contractions-only,2147483648,False,5.832816666666667e-05,0.23458712218237704,False,2,,3.6121164399999996e-06,1.8732000140625e-05,1067071913161.4653,HBM-bound,0.2189781802357223,False,False,True,68292602442333.78,0.5957004793702827,64.0,0.5957004793702827,HBM-bound,174.10333138515472,1593,,6.885841870239033e-06,,"{""k"":128,""length"":256,""m"":256,""n"":64,""rotate"":1,""size_bytes"":0}",1410,1410,0.007493460662949243,examples/a100_kernel_constants_v1/measurements/results.json,8,"[""G9R"",""G10"",""G11R""]",False,void,True,False,3.1445333333333335e-05,True,,declared
constants/boosted/gemm_G5_m496,192,209,compute-bound,void-with-findings,boosted,41680896,[],False,311869440000000.0,5.336527449435251e-05,468086248203.1624,compute-bound,0.5993045620322889,False,False,True,186904778150455.2,0.5993045620322889,399.29559748427675,0.22956207244740784,compute-bound,152.94915254237287,a100,0.00035618133333333333,41680896,,retained-standalone-microbenchmark,G5:grid,declared-contractions-only,16642998272,False,2.3101166666666668e-05,0.0659600619612069,False,1,,1.8060582199999998e-06,5.336527449435251e-05,468086248203.1624,compute-bound,0.5993045620322889,False,False,True,186904778150455.2,0.5993045620322889,399.29559748427675,0.2613124748219927,compute-bound,174.10333138515472,1593,,5.336527449435251e-05,,"{""k"":4096,""length"":0,""m"":496,""n"":4096,""rotate"":1,""size_bytes"":0}",1410,1410,0.0028347291725441645,examples/a100_kernel_constants_v1/measurements/results.json,4,"[""G9R"",""G10"",""G11R""]",True,void,True,False,8.904533333333333e-05,True,,declared
constants/boosted/elem_add_4mib_rot,193,185,HBM-bound,void-with-findings,boosted,12582912,[],False,311869440000000.0,6.170998116760829e-06,1077796253997.259,HBM-bound,0.0,False,False,True,0.0,0.5285802407001624,0.0,0.5285802407001624,HBM-bound,152.94915254237287,a100,0.00018679466666666667,12582912,,retained-standalone-microbenchmark,elem_add,source-zero-scalar-work-uninventoried,0,False,2.4978166666666667e-05,0.14427699704142014,False,1,,1.8060582199999998e-06,7.024500052734375e-06,1077796253997.259,HBM-bound,0.0,False,False,True,0.0,0.6016874188614414,0.0,0.6016874188614414,HBM-bound,174.10333138515472,1593,,0.0,,"{""k"":0,""length"":0,""m"":0,""n"":0,""rotate"":80,""size_bytes"":4194304}",1410,1410,0.038663548802402484,examples/a100_kernel_constants_v1/measurements/results.json,16,"[""G9R"",""G10"",""G11R""]",False,void,True,False,1.1674666666666667e-05,True,,declared
constants/boosted/attn_prefill_synthetic_s1024,194,186,HBM-bound,void-with-findings,boosted,335544320,[],False,311869440000000.0,0.00016455994978028875,1079670510708.402,HBM-bound,0.35450174373141646,False,False,True,110558260296540.38,0.5294994265479843,102.4,0.5294994265479843,HBM-bound,152.94915254237287,a100,0.000310784,335544320,,retained-standalone-microbenchmark,attn_prefill_synthetic,declared-contractions-only,34359738368,False,9.028333333333333e-06,0.029677186468646862,False,2,,3.6121164399999996e-06,0.00018732000140625,1079670510708.402,HBM-bound,0.35450174373141646,False,False,True,110558260296540.38,0.6027337359910742,102.4,0.6027337359910742,HBM-bound,174.10333138515472,1593,,0.00014398995605775268,,"{""k"":128,""length"":1024,""m"":1024,""n"":64,""rotate"":1,""size_bytes"":0}",1410,1410,0.004358733626136034,examples/a100_kernel_constants_v1/measurements/results.json,1,"[""G9R"",""G10"",""G11R""]",False,void,True,False,0.000310784,True,,declared
constants/boosted/gemm_G5_m66,195,187,HBM-bound,void-with-findings,boosted,34635776,[],False,311869440000000.0,1.698631512868801e-05,1088171581769.4371,HBM-bound,0.2230968633341573,False,False,True,69577093833780.164,0.5336685801992296,63.93945127719962,0.5336685801992296,HBM-bound,152.94915254237287,a100,0.00025463466666666664,34635776,,retained-standalone-microbenchmark,G5:grid,declared-contractions-only,2214592512,False,4.7488083333333334e-05,0.19154800907258063,False,1,,1.8060582199999998e-06,1.933566811390686e-05,1088171581769.4371,HBM-bound,0.2230968633341573,False,False,True,69577093833780.164,0.607479519329346,63.93945127719962,0.607479519329346,HBM-bound,174.10333138515472,1593,,7.101024428684003e-06,,"{""k"":4096,""length"":0,""m"":66,""n"":4096,""rotate"":1,""size_bytes"":0}",1410,1410,0.0070295499207115066,examples/a100_kernel_constants_v1/measurements/results.json,8,"[""G9R"",""G10"",""G11R""]",True,void,True,False,3.182933333333333e-05,True,,declared
constants/boosted/gemm_G4_m286,196,211,compute-bound,void-with-findings,boosted,143589376,[],False,311869440000000.0,0.00012308442343052272,716647359454.8551,compute-bound,0.6143081716679889,False,False,True,191583945485519.56,0.6143081716679889,267.33363760839796,0.3514631196322069,compute-bound,152.94915254237287,a100,0.00020036266666666669,143589376,,retained-standalone-microbenchmark,G4:grid,declared-contractions-only,38386270208,False,3.80575e-06,0.02052283653846154,False,1,,1.8060582199999998e-06,0.00012308442343052272,716647359454.8551,compute-bound,0.6143081716679889,False,False,True,191583945485519.56,0.6143081716679889,267.33363760839796,0.4000734817411566,compute-bound,174.10333138515472,1593,,0.00012308442343052272,,"{""k"":8192,""length"":0,""m"":286,""n"":8192,""rotate"":1,""size_bytes"":0}",1410,1410,0.002409222423122809,examples/a100_kernel_constants_v1/measurements/results.json,1,"[""G9R"",""G10"",""G11R""]",True,void,True,False,0.00020036266666666669,True,,declared
constants/boosted/attn_prefill_synthetic_s512,197,189,HBM-bound,void-with-findings,boosted,100663296,[],False,311869440000000.0,4.936798493408663e-05,1110518239585.7847,HBM-bound,0.3038586374840712,False,False,True,94764223111320.3,0.5446279815922124,85.33333333333333,0.5446279815922124,HBM-bound,152.94915254237287,a100,0.0003625813333333334,100663296,,retained-standalone-microbenchmark,attn_prefill_synthetic,declared-contractions-only,8589934592,False,3.113183333333333e-05,0.08631373937677053,False,2,,3.6121164399999996e-06,5.6196000421875e-05,1110518239585.7847,HBM-bound,0.3038586374840712,False,False,True,94764223111320.3,0.6199546998765334,85.33333333333333,0.6199546998765334,HBM-bound,174.10333138515472,1593,,2.8797991211550534e-05,,"{""k"":128,""length"":512,""m"":512,""n"":64,""rotate"":1,""size_bytes"":0}",1410,1410,0.004069573185641515,examples/a100_kernel_constants_v1/measurements/results.json,4,"[""G9R"",""G10"",""G11R""]",False,void,True,False,9.064533333333334e-05,True,,declared
constants/boosted/attn_prefill_synthetic_s2048,198,191,HBM-bound,void-with-findings,boosted,1207959552,[],False,311869440000000.0,0.0005924158192090396,1115067034265.4587,HBM-bound,0.40680436413385385,False,False,True,126869849231981.08,0.5468588327180726,113.77777777777777,0.5468588327180726,HBM-bound,152.94915254237287,a100,0.0010833066666666668,1207959552,,retained-standalone-microbenchmark,attn_prefill_synthetic,declared-contractions-only,137438953472,False,1.615125e-05,0.01629598403628652,False,2,,3.6121164399999996e-06,0.0006743520050625,1115067034265.4587,HBM-bound,0.40680436413385385,False,False,True,126869849231981.08,0.6224940968354605,113.77777777777777,0.6224940968354605,HBM-bound,174.10333138515472,1593,,0.0005718458254865035,,"{""k"":128,""length"":2048,""m"":2048,""n"":64,""rotate"":1,""size_bytes"":0}",1410,1410,0.002058626915379566,examples/a100_kernel_constants_v1/measurements/results.json,1,"[""G9R"",""G10"",""G11R""]",True,void,True,False,0.0010833066666666668,True,,declared
envelope/a100/gemm_decode_m4_n8192_k8192,199,192,HBM-bound,not-below-declared-threshold,lane-a,134348800,[],False,311869440000000.0,6.588826114249843e-05,1121367490480.4963,HBM-bound,0.014368493090141987,False,False,True,4481093893666.451,0.5499487457237211,3.9960975609756098,0.5499487457237211,HBM-bound,152.94915254237287,a100,,134348800,,retained-hardware-envelope,gemm,declared-contractions-only,536870912,False,,,False,1,,1.8060582199999998e-06,7.500117243804932e-05,1121367490480.4963,HBM-bound,0.014368493090141987,False,False,True,4481093893666.451,0.6260113712958384,3.9960975609756098,0.6260113712958384,HBM-bound,174.10333138515472,1593,,4.5318267419962336e-05,,"{""k"":8192,""length"":0,""m"":4,""n"":8192,""rotate"":0,""size_bytes"":0}",1410,1410,,examples/a100_hardware_envelope_v1/measurements/lane_a_result.json,,[],,nonvoid,False,False,0.00011980800329999999,False,,declared
envelope/gh200/gemm_decode_m4_n8192_k8192,200,204,HBM-bound,not-below-declared-threshold,lane-a,134348800,[],False,1070530560000000.0,3.3396970854015525e-05,2356665727404.9272,HBM-bound,0.008797008247310232,False,False,True,9417466165317.64,0.5858295467529271,3.9960975609756098,0.5858295467529271,HBM-bound,266.11683848797253,gh200,,134348800,,retained-hardware-envelope,gemm,declared-contractions-only,536870912,False,,,False,1,,1.304124965e-06,3.5751881071472166e-05,2356665727404.9272,HBM-bound,0.008797008247310232,False,False,True,9417466165317.64,0.6271379633565421,3.9960975609756098,0.6271379633565421,HBM-bound,284.8814523426819,2619,,1.7757413771159476e-05,,"{""k"":8192,""length"":0,""m"":4,""n"":8192,""rotate"":0,""size_bytes"":0}",1980,1980,,examples/gh200_hardware_envelope_v1/measurements/lane_a_result.json,,[],,nonvoid,False,False,5.7008000089999995e-05,False,,declared
constants/boosted/gemm_G3_m8192,201,212,compute-bound,void-with-findings,boosted,26214400,[],False,311869440000000.0,2.7543367480956134e-05,599560868504.5133,compute-bound,0.6299562579506313,False,False,True,196464105391558.9,0.6299562579506313,327.68,0.29404075864353485,compute-bound,152.94915254237287,a100,0.00034978133333333334,26214400,,retained-standalone-microbenchmark,G3:grid,declared-contractions-only,8589934592,False,3.102641666666667e-05,0.09055684109237538,False,1,,1.8060582199999998e-06,2.7543367480956134e-05,599560868504.5133,compute-bound,0.6299562579506313,False,False,True,196464105391558.9,0.6299562579506313,327.68,0.33470911601602404,compute-bound,174.10333138515472,1593,,2.7543367480956134e-05,,"{""k"":512,""length"":0,""m"":8192,""n"":1024,""rotate"":1,""size_bytes"":0}",1410,1410,0.0027922720522711685,examples/a100_kernel_constants_v1/measurements/results.json,8,"[""G9R"",""G10"",""G11R""]",True,void,True,False,4.372266666666667e-05,True,,declared
constants/boosted/gemm_G4_m159,202,193,HBM-bound,void-with-findings,boosted,139427840,[],False,311869440000000.0,6.842805358550039e-05,1133092926490.9846,compute-bound,0.5560965693169783,False,False,True,173429525658807.2,0.5560965693169783,153.05851938895418,0.5556992145769503,compute-bound,152.94915254237287,a100,0.00024610133333333336,139427840,,retained-standalone-microbenchmark,G4:grid,declared-contractions-only,21340618752,False,7.604e-06,0.03257649739583333,False,1,,1.8060582199999998e-06,7.783658261558532e-05,1133092926490.9846,HBM-bound,0.5560965693169783,False,False,True,173429525658807.2,0.6325571792832111,153.05851938895418,0.6325571792832111,HBM-bound,174.10333138515472,1593,,6.842805358550039e-05,,"{""k"":8192,""length"":0,""m"":159,""n"":8192,""rotate"":1,""size_bytes"":0}",1410,1410,0.0031013425485433674,examples/a100_kernel_constants_v1/measurements/results.json,2,"[""G9R"",""G10"",""G11R""]",True,void,True,False,0.00012305066666666668,True,,declared
constants/boosted/gemm_G4_holdout_m146,203,194,HBM-bound,void-with-findings,boosted,139001856,[],False,311869440000000.0,6.817024482109228e-05,1140705882352.9412,HBM-bound,0.515635726315743,False,False,True,160811025210084.03,0.5594328126730918,140.97501178689296,0.5594328126730918,HBM-bound,152.94915254237287,a100,0.00024371200000000001,139001856,,retained-standalone-microbenchmark,G4:holdout,declared-contractions-only,19595788288,False,7.319e-06,0.030913537289915964,False,1,,1.8060582199999998e-06,7.759877402005005e-05,1140705882352.9412,HBM-bound,0.515635726315743,False,False,True,160811025210084.03,0.6368071659996228,140.97501178689296,0.6368071659996228,HBM-bound,174.10333138515472,1593,,6.283330706593118e-05,,"{""k"":8192,""length"":0,""m"":146,""n"":8192,""rotate"":1,""size_bytes"":0}",1410,1410,0.002425841467183323,examples/a100_kernel_constants_v1/measurements/results.json,2,"[""G9R"",""G10"",""G11R""]",True,void,True,False,0.00012185600000000001,True,,declared
envelope/gh200/gemm_decode_m2_n8192_k8192,204,207,HBM-bound,not-below-declared-threshold,lane-a,134283264,[],False,1070530560000000.0,3.3380679648720884e-05,2394494781175.9585,HBM-bound,0.004471289759134967,False,False,True,4786652329769.021,0.5952332467206687,1.9990239141044412,0.5952332467206687,HBM-bound,266.11683848797253,gh200,,134283264,,retained-hardware-envelope,gemm,declared-contractions-only,268435456,False,,,False,1,,1.304124965e-06,3.573444112948608e-05,2394494781175.9585,HBM-bound,0.004471289759134967,False,False,True,4786652329769.021,0.6372047434950192,1.9990239141044412,0.6372047434950192,HBM-bound,284.8814523426819,2619,,1.7741122565864835e-05,,"{""k"":8192,""length"":0,""m"":2,""n"":8192,""rotate"":0,""size_bytes"":0}",1980,1980,,examples/gh200_hardware_envelope_v1/measurements/lane_a_result.json,,[],,nonvoid,False,False,5.607999861e-05,False,,declared
envelope/gh200/hbm_write_16mib,205,208,HBM-bound,not-below-declared-threshold,lane-a,16777216,[],False,1070530560000000.0,4.17054855542828e-06,2399487440955.3804,HBM-bound,0.0,False,False,True,0.0,0.5964743423846223,0.0,0.5964743423846223,HBM-bound,266.11683848797253,gh200,,16777216,,retained-hardware-envelope,hbm_write,source-zero-scalar-work-uninventoried,0,False,,,False,1,,1.304124965e-06,4.4646251484375e-06,2399487440955.3804,HBM-bound,0.0,False,False,True,0.0,0.6385333521514732,0.0,0.6385333521514732,HBM-bound,284.8814523426819,2619,,0.0,,"{""k"":0,""length"":0,""m"":0,""n"":0,""rotate"":0,""size_bytes"":16777216}",1980,1980,,examples/gh200_hardware_envelope_v1/measurements/lane_a_result.json,,[],,nonvoid,False,False,6.9919999220000005e-06,False,,declared
envelope/a100/gemm_decode_m2_n8192_k8192,206,196,HBM-bound,not-below-declared-threshold,lane-a,134283264,[],False,311869440000000.0,6.585612052730697e-05,1150315766809.4995,HBM-bound,0.007373305722495853,False,False,True,2299508726623.577,0.564145758204596,1.9990239141044412,0.564145758204596,HBM-bound,152.94915254237287,a100,,134283264,,retained-hardware-envelope,gemm,declared-contractions-only,268435456,False,,,False,1,,1.8060582199999998e-06,7.496458650027465e-05,1150315766809.4995,HBM-bound,0.007373305722495853,False,False,True,2299508726623.577,0.6421719522964566,1.9990239141044412,0.6421719522964566,HBM-bound,174.10333138515472,1593,,4.528612680477087e-05,,"{""k"":8192,""length"":0,""m"":2,""n"":8192,""rotate"":0,""size_bytes"":0}",1410,1410,,examples/a100_hardware_envelope_v1/measurements/lane_a_result.json,,[],,nonvoid,False,False,0.00011673600230000001,False,,declared
constants/boosted/gemm_G4_m135,207,197,HBM-bound,void-with-findings,boosted,138641408,[],False,311869440000000.0,6.799347143753923e-05,1151047821466.525,HBM-bound,0.48235994603598104,False,False,True,150433326248671.62,0.5645047774769132,130.6925076813992,0.5645047774769132,HBM-bound,152.94915254237287,a100,0.000240896,138641408,,retained-standalone-microbenchmark,G4:grid,declared-contractions-only,18119393280,False,7.698916666666667e-06,0.041759474734042554,False,1,,1.8060582199999998e-06,7.739755136228943e-05,1151047821466.525,HBM-bound,0.48235994603598104,False,False,True,150433326248671.62,0.6425806270115688,130.6925076813992,0.6425806270115688,HBM-bound,174.10333138515472,1593,,5.809929078014184e-05,,"{""k"":8192,""length"":0,""m"":135,""n"":8192,""rotate"":1,""size_bytes"":0}",1410,1410,0.002529730226192993,examples/a100_kernel_constants_v1/measurements/results.json,2,"[""G9R"",""G10"",""G11R""]",True,void,True,False,0.000120448,True,,declared
constants/base/attn_prefill_granite_s4096,208,200,HBM-bound,void-with-findings,base,1107296256,[],False,282009600000000.0,0.0005430478342749529,1162423004568.6643,HBM-bound,0.25580929217417403,False,False,True,72140676162321.95,0.5700834728934518,62.06060606060606,0.5700834728934518,HBM-bound,138.3050847457627,a100,0.0009525760000000001,1107296256,,retained-standalone-microbenchmark,attn_prefill_granite,declared-contractions-only,68719476736,False,1.8139166666666667e-05,0.021864908503767492,False,2,,3.6121164399999996e-06,0.000618156004640625,1162423004568.6643,HBM-bound,0.25580929217417403,False,False,True,72140676162321.95,0.6489309038235531,62.06060606060606,0.6489309038235531,HBM-bound,157.4338634865761,1593,,0.0005224778405524169,,"{""k"":64,""length"":4096,""m"":4096,""n"":16,""rotate"":1,""size_bytes"":0}",1275,1275,0.0021555512703602822,examples/a100_kernel_constants_v1/measurements/results.json,1,"[""G9R"",""G10"",""G11R""]",True,void,True,False,0.0009525760000000001,True,,declared
constants/boosted/gemm_G4_m477,209,219,compute-bound,void-with-findings,boosted,149848064,[],False,311869440000000.0,0.00020528416075650118,475631635969.6641,compute-bound,0.651590942271194,False,False,True,203211302275189.6,0.651590942271194,427.2451344850208,0.23326253333414945,compute-bound,152.94915254237287,a100,0.0003150506666666667,149848064,,retained-standalone-microbenchmark,G4:grid,declared-contractions-only,64021856256,False,5.953166666666667e-06,0.020393668831168832,False,1,,1.8060582199999998e-06,0.00020528416075650118,475631635969.6641,compute-bound,0.651590942271194,False,False,True,203211302275189.6,0.651590942271194,427.2451344850208,0.26552474116889974,compute-bound,174.10333138515472,1593,,0.00020528416075650118,,"{""k"":8192,""length"":0,""m"":477,""n"":8192,""rotate"":1,""size_bytes"":0}",1410,1410,0.001532192375268826,examples/a100_kernel_constants_v1/measurements/results.json,1,"[""G9R"",""G10"",""G11R""]",True,void,True,False,0.0003150506666666667,True,,declared
envelope/a100/hbm_copy_4mib,210,202,HBM-bound,not-below-declared-threshold,lane-a,8388608,[],False,282009600000000.0,4.113998744507219e-06,1170285698285.7146,HBM-bound,0.0,False,False,True,0.0,0.5739395491435747,0.0,0.5739395491435747,HBM-bound,138.3050847457627,a100,,8388608,,retained-hardware-envelope,hbm_copy,source-zero-scalar-work-uninventoried,0,False,,,False,1,,1.8060582199999998e-06,4.68300003515625e-06,1170285698285.7146,HBM-bound,0.0,False,False,True,0.0,0.6533203084724971,0.0,0.6533203084724971,HBM-bound,157.4338634865761,1593,,0.0,,"{""k"":0,""length"":0,""m"":0,""n"":0,""rotate"":0,""size_bytes"":4194304}",1275,1275,,examples/a100_hardware_envelope_v1/measurements/lane_a_result.json,,[],,nonvoid,False,False,7.168000098e-06,False,,declared
constants/boosted/gemm_G4_m238,211,220,compute-bound,void-with-findings,boosted,142016512,[],False,311869440000000.0,0.00010242689781980563,922536585365.8536,compute-bound,0.6653631977970328,False,False,True,207506447893569.84,0.6653631977970328,224.9303184125519,0.4524367277571081,compute-bound,152.94915254237287,a100,0.0003078826666666667,142016512,,retained-standalone-microbenchmark,G4:grid,declared-contractions-only,31943819264,False,1.1156416666666669e-05,0.03681966145833333,False,1,,1.8060582199999998e-06,0.00010242689781980563,922536585365.8536,compute-bound,0.6653631977970328,False,False,True,207506447893569.84,0.6653631977970328,224.9303184125519,0.5150126053930782,compute-bound,174.10333138515472,1593,,0.00010242689781980563,,"{""k"":8192,""length"":0,""m"":238,""n"":8192,""rotate"":1,""size_bytes"":0}",1410,1410,0.0031357285196743118,examples/a100_kernel_constants_v1/measurements/results.json,2,"[""G9R"",""G10"",""G11R""]",True,void,True,False,0.00015394133333333334,True,,declared
envelope/a100/gemm_decode_m128_n8192_k8192,212,205,HBM-bound,not-below-declared-threshold,lane-a,138412032,[],False,311869440000000.0,6.788097928436911e-05,1206857126020.4082,HBM-bound,0.4803182041137969,False,False,True,149796569338775.53,0.5918751598891676,124.12121212121212,0.5918751598891676,HBM-bound,152.94915254237287,a100,,138412032,,retained-hardware-envelope,gemm,declared-contractions-only,17179869184,False,,,False,1,,1.8060582199999998e-06,7.726950058007813e-05,1206857126020.4082,HBM-bound,0.4803182041137969,False,False,True,149796569338775.53,0.6737365679242782,124.12121212121212,0.6737365679242782,HBM-bound,174.10333138515472,1593,,5.508673496191227e-05,,"{""k"":8192,""length"":0,""m"":128,""n"":8192,""rotate"":0,""size_bytes"":0}",1410,1410,,examples/a100_hardware_envelope_v1/measurements/lane_a_result.json,,[],,nonvoid,False,False,0.00011468800160000001,False,,declared
envelope/a100/gemm_decode_m64_n8192_k8192,213,206,HBM-bound,not-below-declared-threshold,lane-a,136314880,[],False,311869440000000.0,6.685247959824231e-05,1210181808512.3967,HBM-bound,0.2445256326427829,False,False,True,76260072117950.42,0.593505673509297,63.01538461538462,0.593505673509297,HBM-bound,152.94915254237287,a100,,136314880,,retained-hardware-envelope,gemm,declared-contractions-only,8589934592,False,,,False,1,,1.8060582199999998e-06,7.609875057128907e-05,1210181808512.3967,HBM-bound,0.2445256326427829,False,False,True,76260072117950.42,0.675592595554472,63.01538461538462,0.675592595554472,HBM-bound,174.10333138515472,1593,,4.6282485875706214e-05,,"{""k"":8192,""length"":0,""m"":64,""n"":8192,""rotate"":0,""size_bytes"":0}",1410,1410,,examples/a100_hardware_envelope_v1/measurements/lane_a_result.json,,[],,nonvoid,False,False,0.0001126400009,False,,declared
constants/boosted/gemm_G5_m661,214,225,compute-bound,void-with-findings,boosted,44384256,[],False,311869440000000.0,7.111783556606251e-05,424247960848.2871,compute-bound,0.6797815134908606,False,False,True,212003079934747.16,0.6797815134908606,499.71502399409377,0.2080625985013963,compute-bound,152.94915254237287,a100,0.00020923733333333332,44384256,,retained-standalone-microbenchmark,G5:grid,declared-contractions-only,22179479552,False,7.418416666666667e-06,0.0367886412377451,False,1,,1.8060582199999998e-06,7.111783556606251e-05,424247960848.2871,compute-bound,0.6797815134908606,False,False,True,212003079934747.16,0.6797815134908606,499.71502399409377,0.23683943934053137,compute-bound,174.10333138515472,1593,,7.111783556606251e-05,,"{""k"":4096,""length"":0,""m"":661,""n"":4096,""rotate"":1,""size_bytes"":0}",1410,1410,0.002307036806481385,examples/a100_kernel_constants_v1/measurements/results.json,2,"[""G9R"",""G10"",""G11R""]",True,void,True,False,0.00010461866666666666,True,,declared
constants/boosted/attn_prefill_granite_s4096,215,210,HBM-bound,void-with-findings,boosted,1107296256,[],False,311869440000000.0,0.0005430478342749529,1232652037617.555,HBM-bound,0.24529217263604425,False,False,True,76499132516386.44,0.6045256775823696,62.06060606060606,0.6045256775823696,HBM-bound,152.94915254237287,a100,0.0008983039999999999,1107296256,,retained-standalone-microbenchmark,attn_prefill_granite,declared-contractions-only,68719476736,False,1.4683333333333334e-05,0.01660267984839817,False,2,,3.6121164399999996e-06,0.000618156004640625,1232652037617.555,HBM-bound,0.24529217263604425,False,False,True,76499132516386.44,0.6881367606518786,62.06060606060606,0.6881367606518786,HBM-bound,174.10333138515472,1593,,0.0005224778405524169,,"{""k"":64,""length"":4096,""m"":4096,""n"":16,""rotate"":1,""size_bytes"":0}",1410,1410,0.0035479907660269957,examples/a100_kernel_constants_v1/measurements/results.json,1,"[""G9R"",""G10"",""G11R""]",True,void,True,False,0.0008983039999999999,True,,declared
envelope/a100/gemm_decode_m512_n8192_k8192,216,228,compute-bound,not-below-declared-threshold,lane-a,150994944,[],False,311869440000000.0,0.00022034693984764907,472615401035.50354,compute-bound,0.6896877112855027,False,False,True,215092520293491.38,0.6896877112855027,455.1111111111111,0.23178329068360776,compute-bound,152.94915254237287,a100,,150994944,,retained-hardware-envelope,gemm,declared-contractions-only,68719476736,False,,,False,1,,1.8060582199999998e-06,0.00022034693984764907,472615401035.50354,compute-bound,0.6896877112855027,False,False,True,215092520293491.38,0.6896877112855027,455.1111111111111,0.2638409065800486,compute-bound,174.10333138515472,1593,,0.00022034693984764907,,"{""k"":8192,""length"":0,""m"":512,""n"":8192,""rotate"":0,""size_bytes"":0}",1410,1410,,examples/a100_hardware_envelope_v1/measurements/lane_a_result.json,,[],,nonvoid,False,False,0.0003194879889,False,,declared
constants/boosted/gemm_G5_m364,217,229,compute-bound,void-with-findings,boosted,39518208,[],False,311869440000000.0,3.9163225636984504e-05,701407042786.8231,compute-bound,0.6951064754765803,False,False,True,216782467247254.8,0.6951064754765803,309.06799336650084,0.3439888588683023,compute-bound,152.94915254237287,a100,0.00022536533333333334,39518208,,retained-standalone-microbenchmark,G5:grid,declared-contractions-only,12213813248,False,1.4455499999999999e-05,0.06520330255681818,False,1,,1.8060582199999998e-06,3.9163225636984504e-05,701407042786.8231,compute-bound,0.6951064754765803,False,False,True,216782467247254.8,0.6951064754765803,309.06799336650084,0.39156546664590053,compute-bound,174.10333138515472,1593,,3.9163225636984504e-05,,"{""k"":4096,""length"":0,""m"":364,""n"":4096,""rotate"":1,""size_bytes"":0}",1410,1410,0.0022400907925405494,examples/a100_kernel_constants_v1/measurements/results.json,4,"[""G9R"",""G10"",""G11R""]",True,void,True,False,5.6341333333333336e-05,True,,declared
envelope/a100/gemm_decode_m256_n8192_k8192,218,232,compute-bound,not-below-declared-threshold,lane-a,142606336,[],False,311869440000000.0,0.00011017346992382453,910222216993.4641,compute-bound,0.7032109712707737,False,False,True,219310011812072.28,0.7032109712707737,240.94117647058823,0.4463974306504355,compute-bound,152.94915254237287,a100,,142606336,,retained-hardware-envelope,gemm,declared-contractions-only,34359738368,False,,,False,1,,1.8060582199999998e-06,0.00011017346992382453,910222216993.4641,compute-bound,0.7032109712707737,False,False,True,219310011812072.28,0.7032109712707737,240.94117647058823,0.5081380217290392,compute-bound,174.10333138515472,1593,,0.00011017346992382453,,"{""k"":8192,""length"":0,""m"":256,""n"":8192,""rotate"":0,""size_bytes"":0}",1410,1410,,examples/a100_hardware_envelope_v1/measurements/lane_a_result.json,,[],,nonvoid,False,False,0.0001566720009,False,,declared
envelope/gh200/gemm_decode_m256_n8192_k8192,219,221,HBM-bound,not-below-declared-threshold,lane-a,142606336,[],False,1070530560000000.0,3.544966272114038e-05,2682990942542.4214,HBM-bound,0.6038529102392962,False,False,True,646442994156103.5,0.6669487952975903,240.94117647058823,0.6669487952975903,HBM-bound,266.11683848797253,gh200,,142606336,,retained-hardware-envelope,gemm,declared-contractions-only,34359738368,False,,,False,1,,1.304124965e-06,3.7949313761718754e-05,2682990942542.4214,HBM-bound,0.6038529102392962,False,False,True,646442994156103.5,0.7139771482410984,240.94117647058823,0.7139771482410984,HBM-bound,284.8814523426819,2619,,3.2095990205081115e-05,,"{""k"":8192,""length"":0,""m"":256,""n"":8192,""rotate"":0,""size_bytes"":0}",1980,1980,,examples/gh200_hardware_envelope_v1/measurements/lane_a_result.json,,[],,nonvoid,False,False,5.315200053e-05,False,,declared
constants/boosted/gemm_G4_m256,220,235,compute-bound,void-with-findings,boosted,142606336,[],False,311869440000000.0,0.00011017346992382453,924574273858.921,compute-bound,0.7142989491949204,False,False,True,222768013278008.28,0.7142989491949204,240.94117647058823,0.4534360649417966,compute-bound,152.94915254237287,a100,0.00030848000000000003,142606336,,retained-standalone-microbenchmark,G4:pair,declared-contractions-only,34359738368,False,1.0980249999999999e-05,0.03845780732615894,False,1,,1.8060582199999998e-06,0.00011017346992382453,924574273858.921,compute-bound,0.7142989491949204,False,False,True,222768013278008.28,0.7142989491949204,240.94117647058823,0.5161501594765058,compute-bound,174.10333138515472,1593,,0.00011017346992382453,,"{""k"":8192,""length"":0,""m"":256,""n"":8192,""rotate"":1,""size_bytes"":0}",1410,1410,0.0019754988737325056,examples/a100_kernel_constants_v1/measurements/results.json,2,"[""G9R"",""G10"",""G11R""]",True,void,True,False,0.00015424000000000001,True,,declared
constants/base/gemm_G4_m256,221,239,compute-bound,void-with-findings,base,142606336,[],False,282009600000000.0,0.00012183889615105302,838098294884.6538,compute-bound,0.7160479259128146,False,False,True,201932389167502.47,0.7160479259128146,240.94117647058823,0.41102592145551525,compute-bound,138.3050847457627,a100,0.0003403093333333334,142606336,,retained-standalone-microbenchmark,G4:pair,declared-contractions-only,34359738368,False,1.2868250000000002e-05,0.043663780968468464,False,1,,1.8060582199999998e-06,0.00012183889615105302,838098294884.6538,compute-bound,0.7160479259128146,False,False,True,201932389167502.47,0.7160479259128146,240.94117647058823,0.4678743296157392,compute-bound,157.4338634865761,1593,,0.00012183889615105302,,"{""k"":8192,""length"":0,""m"":256,""n"":8192,""rotate"":1,""size_bytes"":0}",1275,1275,0.003326604604167897,examples/a100_kernel_constants_v1/measurements/results.json,2,"[""G9R"",""G10"",""G11R""]",True,void,True,False,0.0001701546666666667,True,,declared
constants/boosted/gemm_G5_m2048,222,241,compute-bound,void-with-findings,boosted,67108864,[],False,311869440000000.0,0.00022034693984764907,219428571428.57144,compute-bound,0.7204773162219972,False,False,True,224694857142857.16,0.7204773162219972,1024.0,0.10761366693570085,compute-bound,152.94915254237287,a100,0.00030583466666666664,67108864,,retained-standalone-microbenchmark,G5:grid,declared-contractions-only,68719476736,False,3.825666666666667e-06,0.012829222408026756,False,1,,1.8060582199999998e-06,0.00022034693984764907,219428571428.57144,compute-bound,0.7204773162219972,False,False,True,224694857142857.16,0.7204773162219972,1024.0,0.12249755951336452,compute-bound,174.10333138515472,1593,,0.00022034693984764907,,"{""k"":4096,""length"":0,""m"":2048,""n"":4096,""rotate"":1,""size_bytes"":0}",1410,1410,0.0015783633508628645,examples/a100_kernel_constants_v1/measurements/results.json,1,"[""G9R"",""G10"",""G11R""]",True,void,True,False,0.00030583466666666664,True,,declared
constants/boosted/gemm_G2_m8192,223,247,compute-bound,void-with-findings,boosted,35651584,[],False,311869440000000.0,5.508673496191227e-05,471548532731.37695,compute-bound,0.7286091143734869,False,False,True,227230916478555.28,0.7286091143734869,481.88235294117646,0.23126006980313132,compute-bound,152.94915254237287,a100,0.00030242133333333336,35651584,,retained-standalone-microbenchmark,G2:grid,declared-contractions-only,17179869184,False,1.56785e-05,0.05376390360169491,False,1,,1.8060582199999998e-06,5.508673496191227e-05,471548532731.37695,compute-bound,0.7286091143734869,False,False,True,227230916478555.28,0.7286091143734869,481.88235294117646,0.2632453197668691,compute-bound,174.10333138515472,1593,,5.508673496191227e-05,,"{""k"":1024,""length"":0,""m"":8192,""n"":1024,""rotate"":1,""size_bytes"":0}",1410,1410,0.0028775505155715364,examples/a100_kernel_constants_v1/measurements/results.json,4,"[""G9R"",""G10"",""G11R""]",True,void,True,False,7.560533333333334e-05,True,,declared
constants/boosted/gemm_G4_holdout_m99,224,213,HBM-bound,void-with-findings,boosted,137461760,[],False,311869440000000.0,6.741494036409291e-05,1309126371393.7424,HBM-bound,0.4057625194163706,False,False,True,126544929703372.61,0.6420307455438552,96.66364719904648,0.6420307455438552,HBM-bound,152.94915254237287,a100,0.00021000533333333333,137461760,,retained-standalone-microbenchmark,G4:holdout,declared-contractions-only,13287555072,False,1.0971166666666668e-05,0.053478883044554455,False,1,,1.8060582199999998e-06,7.673900448234558e-05,1309126371393.7424,HBM-bound,0.4057625194163706,False,False,True,126544929703372.61,0.7308291009975516,96.66364719904648,0.7308291009975516,HBM-bound,174.10333138515472,1593,,4.684494664155681e-05,,"{""k"":8192,""length"":0,""m"":99,""n"":8192,""rotate"":1,""size_bytes"":0}",1410,1410,0.014957466330195807,examples/a100_kernel_constants_v1/measurements/results.json,2,"[""G9R"",""G10"",""G11R""]",True,void,True,False,0.00010500266666666666,True,,declared
envelope/a100/hbm_write_16mib,225,214,HBM-bound,not-below-declared-threshold,lane-a,16777216,[],False,282009600000000.0,8.227997489014438e-06,1310719985664.0,HBM-bound,0.0,False,False,True,0.0,0.6428122967984935,0.0,0.6428122967984935,HBM-bound,138.3050847457627,a100,,16777216,,retained-hardware-envelope,hbm_write,source-zero-scalar-work-uninventoried,0,False,,,False,1,,1.8060582199999998e-06,9.3660000703125e-06,1310719985664.0,HBM-bound,0.0,False,False,True,0.0,0.7317187474899902,0.0,0.7317187474899902,HBM-bound,157.4338634865761,1593,,0.0,,"{""k"":0,""length"":0,""m"":0,""n"":0,""rotate"":0,""size_bytes"":16777216}",1275,1275,,examples/a100_hardware_envelope_v1/measurements/lane_a_result.json,,[],,nonvoid,False,False,1.280000014e-05,False,,declared
constants/boosted/gemm_G4_m87,226,215,HBM-bound,void-with-findings,boosted,137068544,[],False,311869440000000.0,6.722209667294413e-05,1313386753883.892,HBM-bound,0.35876589172460854,False,False,True,111888117743254.3,0.644120151583045,85.19053311020798,0.644120151583045,HBM-bound,152.94915254237287,a100,0.00020872533333333334,137068544,,retained-standalone-microbenchmark,G4:grid,declared-contractions-only,11676942336,False,1.1162416666666668e-05,0.05662612159653465,False,1,,1.8060582199999998e-06,7.651948885569764e-05,1313386753883.892,HBM-bound,0.35876589172460854,False,False,True,111888117743254.3,0.7332074898018861,85.19053311020798,0.7332074898018861,HBM-bound,174.10333138515472,1593,,4.665210295040803e-05,,"{""k"":8192,""length"":0,""m"":87,""n"":8192,""rotate"":1,""size_bytes"":0}",1410,1410,0.00957048234727684,examples/a100_kernel_constants_v1/measurements/results.json,2,"[""G9R"",""G10"",""G11R""]",True,void,True,False,0.00010436266666666667,True,,declared
constants/boosted/gemm_G4_m111,227,216,HBM-bound,void-with-findings,boosted,137854976,[],False,311869440000000.0,6.760778405524168e-05,1315543973941.3682,HBM-bound,0.45587204780496077,False,False,True,142172560260586.34,0.6451781102584393,108.07130972189208,0.6451781102584393,HBM-bound,152.94915254237287,a100,0.00020957866666666665,137854976,,retained-standalone-microbenchmark,G4:grid,declared-contractions-only,14898167808,False,1.1117333333333335e-05,0.05523278870558376,False,1,,1.8060582199999998e-06,7.695852010899353e-05,1315543973941.3682,HBM-bound,0.45587204780496077,False,False,True,142172560260586.34,0.7344117732306743,108.07130972189208,0.7344117732306743,HBM-bound,174.10333138515472,1593,,4.7770527974783297e-05,,"{""k"":8192,""length"":0,""m"":111,""n"":8192,""rotate"":1,""size_bytes"":0}",1410,1410,0.01696471226058601,examples/a100_kernel_constants_v1/measurements/results.json,2,"[""G9R"",""G10"",""G11R""]",True,void,True,False,0.00010478933333333332,True,,declared
constants/boosted/elem_scale_16mib_rot,228,217,HBM-bound,void-with-findings,boosted,33554432,[],False,311869440000000.0,1.6455994978028876e-05,1316204184100.4185,HBM-bound,0.0,False,False,True,0.0,0.6455018950586641,0.0,0.6455018950586641,HBM-bound,152.94915254237287,a100,0.00020394666666666666,16777216,,retained-standalone-microbenchmark,elem_scale,source-zero-scalar-work-uninventoried,0,False,1.2426416666666665e-05,0.06687843406593406,False,1,,1.8060582199999998e-06,1.8732000140625e-05,1316204184100.4185,HBM-bound,0.0,False,False,True,0.0,0.7347803402441815,0.0,0.7347803402441815,HBM-bound,174.10333138515472,1593,,0.0,,"{""k"":0,""length"":0,""m"":0,""n"":0,""rotate"":20,""size_bytes"":16777216}",1410,1410,0.04179914223846749,examples/a100_kernel_constants_v1/measurements/results.json,8,"[""G9R"",""G10"",""G11R""]",False,void,True,False,2.5493333333333332e-05,True,,declared
constants/boosted/gemm_G4_m32,229,218,HBM-bound,void-with-findings,boosted,135266304,[],False,311869440000000.0,6.633822975517891e-05,1319860116569.5254,HBM-bound,0.13437711809635913,False,False,True,41908116569525.39,0.6472948625674462,31.751937984496124,0.6472948625674462,HBM-bound,152.94915254237287,a100,0.00020497066666666668,135266304,,retained-standalone-microbenchmark,G4:grid,declared-contractions-only,4294967296,False,7.67725e-06,0.03878846460459184,False,1,,1.8060582199999998e-06,7.551337556689453e-05,1319860116569.5254,HBM-bound,0.13437711809635913,False,False,True,41908116569525.39,0.7368212905283473,31.751937984496124,0.7368212905283473,HBM-bound,174.10333138515472,1593,,4.576823603264281e-05,,"{""k"":8192,""length"":0,""m"":32,""n"":8192,""rotate"":1,""size_bytes"":0}",1410,1410,0.01254497849568637,examples/a100_kernel_constants_v1/measurements/results.json,2,"[""G9R"",""G10"",""G11R""]",True,void,True,False,0.00010248533333333334,True,,declared
constants/boosted/gemm_G1_m4096,230,260,compute-bound,void-with-findings,boosted,29360128,[],False,311869440000000.0,5.508673496191227e-05,394342693409.74207,compute-bound,0.7398827224468874,False,False,True,230746810315186.2,0.7398827224468874,585.1428571428571,0.19339625186839987,compute-bound,152.94915254237287,a100,0.0002978133333333334,29360128,,retained-standalone-microbenchmark,G1:grid,declared-contractions-only,17179869184,False,1.64675e-05,0.06207044673539518,False,1,,1.8060582199999998e-06,5.508673496191227e-05,394342693409.74207,compute-bound,0.7398827224468874,False,False,True,230746810315186.2,0.7398827224468874,585.1428571428571,0.22014461125152496,compute-bound,174.10333138515472,1593,,5.508673496191227e-05,,"{""k"":1024,""length"":0,""m"":4096,""n"":2048,""rotate"":1,""size_bytes"":0}",1410,1410,0.0012814143137534894,examples/a100_kernel_constants_v1/measurements/results.json,4,"[""G9R"",""G10"",""G11R""]",True,void,True,False,7.445333333333335e-05,True,,declared
envelope/gh200/gemm_decode_m512_n8192_k8192,231,261,compute-bound,not-below-declared-threshold,lane-a,150994944,[],False,1070530560000000.0,6.419198041016223e-05,1746009933208.5068,compute-bound,0.7422754196886827,False,False,True,794628520713560.5,0.7422754196886827,455.1111111111111,0.4340302470151286,compute-bound,266.11683848797253,gh200,,150994944,,retained-hardware-envelope,gemm,declared-contractions-only,68719476736,False,,,False,1,,1.304124965e-06,6.419198041016223e-05,1746009933208.5068,compute-bound,0.7422754196886827,False,False,True,794628520713560.5,0.7422754196886827,455.1111111111111,0.4646348868146169,compute-bound,284.8814523426819,2619,,6.419198041016223e-05,,"{""k"":8192,""length"":0,""m"":512,""n"":8192,""rotate"":0,""size_bytes"":0}",1980,1980,,examples/gh200_hardware_envelope_v1/measurements/lane_a_result.json,,[],,nonvoid,False,False,8.648000285e-05,False,,declared
constants/boosted/gemm_G4_m350,232,269,compute-bound,void-with-findings,boosted,145686528,[],False,311869440000000.0,0.00015062779091147885,724952866242.0382,compute-bound,0.7495411570037761,False,False,True,233758980891719.75,0.7495411570037761,322.44714349977505,0.35553636330922306,compute-bound,152.94915254237287,a100,0.00020096,145686528,,retained-standalone-microbenchmark,G4:grid,declared-contractions-only,46976204800,False,3.7755833333333336e-06,0.020611913071065992,False,1,,1.8060582199999998e-06,0.00015062779091147885,724952866242.0382,compute-bound,0.7495411570037761,False,False,True,233758980891719.75,0.7495411570037761,322.44714349977505,0.40471008993364443,compute-bound,174.10333138515472,1593,,0.00015062779091147885,,"{""k"":8192,""length"":0,""m"":350,""n"":8192,""rotate"":1,""size_bytes"":0}",1410,1410,0.003032453685156186,examples/a100_kernel_constants_v1/measurements/results.json,1,"[""G9R"",""G10"",""G11R""]",True,void,True,False,0.00020096,True,,declared
envelope/gh200/gemm_decode_m8_n8192_k8192,233,233,HBM-bound,not-below-declared-threshold,lane-a,134479872,[],False,1070530560000000.0,3.342955326460481e-05,2838565386092.639,HBM-bound,0.021171050887012956,False,False,True,22664256961862.477,0.7056221229110585,7.984405458089668,0.7056221229110585,HBM-bound,266.11683848797253,gh200,,134479872,,retained-hardware-envelope,gemm,declared-contractions-only,1073741824,False,,,False,1,,1.304124965e-06,3.578676095544434e-05,2838565386092.639,HBM-bound,0.021171050887012956,False,False,False,22664256961862.477,0.755377436174953,7.984405458089668,0.755377436174953,HBM-bound,284.8814523426819,2619,,1.778999618174876e-05,,"{""k"":8192,""length"":0,""m"":8,""n"":8192,""rotate"":0,""size_bytes"":0}",1980,1980,,examples/gh200_hardware_envelope_v1/measurements/lane_a_result.json,,[],,nonvoid,False,False,4.737599939e-05,False,,declared
constants/boosted/gemm_G1_m8192,234,272,compute-bound,void-with-findings,boosted,54525952,[],False,311869440000000.0,0.00011017346992382453,377422327229.76965,compute-bound,0.7626080039396449,False,False,False,237834131128174.84,0.7626080039396449,630.1538461538462,0.18509804968503296,compute-bound,152.94915254237287,a100,0.00028893866666666667,54525952,,retained-standalone-microbenchmark,G1:grid,declared-contractions-only,34359738368,False,8.544833333333333e-06,0.03094288317137809,False,1,,1.8060582199999998e-06,0.00011017346992382453,377422327229.76965,compute-bound,0.7626080039396449,False,False,False,237834131128174.84,0.7626080039396449,630.1538461538462,0.21069869657585202,compute-bound,174.10333138515472,1593,,0.00011017346992382453,,"{""k"":1024,""length"":0,""m"":8192,""n"":2048,""rotate"":1,""size_bytes"":0}",1410,1410,0.006109911655516007,examples/a100_kernel_constants_v1/measurements/results.json,2,"[""G9R"",""G10"",""G11R""]",True,void,True,False,0.00014446933333333334,True,,declared
envelope/gh200/gemm_square_m4096_n4096_k4096,235,274,compute-bound,not-below-declared-threshold,lane-a,100663296,[],False,1070530560000000.0,0.00012838396082032446,601075362178.3386,compute-bound,0.7665995334383464,False,False,False,820668227827491.6,0.7665995334383464,1365.3333333333333,0.1494177570007086,compute-bound,266.11683848797253,gh200,,100663296,,retained-hardware-envelope,gemm,declared-contractions-only,137438953472,False,,,False,1,,1.304124965e-06,0.00012838396082032446,601075362178.3386,compute-bound,0.7665995334383464,False,False,False,820668227827491.6,0.7665995334383464,1365.3333333333333,0.15995360482261117,compute-bound,284.8814523426819,2619,,0.00012838396082032446,,"{""k"":4096,""length"":0,""m"":4096,""n"":4096,""rotate"":0,""size_bytes"":0}",1980,1980,,examples/gh200_hardware_envelope_v1/measurements/lane_a_result.json,,[],,nonvoid,False,False,0.0001674720049,False,,declared
envelope/a100/gemm_decode_m32_n8192_k8192,236,222,HBM-bound,not-below-declared-threshold,lane-a,135266304,[],False,311869440000000.0,6.633822975517891e-05,1375999951289.0642,HBM-bound,0.14009280652827047,False,False,True,43690665120000.055,0.6748273458534725,31.751937984496124,0.6748273458534725,HBM-bound,152.94915254237287,a100,,135266304,,retained-hardware-envelope,gemm,declared-contractions-only,4294967296,False,,,False,1,,1.8060582199999998e-06,7.551337556689453e-05,1375999951289.0642,HBM-bound,0.14009280652827047,False,False,False,43690665120000.055,0.7681617522551639,31.751937984496124,0.7681617522551639,HBM-bound,174.10333138515472,1593,,4.576823603264281e-05,,"{""k"":8192,""length"":0,""m"":32,""n"":8192,""rotate"":0,""size_bytes"":0}",1410,1410,,examples/a100_hardware_envelope_v1/measurements/lane_a_result.json,,[],,nonvoid,False,False,9.830400347999999e-05,False,,declared
constants/boosted/gemm_G5_m64,237,223,HBM-bound,void-with-findings,boosted,34603008,[],False,311869440000000.0,1.6970244821092278e-05,1383382515991.4712,HBM-bound,0.2752868551534795,False,False,True,85853557356076.77,0.6784479539349259,62.06060606060606,0.6784479539349259,HBM-bound,152.94915254237287,a100,0.00020010666666666667,34603008,,retained-standalone-microbenchmark,G5:grid,declared-contractions-only,2147483648,False,2.8774833333333334e-05,0.14501201923076923,False,1,,1.8060582199999998e-06,1.9317375145019532e-05,1383382515991.4712,HBM-bound,0.2752868551534795,False,False,False,85853557356076.77,0.772283121469331,62.06060606060606,0.772283121469331,HBM-bound,174.10333138515472,1593,,6.885841870239033e-06,,"{""k"":4096,""length"":0,""m"":64,""n"":4096,""rotate"":1,""size_bytes"":0}",1410,1410,0.0025228485215776507,examples/a100_kernel_constants_v1/measurements/results.json,8,"[""G9R"",""G10"",""G11R""]",True,void,True,False,2.5013333333333333e-05,True,,declared
envelope/a100/gemm_decode_m16_n8192_k8192,238,224,HBM-bound,not-below-declared-threshold,lane-a,134742016,[],False,311869440000000.0,6.608110483364721e-05,1385094692276.4556,HBM-bound,0.07078373405310388,False,False,True,22075283500250.438,0.6792876511870565,15.937743190661479,0.6792876511870565,HBM-bound,152.94915254237287,a100,,134742016,,retained-hardware-envelope,gemm,declared-contractions-only,2147483648,False,,,False,1,,1.8060582199999998e-06,7.522068806469726e-05,1385094692276.4556,HBM-bound,0.07078373405310388,False,False,False,22075283500250.438,0.7732389560491295,15.937743190661479,0.7732389560491295,HBM-bound,174.10333138515472,1593,,4.5511111111111114e-05,,"{""k"":8192,""length"":0,""m"":16,""n"":8192,""rotate"":0,""size_bytes"":0}",1410,1410,,examples/a100_hardware_envelope_v1/measurements/lane_a_result.json,,[],,nonvoid,False,False,9.728000313e-05,False,,declared
envelope/a100/gemm_decode_m8_n8192_k8192,239,226,HBM-bound,not-below-declared-threshold,lane-a,134479872,[],False,311869440000000.0,6.595254237288136e-05,1397106342628.453,HBM-bound,0.03576837636805425,False,False,True,11155063507614.314,0.6851784872432384,7.984405458089668,0.6851784872432384,HBM-bound,152.94915254237287,a100,,134479872,,retained-hardware-envelope,gemm,declared-contractions-only,1073741824,False,,,False,1,,1.8060582199999998e-06,7.507434431359864e-05,1397106342628.453,HBM-bound,0.03576837636805425,False,False,False,11155063507614.314,0.7799445452268201,7.984405458089668,0.7799445452268201,HBM-bound,174.10333138515472,1593,,4.538254865034526e-05,,"{""k"":8192,""length"":0,""m"":8,""n"":8192,""rotate"":0,""size_bytes"":0}",1410,1410,,examples/a100_hardware_envelope_v1/measurements/lane_a_result.json,,[],,nonvoid,False,False,9.625600278e-05,False,,declared
envelope/gh200/gemm_decode_m128_n8192_k8192,240,251,HBM-bound,not-below-declared-threshold,lane-a,138412032,[],False,1070530560000000.0,3.440702558228331e-05,2939433173966.2227,HBM-bound,0.34080858794165514,False,False,True,364846008501989.3,0.7306962476648565,124.12121212121212,0.7306962476648565,HBM-bound,266.11683848797253,gh200,,138412032,,retained-hardware-envelope,gemm,declared-contractions-only,17179869184,False,,,False,1,,1.304124965e-06,3.683315747460937e-05,2939433173966.2227,HBM-bound,0.34080858794165514,False,False,False,364846008501989.3,0.7822196048880253,124.12121212121212,0.7822196048880253,HBM-bound,284.8814523426819,2619,,1.8767468499427263e-05,,"{""k"":8192,""length"":0,""m"":128,""n"":8192,""rotate"":0,""size_bytes"":0}",1980,1980,,examples/gh200_hardware_envelope_v1/measurements/lane_a_result.json,,[],,nonvoid,False,False,4.708800092e-05,False,,declared
envelope/gh200/gemm_decode_m16_n8192_k8192,241,254,HBM-bound,not-below-declared-threshold,lane-a,134742016,[],False,1070530560000000.0,3.3494718085783376e-05,2946597628446.2847,HBM-bound,0.0438680763007728,False,False,True,46962116288389.04,0.7324772168841988,15.937743190661479,0.7324772168841988,HBM-bound,266.11683848797253,gh200,,134742016,,retained-hardware-envelope,gemm,declared-contractions-only,2147483648,False,,,False,1,,1.304124965e-06,3.5856520723388674e-05,2946597628446.2847,HBM-bound,0.0438680763007728,False,False,False,46962116288389.04,0.7841261550359476,15.937743190661479,0.7841261550359476,HBM-bound,284.8814523426819,2619,,1.7855161002927327e-05,,"{""k"":8192,""length"":0,""m"":16,""n"":8192,""rotate"":0,""size_bytes"":0}",1980,1980,,examples/gh200_hardware_envelope_v1/measurements/lane_a_result.json,,[],,nonvoid,False,False,4.572799988e-05,False,,declared
constants/boosted/elem_rmsnorm_4mib_warm,242,227,HBM-bound,void-with-findings,boosted,12582912,[],False,311869440000000.0,6.170998116760829e-06,1406016686531.5854,HBM-bound,0.0,False,False,True,0.0,0.689548359292405,0.0,0.689548359292405,HBM-bound,152.94915254237287,a100,0.00028637866666666664,8388608,,retained-standalone-microbenchmark,elem_rmsnorm,source-zero-scalar-work-uninventoried,0,False,5.120516666666666e-05,0.19167131696428572,False,1,,1.8060582199999998e-06,7.024500052734375e-06,1406016686531.5854,HBM-bound,0.0,False,False,False,0.0,0.7849188080379591,0.0,0.7849188080379591,HBM-bound,174.10333138515472,1593,,0.0,,"{""k"":0,""length"":0,""m"":0,""n"":1024,""rotate"":1,""size_bytes"":4194304}",1410,1410,0.0016855942340560808,examples/a100_kernel_constants_v1/measurements/results.json,32,"[""G9R"",""G10"",""G11R""]",True,void,True,False,8.949333333333333e-06,True,,declared
envelope/gh200/hbm_write_64mib,243,256,HBM-bound,not-below-declared-threshold,lane-a,67108864,[],False,1070530560000000.0,1.668219422171312e-05,2951656592855.6323,HBM-bound,0.0,False,False,True,0.0,0.7337347948225985,0.0,0.7337347948225985,HBM-bound,266.11683848797253,gh200,,67108864,,retained-hardware-envelope,hbm_write,source-zero-scalar-work-uninventoried,0,False,,,False,1,,1.304124965e-06,1.785850059375e-05,2951656592855.6323,HBM-bound,0.0,False,False,False,0.0,0.7854724081763388,0.0,0.7854724081763388,HBM-bound,284.8814523426819,2619,,1.04263713885707e-06,,"{""k"":0,""length"":0,""m"":0,""n"":0,""rotate"":0,""size_bytes"":67108864}",1980,1980,,examples/gh200_hardware_envelope_v1/measurements/lane_a_result.json,,[],,nonvoid,False,False,2.2735999900000002e-05,False,,declared
envelope/gh200/gemm_decode_m1024_n8192_k8192,244,285,compute-bound,not-below-declared-threshold,lane-a,167772160,[],False,1070530560000000.0,0.00012838396082032446,1029327570570.356,compute-bound,0.7876703172408601,False,False,False,843225145811235.6,0.7876703172408601,819.2,0.2558744318786084,compute-bound,266.11683848797253,gh200,,167772160,,retained-hardware-envelope,gemm,declared-contractions-only,137438953472,False,,,False,1,,1.304124965e-06,0.00012838396082032446,1029327570570.356,compute-bound,0.7876703172408601,False,False,False,843225145811235.6,0.7876703172408601,819.2,0.27391682610204743,compute-bound,284.8814523426819,2619,,0.00012838396082032446,,"{""k"":8192,""length"":0,""m"":1024,""n"":8192,""rotate"":0,""size_bytes"":0}",1980,1980,,examples/gh200_hardware_envelope_v1/measurements/lane_a_result.json,,[],,nonvoid,False,False,0.0001629920006,False,,declared
envelope/gh200/hbm_read_16mib,245,257,HBM-bound,not-below-declared-threshold,lane-a,16777216,[],False,1070530560000000.0,4.17054855542828e-06,2970470290195.0264,HBM-bound,0.0,False,False,True,0.0,0.7384115801880057,0.0,0.7384115801880057,HBM-bound,266.11683848797253,gh200,,16777216,,retained-hardware-envelope,hbm_read,source-zero-scalar-work-uninventoried,0,False,,,False,1,,1.304124965e-06,4.4646251484375e-06,2970470290195.0264,HBM-bound,0.0,False,False,False,0.0,0.7904789662534686,0.0,0.7904789662534686,HBM-bound,284.8814523426819,2619,,0.0,,"{""k"":0,""length"":0,""m"":0,""n"":0,""rotate"":0,""size_bytes"":16777216}",1980,1980,,examples/gh200_hardware_envelope_v1/measurements/lane_a_result.json,,[],,nonvoid,False,False,5.6479999330000005e-06,False,,declared
envelope/gh200/hbm_read_64mib,246,258,HBM-bound,not-below-declared-threshold,lane-a,67108864,[],False,1070530560000000.0,1.668219422171312e-05,2970470290457.993,HBM-bound,0.0,False,False,True,0.0,0.738411580253375,0.0,0.738411580253375,HBM-bound,266.11683848797253,gh200,,67108864,,retained-hardware-envelope,hbm_read,source-zero-scalar-work-uninventoried,0,False,,,False,1,,1.304124965e-06,1.785850059375e-05,2970470290457.993,HBM-bound,0.0,False,False,False,0.0,0.7904789663234474,0.0,0.7904789663234474,HBM-bound,284.8814523426819,2619,,1.04263713885707e-06,,"{""k"":0,""length"":0,""m"":0,""n"":0,""rotate"":0,""size_bytes"":67108864}",1980,1980,,examples/gh200_hardware_envelope_v1/measurements/lane_a_result.json,,[],,nonvoid,False,False,2.2591999729999998e-05,False,,declared
constants/boosted/gemm_G5_holdout_m53,247,230,HBM-bound,void-with-findings,boosted,34422784,[],False,311869440000000.0,1.6881858129315758e-05,1421019815059.445,HBM-bound,0.2354003384573852,False,False,True,73414171730515.19,0.6969062966197059,51.66301761066159,0.6969062966197059,HBM-bound,152.94915254237287,a100,0.000193792,34422784,,retained-standalone-microbenchmark,G5:holdout,declared-contractions-only,1778384896,False,2.874625e-05,0.14935722552910052,False,1,,1.8060582199999998e-06,1.921676381613922e-05,1421019815059.445,HBM-bound,0.2354003384573852,False,False,False,73414171730515.19,0.7932944111682306,51.66301761066159,0.7932944111682306,HBM-bound,174.10333138515472,1593,,5.702337798791699e-06,,"{""k"":4096,""length"":0,""m"":53,""n"":4096,""rotate"":1,""size_bytes"":0}",1410,1410,0.004381274491882975,examples/a100_kernel_constants_v1/measurements/results.json,8,"[""G9R"",""G10"",""G11R""]",True,void,True,False,2.4224e-05,True,,declared
envelope/a100/hbm_copy_32mib,248,231,HBM-bound,not-below-declared-threshold,lane-a,67108864,[],False,282009600000000.0,3.291198995605775e-05,1424695620415.88,HBM-bound,0.0,False,False,True,0.0,0.6987090103263692,0.0,0.6987090103263692,HBM-bound,138.3050847457627,a100,,67108864,,retained-hardware-envelope,hbm_copy,source-zero-scalar-work-uninventoried,0,False,,,False,1,,1.8060582199999998e-06,3.746400028125e-05,1424695620415.88,HBM-bound,0.0,False,False,False,0.0,0.7953464556329871,0.0,0.7953464556329871,HBM-bound,157.4338634865761,1593,,1.2341996233521658e-05,,"{""k"":0,""length"":0,""m"":0,""n"":0,""rotate"":0,""size_bytes"":33554432}",1275,1275,,examples/a100_hardware_envelope_v1/measurements/lane_a_result.json,,[],,nonvoid,False,False,4.7104001049999993e-05,False,,declared
envelope/gh200/gemm_decode_m64_n8192_k8192,249,264,HBM-bound,not-below-declared-threshold,lane-a,136314880,[],False,1070530560000000.0,3.388570701285478e-05,2993562876884.276,HBM-bound,0.17621217282877,False,False,True,188640516057199.9,0.7441520292623904,63.01538461538462,0.7441520292623904,HBM-bound,266.11683848797253,gh200,,136314880,,retained-hardware-envelope,gemm,declared-contractions-only,8589934592,False,,,False,1,,1.304124965e-06,3.6275079331054686e-05,2993562876884.276,HBM-bound,0.17621217282877,False,False,False,188640516057199.9,0.7966241898278266,63.01538461538462,0.7966241898278266,HBM-bound,284.8814523426819,2619,,1.824614992999873e-05,,"{""k"":8192,""length"":0,""m"":64,""n"":8192,""rotate"":0,""size_bytes"":0}",1980,1980,,examples/gh200_hardware_envelope_v1/measurements/lane_a_result.json,,[],,nonvoid,False,False,4.553600028e-05,False,,declared
envelope/gh200/gemm_decode_m32_n8192_k8192,250,265,HBM-bound,not-below-declared-threshold,lane-a,135266304,[],False,1070530560000000.0,3.362504772814051e-05,3001116049642.249,HBM-bound,0.08901310644743919,False,False,True,95291250692516.69,0.7460296276514595,31.751937984496124,0.7460296276514595,HBM-bound,266.11683848797253,gh200,,135266304,,retained-hardware-envelope,gemm,declared-contractions-only,4294967296,False,,,False,1,,1.304124965e-06,3.599604025927734e-05,3001116049642.249,HBM-bound,0.08901310644743919,False,False,False,95291250692516.69,0.7986341827280634,31.751937984496124,0.7986341827280634,HBM-bound,284.8814523426819,2619,,1.798549064528446e-05,,"{""k"":8192,""length"":0,""m"":32,""n"":8192,""rotate"":0,""size_bytes"":0}",1980,1980,,examples/gh200_hardware_envelope_v1/measurements/lane_a_result.json,,[],,nonvoid,False,False,4.507200047e-05,False,,declared
envelope/gh200/hbm_copy_8mib,251,268,HBM-bound,not-below-declared-threshold,lane-a,16777216,[],False,1070530560000000.0,4.17054855542828e-06,3013149413381.9526,HBM-bound,0.0,False,False,True,0.0,0.749020930127482,0.0,0.749020930127482,HBM-bound,266.11683848797253,gh200,,16777216,,retained-hardware-envelope,hbm_copy,source-zero-scalar-work-uninventoried,0,False,,,False,1,,1.304124965e-06,4.4646251484375e-06,3013149413381.9526,HBM-bound,0.0,False,False,False,0.0,0.8018364099851111,0.0,0.8018364099851111,HBM-bound,284.8814523426819,2619,,0.0,,"{""k"":0,""length"":0,""m"":0,""n"":0,""rotate"":0,""size_bytes"":8388608}",1980,1980,,examples/gh200_hardware_envelope_v1/measurements/lane_a_result.json,,[],,nonvoid,False,False,5.568000022e-06,False,,declared
envelope/gh200/gemm_decode_m1_n8192_k8192,252,271,HBM-bound,not-below-declared-threshold,lane-a,134250496,[],False,1070530560000000.0,3.3372534046073563e-05,3018221603769.08,HBM-bound,0.0028186817134080357,False,False,False,3017484913116.464,0.7502817958332041,0.9997559189650964,0.7502817958332041,HBM-bound,266.11683848797253,gh200,,134250496,,retained-hardware-envelope,gemm,declared-contractions-only,134217728,False,,,False,1,,1.304124965e-06,3.5725721158493044e-05,3018221603769.08,HBM-bound,0.0028186817134080357,False,False,False,3017484913116.464,0.8031861827221394,0.9997559189650964,0.8031861827221394,HBM-bound,284.8814523426819,2619,,1.7732976963217515e-05,,"{""k"":8192,""length"":0,""m"":1,""n"":8192,""rotate"":0,""size_bytes"":0}",1980,1980,,examples/gh200_hardware_envelope_v1/measurements/lane_a_result.json,,[],,nonvoid,False,False,4.447999969e-05,False,,declared
envelope/gh200/gemm_decode_m2048_n8192_k8192,253,296,compute-bound,not-below-declared-threshold,lane-a,201326592,[],False,1070530560000000.0,0.0002567679216406489,635629020377.8031,compute-bound,0.8106685802186041,False,False,False,867845489155827.1,0.8106685802186041,1365.3333333333333,0.15800724582224723,compute-bound,266.11683848797253,gh200,,201326592,,retained-hardware-envelope,gemm,declared-contractions-only,274877906944,False,,,False,1,,1.304124965e-06,0.0002567679216406489,635629020377.8031,compute-bound,0.8106685802186041,False,False,False,867845489155827.1,0.8106685802186041,1365.3333333333333,0.1691487615975995,compute-bound,284.8814523426819,2619,,0.0002567679216406489,,"{""k"":8192,""length"":0,""m"":2048,""n"":8192,""rotate"":0,""size_bytes"":0}",1980,1980,,examples/gh200_hardware_envelope_v1/measurements/lane_a_result.json,,[],,nonvoid,False,False,0.0003167359978,False,,declared
envelope/a100/hbm_write_32mib,254,234,HBM-bound,not-below-declared-threshold,lane-a,33554432,[],False,282009600000000.0,1.6455994978028876e-05,1456355533432.099,HBM-bound,0.0,False,False,True,0.0,0.714235882293677,0.0,0.714235882293677,HBM-bound,138.3050847457627,a100,,33554432,,retained-hardware-envelope,hbm_write,source-zero-scalar-work-uninventoried,0,False,,,False,1,,1.8060582199999998e-06,1.8732000140625e-05,1456355533432.099,HBM-bound,0.0,False,False,False,0.0,0.8130208270862721,0.0,0.8130208270862721,HBM-bound,157.4338634865761,1593,,0.0,,"{""k"":0,""length"":0,""m"":0,""n"":0,""rotate"":0,""size_bytes"":33554432}",1275,1275,,examples/a100_hardware_envelope_v1/measurements/lane_a_result.json,,[],,nonvoid,False,False,2.304000035e-05,False,,declared
envelope/a100/gemm_decode_m1_n8192_k8192,255,236,HBM-bound,not-below-declared-threshold,lane-a,134250496,[],False,311869440000000.0,6.584005021971124e-05,1456711088982.2534,HBM-bound,0.004669760311982152,False,False,True,1456355533432.099,0.7144102562883775,0.9997559189650964,0.7144102562883775,HBM-bound,152.94915254237287,a100,,134250496,,retained-hardware-envelope,gemm,declared-contractions-only,134217728,False,,,False,1,,1.8060582199999998e-06,7.494629353138733e-05,1456711088982.2534,HBM-bound,0.004669760311982152,False,False,False,1456355533432.099,0.813219318499135,0.9997559189650964,0.813219318499135,HBM-bound,174.10333138515472,1593,,4.527005649717514e-05,,"{""k"":8192,""length"":0,""m"":1,""n"":8192,""rotate"":0,""size_bytes"":0}",1410,1410,,examples/a100_hardware_envelope_v1/measurements/lane_a_result.json,,[],,nonvoid,False,False,9.21600014e-05,False,,declared
constants/boosted/gemm_G4_m64,256,237,HBM-bound,void-with-findings,boosted,136314880,[],False,311869440000000.0,6.685247959824231e-05,1456853625170.9988,HBM-bound,0.29436738501363857,False,False,True,91804191518467.86,0.7144801598649357,63.01538461538462,0.7144801598649357,HBM-bound,152.94915254237287,a100,0.000374272,136314880,,retained-standalone-microbenchmark,G4:grid,declared-contractions-only,8589934592,False,1.401125e-05,0.03856190913865546,False,1,,1.8060582199999998e-06,7.609875057128907e-05,1456853625170.9988,HBM-bound,0.29436738501363857,False,False,False,91804191518467.86,0.8132988903395293,63.01538461538462,0.8132988903395293,HBM-bound,174.10333138515472,1593,,4.6282485875706214e-05,,"{""k"":8192,""length"":0,""m"":64,""n"":8192,""rotate"":1,""size_bytes"":0}",1410,1410,0.015335313926858381,examples/a100_kernel_constants_v1/measurements/results.json,4,"[""G9R"",""G10"",""G11R""]",True,void,True,False,9.3568e-05,True,,declared
constants/boosted/gemm_G5_m16,257,238,HBM-bound,void-with-findings,boosted,33816576,[],False,311869440000000.0,1.6584557438794728e-05,1458952600092.0386,HBM-bound,0.07426917571731584,False,False,True,23162286240220.89,0.715509553560518,15.875968992248062,0.715509553560518,HBM-bound,152.94915254237287,a100,0.00018542933333333335,33816576,,retained-standalone-microbenchmark,G5:grid,declared-contractions-only,536870912,False,2.936658333333333e-05,0.18374482044198895,False,1,,1.8060582199999998e-06,1.887834389172363e-05,1458952600092.0386,HBM-bound,0.07426917571731584,False,False,False,23162286240220.89,0.8144706580069444,15.875968992248062,0.8144706580069444,HBM-bound,174.10333138515472,1593,,1.7214604675597583e-06,,"{""k"":4096,""length"":0,""m"":16,""n"":4096,""rotate"":1,""size_bytes"":0}",1410,1410,0.004192560321741491,examples/a100_kernel_constants_v1/measurements/results.json,8,"[""G9R"",""G10"",""G11R""]",True,void,True,False,2.317866666666667e-05,True,,declared
constants/boosted/gemm_G4_holdout_m51,258,240,HBM-bound,void-with-findings,boosted,135888896,[],False,311869440000000.0,6.66435655994978e-05,1465667740450.9893,HBM-bound,0.23673299759894426,False,False,True,73829787390704.1,0.7188028388118866,50.37279961417892,0.7188028388118866,HBM-bound,152.94915254237287,a100,0.0003708586666666667,135888896,,retained-standalone-microbenchmark,G4:holdout,declared-contractions-only,6845104128,False,1.3938666666666667e-05,0.03941560734463277,False,1,,1.8060582199999998e-06,7.586094197575378e-05,1465667740450.9893,HBM-bound,0.23673299759894426,False,False,False,73829787390704.1,0.8182194328378873,50.37279961417892,0.8182194328378873,HBM-bound,174.10333138515472,1593,,4.607357187696171e-05,,"{""k"":8192,""length"":0,""m"":51,""n"":8192,""rotate"":1,""size_bytes"":0}",1410,1410,0.01577463092591126,examples/a100_kernel_constants_v1/measurements/results.json,4,"[""G9R"",""G10"",""G11R""]",True,void,True,False,9.271466666666668e-05,True,,declared
envelope/gh200/hbm_write_32mib,259,273,HBM-bound,not-below-declared-threshold,lane-a,33554432,[],False,1070530560000000.0,8.34109711085656e-06,3079518332749.498,HBM-bound,0.0,False,False,False,0.0,0.7655191859044627,0.0,0.7655191859044627,HBM-bound,266.11683848797253,gh200,,33554432,,retained-hardware-envelope,hbm_write,source-zero-scalar-work-uninventoried,0,False,,,False,1,,1.304124965e-06,8.929250296875e-06,3079518332749.498,HBM-bound,0.0,False,False,False,0.0,0.8194980021397906,0.0,0.8194980021397906,HBM-bound,284.8814523426819,2619,,0.0,,"{""k"":0,""length"":0,""m"":0,""n"":0,""rotate"":0,""size_bytes"":33554432}",1980,1980,,examples/gh200_hardware_envelope_v1/measurements/lane_a_result.json,,[],,nonvoid,False,False,1.089600008e-05,False,,declared
constants/boosted/elem_add_16mib_warm,260,242,HBM-bound,void-with-findings,boosted,50331648,[],False,311869440000000.0,2.4683992467043316e-05,1470424431287.0051,HBM-bound,0.0,False,False,True,0.0,0.7211356477984764,0.0,0.7211356477984764,HBM-bound,152.94915254237287,a100,0.0002738346666666667,50331648,,retained-standalone-microbenchmark,elem_add,source-zero-scalar-work-uninventoried,0,False,1.2436416666666667e-05,0.04665221007604563,False,1,,1.8060582199999998e-06,2.80980002109375e-05,1470424431287.0051,HBM-bound,0.0,False,False,False,0.0,0.820874889303643,0.0,0.820874889303643,HBM-bound,174.10333138515472,1593,,4.113998744507219e-06,,"{""k"":0,""length"":0,""m"":0,""n"":0,""rotate"":1,""size_bytes"":16777216}",1410,1410,0.008562562582757251,examples/a100_kernel_constants_v1/measurements/results.json,8,"[""G9R"",""G10"",""G11R""]",False,void,True,False,3.4229333333333334e-05,True,,declared
envelope/gh200/hbm_copy_32mib,261,278,HBM-bound,not-below-declared-threshold,lane-a,67108864,[],False,1070530560000000.0,1.668219422171312e-05,3090865207760.195,HBM-bound,0.0,False,False,False,0.0,0.7683398382215387,0.0,0.7683398382215387,HBM-bound,266.11683848797253,gh200,,67108864,,retained-hardware-envelope,hbm_copy,source-zero-scalar-work-uninventoried,0,False,,,False,1,,1.304124965e-06,1.785850059375e-05,3090865207760.195,HBM-bound,0.0,False,False,False,0.0,0.8225175462363161,0.0,0.8225175462363161,HBM-bound,284.8814523426819,2619,,1.04263713885707e-06,,"{""k"":0,""length"":0,""m"":0,""n"":0,""rotate"":0,""size_bytes"":33554432}",1980,1980,,examples/gh200_hardware_envelope_v1/measurements/lane_a_result.json,,[],,nonvoid,False,False,2.171199955e-05,False,,declared
envelope/gh200/gemm_decode_m8192_n8192_k8192,262,304,compute-bound,not-below-declared-threshold,lane-a,402653184,[],False,1070530560000000.0,0.0010270716865625957,322862274779.7454,compute-bound,0.8235442168649767,False,False,False,881629251665224.9,0.8235442168649767,2730.6666666666665,0.08025841675311064,compute-bound,266.11683848797253,gh200,,402653184,,retained-hardware-envelope,gemm,declared-contractions-only,1099511627776,False,,,False,1,,1.304124965e-06,0.0010270716865625957,322862274779.7454,compute-bound,0.8235442168649767,False,False,False,881629251665224.9,0.8235442168649767,2730.6666666666665,0.08591765352865398,compute-bound,284.8814523426819,2619,,0.0010270716865625957,,"{""k"":8192,""length"":0,""m"":8192,""n"":8192,""rotate"":0,""size_bytes"":0}",1980,1980,,examples/gh200_hardware_envelope_v1/measurements/lane_a_result.json,,[],,nonvoid,False,False,0.001247136056,False,,declared
constants/boosted/gemm_G4_m40,263,243,HBM-bound,void-with-findings,boosted,135528448,[],False,311869440000000.0,6.646679221594477e-05,1476044609665.4275,HBM-bound,0.1874848034778431,False,False,True,58470780669144.984,0.7238919342756531,39.61315280464217,0.7238919342756531,HBM-bound,152.94915254237287,a100,0.00036727466666666665,135528448,,retained-standalone-microbenchmark,G4:grid,declared-contractions-only,5368709120,False,1.4168916666666668e-05,0.04121148923022599,False,1,,1.8060582199999998e-06,7.565971931799317e-05,1476044609665.4275,HBM-bound,0.1874848034778431,False,False,False,58470780669144.984,0.8240123938268888,39.61315280464217,0.8240123938268888,HBM-bound,174.10333138515472,1593,,4.5896798493408664e-05,,"{""k"":8192,""length"":0,""m"":40,""n"":8192,""rotate"":1,""size_bytes"":0}",1410,1410,0.013721954516945571,examples/a100_kernel_constants_v1/measurements/results.json,4,"[""G9R"",""G10"",""G11R""]",True,void,True,False,9.181866666666666e-05,True,,declared
constants/base/gemm_G4_m64,264,244,HBM-bound,void-with-findings,base,136314880,[],False,282009600000000.0,6.685247959824231e-05,1479453577216.9482,HBM-bound,0.3305856828594935,False,False,True,93228336188932.62,0.7255637835535096,63.01538461538462,0.7255637835535096,HBM-bound,138.3050847457627,a100,0.0003685546666666667,136314880,,retained-standalone-microbenchmark,G4:grid,declared-contractions-only,8589934592,False,1.3835749999999999e-05,0.04019442471590909,False,1,,1.8060582199999998e-06,7.609875057128907e-05,1479453577216.9482,HBM-bound,0.3305856828594935,False,False,False,93228336188932.62,0.8259154741905939,63.01538461538462,0.8259154741905939,HBM-bound,157.4338634865761,1593,,4.6282485875706214e-05,,"{""k"":8192,""length"":0,""m"":64,""n"":8192,""rotate"":1,""size_bytes"":0}",1275,1275,0.013201560815140949,examples/a100_kernel_constants_v1/measurements/results.json,4,"[""G9R"",""G10"",""G11R""]",True,void,True,False,9.213866666666667e-05,True,,declared
constants/boosted/elem_add_16mib_rot,265,245,HBM-bound,void-with-findings,boosted,50331648,[],False,311869440000000.0,2.4683992467043316e-05,1484767778477.0295,HBM-bound,0.0,False,False,True,0.0,0.7281700106309977,0.0,0.7281700106309977,HBM-bound,152.94915254237287,a100,0.00027118933333333334,50331648,,retained-standalone-microbenchmark,elem_add,source-zero-scalar-work-uninventoried,0,False,1.2445500000000001e-05,0.04714133522727272,False,1,,1.8060582199999998e-06,2.80980002109375e-05,1484767778477.0295,HBM-bound,0.0,False,False,False,0.0,0.8288821648128982,0.0,0.8288821648128982,HBM-bound,174.10333138515472,1593,,4.113998744507219e-06,,"{""k"":0,""length"":0,""m"":0,""n"":0,""rotate"":20,""size_bytes"":16777216}",1410,1410,0.005302800360715122,examples/a100_kernel_constants_v1/measurements/results.json,8,"[""G9R"",""G10"",""G11R""]",False,void,True,False,3.389866666666667e-05,True,,declared
constants/boosted/gemm_G4_m4,266,246,HBM-bound,void-with-findings,boosted,134348800,[],False,311869440000000.0,6.588826114249843e-05,1485283018867.9246,HBM-bound,0.019031476277562187,False,False,True,5935335849056.604,0.7284226983619373,3.9960975609756098,0.7284226983619373,HBM-bound,152.94915254237287,a100,0.0003618133333333333,134348800,,retained-standalone-microbenchmark,G4:grid,declared-contractions-only,536870912,False,1.4682333333333333e-05,0.04222163771489971,False,1,,1.8060582199999998e-06,7.500117243804932e-05,1485283018867.9246,HBM-bound,0.019031476277562187,False,False,False,5935335849056.604,0.8291698014230099,3.9960975609756098,0.8291698014230099,HBM-bound,174.10333138515472,1593,,4.5318267419962336e-05,,"{""k"":8192,""length"":0,""m"":4,""n"":8192,""rotate"":1,""size_bytes"":0}",1410,1410,0.00705973091844143,examples/a100_kernel_constants_v1/measurements/results.json,4,"[""G9R"",""G10"",""G11R""]",True,void,True,False,9.045333333333333e-05,True,,declared
constants/base/gemm_G4_m1,267,248,HBM-bound,void-with-findings,base,134250496,[],False,282009600000000.0,6.584005021971124e-05,1487001890359.1682,HBM-bound,0.005271589837363217,False,False,True,1486638941398.8657,0.7292656791231011,0.9997559189650964,0.7292656791231011,HBM-bound,138.3050847457627,a100,0.0003611306666666667,134250496,,retained-standalone-microbenchmark,G4:grid,declared-contractions-only,134217728,False,1.6913416666666666e-05,0.04852957589285714,False,1,,1.8060582199999998e-06,7.494629353138733e-05,1487001890359.1682,HBM-bound,0.005271589837363217,False,False,False,1486638941398.8657,0.8301293736492866,0.9997559189650964,0.8301293736492866,HBM-bound,157.4338634865761,1593,,4.527005649717514e-05,,"{""k"":8192,""length"":0,""m"":1,""n"":8192,""rotate"":1,""size_bytes"":0}",1275,1275,0.014929649337364225,examples/a100_kernel_constants_v1/measurements/results.json,4,"[""G9R"",""G10"",""G11R""]",True,void,True,False,9.028266666666667e-05,True,,declared
constants/boosted/gemm_G4_m8,268,249,HBM-bound,void-with-findings,boosted,134479872,[],False,311869440000000.0,6.595254237288136e-05,1488135977337.1106,HBM-bound,0.03809889490881193,False,False,True,11881881019830.03,0.7298218658472175,7.984405458089668,0.7298218658472175,HBM-bound,152.94915254237287,a100,0.000361472,134479872,,retained-standalone-microbenchmark,G4:grid,declared-contractions-only,1073741824,False,1.4732333333333333e-05,0.04259081479519774,False,1,,1.8060582199999998e-06,7.507434431359864e-05,1488135977337.1106,HBM-bound,0.03809889490881193,False,False,False,11881881019830.03,0.8307624857648575,7.984405458089668,0.8307624857648575,HBM-bound,174.10333138515472,1593,,4.538254865034526e-05,,"{""k"":8192,""length"":0,""m"":8,""n"":8192,""rotate"":1,""size_bytes"":0}",1410,1410,0.01503463959215362,examples/a100_kernel_constants_v1/measurements/results.json,4,"[""G9R"",""G10"",""G11R""]",True,void,True,False,9.0368e-05,True,,declared
envelope/gh200/hbm_copy_64mib,269,280,HBM-bound,not-below-declared-threshold,lane-a,134217728,[],False,1070530560000000.0,3.336438844342624e-05,3123085672063.955,HBM-bound,0.0,False,False,False,0.0,0.7763493322196655,0.0,0.7763493322196655,HBM-bound,266.11683848797253,gh200,,134217728,,retained-hardware-envelope,hbm_copy,source-zero-scalar-work-uninventoried,0,False,,,False,1,,1.304124965e-06,3.57170011875e-05,3123085672063.955,HBM-bound,0.0,False,False,False,0.0,0.831091811193321,0.0,0.831091811193321,HBM-bound,284.8814523426819,2619,,1.772483136057019e-05,,"{""k"":0,""length"":0,""m"":0,""n"":0,""rotate"":0,""size_bytes"":67108864}",1980,1980,,examples/gh200_hardware_envelope_v1/measurements/lane_a_result.json,,[],,nonvoid,False,False,4.2975999410000003e-05,False,,declared
envelope/a100/hbm_read_64mib,270,250,HBM-bound,not-below-declared-threshold,lane-a,67108864,[],False,282009600000000.0,3.291198995605775e-05,1489454533884.2976,HBM-bound,0.0,False,False,True,0.0,0.7304685214043362,0.0,0.7304685214043362,HBM-bound,138.3050847457627,a100,,67108864,,retained-hardware-envelope,hbm_read,source-zero-scalar-work-uninventoried,0,False,,,False,1,,1.8060582199999998e-06,3.746400028125e-05,1489454533884.2976,HBM-bound,0.0,False,False,False,0.0,0.8314985793285132,0.0,0.8314985793285132,HBM-bound,157.4338634865761,1593,,1.2341996233521658e-05,,"{""k"":0,""length"":0,""m"":0,""n"":0,""rotate"":0,""size_bytes"":67108864}",1275,1275,,examples/a100_hardware_envelope_v1/measurements/lane_a_result.json,,[],,nonvoid,False,False,4.505600035e-05,False,,declared
envelope/gh200/gemm_decode_m4096_n8192_k8192,271,313,compute-bound,not-below-declared-threshold,lane-a,268435456,[],False,1070530560000000.0,0.0005135358432812978,434811872855.7241,compute-bound,0.8318255908626495,False,False,False,890494715608523.0,0.8318255908626495,2048.0,0.10808730293640527,compute-bound,266.11683848797253,gh200,,268435456,,retained-hardware-envelope,gemm,declared-contractions-only,549755813888,False,,,False,1,,1.304124965e-06,0.0005135358432812978,434811872855.7241,compute-bound,0.8318255908626495,False,False,False,890494715608523.0,0.8318255908626495,2048.0,0.11570882930701225,compute-bound,284.8814523426819,2619,,0.0005135358432812978,,"{""k"":8192,""length"":0,""m"":4096,""n"":8192,""rotate"":0,""size_bytes"":0}",1980,1980,,examples/gh200_hardware_envelope_v1/measurements/lane_a_result.json,,[],,nonvoid,False,False,0.0006173599958,False,,declared
constants/boosted/gemm_G4_m1,272,252,HBM-bound,void-with-findings,boosted,134250496,[],False,311869440000000.0,6.584005021971124e-05,1490877043354.6553,HBM-bound,0.004779285679747908,False,False,True,1490513148542.9993,0.7311661582679375,0.9997559189650964,0.7311661582679375,HBM-bound,152.94915254237287,a100,0.000360192,134250496,,retained-standalone-microbenchmark,G4:grid,declared-contractions-only,134217728,False,1.4748500000000001e-05,0.042388916015625,False,1,,1.8060582199999998e-06,7.494629353138733e-05,1490877043354.6553,HBM-bound,0.004779285679747908,False,False,False,1490513148542.9993,0.8322927053503391,0.9997559189650964,0.8322927053503391,HBM-bound,174.10333138515472,1593,,4.527005649717514e-05,,"{""k"":8192,""length"":0,""m"":1,""n"":8192,""rotate"":1,""size_bytes"":0}",1410,1410,0.008999488231804112,examples/a100_kernel_constants_v1/measurements/results.json,4,"[""G9R"",""G10"",""G11R""]",True,void,True,False,9.0048e-05,True,,declared
constants/boosted/gemm_G4_m16,273,253,HBM-bound,void-with-findings,boosted,134742016,[],False,311869440000000.0,6.608110483364721e-05,1491036827195.4675,HBM-bound,0.07619778981762386,False,False,True,23763762039660.06,0.7312445205564714,15.937743190661479,0.7312445205564714,HBM-bound,152.94915254237287,a100,0.000361472,134742016,,retained-standalone-microbenchmark,G4:grid,declared-contractions-only,2147483648,False,1.4674e-05,0.041477170389048995,False,1,,1.8060582199999998e-06,7.522068806469726e-05,1491036827195.4675,HBM-bound,0.07619778981762386,False,False,False,23763762039660.06,0.8323819058150812,15.937743190661479,0.8323819058150812,HBM-bound,174.10333138515472,1593,,4.5511111111111114e-05,,"{""k"":8192,""length"":0,""m"":16,""n"":8192,""rotate"":1,""size_bytes"":0}",1410,1410,0.010214026276102002,examples/a100_kernel_constants_v1/measurements/results.json,4,"[""G9R"",""G10"",""G11R""]",True,void,True,False,9.0368e-05,True,,declared
constants/boosted/gemm_G4_m2,274,255,HBM-bound,void-with-findings,boosted,134283264,[],False,311869440000000.0,6.585612052730697e-05,1495137292161.52,HBM-bound,0.00958354624903369,False,False,True,2988815201900.2373,0.7332554987452528,1.9990239141044412,0.7332554987452528,HBM-bound,152.94915254237287,a100,0.00035925333333333335,134283264,,retained-standalone-microbenchmark,G4:grid,declared-contractions-only,268435456,False,1.5067333333333332e-05,0.04561509683098591,False,1,,1.8060582199999998e-06,7.496458650027465e-05,1495137292161.52,HBM-bound,0.00958354624903369,False,False,False,2988815201900.2373,0.8346710195250295,1.9990239141044412,0.8346710195250295,HBM-bound,174.10333138515472,1593,,4.528612680477087e-05,,"{""k"":8192,""length"":0,""m"":2,""n"":8192,""rotate"":1,""size_bytes"":0}",1410,1410,0.010066327838677966,examples/a100_kernel_constants_v1/measurements/results.json,4,"[""G9R"",""G10"",""G11R""]",True,void,True,False,8.981333333333334e-05,True,,declared
envelope/a100/gemm_decode_m1024_n8192_k8192,275,314,compute-bound,not-below-declared-threshold,lane-a,167772160,[],False,311869440000000.0,0.00044069387969529814,318135908998.02106,compute-bound,0.8356603861256136,False,False,False,260616936651178.88,0.8356603861256136,819.2,0.15602239730364342,compute-bound,152.94915254237287,a100,,167772160,,retained-hardware-envelope,gemm,declared-contractions-only,137438953472,False,,,False,1,,1.8060582199999998e-06,0.00044069387969529814,318135908998.02106,compute-bound,0.8356603861256136,False,False,False,260616936651178.88,0.8356603861256136,819.2,0.17760163224008063,compute-bound,174.10333138515472,1593,,0.00044069387969529814,,"{""k"":8192,""length"":0,""m"":1024,""n"":8192,""rotate"":0,""size_bytes"":0}",1410,1410,,examples/a100_hardware_envelope_v1/measurements/lane_a_result.json,,[],,nonvoid,False,False,0.0005273600221,False,,declared
envelope/a100/hbm_copy_64mib,276,259,HBM-bound,not-below-declared-threshold,lane-a,134217728,[],False,282009600000000.0,6.58239799121155e-05,1506574706555.6875,HBM-bound,0.0,False,False,True,0.0,0.7388647140594042,0.0,0.7388647140594042,HBM-bound,138.3050847457627,a100,,134217728,,retained-hardware-envelope,hbm_copy,source-zero-scalar-work-uninventoried,0,False,,,False,1,,1.8060582199999998e-06,7.49280005625e-05,1506574706555.6875,HBM-bound,0.0,False,False,False,0.0,0.8410560373980762,0.0,0.8410560373980762,HBM-bound,157.4338634865761,1593,,4.525398618957941e-05,,"{""k"":0,""length"":0,""m"":0,""n"":0,""rotate"":0,""size_bytes"":67108864}",1275,1275,,examples/a100_hardware_envelope_v1/measurements/lane_a_result.json,,[],,nonvoid,False,False,8.908800036e-05,False,,declared
envelope/gh200/hbm_copy_128mib,277,283,HBM-bound,not-below-declared-threshold,lane-a,268435456,[],False,1070530560000000.0,6.672877688685249e-05,3161337162999.2573,HBM-bound,0.0,False,False,False,0.0,0.7858580433349782,0.0,0.7858580433349782,HBM-bound,266.11683848797253,gh200,,268435456,,retained-hardware-envelope,hbm_copy,source-zero-scalar-work-uninventoried,0,False,,,False,1,,1.304124965e-06,7.1434002375e-05,3161337162999.2573,HBM-bound,0.0,False,False,False,0.0,0.8412710070977535,0.0,0.8412710070977535,HBM-bound,284.8814523426819,2619,,5.1089219803996434e-05,,"{""k"":0,""length"":0,""m"":0,""n"":0,""rotate"":0,""size_bytes"":134217728}",1980,1980,,examples/gh200_hardware_envelope_v1/measurements/lane_a_result.json,,[],,nonvoid,False,False,8.491199836e-05,False,,declared
constants/boosted/gemm_G4_m1024,278,316,compute-bound,void-with-findings,boosted,167772160,[],False,311869440000000.0,0.00044069387969529814,320469437652.81177,compute-bound,0.8417899596869234,False,False,False,262528563325183.38,0.8417899596869234,819.2,0.1571668224521401,compute-bound,152.94915254237287,a100,0.00052352,167772160,,retained-standalone-microbenchmark,G4:grid,declared-contractions-only,137438953472,False,6.182583333333334e-06,0.01225385273972603,False,1,,1.8060582199999998e-06,0.00044069387969529814,320469437652.81177,compute-bound,0.8417899596869234,False,False,False,262528563325183.38,0.8417899596869234,819.2,0.17890434119637263,compute-bound,174.10333138515472,1593,,0.00044069387969529814,,"{""k"":8192,""length"":0,""m"":1024,""n"":8192,""rotate"":1,""size_bytes"":0}",1410,1410,0.001411614350096889,examples/a100_kernel_constants_v1/measurements/results.json,1,"[""G9R"",""G10"",""G11R""]",True,void,True,False,0.00052352,True,,declared
constants/base/gemm_G4_m1024,279,318,compute-bound,void-with-findings,base,167772160,[],False,282009600000000.0,0.00048735558460421207,290282002067.0309,compute-bound,0.8432302166072067,False,False,False,237799016093311.7,0.8432302166072067,819.2,0.14236209297857366,compute-bound,138.3050847457627,a100,0.0005779626666666666,167772160,,retained-standalone-microbenchmark,G4:grid,declared-contractions-only,137438953472,False,7.316583333333334e-06,0.013496994126773049,False,1,,1.8060582199999998e-06,0.00048735558460421207,290282002067.0309,compute-bound,0.8432302166072067,False,False,False,237799016093311.7,0.8432302166072067,819.2,0.16205199073375848,compute-bound,157.4338634865761,1593,,0.00048735558460421207,,"{""k"":8192,""length"":0,""m"":1024,""n"":8192,""rotate"":1,""size_bytes"":0}",1275,1275,0.0008734799620699003,examples/a100_kernel_constants_v1/measurements/results.json,1,"[""G9R"",""G10"",""G11R""]",True,void,True,False,0.0005779626666666666,True,,declared
constants/boosted/gemm_G5_m41,280,262,HBM-bound,void-with-findings,boosted,34226176,[],False,311869440000000.0,1.678543628374137e-05,1513539622641.5095,HBM-bound,0.19507263184501242,False,False,True,60837192452830.19,0.7422804960380912,40.19530876017233,0.7422804960380912,HBM-bound,152.94915254237287,a100,0.00018090666666666666,34226176,,retained-standalone-microbenchmark,G5:grid,declared-contractions-only,1375731712,False,2.8738583333333333e-05,0.1603013392857143,False,1,,1.8060582199999998e-06,1.9107006002815248e-05,1513539622641.5095,HBM-bound,0.19507263184501242,False,False,False,60837192452830.19,0.8449442513037404,40.19530876017233,0.8449442513037404,HBM-bound,174.10333138515472,1593,,4.4112424481218805e-06,,"{""k"":4096,""length"":0,""m"":41,""n"":4096,""rotate"":1,""size_bytes"":0}",1410,1410,0.004810395767540381,examples/a100_kernel_constants_v1/measurements/results.json,8,"[""G9R"",""G10"",""G11R""]",True,void,True,False,2.2613333333333333e-05,True,,declared
constants/boosted/gemm_G5_m1,281,263,HBM-bound,void-with-findings,boosted,33570816,[],False,311869440000000.0,1.6464030131826742e-05,1516023121387.2832,HBM-bound,0.004858710225003834,False,False,True,1515283236994.2197,0.7434984705485342,0.9995119570522206,0.7434984705485342,HBM-bound,152.94915254237287,a100,0.000177152,33570816,,retained-standalone-microbenchmark,G5:grid,declared-contractions-only,33554432,False,2.7922916666666667e-05,0.1599473898121387,False,1,,1.8060582199999998e-06,1.8741146625068663e-05,1516023121387.2832,HBM-bound,0.004858710225003834,False,False,False,1515283236994.2197,0.8463306821291846,0.9995119570522206,0.8463306821291846,HBM-bound,174.10333138515472,1593,,1.075912792224849e-07,,"{""k"":4096,""length"":0,""m"":1,""n"":4096,""rotate"":1,""size_bytes"":0}",1410,1410,0.004087322434604303,examples/a100_kernel_constants_v1/measurements/results.json,8,"[""G9R"",""G10"",""G11R""]",True,void,True,False,2.2144e-05,True,,declared
envelope/gh200/gemm_square_m8192_n8192_k8192,282,323,compute-bound,not-below-declared-threshold,lane-a,402653184,[],False,1070530560000000.0,0.0010270716865625957,332859249561.83105,compute-bound,0.8490441015249236,False,False,False,908927657470173.2,0.8490441015249236,2730.6666666666665,0.08274350538379167,compute-bound,266.11683848797253,gh200,,402653184,,retained-hardware-envelope,gemm,declared-contractions-only,1099511627776,False,,,False,1,,1.304124965e-06,0.0010270716865625957,332859249561.83105,compute-bound,0.8490441015249236,False,False,False,908927657470173.2,0.8490441015249236,2730.6666666666665,0.08857797244094519,compute-bound,284.8814523426819,2619,,0.0010270716865625957,,"{""k"":8192,""length"":0,""m"":8192,""n"":8192,""rotate"":0,""size_bytes"":0}",1980,1980,,examples/gh200_hardware_envelope_v1/measurements/lane_a_result.json,,[],,nonvoid,False,False,0.001209680021,False,,declared
constants/boosted/elem_scale_64mib_rot,283,266,HBM-bound,void-with-findings,boosted,134217728,[],False,311869440000000.0,6.58239799121155e-05,1522986201888.1628,HBM-bound,0.0,False,False,True,0.0,0.7469133523070478,0.0,0.7469133523070478,HBM-bound,152.94915254237287,a100,0.000352512,67108864,,retained-standalone-microbenchmark,elem_scale,source-zero-scalar-work-uninventoried,0,False,6.287166666666667e-06,0.018400942966472305,False,1,,1.8060582199999998e-06,7.49280005625e-05,1522986201888.1628,HBM-bound,0.0,False,False,False,0.0,0.8502178713065087,0.0,0.8502178713065087,HBM-bound,174.10333138515472,1593,,1.2341996233521658e-05,,"{""k"":0,""length"":0,""m"":0,""n"":0,""rotate"":5,""size_bytes"":67108864}",1410,1410,0.006927663045874652,examples/a100_kernel_constants_v1/measurements/results.json,4,"[""G9R"",""G10"",""G11R""]",True,void,True,False,8.8128e-05,True,,declared
constants/boosted/elem_scale_64mib_warm,284,267,HBM-bound,void-with-findings,boosted,134217728,[],False,311869440000000.0,6.58239799121155e-05,1526311499272.198,HBM-bound,0.0,False,False,True,0.0,0.7485441674867576,0.0,0.7485441674867576,HBM-bound,152.94915254237287,a100,0.00035174399999999997,67108864,,retained-standalone-microbenchmark,elem_scale,source-zero-scalar-work-uninventoried,0,False,6.307916666666667e-06,0.018651772660818713,False,1,,1.8060582199999998e-06,7.49280005625e-05,1526311499272.198,HBM-bound,0.0,False,False,False,0.0,0.8520742422045579,0.0,0.8520742422045579,HBM-bound,174.10333138515472,1593,,1.2341996233521658e-05,,"{""k"":0,""length"":0,""m"":0,""n"":0,""rotate"":1,""size_bytes"":67108864}",1410,1410,0.010860276218146217,examples/a100_kernel_constants_v1/measurements/results.json,4,"[""G9R"",""G10"",""G11R""]",True,void,True,False,8.793599999999999e-05,True,,declared
constants/base/elem_scale_64mib_warm,285,270,HBM-bound,void-with-findings,base,134217728,[],False,282009600000000.0,6.58239799121155e-05,1528536443148.688,HBM-bound,0.0,False,False,True,0.0,0.7496353397425691,0.0,0.7496353397425691,HBM-bound,138.3050847457627,a100,0.000351232,67108864,,retained-standalone-microbenchmark,elem_scale,source-zero-scalar-work-uninventoried,0,False,7.2558333333333335e-06,0.022302964154411763,False,1,,1.8060582199999998e-06,7.49280005625e-05,1528536443148.688,HBM-bound,0.0,False,False,False,0.0,0.8533163329366344,0.0,0.8533163329366344,HBM-bound,157.4338634865761,1593,,1.2341996233521658e-05,,"{""k"":0,""length"":0,""m"":0,""n"":0,""rotate"":1,""size_bytes"":67108864}",1275,1275,0.004123071610417169,examples/a100_kernel_constants_v1/measurements/results.json,4,"[""G9R"",""G10"",""G11R""]",True,void,True,False,8.7808e-05,True,,declared
envelope/gh200/gemm_square_m16384_n16384_k16384,286,332,compute-bound,not-below-declared-threshold,lane-a,1610612736,[],False,1070530560000000.0,0.008216573492500765,168212321778.14886,compute-bound,0.8581385663613349,False,False,False,918663560004397.0,0.8581385663613349,5461.333333333333,0.041814902758425226,compute-bound,266.11683848797253,gh200,,1610612736,,retained-hardware-envelope,gemm,declared-contractions-only,8796093022208,False,,,False,1,,1.304124965e-06,0.008216573492500765,168212321778.14886,compute-bound,0.8581385663613349,False,False,False,918663560004397.0,0.8581385663613349,5461.333333333333,0.044763383989798095,compute-bound,284.8814523426819,2619,,0.008216573492500765,,"{""k"":16384,""length"":0,""m"":16384,""n"":16384,""rotate"":0,""size_bytes"":0}",1980,1890,,examples/gh200_hardware_envelope_v1/measurements/lane_a_result.json,,[],,nonvoid,False,False,0.009574879646,False,,declared
constants/boosted/gemm_G4_m636,287,334,compute-bound,void-with-findings,boosted,155058176,[],False,311869440000000.0,0.00027371221434200157,486763461023.30566,compute-bound,0.8592459179802655,False,False,False,267972543262791.34,0.8592459179802655,550.5190194420964,0.23872187942527154,compute-bound,152.94915254237287,a100,0.0003185493333333333,155058176,,retained-standalone-microbenchmark,G4:grid,declared-contractions-only,85362475008,False,5.9005e-06,0.019094779943729902,False,1,,1.8060582199999998e-06,0.00027371221434200157,486763461023.30566,compute-bound,0.8592459179802655,False,False,False,267972543262791.34,0.8592459179802655,550.5190194420964,0.2717391616207264,compute-bound,174.10333138515472,1593,,0.00027371221434200157,,"{""k"":8192,""length"":0,""m"":636,""n"":8192,""rotate"":1,""size_bytes"":0}",1410,1410,0.001584805728127391,examples/a100_kernel_constants_v1/measurements/results.json,1,"[""G9R"",""G10"",""G11R""]",True,void,True,False,0.0003185493333333333,True,,declared
envelope/a100/gemm_square_m4096_n4096_k4096,288,338,compute-bound,not-below-declared-threshold,lane-a,100663296,[],False,311869440000000.0,0.00044069387969529814,197001997646.59598,compute-bound,0.8624551162183521,False,False,False,268973394120152.38,0.8624551162183521,1365.3333333333333,0.09661507260602832,compute-bound,152.94915254237287,a100,,100663296,,retained-hardware-envelope,gemm,declared-contractions-only,137438953472,False,,,False,1,,1.8060582199999998e-06,0.00044069387969529814,197001997646.59598,compute-bound,0.8624551162183521,False,False,False,268973394120152.38,0.8624551162183521,1365.3333333333333,0.10997776531039005,compute-bound,174.10333138515472,1593,,0.00044069387969529814,,"{""k"":4096,""length"":0,""m"":4096,""n"":4096,""rotate"":0,""size_bytes"":0}",1410,1410,,examples/a100_hardware_envelope_v1/measurements/lane_a_result.json,,[],,nonvoid,False,False,0.0005109760165,False,,declared
constants/boosted/gemm_G5_m4096,289,340,compute-bound,void-with-findings,boosted,100663296,[],False,311869440000000.0,0.00044069387969529814,197430627615.06277,compute-bound,0.8643316155111758,False,False,False,269558616903765.72,0.8643316155111758,1365.3333333333333,0.09682528425879962,compute-bound,152.94915254237287,a100,0.0005098666666666666,100663296,,retained-standalone-microbenchmark,G5:grid,declared-contractions-only,137438953472,False,3.936083333333334e-06,0.00811448920682731,False,1,,1.8060582199999998e-06,0.00044069387969529814,197430627615.06277,compute-bound,0.8643316155111758,False,False,False,269558616903765.72,0.8643316155111758,1365.3333333333333,0.11021705103662723,compute-bound,174.10333138515472,1593,,0.00044069387969529814,,"{""k"":4096,""length"":0,""m"":4096,""n"":4096,""rotate"":1,""size_bytes"":0}",1410,1410,0.0009901388758325144,examples/a100_kernel_constants_v1/measurements/results.json,1,"[""G9R"",""G10"",""G11R""]",True,void,True,False,0.0005098666666666666,True,,declared
constants/boosted/gemm_G5_m8192,290,350,compute-bound,void-with-findings,boosted,167772160,[],False,311869440000000.0,0.0008813877593905963,166194420963.65173,compute-bound,0.8730991382382545,False,False,False,272292939306847.0,0.8730991382382545,1638.4,0.08150620927674382,compute-bound,152.94915254237287,a100,0.0010094933333333334,167772160,,retained-standalone-microbenchmark,G5:grid,declared-contractions-only,274877906944,False,4.1471666666666665e-06,0.004177627408722111,False,1,,1.8060582199999998e-06,0.0008813877593905963,166194420963.65173,compute-bound,0.8730991382382545,False,False,False,272292939306847.0,0.8730991382382545,1638.4,0.09277921667284413,compute-bound,174.10333138515472,1593,,0.0008813877593905963,,"{""k"":4096,""length"":0,""m"":8192,""n"":4096,""rotate"":1,""size_bytes"":0}",1410,1410,0.0005607142502713728,examples/a100_kernel_constants_v1/measurements/results.json,1,"[""G9R"",""G10"",""G11R""]",True,void,True,False,0.0010094933333333334,True,,declared
constants/boosted/gemm_G5_m32,291,275,HBM-bound,void-with-findings,boosted,34078720,[],False,311869440000000.0,1.6713119899560577e-05,1564200734394.125,HBM-bound,0.1580288066915323,False,False,False,49284355446756.43,0.7671260663812994,31.50769230769231,0.7671260663812994,HBM-bound,152.94915254237287,a100,0.00034858666666666665,34078720,,retained-standalone-microbenchmark,G5:grid,declared-contractions-only,1073741824,False,5.579841666666667e-05,0.17148724724264705,False,1,,1.8060582199999998e-06,1.9024687642822267e-05,1564200734394.125,HBM-bound,0.1580288066915323,False,False,False,49284355446756.43,0.8732261769961261,31.50769230769231,0.8732261769961261,HBM-bound,174.10333138515472,1593,,3.4429209351195167e-06,,"{""k"":4096,""length"":0,""m"":32,""n"":4096,""rotate"":1,""size_bytes"":0}",1410,1410,0.004865264850514529,examples/a100_kernel_constants_v1/measurements/results.json,16,"[""G9R"",""G10"",""G11R""]",True,void,True,False,2.1786666666666666e-05,True,,declared
constants/boosted/gemm_G5_m4,292,276,HBM-bound,void-with-findings,boosted,33619968,[],False,311869440000000.0,1.648813559322034e-05,1564981132075.4717,HBM-bound,0.02003313292374967,False,False,False,6247721946375.372,0.7675087943716021,3.992202729044834,0.7675087943716021,HBM-bound,152.94915254237287,a100,0.00034372266666666667,33619968,,retained-standalone-microbenchmark,G5:grid,declared-contractions-only,134217728,False,5.715175e-05,0.16869234751506024,False,1,,1.8060582199999998e-06,1.876858607839966e-05,1564981132075.4717,HBM-bound,0.02003313292374967,False,False,False,6247721946375.372,0.873661839548147,3.992202729044834,0.873661839548147,HBM-bound,174.10333138515472,1593,,4.303651168899396e-07,,"{""k"":4096,""length"":0,""m"":4,""n"":4096,""rotate"":1,""size_bytes"":0}",1410,1410,0.006473885208741431,examples/a100_kernel_constants_v1/measurements/results.json,16,"[""G9R"",""G10"",""G11R""]",True,void,True,False,2.1482666666666667e-05,True,,declared
constants/boosted/gemm_G5_m2,293,277,HBM-bound,void-with-findings,boosted,33587200,[],False,311869440000000.0,1.6472065285624608e-05,1565788165091.9941,HBM-bound,0.010031509126909956,False,False,False,3128521133764.297,0.7679045850459011,1.9980487804878049,0.7679045850459011,HBM-bound,152.94915254237287,a100,0.00017160533333333331,33587200,,retained-standalone-microbenchmark,G5:grid,declared-contractions-only,67108864,False,2.888575e-05,0.1774127526197605,False,1,,1.8060582199999998e-06,1.875029310951233e-05,1565788165091.9941,HBM-bound,0.010031509126909956,False,False,False,3128521133764.297,0.8741123714653313,1.9980487804878049,0.8741123714653313,HBM-bound,174.10333138515472,1593,,2.151825584449698e-07,,"{""k"":4096,""length"":0,""m"":2,""n"":4096,""rotate"":1,""size_bytes"":0}",1410,1410,0.007084936274875685,examples/a100_kernel_constants_v1/measurements/results.json,8,"[""G9R"",""G10"",""G11R""]",True,void,True,False,2.1450666666666664e-05,True,,declared
envelope/gh200/hbm_copy_256mib,294,300,HBM-bound,not-below-declared-threshold,lane-a,536870912,[],False,1070530560000000.0,0.00013345755377370497,3295142097555.275,HBM-bound,0.0,False,False,False,0.0,0.819119817906026,0.0,0.819119817906026,HBM-bound,266.11683848797253,gh200,,536870912,,retained-hardware-envelope,hbm_copy,source-zero-scalar-work-uninventoried,0,False,,,False,1,,1.304124965e-06,0.00014286800475,3295142097555.275,HBM-bound,0.0,False,False,False,0.0,0.8768781588328107,0.0,0.8768781588328107,HBM-bound,284.8814523426819,2619,,0.00011781799669084893,,"{""k"":0,""length"":0,""m"":0,""n"":0,""rotate"":0,""size_bytes"":268435456}",1980,1980,,examples/gh200_hardware_envelope_v1/measurements/lane_a_result.json,,[],,nonvoid,False,False,0.0001629280001,False,,declared
envelope/gh200/hbm_write_128mib,295,305,HBM-bound,not-below-declared-threshold,lane-a,134217728,[],False,1070530560000000.0,3.336438844342624e-05,3313036393794.091,HBM-bound,0.0,False,False,False,0.0,0.8235680548083344,0.0,0.8235680548083344,HBM-bound,266.11683848797253,gh200,,134217728,,retained-hardware-envelope,hbm_write,source-zero-scalar-work-uninventoried,0,False,,,False,1,,1.304124965e-06,3.57170011875e-05,3313036393794.091,HBM-bound,0.0,False,False,False,0.0,0.8816400528801549,0.0,0.8816400528801549,HBM-bound,284.8814523426819,2619,,1.772483136057019e-05,,"{""k"":0,""length"":0,""m"":0,""n"":0,""rotate"":0,""size_bytes"":134217728}",1980,1980,,examples/gh200_hardware_envelope_v1/measurements/lane_a_result.json,,[],,nonvoid,False,False,4.051199928e-05,False,,declared
envelope/gh200/hbm_read_128mib,296,308,HBM-bound,not-below-declared-threshold,lane-a,134217728,[],False,1070530560000000.0,3.336438844342624e-05,3318278427687.871,HBM-bound,0.0,False,False,False,0.0,0.8248711409033821,0.0,0.8248711409033821,HBM-bound,266.11683848797253,gh200,,134217728,,retained-hardware-envelope,hbm_read,source-zero-scalar-work-uninventoried,0,False,,,False,1,,1.304124965e-06,3.57170011875e-05,3318278427687.871,HBM-bound,0.0,False,False,False,0.0,0.8830350230796883,0.0,0.8830350230796883,HBM-bound,284.8814523426819,2619,,1.772483136057019e-05,,"{""k"":0,""length"":0,""m"":0,""n"":0,""rotate"":0,""size_bytes"":134217728}",1980,1980,,examples/gh200_hardware_envelope_v1/measurements/lane_a_result.json,,[],,nonvoid,False,False,4.044800065e-05,False,,declared
constants/boosted/gemm_G5_m8,297,279,HBM-bound,void-with-findings,boosted,33685504,[],False,311869440000000.0,1.6520276208411802e-05,1582568779754.4475,HBM-bound,0.0404377145662058,False,False,False,12611287396642.445,0.7761342493302964,7.968871595330739,0.7761342493302964,HBM-bound,152.94915254237287,a100,0.00034056533333333335,33685504,,retained-standalone-microbenchmark,G5:grid,declared-contractions-only,268435456,False,5.775708333333333e-05,0.1829181221676737,False,1,,1.8060582199999998e-06,1.8805172016174315e-05,1582568779754.4475,HBM-bound,0.0404377145662058,False,False,False,12611287396642.445,0.883480268863113,7.968871595330739,0.883480268863113,HBM-bound,174.10333138515472,1593,,8.607302337798792e-07,,"{""k"":4096,""length"":0,""m"":8,""n"":4096,""rotate"":1,""size_bytes"":0}",1410,1410,0.004979856405500315,examples/a100_kernel_constants_v1/measurements/results.json,16,"[""G9R"",""G10"",""G11R""]",True,void,True,False,2.1285333333333334e-05,True,,declared
envelope/a100/hbm_copy_128mib,298,281,HBM-bound,not-below-declared-threshold,lane-a,268435456,[],False,282009600000000.0,0.000131647959824231,1588751468135.906,HBM-bound,0.0,False,False,False,0.0,0.7791664058262251,0.0,0.7791664058262251,HBM-bound,138.3050847457627,a100,,268435456,,retained-hardware-envelope,hbm_copy,source-zero-scalar-work-uninventoried,0,False,,,False,1,,1.8060582199999998e-06,0.000149856001125,1588751468135.906,HBM-bound,0.0,False,False,False,0.0,0.8869317985934009,0.0,0.8869317985934009,HBM-bound,157.4338634865761,1593,,0.00011107796610169492,,"{""k"":0,""length"":0,""m"":0,""n"":0,""rotate"":0,""size_bytes"":134217728}",1275,1275,,examples/a100_hardware_envelope_v1/measurements/lane_a_result.json,,[],,nonvoid,False,False,0.000168960005,False,,declared
constants/boosted/elem_rmsnorm_16mib_rot,299,282,HBM-bound,void-with-findings,boosted,50331648,[],False,311869440000000.0,2.4683992467043316e-05,1601151001017.9844,HBM-bound,0.0,False,False,False,0.0,0.7852474698966104,0.0,0.7852474698966104,HBM-bound,152.94915254237287,a100,0.0002514773333333333,33554432,,retained-standalone-microbenchmark,elem_rmsnorm,source-zero-scalar-work-uninventoried,0,False,1.275875e-05,0.05155851403061225,False,1,,1.8060582199999998e-06,2.80980002109375e-05,1601151001017.9844,HBM-bound,0.0,False,False,False,0.0,0.8938539259502514,0.0,0.8938539259502514,HBM-bound,174.10333138515472,1593,,0.0,,"{""k"":0,""length"":0,""m"":0,""n"":1024,""rotate"":20,""size_bytes"":16777216}",1410,1410,0.003510037472951666,examples/a100_kernel_constants_v1/measurements/results.json,8,"[""G9R"",""G10"",""G11R""]",False,void,True,False,3.1434666666666666e-05,True,,declared
constants/boosted/elem_scale_256mib_rot,300,284,HBM-bound,void-with-findings,boosted,536870912,[],False,311869440000000.0,0.000263295919648462,1603735916390.5173,HBM-bound,0.0,False,False,False,0.0,0.7865151818456318,0.0,0.7865151818456318,HBM-bound,152.94915254237287,a100,0.0003347626666666667,268435456,,retained-standalone-microbenchmark,elem_scale,source-zero-scalar-work-uninventoried,0,False,1.5596666666666669e-06,0.0048019315567484665,False,1,,1.8060582199999998e-06,0.00029971200225,1603735916390.5173,HBM-bound,0.0,False,False,False,0.0,0.8952969733283678,0.0,0.8952969733283678,HBM-bound,174.10333138515472,1593,,0.00011107796610169492,,"{""k"":0,""length"":0,""m"":0,""n"":0,""rotate"":2,""size_bytes"":268435456}",1410,1410,0.009383207911958168,examples/a100_kernel_constants_v1/measurements/results.json,1,"[""G9R"",""G10"",""G11R""]",True,void,True,False,0.0003347626666666667,True,,declared
constants/boosted/elem_scale_256mib_warm,301,286,HBM-bound,void-with-findings,boosted,536870912,[],False,311869440000000.0,0.000263295919648462,1606192494255.808,HBM-bound,0.0,False,False,False,0.0,0.7877199536329881,0.0,0.7877199536329881,HBM-bound,152.94915254237287,a100,0.00033425066666666666,268435456,,retained-standalone-microbenchmark,elem_scale,source-zero-scalar-work-uninventoried,0,False,1.59475e-06,0.0050884046052631585,False,1,,1.8060582199999998e-06,0.00029971200225,1606192494255.808,HBM-bound,0.0,False,False,False,0.0,0.8966683753809516,0.0,0.8966683753809516,HBM-bound,174.10333138515472,1593,,0.00011107796610169492,,"{""k"":0,""length"":0,""m"":0,""n"":0,""rotate"":1,""size_bytes"":268435456}",1410,1410,0.006553738908855451,examples/a100_kernel_constants_v1/measurements/results.json,1,"[""G9R"",""G10"",""G11R""]",True,void,True,False,0.00033425066666666666,True,,declared
envelope/gh200/hbm_copy_512mib,302,315,HBM-bound,not-below-declared-threshold,lane-a,1073741824,[],False,1070530560000000.0,0.00026691510754740994,3371118822460.369,HBM-bound,0.0,False,False,False,0.0,0.8380064210408436,0.0,0.8380064210408436,HBM-bound,266.11683848797253,gh200,,1073741824,,retained-hardware-envelope,hbm_copy,source-zero-scalar-work-uninventoried,0,False,,,False,1,,1.304124965e-06,0.0002857360095,3371118822460.369,HBM-bound,0.0,False,False,False,0.0,0.8970965071396574,0.0,0.8970965071396574,HBM-bound,284.8814523426819,2619,,0.0002512755504645539,,"{""k"":0,""length"":0,""m"":0,""n"":0,""rotate"":0,""size_bytes"":536870912}",1980,1980,,examples/gh200_hardware_envelope_v1/measurements/lane_a_result.json,,[],,nonvoid,False,False,0.00031851200759999996,False,,declared
constants/boosted/gemm_G4_m2048,303,357,compute-bound,void-with-findings,boosted,201326592,[],False,311869440000000.0,0.0008813877593905963,205298990602.15805,compute-bound,0.8987785246570268,False,False,False,280301555168813.12,0.8987785246570268,1365.3333333333333,0.10068414087127181,compute-bound,152.94915254237287,a100,0.0009806506666666665,201326592,,retained-standalone-microbenchmark,G4:grid,declared-contractions-only,274877906944,False,4.095416666666667e-06,0.0045749608559498955,False,1,,1.8060582199999998e-06,0.0008813877593905963,205298990602.15805,compute-bound,0.8987785246570268,False,False,False,280301555168813.12,0.8987785246570268,1365.3333333333333,0.1146096205958663,compute-bound,174.10333138515472,1593,,0.0008813877593905963,,"{""k"":8192,""length"":0,""m"":2048,""n"":8192,""rotate"":1,""size_bytes"":0}",1410,1410,0.0004922427992945358,examples/a100_kernel_constants_v1/measurements/results.json,1,"[""G9R"",""G10"",""G11R""]",True,void,True,False,0.0009806506666666665,True,,declared
envelope/a100/gemm_decode_m2048_n8192_k8192,304,358,compute-bound,not-below-declared-threshold,lane-a,201326592,[],False,311869440000000.0,0.0008813877593905963,205442003879.6789,compute-bound,0.8994046225360253,False,False,False,280496815963721.56,0.8994046225360253,1365.3333333333333,0.10075427842498376,compute-bound,152.94915254237287,a100,,201326592,,retained-hardware-envelope,gemm,declared-contractions-only,274877906944,False,,,False,1,,1.8060582199999998e-06,0.0008813877593905963,205442003879.6789,compute-bound,0.8994046225360253,False,False,False,280496815963721.56,0.8994046225360253,1365.3333333333333,0.11468945877446016,compute-bound,174.10333138515472,1593,,0.0008813877593905963,,"{""k"":8192,""length"":0,""m"":2048,""n"":8192,""rotate"":0,""size_bytes"":0}",1410,1410,,examples/a100_hardware_envelope_v1/measurements/lane_a_result.json,,[],,nonvoid,False,False,0.0009799680114,False,,declared
envelope/a100/gemm_decode_m4096_n8192_k8192,305,359,compute-bound,not-below-declared-threshold,lane-a,268435456,[],False,311869440000000.0,0.0017627755187811925,137536204287.77963,compute-bound,0.9031796971879409,False,False,False,281674146381372.7,0.9031796971879409,2048.0,0.06745144984295533,compute-bound,152.94915254237287,a100,,268435456,,retained-hardware-envelope,gemm,declared-contractions-only,549755813888,False,,,False,1,,1.8060582199999998e-06,0.0017627755187811925,137536204287.77963,compute-bound,0.9031796971879409,False,False,False,281674146381372.7,0.9031796971879409,2048.0,0.07678056353508582,compute-bound,174.10333138515472,1593,,0.0017627755187811925,,"{""k"":8192,""length"":0,""m"":4096,""n"":8192,""rotate"":0,""size_bytes"":0}",1410,1410,,examples/a100_hardware_envelope_v1/measurements/lane_a_result.json,,[],,nonvoid,False,False,0.00195174396,False,,declared
envelope/a100/hbm_write_64mib,306,287,HBM-bound,not-below-declared-threshold,lane-a,67108864,[],False,282009600000000.0,3.291198995605775e-05,1618172873062.034,HBM-bound,0.0,False,False,False,0.0,0.793595453282934,0.0,0.793595453282934,HBM-bound,138.3050847457627,a100,,67108864,,retained-hardware-envelope,hbm_write,source-zero-scalar-work-uninventoried,0,False,,,False,1,,1.8060582199999998e-06,3.746400028125e-05,1618172873062.034,HBM-bound,0.0,False,False,False,0.0,0.9033565069959634,0.0,0.9033565069959634,HBM-bound,157.4338634865761,1593,,1.2341996233521658e-05,,"{""k"":0,""length"":0,""m"":0,""n"":0,""rotate"":0,""size_bytes"":67108864}",1275,1275,,examples/a100_hardware_envelope_v1/measurements/lane_a_result.json,,[],,nonvoid,False,False,4.147199914e-05,False,,declared
constants/boosted/gemm_G4_m4096,307,360,compute-bound,void-with-findings,boosted,268435456,[],False,311869440000000.0,0.0017627755187811925,137632481624.0812,compute-bound,0.9038119360656764,False,False,False,281871322366118.3,0.9038119360656764,2048.0,0.06749866683541333,compute-bound,152.94915254237287,a100,0.0019503786666666665,268435456,,retained-standalone-microbenchmark,G4:grid,declared-contractions-only,549755813888,False,4.409083333333334e-06,0.0023251000131164746,False,1,,1.8060582199999998e-06,0.0017627755187811925,137632481624.0812,compute-bound,0.9038119360656764,False,False,False,281871322366118.3,0.9038119360656764,2048.0,0.07683431104233435,compute-bound,174.10333138515472,1593,,0.0017627755187811925,,"{""k"":8192,""length"":0,""m"":4096,""n"":8192,""rotate"":1,""size_bytes"":0}",1410,1410,0.00032741139191229054,examples/a100_kernel_constants_v1/measurements/results.json,1,"[""G9R"",""G10"",""G11R""]",True,void,True,False,0.0019503786666666665,True,,declared
constants/boosted/elem_add_64mib_warm,308,288,HBM-bound,void-with-findings,boosted,201326592,[],False,311869440000000.0,9.873596986817326e-05,1619839340885.685,HBM-bound,0.0,False,False,False,0.0,0.7944127338775527,0.0,0.7944127338775527,HBM-bound,152.94915254237287,a100,0.00024857599999999997,201326592,,retained-standalone-microbenchmark,elem_add,source-zero-scalar-work-uninventoried,0,False,3.2285e-06,0.014072105532786885,False,1,,1.8060582199999998e-06,0.00011239200084375,1619839340885.685,HBM-bound,0.0,False,False,False,0.0,0.9042868245023655,0.0,0.9042868245023655,HBM-bound,174.10333138515472,1593,,7.816597614563716e-05,,"{""k"":0,""length"":0,""m"":0,""n"":0,""rotate"":1,""size_bytes"":67108864}",1410,1410,0.008918902201693462,examples/a100_kernel_constants_v1/measurements/results.json,2,"[""G9R"",""G10"",""G11R""]",True,void,True,False,0.00012428799999999999,True,,declared
envelope/gh200/hbm_copy_1024mib,309,321,HBM-bound,not-below-declared-threshold,lane-a,2147483648,[],False,1070530560000000.0,0.0005338302150948199,3409656835857.4194,HBM-bound,0.0,False,False,False,0.0,0.8475863570744587,0.0,0.8475863570744587,HBM-bound,266.11683848797253,gh200,,2147483648,,retained-hardware-envelope,hbm_copy,source-zero-scalar-work-uninventoried,0,False,,,False,1,,1.304124965e-06,0.000571472019,3409656835857.4194,HBM-bound,0.0,False,False,False,0.0,0.9073519502229015,0.0,0.9073519502229015,HBM-bound,284.8814523426819,2619,,0.0005181906580119639,,"{""k"":0,""length"":0,""m"":0,""n"":0,""rotate"":0,""size_bytes"":1073741824}",1980,1980,,examples/gh200_hardware_envelope_v1/measurements/lane_a_result.json,,[],,nonvoid,False,False,0.0006298239827,False,,declared
envelope/a100/hbm_copy_256mib,310,289,HBM-bound,not-below-declared-threshold,lane-a,536870912,[],False,282009600000000.0,0.000263295919648462,1625699243020.492,HBM-bound,0.0,False,False,False,0.0,0.7972865873256493,0.0,0.7972865873256493,HBM-bound,138.3050847457627,a100,,536870912,,retained-hardware-envelope,hbm_copy,source-zero-scalar-work-uninventoried,0,False,,,False,1,,1.8060582199999998e-06,0.00029971200225,1625699243020.492,HBM-bound,0.0,False,False,False,0.0,0.9075581565163674,0.0,0.9075581565163674,HBM-bound,157.4338634865761,1593,,0.00024272592592592592,,"{""k"":0,""length"":0,""m"":0,""n"":0,""rotate"":0,""size_bytes"":268435456}",1275,1275,,examples/a100_hardware_envelope_v1/measurements/lane_a_result.json,,[],,nonvoid,False,False,0.0003302399963,False,,declared
envelope/a100/hbm_read_128mib,311,290,HBM-bound,not-below-declared-threshold,lane-a,134217728,[],False,282009600000000.0,6.58239799121155e-05,1628223640013.8892,HBM-bound,0.0,False,False,False,0.0,0.7985246194355624,0.0,0.7985246194355624,HBM-bound,138.3050847457627,a100,,134217728,,retained-hardware-envelope,hbm_read,source-zero-scalar-work-uninventoried,0,False,,,False,1,,1.8060582199999998e-06,7.49280005625e-05,1628223640013.8892,HBM-bound,0.0,False,False,False,0.0,0.908967419079218,0.0,0.908967419079218,HBM-bound,157.4338634865761,1593,,4.525398618957941e-05,,"{""k"":0,""length"":0,""m"":0,""n"":0,""rotate"":0,""size_bytes"":134217728}",1275,1275,,examples/a100_hardware_envelope_v1/measurements/lane_a_result.json,,[],,nonvoid,False,False,8.24319981e-05,False,,declared
envelope/gh200/hbm_copy_2048mib,312,324,HBM-bound,not-below-declared-threshold,lane-a,4294967296,[],False,1070530560000000.0,0.0010676604301896398,3416600329889.712,HBM-bound,0.0,False,False,False,0.0,0.8493123990474537,0.0,0.8493123990474537,HBM-bound,266.11683848797253,gh200,,4294967296,,retained-hardware-envelope,hbm_copy,source-zero-scalar-work-uninventoried,0,False,,,False,1,,1.304124965e-06,0.001142944038,3416600329889.712,HBM-bound,0.0,False,False,False,0.0,0.9091997000566403,0.0,0.9091997000566403,HBM-bound,284.8814523426819,2619,,0.0010520208731067838,,"{""k"":0,""length"":0,""m"":0,""n"":0,""rotate"":0,""size_bytes"":2147483648}",1980,1980,,examples/gh200_hardware_envelope_v1/measurements/lane_a_result.json,,[],,nonvoid,False,False,0.001257088006,False,,declared
constants/boosted/elem_add_64mib_rot,313,291,HBM-bound,void-with-findings,boosted,201326592,[],False,311869440000000.0,9.873596986817326e-05,1631037677151.7454,HBM-bound,0.0,False,False,False,0.0,0.799904698854238,0.0,0.799904698854238,HBM-bound,152.94915254237287,a100,0.00024686933333333336,201326592,,retained-standalone-microbenchmark,elem_add,source-zero-scalar-work-uninventoried,0,False,3.2069166666666664e-06,0.013426712866108786,False,1,,1.8060582199999998e-06,0.00011239200084375,1631037677151.7454,HBM-bound,0.0,False,False,False,0.0,0.9105383753112307,0.0,0.9105383753112307,HBM-bound,174.10333138515472,1593,,7.816597614563716e-05,,"{""k"":0,""length"":0,""m"":0,""n"":0,""rotate"":5,""size_bytes"":67108864}",1410,1410,0.008873486106459324,examples/a100_kernel_constants_v1/measurements/results.json,2,"[""G9R"",""G10"",""G11R""]",True,void,True,False,0.00012343466666666668,True,,declared
constants/boosted/hbm_copy_256mib,314,292,HBM-bound,void-with-findings,boosted,536870912,[],False,311869440000000.0,0.000263295919648462,1633720072708.3875,HBM-bound,0.0,False,False,False,0.0,0.8012202177046,0.0,0.8012202177046,HBM-bound,152.94915254237287,a100,0.00032861866666666667,536870912,,retained-standalone-microbenchmark,hbm_copy,source-zero-scalar-work-uninventoried,0,False,1.74175e-06,0.006138392857142857,False,1,,1.8060582199999998e-06,0.00029971200225,1633720072708.3875,HBM-bound,0.0,False,False,False,0.0,0.9120358416949331,0.0,0.9120358416949331,HBM-bound,174.10333138515472,1593,,0.00024272592592592592,,"{""k"":0,""length"":0,""m"":0,""n"":0,""rotate"":1,""size_bytes"":268435456}",1410,1410,0.007785855284635183,examples/a100_kernel_constants_v1/measurements/results.json,1,"[""G9R"",""G10"",""G11R""]",True,void,True,False,0.00032861866666666667,True,,declared
envelope/a100/hbm_copy_16mib,315,293,HBM-bound,not-below-declared-threshold,lane-a,33554432,[],False,282009600000000.0,1.6455994978028876e-05,1638400041600.0012,HBM-bound,0.0,False,False,False,0.0,0.8035154001883245,0.0,0.8035154001883245,HBM-bound,138.3050847457627,a100,,33554432,,retained-hardware-envelope,hbm_copy,source-zero-scalar-work-uninventoried,0,False,,,False,1,,1.8060582199999998e-06,1.8732000140625e-05,1638400041600.0012,HBM-bound,0.0,False,False,False,0.0,0.9146484675899513,0.0,0.9146484675899513,HBM-bound,157.4338634865761,1593,,0.0,,"{""k"":0,""length"":0,""m"":0,""n"":0,""rotate"":0,""size_bytes"":16777216}",1275,1275,,examples/a100_hardware_envelope_v1/measurements/lane_a_result.json,,[],,nonvoid,False,False,2.047999948e-05,False,,declared
envelope/a100/hbm_copy_8mib,316,294,HBM-bound,not-below-declared-threshold,lane-a,16777216,[],False,282009600000000.0,8.227997489014438e-06,1638400041600.0012,HBM-bound,0.0,False,False,False,0.0,0.8035154001883245,0.0,0.8035154001883245,HBM-bound,138.3050847457627,a100,,16777216,,retained-hardware-envelope,hbm_copy,source-zero-scalar-work-uninventoried,0,False,,,False,1,,1.8060582199999998e-06,9.3660000703125e-06,1638400041600.0012,HBM-bound,0.0,False,False,False,0.0,0.9146484675899513,0.0,0.9146484675899513,HBM-bound,157.4338634865761,1593,,0.0,,"{""k"":0,""length"":0,""m"":0,""n"":0,""rotate"":0,""size_bytes"":8388608}",1275,1275,,examples/a100_hardware_envelope_v1/measurements/lane_a_result.json,,[],,nonvoid,False,False,1.023999974e-05,False,,declared
envelope/a100/hbm_read_16mib,317,295,HBM-bound,not-below-declared-threshold,lane-a,16777216,[],False,282009600000000.0,8.227997489014438e-06,1638400041600.0012,HBM-bound,0.0,False,False,False,0.0,0.8035154001883245,0.0,0.8035154001883245,HBM-bound,138.3050847457627,a100,,16777216,,retained-hardware-envelope,hbm_read,source-zero-scalar-work-uninventoried,0,False,,,False,1,,1.8060582199999998e-06,9.3660000703125e-06,1638400041600.0012,HBM-bound,0.0,False,False,False,0.0,0.9146484675899513,0.0,0.9146484675899513,HBM-bound,157.4338634865761,1593,,0.0,,"{""k"":0,""length"":0,""m"":0,""n"":0,""rotate"":0,""size_bytes"":16777216}",1275,1275,,examples/a100_hardware_envelope_v1/measurements/lane_a_result.json,,[],,nonvoid,False,False,1.023999974e-05,False,,declared
envelope/gh200/hbm_copy_4096mib,318,331,HBM-bound,not-below-declared-threshold,lane-a,8589934592,[],False,1070530560000000.0,0.0021353208603792796,3451147747966.5815,HBM-bound,0.0,False,False,False,0.0,0.8579003366739505,0.0,0.8579003366739505,HBM-bound,266.11683848797253,gh200,,8589934592,,retained-hardware-envelope,hbm_copy,source-zero-scalar-work-uninventoried,0,False,,,False,1,,1.304124965e-06,0.002285888076,3451147747966.5815,HBM-bound,0.0,False,False,False,0.0,0.9183931962576534,0.0,0.9183931962576534,HBM-bound,284.8814523426819,2619,,0.0021196813032964236,,"{""k"":0,""length"":0,""m"":0,""n"":0,""rotate"":0,""size_bytes"":4294967296}",1980,1980,,examples/gh200_hardware_envelope_v1/measurements/lane_a_result.json,,[],,nonvoid,False,False,0.002489008069,False,,declared
envelope/gh200/hbm_read_256mib,319,341,HBM-bound,not-below-declared-threshold,lane-a,268435456,[],False,1070530560000000.0,6.672877688685249e-05,3477863884847.7393,HBM-bound,0.0,False,False,False,0.0,0.8645415425853685,0.0,0.8645415425853685,HBM-bound,266.11683848797253,gh200,,268435456,,retained-hardware-envelope,hbm_read,source-zero-scalar-work-uninventoried,0,False,,,False,1,,1.304124965e-06,7.1434002375e-05,3477863884847.7393,HBM-bound,0.0,False,False,False,0.0,0.9255026914557074,0.0,0.9255026914557074,HBM-bound,284.8814523426819,2619,,5.1089219803996434e-05,,"{""k"":0,""length"":0,""m"":0,""n"":0,""rotate"":0,""size_bytes"":268435456}",1980,1980,,examples/gh200_hardware_envelope_v1/measurements/lane_a_result.json,,[],,nonvoid,False,False,7.718400285e-05,False,,declared
envelope/gh200/hbm_write_256mib,320,345,HBM-bound,not-below-declared-threshold,lane-a,268435456,[],False,1070530560000000.0,6.672877688685249e-05,3487986642719.5327,HBM-bound,0.0,False,False,False,0.0,0.8670578988878181,0.0,0.8670578988878181,HBM-bound,266.11683848797253,gh200,,268435456,,retained-hardware-envelope,hbm_write,source-zero-scalar-work-uninventoried,0,False,,,False,1,,1.304124965e-06,7.1434002375e-05,3487986642719.5327,HBM-bound,0.0,False,False,False,0.0,0.9281964828073807,0.0,0.9281964828073807,HBM-bound,284.8814523426819,2619,,5.1089219803996434e-05,,"{""k"":0,""length"":0,""m"":0,""n"":0,""rotate"":0,""size_bytes"":268435456}",1980,1980,,examples/gh200_hardware_envelope_v1/measurements/lane_a_result.json,,[],,nonvoid,False,False,7.696000114e-05,False,,declared
envelope/a100/hbm_copy_512mib,321,297,HBM-bound,not-below-declared-threshold,lane-a,1073741824,[],False,282009600000000.0,0.000526591839296924,1664406285480.476,HBM-bound,0.0,False,False,False,0.0,0.8162695609112505,0.0,0.8162695609112505,HBM-bound,138.3050847457627,a100,,1073741824,,retained-hardware-envelope,hbm_copy,source-zero-scalar-work-uninventoried,0,False,,,False,1,,1.8060582199999998e-06,0.0005994240045,1664406285480.476,HBM-bound,0.0,False,False,False,0.0,0.9291666380666915,0.0,0.9291666380666915,HBM-bound,157.4338634865761,1593,,0.0005060218455743879,,"{""k"":0,""length"":0,""m"":0,""n"":0,""rotate"":0,""size_bytes"":536870912}",1275,1275,,examples/a100_hardware_envelope_v1/measurements/lane_a_result.json,,[],,nonvoid,False,False,0.0006451200247,False,,declared
constants/boosted/hbm_copy_512mib,322,298,HBM-bound,void-with-findings,boosted,1073741824,[],False,311869440000000.0,0.000526591839296924,1665287453679.1953,HBM-bound,0.0,False,False,False,0.0,0.816701709470729,0.0,0.816701709470729,HBM-bound,152.94915254237287,a100,0.0006447786666666667,1073741824,,retained-standalone-microbenchmark,hbm_copy,source-zero-scalar-work-uninventoried,0,False,1.5671666666666666e-06,0.0026368745015948967,False,1,,1.8060582199999998e-06,0.0005994240045,1665287453679.1953,HBM-bound,0.0,False,False,False,0.0,0.9296585564762274,0.0,0.9296585564762274,HBM-bound,174.10333138515472,1593,,0.0005060218455743879,,"{""k"":0,""length"":0,""m"":0,""n"":0,""rotate"":1,""size_bytes"":536870912}",1410,1410,0.005774860833581655,examples/a100_kernel_constants_v1/measurements/results.json,1,"[""G9R"",""G10"",""G11R""]",True,void,True,False,0.0006447786666666667,True,,declared
envelope/a100/hbm_write_128mib,323,299,HBM-bound,not-below-declared-threshold,lane-a,134217728,[],False,282009600000000.0,6.58239799121155e-05,1669707060167.9597,HBM-bound,0.0,False,False,False,0.0,0.8188692032367976,0.0,0.8188692032367976,HBM-bound,138.3050847457627,a100,,134217728,,retained-hardware-envelope,hbm_write,source-zero-scalar-work-uninventoried,0,False,,,False,1,,1.8060582199999998e-06,7.49280005625e-05,1669707060167.9597,HBM-bound,0.0,False,False,False,0.0,0.9321258332094186,0.0,0.9321258332094186,HBM-bound,157.4338634865761,1593,,4.525398618957941e-05,,"{""k"":0,""length"":0,""m"":0,""n"":0,""rotate"":0,""size_bytes"":134217728}",1275,1275,,examples/a100_hardware_envelope_v1/measurements/lane_a_result.json,,[],,nonvoid,False,False,8.038399741e-05,False,,declared
envelope/a100/hbm_copy_4096mib,324,301,HBM-bound,not-below-declared-threshold,lane-a,8589934592,[],False,311869440000000.0,0.004212734714375392,1672370012693.0344,HBM-bound,0.0,False,False,False,0.0,0.8201751867020923,0.0,0.8201751867020923,HBM-bound,152.94915254237287,a100,,8589934592,,retained-hardware-envelope,hbm_copy,source-zero-scalar-work-uninventoried,0,False,,,False,1,,1.8060582199999998e-06,0.004795392036,1672370012693.0344,HBM-bound,0.0,False,False,False,0.0,0.9336124453825638,0.0,0.9336124453825638,HBM-bound,174.10333138515472,1593,,0.004192164720652856,,"{""k"":0,""length"":0,""m"":0,""n"":0,""rotate"":0,""size_bytes"":4294967296}",1410,1275,,examples/a100_hardware_envelope_v1/measurements/lane_a_result.json,,[],,nonvoid,False,False,0.005136384010000001,False,,declared
constants/boosted/hbm_copy_1024mib,325,302,HBM-bound,void-with-findings,boosted,2147483648,[],False,311869440000000.0,0.001053183678593848,1673816029265.048,HBM-bound,0.0,False,False,False,0.0,0.8208843520799239,0.0,0.8208843520799239,HBM-bound,152.94915254237287,a100,0.0012829866666666668,2147483648,,retained-standalone-microbenchmark,hbm_copy,source-zero-scalar-work-uninventoried,0,False,1.6005833333333335e-06,0.0014519221130713713,False,1,,1.8060582199999998e-06,0.001198848009,1673816029265.048,HBM-bound,0.0,False,False,False,0.0,0.9344196944109576,0.0,0.9344196944109576,HBM-bound,174.10333138515472,1593,,0.001032613684871312,,"{""k"":0,""length"":0,""m"":0,""n"":0,""rotate"":1,""size_bytes"":1073741824}",1410,1410,0.0034859880761898745,examples/a100_kernel_constants_v1/measurements/results.json,1,"[""G9R"",""G10"",""G11R""]",True,void,True,False,0.0012829866666666668,True,,declared
constants/boosted/hbm_copy_2048mib,326,303,HBM-bound,void-with-findings,boosted,4294967296,[],False,311869440000000.0,0.002106367357187696,1678336990229.751,HBM-bound,0.0,False,False,False,0.0,0.8231015528041387,0.0,0.8231015528041387,HBM-bound,152.94915254237287,a100,0.0025590613333333332,4294967296,,retained-standalone-microbenchmark,hbm_copy,source-zero-scalar-work-uninventoried,0,False,1.5955833333333335e-06,0.0007063334828548646,False,1,,1.8060582199999998e-06,0.002397696018,1678336990229.751,HBM-bound,0.0,False,False,False,0.0,0.9369435530006835,0.0,0.9369435530006835,HBM-bound,174.10333138515472,1593,,0.0020857973634651602,,"{""k"":0,""length"":0,""m"":0,""n"":0,""rotate"":1,""size_bytes"":2147483648}",1410,1410,0.003962793987093414,examples/a100_kernel_constants_v1/measurements/results.json,1,"[""G9R"",""G10"",""G11R""]",True,void,True,False,0.0025590613333333332,True,,declared
envelope/a100/hbm_copy_1024mib,327,306,HBM-bound,not-below-declared-threshold,lane-a,2147483648,[],False,282009600000000.0,0.001053183678593848,1680410236686.3906,HBM-bound,0.0,False,False,False,0.0,0.8241183285695183,0.0,0.8241183285695183,HBM-bound,138.3050847457627,a100,,2147483648,,retained-hardware-envelope,hbm_copy,source-zero-scalar-work-uninventoried,0,False,,,False,1,,1.8060582199999998e-06,0.001198848009,1680410236686.3906,HBM-bound,0.0,False,False,False,0.0,0.9381009575699912,0.0,0.9381009575699912,HBM-bound,157.4338634865761,1593,,0.001032613684871312,,"{""k"":0,""length"":0,""m"":0,""n"":0,""rotate"":0,""size_bytes"":1073741824}",1275,1275,,examples/a100_hardware_envelope_v1/measurements/lane_a_result.json,,[],,nonvoid,False,False,0.001277952015,False,,declared
constants/base/hbm_copy_1024mib,328,307,HBM-bound,void-with-findings,base,2147483648,[],False,282009600000000.0,0.001053183678593848,1681533074969.932,HBM-bound,0.0,False,False,False,0.0,0.8246689986316755,0.0,0.8246689986316755,HBM-bound,138.3050847457627,a100,0.0012770986666666667,2147483648,,retained-standalone-microbenchmark,hbm_copy,source-zero-scalar-work-uninventoried,0,False,1.6375e-06,0.0014007812500000001,False,1,,1.8060582199999998e-06,0.001198848009,1681533074969.932,HBM-bound,0.0,False,False,False,0.0,0.9387277900219664,0.0,0.9387277900219664,HBM-bound,157.4338634865761,1593,,0.001032613684871312,,"{""k"":0,""length"":0,""m"":0,""n"":0,""rotate"":1,""size_bytes"":1073741824}",1275,1275,0.005808182229613999,examples/a100_kernel_constants_v1/measurements/results.json,1,"[""G9R"",""G10"",""G11R""]",True,void,True,False,0.0012770986666666667,True,,declared
envelope/a100/hbm_copy_2048mib,329,309,HBM-bound,not-below-declared-threshold,lane-a,4294967296,[],False,282009600000000.0,0.002106367357187696,1685813446593.8132,HBM-bound,0.0,False,False,False,0.0,0.8267682078791064,0.0,0.8267682078791064,HBM-bound,138.3050847457627,a100,,4294967296,,retained-hardware-envelope,hbm_copy,source-zero-scalar-work-uninventoried,0,False,,,False,1,,1.8060582199999998e-06,0.002397696018,1685813446593.8132,HBM-bound,0.0,False,False,False,0.0,0.9411173379022725,0.0,0.9411173379022725,HBM-bound,157.4338634865761,1593,,0.0020857973634651602,,"{""k"":0,""length"":0,""m"":0,""n"":0,""rotate"":0,""size_bytes"":2147483648}",1275,1275,,examples/a100_hardware_envelope_v1/measurements/lane_a_result.json,,[],,nonvoid,False,False,0.002547712088,False,,declared
envelope/a100/hbm_read_256mib,330,310,HBM-bound,not-below-declared-threshold,lane-a,268435456,[],False,282009600000000.0,0.000131647959824231,1685813525997.4568,HBM-bound,0.0,False,False,False,0.0,0.8267682468207865,0.0,0.8267682468207865,HBM-bound,138.3050847457627,a100,,268435456,,retained-hardware-envelope,hbm_read,source-zero-scalar-work-uninventoried,0,False,,,False,1,,1.8060582199999998e-06,0.000149856001125,1685813525997.4568,HBM-bound,0.0,False,False,False,0.0,0.9411173822299207,0.0,0.9411173822299207,HBM-bound,157.4338634865761,1593,,0.00011107796610169492,,"{""k"":0,""length"":0,""m"":0,""n"":0,""rotate"":0,""size_bytes"":268435456}",1275,1275,,examples/a100_hardware_envelope_v1/measurements/lane_a_result.json,,[],,nonvoid,False,False,0.00015923199800000002,False,,declared
constants/boosted/elem_rmsnorm_16mib_warm,331,311,HBM-bound,void-with-findings,boosted,50331648,[],False,311869440000000.0,2.4683992467043316e-05,1691858013624.955,HBM-bound,0.0,False,False,False,0.0,0.8297326259538582,0.0,0.8297326259538582,HBM-bound,152.94915254237287,a100,0.0002379946666666667,33554432,,retained-standalone-microbenchmark,elem_rmsnorm,source-zero-scalar-work-uninventoried,0,False,1.27745e-05,0.05416778433476395,False,1,,1.8060582199999998e-06,2.80980002109375e-05,1691858013624.955,HBM-bound,0.0,False,False,False,0.0,0.9444917604070958,0.0,0.9444917604070958,HBM-bound,174.10333138515472,1593,,0.0,,"{""k"":0,""length"":0,""m"":0,""n"":1024,""rotate"":1,""size_bytes"":16777216}",1410,1410,0.00370888506016083,examples/a100_kernel_constants_v1/measurements/results.json,8,"[""G9R"",""G10"",""G11R""]",False,void,True,False,2.9749333333333337e-05,True,,declared
constants/boosted/hbm_read_256mib,332,312,HBM-bound,void-with-findings,boosted,268435456,[],False,311869440000000.0,0.000131647959824231,1693527860026.918,HBM-bound,0.0,False,False,False,0.0,0.830551563494055,0.0,0.830551563494055,HBM-bound,152.94915254237287,a100,0.0003170133333333333,268435456,,retained-standalone-microbenchmark,hbm_read,source-zero-scalar-work-uninventoried,0,False,3.5275e-06,0.012922562893081762,False,1,,1.8060582199999998e-06,0.000149856001125,1693527860026.918,HBM-bound,0.0,False,False,False,0.0,0.9454239640288526,0.0,0.9454239640288526,HBM-bound,174.10333138515472,1593,,0.00011107796610169492,,"{""k"":0,""length"":0,""m"":0,""n"":0,""rotate"":1,""size_bytes"":268435456}",1410,1410,0.01175483475687645,examples/a100_kernel_constants_v1/measurements/results.json,2,"[""G9R"",""G10"",""G11R""]",True,void,True,False,0.00015850666666666666,True,,declared
envelope/a100/gemm_decode_m8192_n8192_k8192,333,371,compute-bound,not-below-declared-threshold,lane-a,402653184,[],False,311869440000000.0,0.003525551037562385,108593203367.90804,compute-bound,0.950820448016006,False,False,False,296531840663300.9,0.950820448016006,2730.6666666666665,0.05325702456445584,compute-bound,152.94915254237287,a100,,402653184,,retained-hardware-envelope,gemm,declared-contractions-only,1099511627776,False,,,False,1,,1.8060582199999998e-06,0.003525551037562385,108593203367.90804,compute-bound,0.950820448016006,False,False,False,296531840663300.9,0.950820448016006,2730.6666666666665,0.060622927569108385,compute-bound,174.10333138515472,1593,,0.003525551037562385,,"{""k"":8192,""length"":0,""m"":8192,""n"":8192,""rotate"":0,""size_bytes"":0}",1410,1410,,examples/a100_hardware_envelope_v1/measurements/lane_a_result.json,,[],,nonvoid,False,False,0.0037079040999999997,False,,declared
constants/boosted/gemm_G4_m8192,334,372,compute-bound,void-with-findings,boosted,402653184,[],False,311869440000000.0,0.003525551037562385,108608203286.83882,compute-bound,0.9509517843169497,False,False,False,296572800441927.9,0.9509517843169497,2730.6666666666665,0.053264380927710506,compute-bound,152.94915254237287,a100,0.0037073920000000003,402653184,,retained-standalone-microbenchmark,G4:grid,declared-contractions-only,1099511627776,False,4.91025e-06,0.001392390853827024,False,1,,1.8060582199999998e-06,0.003525551037562385,108608203286.83882,compute-bound,0.9509517843169497,False,False,False,296572800441927.9,0.9509517843169497,2730.6666666666665,0.06063130138045828,compute-bound,174.10333138515472,1593,,0.003525551037562385,,"{""k"":8192,""length"":0,""m"":8192,""n"":8192,""rotate"":1,""size_bytes"":0}",1410,1410,0.0005105435025737232,examples/a100_kernel_constants_v1/measurements/results.json,1,"[""G9R"",""G10"",""G11R""]",True,void,True,False,0.0037073920000000003,True,,declared
envelope/a100/gemm_square_m8192_n8192_k8192,335,373,compute-bound,not-below-declared-threshold,lane-a,402653184,[],False,311869440000000.0,0.003525551037562385,108683248155.7571,compute-bound,0.9516088622341047,False,False,False,296777722963987.4,0.9516088622341047,2730.6666666666665,0.05330118494769946,compute-bound,152.94915254237287,a100,,402653184,,retained-hardware-envelope,gemm,declared-contractions-only,1099511627776,False,,,False,1,,1.8060582199999998e-06,0.003525551037562385,108683248155.7571,compute-bound,0.9516088622341047,False,False,False,296777722963987.4,0.9516088622341047,2730.6666666666665,0.06067319571188759,compute-bound,174.10333138515472,1593,,0.003525551037562385,,"{""k"":8192,""length"":0,""m"":8192,""n"":8192,""rotate"":0,""size_bytes"":0}",1410,1410,,examples/a100_hardware_envelope_v1/measurements/lane_a_result.json,,[],,nonvoid,False,False,0.003704832077,False,,declared
envelope/a100/hbm_write_256mib,336,317,HBM-bound,not-below-declared-threshold,lane-a,268435456,[],False,282009600000000.0,0.000131647959824231,1718977082203.7092,HBM-bound,0.0,False,False,False,0.0,0.8430325458076885,0.0,0.8430325458076885,HBM-bound,138.3050847457627,a100,,268435456,,retained-hardware-envelope,hbm_write,source-zero-scalar-work-uninventoried,0,False,,,False,1,,1.8060582199999998e-06,0.000149856001125,1718977082203.7092,HBM-bound,0.0,False,False,False,0.0,0.9596311731806705,0.0,0.9596311731806705,HBM-bound,157.4338634865761,1593,,0.00011107796610169492,,"{""k"":0,""length"":0,""m"":0,""n"":0,""rotate"":0,""size_bytes"":268435456}",1275,1275,,examples/a100_hardware_envelope_v1/measurements/lane_a_result.json,,[],,nonvoid,False,False,0.000156159997,False,,declared
constants/boosted/elem_add_256mib_warm,337,319,HBM-bound,void-with-findings,boosted,805306368,[],False,311869440000000.0,0.00039494387947269305,1723686575342.4656,HBM-bound,0.0,False,False,False,0.0,0.845342207775456,0.0,0.845342207775456,HBM-bound,152.94915254237287,a100,0.0004672,805306368,,retained-standalone-microbenchmark,elem_add,source-zero-scalar-work-uninventoried,0,False,1.5571666666666667e-06,0.003455694674392936,False,1,,1.8060582199999998e-06,0.000449568003375,1723686575342.4656,HBM-bound,0.0,False,False,False,0.0,0.9622602811964897,0.0,0.9622602811964897,HBM-bound,174.10333138515472,1593,,0.0003743738857501569,,"{""k"":0,""length"":0,""m"":0,""n"":0,""rotate"":1,""size_bytes"":268435456}",1410,1410,0.006207359075056273,examples/a100_kernel_constants_v1/measurements/results.json,1,"[""G9R"",""G10"",""G11R""]",True,void,True,False,0.0004672,True,,declared
constants/boosted/hbm_triad_256mib,338,320,HBM-bound,void-with-findings,boosted,805306368,[],False,311869440000000.0,0.00039494387947269305,1726840622140.8967,HBM-bound,0.0,False,False,False,0.0,0.8468890370669024,0.0,0.8468890370669024,HBM-bound,152.94915254237287,a100,0.00046634666666666666,805306368,,retained-standalone-microbenchmark,hbm_triad,source-zero-scalar-work-uninventoried,0,False,1.7377500000000002e-06,0.004365556318681318,False,1,,1.8060582199999998e-06,0.000449568003375,1726840622140.8967,HBM-bound,0.0,False,False,False,0.0,0.9640210502380203,0.0,0.9640210502380203,HBM-bound,174.10333138515472,1593,,0.0003743738857501569,,"{""k"":0,""length"":0,""m"":0,""n"":0,""rotate"":1,""size_bytes"":268435456}",1410,1410,0.004054623935253558,examples/a100_kernel_constants_v1/measurements/results.json,1,"[""G9R"",""G10"",""G11R""]",True,void,True,False,0.00046634666666666666,True,,declared
constants/boosted/elem_add_256mib_rot,339,322,HBM-bound,void-with-findings,boosted,805306368,[],False,311869440000000.0,0.00039494387947269305,1730640748211.9934,HBM-bound,0.0,False,False,False,0.0,0.8487527209922284,0.0,0.8487527209922284,HBM-bound,152.94915254237287,a100,0.0004653226666666667,805306368,,retained-standalone-microbenchmark,elem_add,source-zero-scalar-work-uninventoried,0,False,1.5671666666666666e-06,0.0034849453816371686,False,1,,1.8060582199999998e-06,0.000449568003375,1730640748211.9934,HBM-bound,0.0,False,False,False,0.0,0.9661424976253037,0.0,0.9661424976253037,HBM-bound,174.10333138515472,1593,,0.0003743738857501569,,"{""k"":0,""length"":0,""m"":0,""n"":0,""rotate"":2,""size_bytes"":268435456}",1410,1410,0.0035322501896677696,examples/a100_kernel_constants_v1/measurements/results.json,1,"[""G9R"",""G10"",""G11R""]",True,void,True,False,0.0004653226666666667,True,,declared
constants/boosted/hbm_read_512mib,340,325,HBM-bound,void-with-findings,boosted,536870912,[],False,311869440000000.0,0.000263295919648462,1732706141558.7993,HBM-bound,0.0,False,False,False,0.0,0.8497656453815517,0.0,0.8497656453815517,HBM-bound,152.94915254237287,a100,0.0003098453333333333,536870912,,retained-standalone-microbenchmark,hbm_read,source-zero-scalar-work-uninventoried,0,False,1.6748333333333332e-06,0.00661892361111111,False,1,,1.8060582199999998e-06,0.00029971200225,1732706141558.7993,HBM-bound,0.0,False,False,False,0.0,0.9672955181402334,0.0,0.9672955181402334,HBM-bound,174.10333138515472,1593,,0.00024272592592592592,,"{""k"":0,""length"":0,""m"":0,""n"":0,""rotate"":1,""size_bytes"":536870912}",1410,1410,0.013182151411483682,examples/a100_kernel_constants_v1/measurements/results.json,1,"[""G9R"",""G10"",""G11R""]",True,void,True,False,0.0003098453333333333,True,,declared
constants/boosted/hbm_write_256mib,341,326,HBM-bound,void-with-findings,boosted,268435456,[],False,311869440000000.0,0.000131647959824231,1733183471074.3801,HBM-bound,0.0,False,False,False,0.0,0.8499997406006651,0.0,0.8499997406006651,HBM-bound,152.94915254237287,a100,0.00030976,268435456,,retained-standalone-microbenchmark,hbm_write,source-zero-scalar-work-uninventoried,0,False,3.5860000000000005e-06,0.012014581636807818,False,1,,1.8060582199999998e-06,0.000149856001125,1733183471074.3801,HBM-bound,0.0,False,False,False,0.0,0.9675619907347623,0.0,0.9675619907347623,HBM-bound,174.10333138515472,1593,,0.00011107796610169492,,"{""k"":0,""length"":0,""m"":0,""n"":0,""rotate"":1,""size_bytes"":268435456}",1410,1410,0.014250707610333384,examples/a100_kernel_constants_v1/measurements/results.json,2,"[""G9R"",""G10"",""G11R""]",True,void,True,False,0.00015488,True,,declared
envelope/a100/gemm_square_m16384_n16384_k16384,342,374,compute-bound,not-below-declared-threshold,lane-a,1610612736,[],False,311869440000000.0,0.02820440830049908,55337719205.38661,compute-bound,0.969052083099319,False,False,False,302217730487018.06,0.969052083099319,5461.333333333333,0.027139104287010857,compute-bound,152.94915254237287,a100,,1610612736,,retained-hardware-envelope,gemm,declared-contractions-only,8796093022208,False,,,False,1,,1.8060582199999998e-06,0.02820440830049908,55337719205.38661,compute-bound,0.969052083099319,False,False,False,302217730487018.06,0.969052083099319,5461.333333333333,0.03089267504027989,compute-bound,174.10333138515472,1593,,0.02820440830049908,,"{""k"":16384,""length"":0,""m"":16384,""n"":16384,""rotate"":0,""size_bytes"":0}",1410,1410,,examples/a100_hardware_envelope_v1/measurements/lane_a_result.json,,[],,nonvoid,False,False,0.02910515213,False,,declared
envelope/gh200/hbm_read_512mib,343,361,HBM-bound,not-below-declared-threshold,lane-a,536870912,[],False,1070530560000000.0,0.00013345755377370497,3644447910164.962,HBM-bound,0.0,False,False,False,0.0,0.9059516767902432,0.0,0.9059516767902432,HBM-bound,266.11683848797253,gh200,,536870912,,retained-hardware-envelope,hbm_read,source-zero-scalar-work-uninventoried,0,False,,,False,1,,1.304124965e-06,0.00014286800475,3644447910164.962,HBM-bound,0.0,False,False,False,0.0,0.9698327655728447,0.0,0.9698327655728447,HBM-bound,284.8814523426819,2619,,0.00011781799669084893,,"{""k"":0,""length"":0,""m"":0,""n"":0,""rotate"":0,""size_bytes"":536870912}",1980,1980,,examples/gh200_hardware_envelope_v1/measurements/lane_a_result.json,,[],,nonvoid,False,False,0.0001473120004,False,,declared
envelope/a100/hbm_read_512mib,344,327,HBM-bound,not-below-declared-threshold,lane-a,536870912,[],False,282009600000000.0,0.000263295919648462,1741820639825.1685,HBM-bound,0.0,False,False,False,0.0,0.8542356402155762,0.0,0.8542356402155762,HBM-bound,138.3050847457627,a100,,536870912,,retained-hardware-envelope,hbm_read,source-zero-scalar-work-uninventoried,0,False,,,False,1,,1.8060582199999998e-06,0.00029971200225,1741820639825.1685,HBM-bound,0.0,False,False,False,0.0,0.9723837515756065,0.0,0.9723837515756065,HBM-bound,157.4338634865761,1593,,0.00024272592592592592,,"{""k"":0,""length"":0,""m"":0,""n"":0,""rotate"":0,""size_bytes"":536870912}",1275,1275,,examples/a100_hardware_envelope_v1/measurements/lane_a_result.json,,[],,nonvoid,False,False,0.0003082239926,False,,declared
constants/boosted/hbm_triad_512mib,345,328,HBM-bound,void-with-findings,boosted,1610612736,[],False,311869440000000.0,0.0007898877589453861,1747464864364.4106,HBM-bound,0.0,False,False,False,0.0,0.8570037195760802,0.0,0.8570037195760802,HBM-bound,152.94915254237287,a100,0.0009216853333333334,1610612736,,retained-standalone-microbenchmark,hbm_triad,source-zero-scalar-work-uninventoried,0,False,1.5898333333333332e-06,0.0018084893513363029,False,1,,1.8060582199999998e-06,0.00089913600675,1747464864364.4106,HBM-bound,0.0,False,False,False,0.0,0.9755346800390299,0.0,0.9755346800390299,HBM-bound,174.10333138515472,1593,,0.00076931776522285,,"{""k"":0,""length"":0,""m"":0,""n"":0,""rotate"":1,""size_bytes"":536870912}",1410,1410,0.003438097329437464,examples/a100_kernel_constants_v1/measurements/results.json,1,"[""G9R"",""G10"",""G11R""]",True,void,True,False,0.0009216853333333334,True,,declared
envelope/a100/hbm_read_1024mib,346,329,HBM-bound,not-below-declared-threshold,lane-a,1073741824,[],False,282009600000000.0,0.000526591839296924,1747626583608.8928,HBM-bound,0.0,False,False,False,0.0,0.8570830310385734,0.0,0.8570830310385734,HBM-bound,138.3050847457627,a100,,1073741824,,retained-hardware-envelope,hbm_read,source-zero-scalar-work-uninventoried,0,False,,,False,1,,1.8060582199999998e-06,0.0005994240045,1747626583608.8928,HBM-bound,0.0,False,False,False,0.0,0.9756249609566261,0.0,0.9756249609566261,HBM-bound,157.4338634865761,1593,,0.0005060218455743879,,"{""k"":0,""length"":0,""m"":0,""n"":0,""rotate"":0,""size_bytes"":1073741824}",1275,1275,,examples/a100_hardware_envelope_v1/measurements/lane_a_result.json,,[],,nonvoid,False,False,0.0006144000292,False,,declared
envelope/a100/hbm_write_1024mib,347,330,HBM-bound,not-below-declared-threshold,lane-a,1073741824,[],False,282009600000000.0,0.000526591839296924,1747626668373.3333,HBM-bound,0.0,False,False,False,0.0,0.8570830726093325,0.0,0.8570830726093325,HBM-bound,138.3050847457627,a100,,1073741824,,retained-hardware-envelope,hbm_write,source-zero-scalar-work-uninventoried,0,False,,,False,1,,1.8060582199999998e-06,0.0005994240045,1747626668373.3333,HBM-bound,0.0,False,False,False,0.0,0.9756250082769775,0.0,0.9756250082769775,HBM-bound,157.4338634865761,1593,,0.0005060218455743879,,"{""k"":0,""length"":0,""m"":0,""n"":0,""rotate"":0,""size_bytes"":1073741824}",1275,1275,,examples/a100_hardware_envelope_v1/measurements/lane_a_result.json,,[],,nonvoid,False,False,0.0006143999994,False,,declared
constants/base/hbm_read_1024mib,348,333,HBM-bound,void-with-findings,base,1073741824,[],False,282009600000000.0,0.000526591839296924,1751031450041.7476,HBM-bound,0.0,False,False,False,0.0,0.8587528690176494,0.0,0.8587528690176494,HBM-bound,138.3050847457627,a100,0.0006132053333333334,1073741824,,retained-standalone-microbenchmark,hbm_read,source-zero-scalar-work-uninventoried,0,False,1.6525833333333334e-06,0.003330746556761269,False,1,,1.8060582199999998e-06,0.0005994240045,1751031450041.7476,HBM-bound,0.0,False,False,False,0.0,0.9775257518416886,0.0,0.9775257518416886,HBM-bound,157.4338634865761,1593,,0.0005060218455743879,,"{""k"":0,""length"":0,""m"":0,""n"":0,""rotate"":1,""size_bytes"":1073741824}",1275,1275,0.004248354445442168,examples/a100_kernel_constants_v1/measurements/results.json,1,"[""G9R"",""G10"",""G11R""]",True,void,True,False,0.0006132053333333334,True,,declared
constants/boosted/hbm_triad_1024mib,349,335,HBM-bound,void-with-findings,boosted,3221225472,[],False,311869440000000.0,0.0015797755178907722,1755755162790.6975,HBM-bound,0.0,False,False,False,0.0,0.8610695046643017,0.0,0.8610695046643017,HBM-bound,152.94915254237287,a100,0.0018346666666666667,3221225472,,retained-standalone-microbenchmark,hbm_triad,source-zero-scalar-work-uninventoried,0,False,1.6115833333333332e-06,0.0010272717755443886,False,1,,1.8060582199999998e-06,0.0017982720135,1755755162790.6975,HBM-bound,0.0,False,False,False,0.0,0.9801627980559593,0.0,0.9801627980559593,HBM-bound,174.10333138515472,1593,,0.001559205524168236,,"{""k"":0,""length"":0,""m"":0,""n"":0,""rotate"":1,""size_bytes"":1073741824}",1410,1410,0.0025812905907928565,examples/a100_kernel_constants_v1/measurements/results.json,1,"[""G9R"",""G10"",""G11R""]",True,void,True,False,0.0018346666666666667,True,,declared
constants/boosted/hbm_read_1024mib,350,336,HBM-bound,void-with-findings,boosted,1073741824,[],False,311869440000000.0,0.000526591839296924,1756163572923.9358,HBM-bound,0.0,False,False,False,0.0,0.8612697999666195,0.0,0.8612697999666195,HBM-bound,152.94915254237287,a100,0.0006114133333333334,1073741824,,retained-standalone-microbenchmark,hbm_read,source-zero-scalar-work-uninventoried,0,False,1.553e-06,0.002626559878355705,False,1,,1.8060582199999998e-06,0.0005994240045,1756163572923.9358,HBM-bound,0.0,False,False,False,0.0,0.9803907959154744,0.0,0.9803907959154744,HBM-bound,174.10333138515472,1593,,0.0005060218455743879,,"{""k"":0,""length"":0,""m"":0,""n"":0,""rotate"":1,""size_bytes"":1073741824}",1410,1410,0.0032402475272139022,examples/a100_kernel_constants_v1/measurements/results.json,1,"[""G9R"",""G10"",""G11R""]",True,void,True,False,0.0006114133333333334,True,,declared
envelope/a100/hbm_write_512mib,351,337,HBM-bound,not-below-declared-threshold,lane-a,536870912,[],False,282009600000000.0,0.000263295919648462,1756408693553.7544,HBM-bound,0.0,False,False,False,0.0,0.8613900137092723,0.0,0.8613900137092723,HBM-bound,138.3050847457627,a100,,536870912,,retained-hardware-envelope,hbm_write,source-zero-scalar-work-uninventoried,0,False,,,False,1,,1.8060582199999998e-06,0.00029971200225,1756408693553.7544,HBM-bound,0.0,False,False,False,0.0,0.9805276362491816,0.0,0.9805276362491816,HBM-bound,157.4338634865761,1593,,0.00024272592592592592,,"{""k"":0,""length"":0,""m"":0,""n"":0,""rotate"":0,""size_bytes"":536870912}",1275,1275,,examples/a100_hardware_envelope_v1/measurements/lane_a_result.json,,[],,nonvoid,False,False,0.0003056640029,False,,declared
envelope/gh200/hbm_write_512mib,352,362,HBM-bound,not-below-declared-threshold,lane-a,536870912,[],False,1070530560000000.0,0.00013345755377370497,3686895005709.894,HBM-bound,0.0,False,False,False,0.0,0.916503348355242,0.0,0.916503348355242,HBM-bound,266.11683848797253,gh200,,536870912,,retained-hardware-envelope,hbm_write,source-zero-scalar-work-uninventoried,0,False,,,False,1,,1.304124965e-06,0.00014286800475,3686895005709.894,HBM-bound,0.0,False,False,False,0.0,0.9811284638727316,0.0,0.9811284638727316,HBM-bound,284.8814523426819,2619,,0.00011781799669084893,,"{""k"":0,""length"":0,""m"":0,""n"":0,""rotate"":0,""size_bytes"":536870912}",1980,1980,,examples/gh200_hardware_envelope_v1/measurements/lane_a_result.json,,[],,nonvoid,False,False,0.0001456160024,False,,declared
constants/boosted/hbm_triad_2048mib,353,339,HBM-bound,void-with-findings,boosted,6442450944,[],False,311869440000000.0,0.0031595510357815444,1759068757426.7805,HBM-bound,0.0,False,False,False,0.0,0.8626945805019914,0.0,0.8626945805019914,HBM-bound,152.94915254237287,a100,0.0036624213333333335,6442450944,,retained-standalone-microbenchmark,hbm_triad,source-zero-scalar-work-uninventoried,0,False,1.554666666666667e-06,0.00043612673465096724,False,1,,1.8060582199999998e-06,0.003596544027,1759068757426.7805,HBM-bound,0.0,False,False,False,0.0,0.9820126358117908,0.0,0.9820126358117908,HBM-bound,174.10333138515472,1593,,0.003138981042059008,,"{""k"":0,""length"":0,""m"":0,""n"":0,""rotate"":1,""size_bytes"":2147483648}",1410,1410,0.0022583892492213415,examples/a100_kernel_constants_v1/measurements/results.json,1,"[""G9R"",""G10"",""G11R""]",True,void,True,False,0.0036624213333333335,True,,declared
envelope/a100/hbm_read_2048mib,354,342,HBM-bound,not-below-declared-threshold,lane-a,2147483648,[],False,282009600000000.0,0.001053183678593848,1763053418513.295,HBM-bound,0.0,False,False,False,0.0,0.8646487653568812,0.0,0.8646487653568812,HBM-bound,138.3050847457627,a100,,2147483648,,retained-hardware-envelope,hbm_read,source-zero-scalar-work-uninventoried,0,False,,,False,1,,1.8060582199999998e-06,0.001198848009,1763053418513.295,HBM-bound,0.0,False,False,False,0.0,0.9842371011829503,0.0,0.9842371011829503,HBM-bound,157.4338634865761,1593,,0.001032613684871312,,"{""k"":0,""length"":0,""m"":0,""n"":0,""rotate"":0,""size_bytes"":2147483648}",1275,1275,,examples/a100_hardware_envelope_v1/measurements/lane_a_result.json,,[],,nonvoid,False,False,0.001218047976,False,,declared
constants/base/hbm_write_1024mib,355,343,HBM-bound,void-with-findings,base,1073741824,[],False,282009600000000.0,0.000526591839296924,1763794785534.0623,HBM-bound,0.0,False,False,False,0.0,0.8650123516625776,0.0,0.8650123516625776,HBM-bound,138.3050847457627,a100,0.000608768,1073741824,,retained-standalone-microbenchmark,hbm_write,source-zero-scalar-work-uninventoried,0,False,1.5921666666666666e-06,0.002748419209866221,False,1,,1.8060582199999998e-06,0.0005994240045,1763794785534.0623,HBM-bound,0.0,False,False,False,0.0,0.9846509745913057,0.0,0.9846509745913057,HBM-bound,157.4338634865761,1593,,0.0005060218455743879,,"{""k"":0,""length"":0,""m"":0,""n"":0,""rotate"":1,""size_bytes"":1073741824}",1275,1275,0.016330099107609408,examples/a100_kernel_constants_v1/measurements/results.json,1,"[""G9R"",""G10"",""G11R""]",True,void,True,False,0.000608768,True,,declared
envelope/gh200/hbm_write_1024mib,356,363,HBM-bound,not-below-declared-threshold,lane-a,1073741824,[],False,1070530560000000.0,0.00026691510754740994,3704192896369.845,HBM-bound,0.0,False,False,False,0.0,0.9208033283342693,0.0,0.9208033283342693,HBM-bound,266.11683848797253,gh200,,1073741824,,retained-hardware-envelope,hbm_write,source-zero-scalar-work-uninventoried,0,False,,,False,1,,1.304124965e-06,0.0002857360095,3704192896369.845,HBM-bound,0.0,False,False,False,0.0,0.9857316470024796,0.0,0.9857316470024796,HBM-bound,284.8814523426819,2619,,0.0002512755504645539,,"{""k"":0,""length"":0,""m"":0,""n"":0,""rotate"":0,""size_bytes"":1073741824}",1980,1980,,examples/gh200_hardware_envelope_v1/measurements/lane_a_result.json,,[],,nonvoid,False,False,0.0002898720056,False,,declared
constants/boosted/hbm_read_2048mib,357,344,HBM-bound,void-with-findings,boosted,2147483648,[],False,311869440000000.0,0.001053183678593848,1766394609391.4507,HBM-bound,0.0,False,False,False,0.0,0.8662873751331267,0.0,0.8662873751331267,HBM-bound,152.94915254237287,a100,0.0012157440000000002,2147483648,,retained-standalone-microbenchmark,hbm_read,source-zero-scalar-work-uninventoried,0,False,1.6164166666666668e-06,0.0014470955726965343,False,1,,1.8060582199999998e-06,0.001198848009,1766394609391.4507,HBM-bound,0.0,False,False,False,0.0,0.9861023447370497,0.0,0.9861023447370497,HBM-bound,174.10333138515472,1593,,0.001032613684871312,,"{""k"":0,""length"":0,""m"":0,""n"":0,""rotate"":1,""size_bytes"":2147483648}",1410,1410,0.004185008825932122,examples/a100_kernel_constants_v1/measurements/results.json,1,"[""G9R"",""G10"",""G11R""]",True,void,True,False,0.0012157440000000002,True,,declared
envelope/gh200/hbm_read_1024mib,358,364,HBM-bound,not-below-declared-threshold,lane-a,1073741824,[],False,1070530560000000.0,0.00026691510754740994,3709106470684.1475,HBM-bound,0.0,False,False,False,0.0,0.9220247646118079,0.0,0.9220247646118079,HBM-bound,266.11683848797253,gh200,,1073741824,,retained-hardware-envelope,hbm_read,source-zero-scalar-work-uninventoried,0,False,,,False,1,,1.304124965e-06,0.0002857360095,3709106470684.1475,HBM-bound,0.0,False,False,False,0.0,0.9870392100363197,0.0,0.9870392100363197,HBM-bound,284.8814523426819,2619,,0.0002512755504645539,,"{""k"":0,""length"":0,""m"":0,""n"":0,""rotate"":0,""size_bytes"":1073741824}",1980,1980,,examples/gh200_hardware_envelope_v1/measurements/lane_a_result.json,,[],,nonvoid,False,False,0.0002894880027,False,,declared
constants/base/hbm_triad_1024mib,359,346,HBM-bound,void-with-findings,base,3221225472,[],False,282009600000000.0,0.0015797755178907722,1768919212746.017,HBM-bound,0.0,False,False,False,0.0,0.8675255084481016,0.0,0.8675255084481016,HBM-bound,138.3050847457627,a100,0.0018210133333333332,3221225472,,retained-standalone-microbenchmark,hbm_triad,source-zero-scalar-work-uninventoried,0,False,1.6539166666666669e-06,0.001153023288439955,False,1,,1.8060582199999998e-06,0.0017982720135,1768919212746.017,HBM-bound,0.0,False,False,False,0.0,0.9875117225024895,0.0,0.9875117225024895,HBM-bound,157.4338634865761,1593,,0.001559205524168236,,"{""k"":0,""length"":0,""m"":0,""n"":0,""rotate"":1,""size_bytes"":1073741824}",1275,1275,0.0029339223697279417,examples/a100_kernel_constants_v1/measurements/results.json,1,"[""G9R"",""G10"",""G11R""]",True,void,True,False,0.0018210133333333332,True,,declared
envelope/a100/hbm_write_2048mib,360,347,HBM-bound,not-below-declared-threshold,lane-a,2147483648,[],False,282009600000000.0,0.001053183678593848,1769002101528.7175,HBM-bound,0.0,False,False,False,0.0,0.867566159334156,0.0,0.867566159334156,HBM-bound,138.3050847457627,a100,,2147483648,,retained-hardware-envelope,hbm_write,source-zero-scalar-work-uninventoried,0,False,,,False,1,,1.8060582199999998e-06,0.001198848009,1769002101528.7175,HBM-bound,0.0,False,False,False,0.0,0.9875579957545356,0.0,0.9875579957545356,HBM-bound,157.4338634865761,1593,,0.001032613684871312,,"{""k"":0,""length"":0,""m"":0,""n"":0,""rotate"":0,""size_bytes"":2147483648}",1275,1275,,examples/a100_hardware_envelope_v1/measurements/lane_a_result.json,,[],,nonvoid,False,False,0.001213952005,False,,declared
envelope/a100/hbm_read_4096mib,361,348,HBM-bound,not-below-declared-threshold,lane-a,4294967296,[],False,311869440000000.0,0.002106367357187696,1770495572129.1672,HBM-bound,0.0,False,False,False,0.0,0.8682985974425059,0.0,0.8682985974425059,HBM-bound,152.94915254237287,a100,,4294967296,,retained-hardware-envelope,hbm_read,source-zero-scalar-work-uninventoried,0,False,,,False,1,,1.8060582199999998e-06,0.002397696018,1770495572129.1672,HBM-bound,0.0,False,False,False,0.0,0.9883917363315672,0.0,0.9883917363315672,HBM-bound,174.10333138515472,1593,,0.0020857973634651602,,"{""k"":0,""length"":0,""m"":0,""n"":0,""rotate"":0,""size_bytes"":4294967296}",1410,1275,,examples/a100_hardware_envelope_v1/measurements/lane_a_result.json,,[],,nonvoid,False,False,0.002425855994,False,,declared
envelope/gh200/hbm_write_2048mib,362,365,HBM-bound,not-below-declared-threshold,lane-a,2147483648,[],False,1070530560000000.0,0.0005338302150948199,3723099323978.887,HBM-bound,0.0,False,False,False,0.0,0.9255031649670694,0.0,0.9255031649670694,HBM-bound,266.11683848797253,gh200,,2147483648,,retained-hardware-envelope,hbm_write,source-zero-scalar-work-uninventoried,0,False,,,False,1,,1.304124965e-06,0.000571472019,3723099323978.887,HBM-bound,0.0,False,False,False,0.0,0.9907628817538497,0.0,0.9907628817538497,HBM-bound,284.8814523426819,2619,,0.0005181906580119639,,"{""k"":0,""length"":0,""m"":0,""n"":0,""rotate"":0,""size_bytes"":2147483648}",1980,1980,,examples/gh200_hardware_envelope_v1/measurements/lane_a_result.json,,[],,nonvoid,False,False,0.0005767999887,False,,declared
constants/boosted/hbm_write_512mib,363,349,HBM-bound,void-with-findings,boosted,536870912,[],False,311869440000000.0,0.000263295919648462,1776243929983.0603,HBM-bound,0.0,False,False,False,0.0,0.8711177465783213,0.0,0.8711177465783213,HBM-bound,152.94915254237287,a100,0.0003022506666666667,536870912,,retained-standalone-microbenchmark,hbm_write,source-zero-scalar-work-uninventoried,0,False,1.5571666666666667e-06,0.00537109375,False,1,,1.8060582199999998e-06,0.00029971200225,1776243929983.0603,HBM-bound,0.0,False,False,False,0.0,0.9916007979579862,0.0,0.9916007979579862,HBM-bound,174.10333138515472,1593,,0.00024272592592592592,,"{""k"":0,""length"":0,""m"":0,""n"":0,""rotate"":1,""size_bytes"":536870912}",1410,1410,0.02305415659242642,examples/a100_kernel_constants_v1/measurements/results.json,1,"[""G9R"",""G10"",""G11R""]",True,void,True,False,0.0003022506666666667,True,,declared
envelope/gh200/hbm_read_2048mib,364,366,HBM-bound,not-below-declared-threshold,lane-a,2147483648,[],False,1070530560000000.0,0.0005338302150948199,3737822378510.613,HBM-bound,0.0,False,False,False,0.0,0.929163081714209,0.0,0.929163081714209,HBM-bound,266.11683848797253,gh200,,2147483648,,retained-hardware-envelope,hbm_read,source-zero-scalar-work-uninventoried,0,False,,,False,1,,1.304124965e-06,0.000571472019,3737822378510.613,HBM-bound,0.0,False,False,False,0.0,0.9946808690721365,0.0,0.9946808690721365,HBM-bound,284.8814523426819,2619,,0.0005181906580119639,,"{""k"":0,""length"":0,""m"":0,""n"":0,""rotate"":0,""size_bytes"":2147483648}",1980,1980,,examples/gh200_hardware_envelope_v1/measurements/lane_a_result.json,,[],,nonvoid,False,False,0.0005745280087,False,,declared
envelope/gh200/hbm_write_4096mib,365,367,HBM-bound,not-below-declared-threshold,lane-a,4294967296,[],False,1070530560000000.0,0.0010676604301896398,3747319182561.3687,HBM-bound,0.0,False,False,False,0.0,0.9315238358712197,0.0,0.9315238358712197,HBM-bound,266.11683848797253,gh200,,4294967296,,retained-hardware-envelope,hbm_write,source-zero-scalar-work-uninventoried,0,False,,,False,1,,1.304124965e-06,0.001142944038,3747319182561.3687,HBM-bound,0.0,False,False,False,0.0,0.9972080863526906,0.0,0.9972080863526906,HBM-bound,284.8814523426819,2619,,0.0010520208731067838,,"{""k"":0,""length"":0,""m"":0,""n"":0,""rotate"":0,""size_bytes"":4294967296}",1980,1980,,examples/gh200_hardware_envelope_v1/measurements/lane_a_result.json,,[],,nonvoid,False,False,0.001146143973,False,,declared
envelope/a100/hbm_write_4096mib,366,351,HBM-bound,not-below-declared-threshold,lane-a,4294967296,[],False,311869440000000.0,0.002106367357187696,1791289330989.7468,HBM-bound,0.0,False,False,False,0.0,0.8784964154649967,0.0,0.8784964154649967,HBM-bound,152.94915254237287,a100,,4294967296,,retained-hardware-envelope,hbm_write,source-zero-scalar-work-uninventoried,0,False,,,False,1,,1.8060582199999998e-06,0.002397696018,1791289330989.7468,HBM-bound,0.0,False,False,False,0.0,1.0,0.0,1.0,HBM-bound,174.10333138515472,1593,,0.0020857973634651602,,"{""k"":0,""length"":0,""m"":0,""n"":0,""rotate"":0,""size_bytes"":4294967296}",1410,1275,,examples/a100_hardware_envelope_v1/measurements/lane_a_result.json,,[],,nonvoid,False,False,0.002397696018,False,,declared
envelope/gh200/hbm_read_4096mib,367,368,HBM-bound,not-below-declared-threshold,lane-a,4294967296,[],False,1070530560000000.0,0.0010676604301896398,3757810665442.2217,HBM-bound,0.0,False,False,False,0.0,0.9341318513353493,0.0,0.9341318513353493,HBM-bound,266.11683848797253,gh200,,4294967296,,retained-hardware-envelope,hbm_read,source-zero-scalar-work-uninventoried,0,False,,,False,1,,1.304124965e-06,0.001142944038,3757810665442.2217,HBM-bound,0.0,False,False,False,0.0,1.0,0.0,1.0,HBM-bound,284.8814523426819,2619,,0.0010520208731067838,,"{""k"":0,""length"":0,""m"":0,""n"":0,""rotate"":0,""size_bytes"":4294967296}",1980,1980,,examples/gh200_hardware_envelope_v1/measurements/lane_a_result.json,,[],,nonvoid,False,False,0.001142944038,False,,declared
constants/base/elem_rmsnorm_64mib_warm,368,352,HBM-bound,void-with-findings,base,201326592,"[""nominal-byte-rate-above-measured-envelope""]",True,282009600000000.0,9.873596986817326e-05,1794141444866.9202,HBM-bound,0.0,False,False,False,0.0,0.8798951687396619,0.0,0.8798951687396619,HBM-bound,138.3050847457627,a100,0.00022442666666666668,134217728,,retained-standalone-microbenchmark,elem_rmsnorm,source-zero-scalar-work-uninventoried,0,False,3.7238333333333332e-06,0.017209694602272726,False,1,,1.8060582199999998e-06,0.00011239200084375,1794141444866.9202,HBM-bound,0.0,False,False,False,0.0,1.0015922128423538,0.0,1.0015922128423538,HBM-bound,157.4338634865761,1593,,4.525398618957941e-05,,"{""k"":0,""length"":0,""m"":0,""n"":1024,""rotate"":1,""size_bytes"":67108864}",1275,1275,0.002522148129547822,examples/a100_kernel_constants_v1/measurements/results.json,2,"[""G9R"",""G10"",""G11R""]",True,void,True,False,0.00011221333333333334,True,,declared
constants/boosted/hbm_write_1024mib,369,353,HBM-bound,void-with-findings,boosted,1073741824,"[""nominal-byte-rate-above-measured-envelope""]",True,311869440000000.0,0.000526591839296924,1800130472103.0042,HBM-bound,0.0,False,False,False,0.0,0.8828323486066993,0.0,0.8828323486066993,HBM-bound,152.94915254237287,a100,0.00059648,1073741824,,retained-standalone-microbenchmark,hbm_write,source-zero-scalar-work-uninventoried,0,False,1.5513333333333335e-06,0.0027516682942708335,False,1,,1.8060582199999998e-06,0.0005994240045,1800130472103.0042,HBM-bound,0.0,False,False,False,0.0,1.0049356298618561,0.0,1.0049356298618561,HBM-bound,174.10333138515472,1593,,0.0005060218455743879,,"{""k"":0,""length"":0,""m"":0,""n"":0,""rotate"":1,""size_bytes"":1073741824}",1410,1410,0.00800633395114921,examples/a100_kernel_constants_v1/measurements/results.json,1,"[""G9R"",""G10"",""G11R""]",True,void,True,False,0.00059648,True,,declared
constants/boosted/hbm_write_2048mib,370,354,HBM-bound,void-with-findings,boosted,2147483648,"[""nominal-byte-rate-above-measured-envelope""]",True,311869440000000.0,0.001053183678593848,1818208510945.7407,HBM-bound,0.0,False,False,False,0.0,0.8916983045677087,0.0,0.8916983045677087,HBM-bound,152.94915254237287,a100,0.0011810986666666667,2147483648,,retained-standalone-microbenchmark,hbm_write,source-zero-scalar-work-uninventoried,0,False,1.5588333333333334e-06,0.0013819915482342808,False,1,,1.8060582199999998e-06,0.001198848009,1818208510945.7407,HBM-bound,0.0,False,False,False,0.0,1.015027823529279,0.0,1.015027823529279,HBM-bound,174.10333138515472,1593,,0.001032613684871312,,"{""k"":0,""length"":0,""m"":0,""n"":0,""rotate"":1,""size_bytes"":2147483648}",1410,1410,0.005938068566131639,examples/a100_kernel_constants_v1/measurements/results.json,1,"[""G9R"",""G10"",""G11R""]",True,void,True,False,0.0011810986666666667,True,,declared
envelope/a100/hbm_read_32mib,371,355,HBM-bound,void-with-findings,lane-a,33554432,"[""nominal-byte-rate-above-measured-envelope""]",True,282009600000000.0,1.6455994978028876e-05,1820444380246.916,HBM-bound,0.0,False,False,False,0.0,0.8927948349453253,0.0,0.8927948349453253,HBM-bound,138.3050847457627,a100,,33554432,,retained-hardware-envelope,hbm_read,source-zero-scalar-work-uninventoried,0,False,,,False,1,,1.8060582199999998e-06,1.8732000140625e-05,1820444380246.916,HBM-bound,0.0,False,False,False,0.0,1.0162760134573348,0.0,1.0162760134573348,HBM-bound,157.4338634865761,1593,,0.0,,"{""k"":0,""length"":0,""m"":0,""n"":0,""rotate"":0,""size_bytes"":33554432}",1275,1275,,examples/a100_hardware_envelope_v1/measurements/lane_a_result.json,,[],,nonvoid,False,False,1.8432000649999998e-05,True,,declared
constants/boosted/elem_scale_4mib_warm,372,356,HBM-bound,void-with-findings,boosted,8388608,"[""nominal-byte-rate-above-measured-envelope""]",True,311869440000000.0,4.113998744507219e-06,1822553881807.6477,HBM-bound,0.0,False,False,False,0.0,0.8938293911878373,0.0,0.8938293911878373,HBM-bound,152.94915254237287,a100,0.00014728533333333333,4194304,,retained-standalone-microbenchmark,elem_scale,source-zero-scalar-work-uninventoried,0,False,5.041783333333333e-05,0.3561448317307692,False,1,,1.8060582199999998e-06,4.68300003515625e-06,1822553881807.6477,HBM-bound,0.0,False,False,False,0.0,1.0174536576961726,0.0,1.0174536576961726,HBM-bound,174.10333138515472,1593,,0.0,,"{""k"":0,""length"":0,""m"":0,""n"":0,""rotate"":1,""size_bytes"":4194304}",1410,1410,0.006855248879605629,examples/a100_kernel_constants_v1/measurements/results.json,32,"[""G9R"",""G10"",""G11R""]",True,void,True,False,4.602666666666667e-06,True,,declared
constants/boosted/elem_rmsnorm_64mib_warm,373,369,HBM-bound,void-with-findings,boosted,201326592,"[""nominal-byte-rate-above-measured-envelope""]",True,311869440000000.0,9.873596986817326e-05,1911134872417.983,HBM-bound,0.0,False,False,False,0.0,0.9372718889369425,0.0,0.9372718889369425,HBM-bound,152.94915254237287,a100,0.000210688,134217728,,retained-standalone-microbenchmark,elem_rmsnorm,source-zero-scalar-work-uninventoried,0,False,3.2605833333333335e-06,0.015862029733009708,False,1,,1.8060582199999998e-06,0.00011239200084375,1911134872417.983,HBM-bound,0.0,False,False,False,0.0,1.0669046252634227,0.0,1.0669046252634227,HBM-bound,174.10333138515472,1593,,4.525398618957941e-05,,"{""k"":0,""length"":0,""m"":0,""n"":1024,""rotate"":1,""size_bytes"":67108864}",1410,1410,0.0035075958030961318,examples/a100_kernel_constants_v1/measurements/results.json,2,"[""G9R"",""G10"",""G11R""]",True,void,True,False,0.000105344,True,,declared
constants/boosted/elem_rmsnorm_64mib_rot,374,370,HBM-bound,void-with-findings,boosted,201326592,"[""nominal-byte-rate-above-measured-envelope""]",True,311869440000000.0,9.873596986817326e-05,1911909238249.5947,HBM-bound,0.0,False,False,False,0.0,0.937651658746074,0.0,0.937651658746074,HBM-bound,152.94915254237287,a100,0.00021060266666666667,134217728,,retained-standalone-microbenchmark,elem_rmsnorm,source-zero-scalar-work-uninventoried,0,False,3.2853333333333335e-06,0.017431166565533982,False,1,,1.8060582199999998e-06,0.00011239200084375,1911909238249.5947,HBM-bound,0.0,False,False,False,0.0,1.0673369204924597,0.0,1.0673369204924597,HBM-bound,174.10333138515472,1593,,4.525398618957941e-05,,"{""k"":0,""length"":0,""m"":0,""n"":1024,""rotate"":5,""size_bytes"":67108864}",1410,1410,0.0030321372664294374,examples/a100_kernel_constants_v1/measurements/results.json,2,"[""G9R"",""G10"",""G11R""]",True,void,True,False,0.00010530133333333333,True,,declared
envelope/gh200/hbm_copy_16mib,375,377,HBM-bound,void-with-findings,lane-a,33554432,"[""nominal-byte-rate-above-measured-envelope""]",True,1070530560000000.0,8.34109711085656e-06,4185932116929.4463,HBM-bound,0.0,False,False,False,0.0,1.0405560221303074,0.0,1.0405560221303074,HBM-bound,266.11683848797253,gh200,,33554432,,retained-hardware-envelope,hbm_copy,source-zero-scalar-work-uninventoried,0,False,,,False,1,,1.304124965e-06,8.929250296875e-06,4185932116929.4463,HBM-bound,0.0,False,False,False,0.0,1.1139284252462045,0.0,1.1139284252462045,HBM-bound,284.8814523426819,2619,,0.0,,"{""k"":0,""length"":0,""m"":0,""n"":0,""rotate"":0,""size_bytes"":16777216}",1980,1980,,examples/gh200_hardware_envelope_v1/measurements/lane_a_result.json,,[],,nonvoid,False,False,8.016000036e-06,True,,declared
constants/boosted/elem_rmsnorm_256mib_rot,376,375,HBM-bound,void-with-findings,boosted,805306368,"[""nominal-byte-rate-above-measured-envelope""]",True,311869440000000.0,0.00039494387947269305,2020810278372.5906,HBM-bound,0.0,False,False,False,0.0,0.991059654726043,0.0,0.991059654726043,HBM-bound,152.94915254237287,a100,0.00039850666666666677,536870912,,retained-standalone-microbenchmark,elem_rmsnorm,source-zero-scalar-work-uninventoried,0,False,1.5755833333333333e-06,0.004124658579691516,False,1,,1.8060582199999998e-06,0.000449568003375,2020810278372.5906,HBM-bound,0.0,False,False,False,0.0,1.12813170011794,0.0,1.12813170011794,HBM-bound,174.10333138515472,1593,,0.00024272592592592592,,"{""k"":0,""length"":0,""m"":0,""n"":1024,""rotate"":2,""size_bytes"":268435456}",1410,1410,0.000957630825481679,examples/a100_kernel_constants_v1/measurements/results.json,1,"[""G9R"",""G10"",""G11R""]",True,void,True,False,0.00039850666666666677,True,,declared
constants/boosted/elem_rmsnorm_256mib_warm,377,376,HBM-bound,void-with-findings,boosted,805306368,"[""nominal-byte-rate-above-measured-envelope""]",True,311869440000000.0,0.00039494387947269305,2020810278372.591,HBM-bound,0.0,False,False,False,0.0,0.9910596547260432,0.0,0.9910596547260432,HBM-bound,152.94915254237287,a100,0.00039850666666666666,536870912,,retained-standalone-microbenchmark,elem_rmsnorm,source-zero-scalar-work-uninventoried,0,False,1.5921666666666666e-06,0.004110120006443299,False,1,,1.8060582199999998e-06,0.000449568003375,2020810278372.591,HBM-bound,0.0,False,False,False,0.0,1.1281317001179403,0.0,1.1281317001179403,HBM-bound,174.10333138515472,1593,,0.00024272592592592592,,"{""k"":0,""length"":0,""m"":0,""n"":1024,""rotate"":1,""size_bytes"":268435456}",1410,1410,0.0017657839938405627,examples/a100_kernel_constants_v1/measurements/results.json,1,"[""G9R"",""G10"",""G11R""]",True,void,True,False,0.00039850666666666666,True,,declared
envelope/gh200/hbm_read_32mib,378,378,HBM-bound,void-with-findings,lane-a,33554432,"[""nominal-byte-rate-above-measured-envelope""]",True,1070530560000000.0,8.34109711085656e-06,4359983408773.234,HBM-bound,0.0,False,False,False,0.0,1.0838223998040246,0.0,1.0838223998040246,HBM-bound,266.11683848797253,gh200,,33554432,,retained-hardware-envelope,hbm_read,source-zero-scalar-work-uninventoried,0,False,,,False,1,,1.304124965e-06,8.929250296875e-06,4359983408773.234,HBM-bound,0.0,False,False,False,0.0,1.160245631550505,0.0,1.160245631550505,HBM-bound,284.8814523426819,2619,,0.0,,"{""k"":0,""length"":0,""m"":0,""n"":0,""rotate"":0,""size_bytes"":33554432}",1980,1980,,examples/gh200_hardware_envelope_v1/measurements/lane_a_result.json,,[],,nonvoid,False,False,7.695999928e-06,True,,declared
constants/boosted/elem_add_4mib_warm,379,379,HBM-bound,void-with-findings,boosted,12582912,"[""nominal-byte-rate-above-measured-envelope""]",True,311869440000000.0,6.170998116760829e-06,2452490644490.644,HBM-bound,0.0,False,False,False,0.0,1.2027673044622196,0.0,1.2027673044622196,HBM-bound,152.94915254237287,a100,0.00016418133333333335,12582912,,retained-standalone-microbenchmark,elem_add,source-zero-scalar-work-uninventoried,0,False,5.012825e-05,0.30953346108490565,False,1,,1.8060582199999998e-06,7.024500052734375e-06,2452490644490.644,HBM-bound,0.0,False,False,False,0.0,1.3691203325235917,0.0,1.3691203325235917,HBM-bound,174.10333138515472,1593,,0.0,,"{""k"":0,""length"":0,""m"":0,""n"":0,""rotate"":1,""size_bytes"":4194304}",1410,1410,0.0046487899740121396,examples/a100_kernel_constants_v1/measurements/results.json,32,"[""G9R"",""G10"",""G11R""]",True,void,True,False,5.130666666666667e-06,True,,declared
constants/boosted/elem_scale_16mib_warm,380,380,HBM-bound,void-with-findings,boosted,33554432,"[""nominal-byte-rate-above-measured-envelope""]",True,311869440000000.0,1.6455994978028876e-05,3067506582155.0464,HBM-bound,0.0,False,False,False,0.0,1.504387644261538,0.0,1.504387644261538,HBM-bound,152.94915254237287,a100,0.00017501866666666665,16777216,,retained-standalone-microbenchmark,elem_scale,source-zero-scalar-work-uninventoried,0,False,2.496975e-05,0.14647866410818713,False,1,,1.8060582199999998e-06,1.8732000140625e-05,3067506582155.0464,HBM-bound,0.0,False,False,False,0.0,1.7124573507397307,0.0,1.7124573507397307,HBM-bound,174.10333138515472,1593,,0.0,,"{""k"":0,""length"":0,""m"":0,""n"":0,""rotate"":1,""size_bytes"":16777216}",1410,1410,0.0050434326829783315,examples/a100_kernel_constants_v1/measurements/results.json,16,"[""G9R"",""G10"",""G11R""]",False,void,True,False,1.0938666666666666e-05,True,,declared
lut/flash_combine,,,,unavailable-work,cuda-graph,,[],False,,,,,,,,,,,,,,,a100,,,insufficient-replays,retained-framework-candidate-partial-subset,flash_combine,unavailable,,False,,,,,24,,,,,,,,,,,,,,,1593.0,8.096e-06,,e495f3ca5d0858cf371b19205ae6b7747d633695020d10f58645c5f245086070,"{""step_shape"":{""batch_size"":1,""per_request_kv_lengths"":[16]}}",1410.0,1410.0,,tests/fixtures/kernel_cycle_lut_v1,,[],,nonvoid,False,False,1.408e-05,,"per-kernel operand shapes, byte attribution and operation counts absent",missing
lut/flash_split_kv,,,,unavailable-work,cuda-graph,,[],False,,,,,,,,,,,,,,,a100,,,insufficient-replays,retained-framework-candidate-partial-subset,flash_split_kv,unavailable,,False,,,,,24,,,,,,,,,,,,,,,1593.0,9.504e-06,,e495f3ca5d0858cf371b19205ae6b7747d633695020d10f58645c5f245086070,"{""step_shape"":{""batch_size"":1,""per_request_kv_lengths"":[16]}}",1410.0,1410.0,,tests/fixtures/kernel_cycle_lut_v1,,[],,nonvoid,False,False,1.2e-05,,"per-kernel operand shapes, byte attribution and operation counts absent",missing
lut/fused_moe,,,,unavailable-work,cuda-graph,,[],False,,,,,,,,,,,,,,,a100,,,insufficient-replays,retained-framework-candidate-partial-subset,fused_moe,unavailable,,False,,,,,48,,,,,,,,,,,,,,,1593.0,1.248e-05,,e495f3ca5d0858cf371b19205ae6b7747d633695020d10f58645c5f245086070,"{""step_shape"":{""batch_size"":1,""per_request_kv_lengths"":[16]}}",1410.0,1410.0,,tests/fixtures/kernel_cycle_lut_v1,,[],,nonvoid,False,False,1.7984e-05,,"per-kernel operand shapes, byte attribution and operation counts absent",missing
lut/gemvx,,,,unavailable-work,cuda-graph,,[],False,,,,,,,,,,,,,,,a100,,,insufficient-replays,retained-framework-candidate-partial-subset,gemvx,unavailable,,False,,,,,48,,,,,,,,,,,,,,,1593.0,6.3035e-06,,e495f3ca5d0858cf371b19205ae6b7747d633695020d10f58645c5f245086070,"{""step_shape"":{""batch_size"":1,""per_request_kv_lengths"":[16]}}",1410.0,1410.0,,tests/fixtures/kernel_cycle_lut_v1,,[],,nonvoid,False,False,8.672e-06,,"per-kernel operand shapes, byte attribution and operation counts absent",missing
lut/topk_gating,,,,unavailable-work,cuda-graph,,[],False,,,,,,,,,,,,,,,a100,,,insufficient-replays,retained-framework-candidate-partial-subset,topk_gating,unavailable,,False,,,,,24,,,,,,,,,,,,,,,1593.0,4.368e-06,,e495f3ca5d0858cf371b19205ae6b7747d633695020d10f58645c5f245086070,"{""step_shape"":{""batch_size"":1,""per_request_kv_lengths"":[16]}}",1410.0,1410.0,,tests/fixtures/kernel_cycle_lut_v1,,[],,nonvoid,False,False,5.92e-06,,"per-kernel operand shapes, byte attribution and operation counts absent",missing
