architecture,condition_id,family,width,bytes,requested_protocol,protocol,requested_channels,channels,requested_sms,granted_sms,requested_threads,warps,warmup,iterations,rotate,qualified_control,unqualified_reasons,physical_floor_us,captures,repetitions,event_us,event_us_q1,event_us_q3,wall_us,wall_us_q1,wall_us_q3,paired_gap_us,paired_gap_us_q1,paired_gap_us_q3
a100,c0000,channels,2,16384,LL,LL,1,1,0,108,0,16,20,100,0,True,,0.16383999999999999,205237;205466,5,12.9638397694,11.8271994591,12.9740798473,13.05117,11.89724,13.07371,0.07392960690000017,0.0725099726000007,0.0770901527000003
a100,c0000,channels,2,65536,LL,LL,1,1,0,108,0,16,20,100,0,True,,0.6553599999999999,205237;205466,5,19.8143994808,19.7632002831,19.8655998707,19.89106,19.83164,19.93825,0.07397018480000028,0.07265012930000125,0.07666051920000072
a100,c0000,channels,2,131072,LL,LL,1,1,0,108,0,16,20,100,0,True,,1.3107199999999999,205237;205466,5,36.0345602036,36.0038399696,36.0652804375,36.11303,36.07668,36.13678,0.07697976910000648,0.07284003040000187,0.07846979640000029
a100,c0000,channels,2,262144,LL,LL,1,1,0,108,0,16,20,100,0,True,,2.6214399999999998,205237;205466,5,64.0819215775,58.0198383331,64.0921592712,64.16813,58.09704,64.17144,0.07928072880000059,0.07720166690000241,0.07945830199999904
a100,c0000,channels,2,524288,LL,LL,1,1,0,108,0,16,20,100,0,True,,5.2428799999999995,205237;205466,5,108.994560242,108.943357468,109.096956253,109.07304,109.0145,109.18106,0.07847975800000029,0.07448100599999918,0.07880642199999954
a100,c0000,channels,2,1048576,LL,LL,1,1,0,108,0,16,20,100,0,True,,10.485759999999999,205237;205466,5,217.948150635,210.90303421,233.379840851,218.0223,210.98596,233.46519,0.08292579000001865,0.0741493650000109,0.08534914899999535
a100,c0000,channels,2,2097152,LL,LL,1,1,0,108,0,16,20,100,0,True,,20.971519999999998,205237;205466,5,458.29120636,414.023666382,458.444786072,458.37057,414.10267,458.52003,0.07900361800000155,0.07744781500002773,0.07936363999999685
a100,c0000,channels,2,3145728,LL,LL,1,1,0,108,0,16,20,100,0,True,,31.45728,205237;205466,5,683.960342407,680.048675537,685.107192993,684.04688,680.12606,685.19296,0.08576700699995854,0.07738446300004398,0.08653759300000274
a100,c0000,channels,2,4194304,LL,LL,1,1,0,108,0,16,20,100,0,True,,41.943039999999996,205237;205466,5,864.491500854,822.814712524,904.642562866,864.57005,822.88668,904.71968,0.07711713399999098,0.07410012200000438,0.07854914600000029
a100,c0001,channels,2,32768,LL,LL,2,2,0,108,0,16,20,100,0,True,,0.32767999999999997,205237;205466,5,14.3462395668,14.3359994888,14.3564796448,14.421,14.40868,14.43624,0.07902058910000065,0.07476043319999981,0.07976035519999947
a100,c0001,channels,2,131072,LL,LL,2,2,0,108,0,16,20,100,0,True,,1.3107199999999999,205237;205466,5,23.5110402107,23.4291195869,23.5315203667,23.58088,23.50332,23.61564,0.07547951029999922,0.07420041309999803,0.0841196332999985
a100,c0001,channels,2,262144,LL,LL,2,2,0,108,0,16,20,100,0,True,,2.6214399999999998,205237;205466,5,37.4783992767,37.4579191208,37.8777599335,37.55713,37.55091,38.01251,0.09299087920000204,0.07873072329999786,0.13409991059999982
a100,c0001,channels,2,524288,LL,LL,2,2,0,108,0,16,20,100,0,True,,5.2428799999999995,205237;205466,5,65.5667209625,65.5257606506,65.5974388123,65.64969,65.6038,65.67494,0.07784212340000352,0.07750118770000824,0.0780393494000009
a100,c0001,channels,2,1048576,LL,LL,2,2,0,108,0,16,20,100,0,True,,10.485759999999999,205237;205466,5,122.470397949,122.327041626,122.470397949,122.5422,122.40133,122.54801,0.072861771999996,0.0718020509999917,0.07428837400000532
a100,c0001,channels,2,2097152,LL,LL,2,2,0,108,0,16,20,100,0,True,,20.971519999999998,205237;205466,5,235.612163544,235.601921082,235.663356781,235.68388,235.67965,235.74339,0.0800332190000006,0.07772891800001958,0.0822052090000227
a100,c0001,channels,2,3145728,LL,LL,2,2,0,108,0,16,20,100,0,True,,31.45728,205237;205466,5,348.876800537,348.723182678,348.927993774,348.95849,348.80691,349.01873,0.08372732200001565,0.08168946299997515,0.08555180700000165
a100,c0001,channels,2,4194304,LL,LL,2,2,0,108,0,16,20,100,0,True,,41.943039999999996,205237;205466,5,460.554237366,460.554237366,460.697593689,460.64127,460.63386,460.77802,0.08406307400002788,0.08042631100005337,0.0870326340000247
a100,c0002,channels,2,65536,LL,LL,4,4,0,108,0,16,20,100,0,True,,0.6553599999999999,205466,5,14.3974399567,14.2540800571,14.5203197002,14.46549,14.33334,14.60035,0.07925994290000027,0.07684998790000108,0.08003029980000065
a100,c0002,channels,2,262144,LL,LL,4,4,0,108,0,16,20,100,0,True,,2.6214399999999998,205466,5,23.69535923,23.6851191521,23.726079464,23.76582,23.76162,23.79749,0.07141053599999836,0.0704607700000004,0.07650084790000022
a100,c0002,channels,2,524288,LL,LL,4,4,0,108,0,16,20,100,0,True,,5.2428799999999995,205466,5,37.7548789978,37.7548789978,37.8470396996,37.82404,37.82313,37.92183,0.0693301445000003,0.06916100219999777,0.07479030039999657
a100,c0002,channels,2,1048576,LL,LL,4,4,0,108,0,16,20,100,0,True,,10.485759999999999,205466,5,66.048002243,65.7919979095,66.0889577866,66.12551,65.87713,66.17732,0.08123209050000924,0.07997158969999418,0.0851320904999966
a100,c0002,channels,2,2097152,LL,LL,4,4,0,108,0,16,20,100,0,True,,20.971519999999998,205466,5,122.982397079,122.95167923,123.013124466,123.06501,123.03455,123.13585,0.08261292100000617,0.07887646999999731,0.08287076999999954
a100,c0002,channels,2,3145728,LL,LL,4,4,0,108,0,16,20,100,0,True,,31.45728,205466,5,179.261436462,179.210243225,179.322872162,179.3846,179.28792,179.40195,0.07767677500001469,0.07639110799999571,0.07907783799998924
a100,c0002,channels,2,4194304,LL,LL,4,4,0,108,0,16,20,100,0,True,,41.943039999999996,205466,5,236.503047943,236.44159317,236.523513794,236.60997,236.51649,236.64853,0.08645620600000825,0.07742202399998632,0.12998638999999912
a100,c0003,channels,2,131072,LL,LL,8,8,0,108,0,16,20,100,0,True,,1.3107199999999999,205466,5,14.4384002686,14.4281601906,14.929920435,14.51539,14.50406,15.05854,0.07589980940000096,0.07423005540000105,0.07698973139999943
a100,c0003,channels,2,262144,LL,LL,8,8,0,108,0,16,20,100,0,True,,2.6214399999999998,205466,5,18.0838394165,18.0633604527,18.5036802292,18.15541,18.14478,18.63674,0.08141954730000123,0.07825040500000213,0.1287803616000005
a100,c0003,channels,2,524288,LL,LL,8,8,0,108,0,16,20,100,0,True,,5.2428799999999995,205466,5,25.9788799286,25.9583997726,26.0403203964,26.05204,26.04221,26.11396,0.0775006172000019,0.07363960360000021,0.08381022740000077
a100,c0003,channels,2,1048576,LL,LL,8,8,0,108,0,16,20,100,0,True,,10.485759999999999,205466,5,42.874879837,42.8441619873,42.9977607727,42.95091,42.92326,43.08278,0.08285816859999784,0.07909801270000116,0.08501922730000189
a100,c0003,channels,2,2097152,LL,LL,8,8,0,108,0,16,20,100,0,True,,20.971519999999998,205466,5,74.6803188324,74.6086406708,74.7929620743,74.75615,74.68702,74.86947,0.07692792570000506,0.07650792570001386,0.07837932920000412
a100,c0003,channels,2,3145728,LL,LL,8,8,0,108,0,16,20,100,0,True,,31.45728,205466,5,105.707521439,105.646076202,105.74848175,105.77706,105.71596,105.82958,0.07722762599999555,0.06988379799999223,0.08109825000001081
a100,c0003,channels,2,4194304,LL,LL,8,8,0,108,0,16,20,100,0,True,,41.943039999999996,205466,5,134.778881073,134.481916428,134.799356461,134.85014,134.56378,134.91234,0.07943799099999183,0.0788692719999915,0.08186357200000316
a100,c0004,channels,2,196608,LL,LL,12,12,0,108,0,16,20,100,0,True,,1.96608,205237;205466,5,15.7900798321,15.7695996761,15.820800066,15.8692,15.84054,15.89165,0.07912016789999932,0.07094032390000038,0.08014985600000024
a100,c0004,channels,2,262144,LL,LL,12,11,0,108,0,16,20,100,0,False,channels_unrealized,2.6214399999999998,205237;205466,5,17.8483200073,17.8175997734,17.9097604752,17.92126,17.89661,17.98388,0.07627046050000175,0.07411952480000039,0.07901022659999768
a100,c0004,channels,2,524288,LL,LL,12,12,0,108,0,16,20,100,0,True,,5.2428799999999995,205237;205466,5,25.53855896,25.5180811882,25.5487990379,25.61359,25.60017,25.63173,0.0786205721999984,0.07503103999999894,0.0820888117999985
a100,c0004,channels,2,786432,LL,LL,12,12,0,108,0,16,20,100,0,True,,7.86432,205237;205466,5,32.5119996071,32.3993611336,32.8908801079,32.60468,32.47232,33.01877,0.09268039290000019,0.07365925629999737,0.12788989210000068
a100,c0004,channels,2,1048576,LL,LL,12,12,0,108,0,16,20,100,0,True,,10.485759999999999,205237;205466,5,39.3932795525,39.3625593185,39.4239997864,39.4662,39.44226,39.49367,0.07649997969999589,0.07292044750000315,0.07970068150000031
a100,c0004,channels,2,1572864,LL,LL,12,12,0,108,0,16,20,100,0,True,,15.72864,205237;205466,5,52.6540803909,52.6233577728,52.6643180847,52.73059,52.70433,52.74341,0.07903007689999697,0.07650960910000038,0.0790919152999976
a100,c0004,channels,2,2097152,LL,LL,12,12,0,108,0,16,20,100,0,True,,20.971519999999998,205237;205466,5,65.5257606506,65.5052804947,65.5667209625,65.5973,65.57997,65.64969,0.07468950530000029,0.07153934939999829,0.08229872560001184
a100,c0004,channels,2,3145728,LL,LL,12,12,0,108,0,16,20,100,0,True,,31.45728,205237;205466,5,90.2451229095,90.2143955231,90.2655982971,90.31846,90.30095,90.33701,0.08138232670000889,0.07333709050000436,0.08655447690000528
a100,c0004,channels,2,4194304,LL,LL,12,12,0,108,0,16,20,100,0,True,,41.943039999999996,205237;205466,5,118.220796585,118.128643036,118.292484283,118.30433,118.20673,118.38679,0.07808696399999349,0.07544375999999886,0.0835334149999909
a100,c0005,channels,2,262144,LL,LL,16,16,0,108,0,16,20,100,0,True,,2.6214399999999998,205237;205466,5,17.7868795395,17.7254402637,17.8175997734,17.88749,17.81024,17.91254,0.07689012610000034,0.07619983669999897,0.08479973629999904
a100,c0005,channels,2,524288,LL,LL,16,16,0,108,0,16,20,100,0,True,,5.2428799999999995,205237;205466,5,25.7228803635,25.7228803635,25.8150410652,25.80406,25.79554,25.89744,0.08117963649999993,0.07789049420000183,0.08239893480000049
a100,c0005,channels,2,1048576,LL,LL,16,16,0,108,0,16,20,100,0,True,,10.485759999999999,205237;205466,5,41.3184022903,41.2671995163,41.6358423233,41.39502,41.34273,41.75992,0.07661770970000248,0.07630958099999674,0.12407767670000425
a100,c0005,channels,2,2097152,LL,LL,16,16,0,108,0,16,20,100,0,True,,20.971519999999998,205237;205466,5,66.6214418411,66.5395212173,66.7545604706,66.83077,66.70252,66.88327,0.07751152369999659,0.07620952940000336,0.08107815890001291
a100,c0005,channels,2,3145728,LL,LL,16,16,0,108,0,16,20,100,0,True,,31.45728,205237;205466,5,92.2214412689,92.0780754089,92.4876785278,92.3081,92.1555,92.5691,0.08001091430000429,0.077424591099998,0.08142147220000595
a100,c0005,channels,2,4194304,LL,LL,16,16,0,108,0,16,20,100,0,True,,41.943039999999996,205237;205466,5,120.442876816,120.227842331,120.647678375,120.5254,120.30118,120.79052,0.13154252700000768,0.08252318400001002,0.13237926099999697
a100,c0006,channels,2,262144,LL,LL,20,16,0,108,0,16,20,100,0,False,channels_unrealized,2.6214399999999998,205237;205466,5,17.7868795395,17.7766394615,17.8278398514,17.86375,17.85423,17.90803,0.07759053850000086,0.07687046050000035,0.07893950229999902
a100,c0006,channels,2,327680,LL,LL,20,20,0,108,0,16,20,100,0,True,,3.2768,205237;205466,5,18.9952003956,18.9132797718,19.0259194374,19.07338,18.99373,19.10404,0.07812056260000233,0.07758040659999921,0.07817960439999894
a100,c0006,channels,2,524288,LL,LL,20,19,0,108,0,16,20,100,0,False,channels_unrealized,5.2428799999999995,205237;205466,5,25.3030395508,25.2723193169,25.3849601746,25.37764,25.35189,25.45999,0.07676068310000161,0.07502982540000147,0.07957068310000182
a100,c0006,channels,2,1048576,LL,LL,20,20,0,108,0,16,20,100,0,True,,10.485759999999999,205237;205466,5,38.8812804222,38.8095998764,38.9836788177,38.95562,38.90101,39.06072,0.07704118230000034,0.0757102016000033,0.07839094829999738
a100,c0006,channels,2,1310720,LL,LL,20,20,0,108,0,16,20,100,0,True,,13.1072,205237;205466,5,44.9638414383,44.9331188202,45.0048017502,45.03935,45.0177,45.07923,0.081449809300004,0.07550856169999776,0.08458117979999713
a100,c0006,channels,2,2097152,LL,LL,20,20,0,108,0,16,20,100,0,True,,20.971519999999998,205237;205466,5,65.0547218323,64.9215984344,65.4848003387,65.132,65.00334,65.62696,0.08174156559999801,0.08087925929999074,0.14021962830000234
a100,c0006,channels,2,2621440,LL,LL,20,20,0,108,0,16,20,100,0,True,,26.2144,205237;205466,5,75.5609607697,75.4278421402,75.6326389313,75.66602,75.51101,75.70228,0.08316785979999963,0.07627063390000899,0.1050592303000002
a100,c0006,channels,2,3145728,LL,LL,20,20,0,108,0,16,20,100,0,True,,31.45728,205237;205466,5,89.4361591339,89.3132781982,89.4668769836,89.5091,89.3954,89.54528,0.07639812499999721,0.07294086609999795,0.07840301640000291
a100,c0006,channels,2,4194304,LL,LL,20,20,0,108,0,16,20,100,0,True,,41.943039999999996,205237;205466,5,114.513921738,114.391040802,114.882564545,114.59016,114.46964,114.95107,0.07623826200000394,0.07509228399999301,0.07859919799999204
a100,c0006,channels,2,5242880,LL,LL,20,20,0,108,0,16,20,100,0,True,,52.4288,205237;205466,5,139.673595428,139.653120041,139.683837891,139.7591,139.72534,139.80852,0.07526210899999342,0.07336089500000753,0.08620624899998575
a100,c0007,channels,2,262144,LL,LL,22,22,0,108,0,16,20,100,0,True,,2.6214399999999998,205237;205466,5,17.7766394615,17.7561604977,17.8073596954,17.85172,17.84,17.88499,0.07508053849999996,0.07020952480000275,0.07763030459999953
a100,c0007,channels,2,360448,LL,LL,22,22,0,108,0,16,20,100,0,True,,3.6044799999999997,205237;205466,5,19.773440361,19.6505594254,20.0191998482,19.84767,19.72925,20.09896,0.07869057459999951,0.0756396164999984,0.07976015180000218
a100,c0007,channels,2,524288,LL,LL,22,22,0,108,0,16,20,100,0,True,,5.2428799999999995,205237;205466,5,24.1356801987,24.1254401207,24.2176008224,24.2194,24.20568,24.29815,0.08054917759999825,0.08023987930000231,0.08371980129999912
a100,c0007,channels,2,1048576,LL,LL,22,22,0,108,0,16,20,100,0,True,,10.485759999999999,205237;205466,5,37.9084801674,37.8675198555,37.9084801674,37.98595,37.94526,37.99456,0.07774931979999877,0.07774014449999811,0.0860798325999994
a100,c0007,channels,2,1441792,LL,LL,22,22,0,108,0,16,20,100,0,True,,14.417919999999999,205237;205466,5,48.2304000854,48.1177616119,48.2918405533,48.30033,48.19663,48.37549,0.0788683880999983,0.07728194180000258,0.08059929079999506
a100,c0007,channels,2,2097152,LL,LL,22,22,0,108,0,16,20,100,0,True,,20.971519999999998,205237;205466,5,63.6211204529,63.283200264,64.5939207077,63.75774,63.36018,64.71829,0.08040176330000293,0.07697973599999841,0.1243692923000026
a100,c0007,channels,2,2883584,LL,LL,22,22,0,108,0,16,20,100,0,True,,28.835839999999997,205237;205466,5,81.2032032013,81.1622428894,81.2441635132,81.28454,81.23334,81.32352,0.07935648680000895,0.07712714360000916,0.08133679870000776
a100,c0007,channels,2,3145728,LL,LL,22,22,0,108,0,16,20,100,0,True,,31.45728,205237;205466,5,88.8319969177,88.5657596588,88.9651203156,88.90784,88.64553,89.04811,0.07961906069999714,0.07584308229999692,0.07977034119998905
a100,c0007,channels,2,4194304,LL,LL,22,22,0,108,0,16,20,100,0,True,,41.943039999999996,205237;205466,5,112.547836304,112.476158142,112.568321228,112.61996,112.55053,112.64782,0.07846216999999456,0.07437185799999213,0.07949877199999378
a100,c0007,channels,2,5767168,LL,LL,22,22,0,108,0,16,20,100,0,True,,57.671679999999995,205237;205466,5,149.616641998,149.575681686,149.821443558,149.69485,149.66058,149.96147,0.08349018499998806,0.08123824800000534,0.08489831400001435
a100,c0008,channels,2,262144,LL,LL,23,22,0,108,0,16,20,100,0,False,channels_unrealized,2.6214399999999998,205237;205466,5,17.7766394615,17.7766394615,17.7868795395,17.85072,17.84821,17.86295,0.07364035999999885,0.07352999269999927,0.07408053849999874
a100,c0008,channels,2,376832,LL,LL,23,23,0,108,0,16,20,100,0,True,,3.76832,205237;205466,5,19.9782395363,19.9577605724,20.0499200821,20.05358,20.03694,20.12451,0.07534046370000169,0.07458991789999914,0.07642966150000063
a100,c0008,channels,2,524288,LL,LL,23,22,0,108,0,16,20,100,0,False,channels_unrealized,5.2428799999999995,205237;205466,5,24.1664004326,24.1561603546,24.1868805885,24.24706,24.22852,24.26178,0.07489941150000234,0.07235964539999884,0.08065956740000146
a100,c0008,channels,2,1048576,LL,LL,23,22,0,108,0,16,20,100,0,False,channels_unrealized,10.485759999999999,205237;205466,5,37.8572797775,37.8470396996,37.9596805573,37.94046,37.92853,38.04125,0.08284885189999613,0.08149030039999872,0.08318022250000467
a100,c0008,channels,2,1507328,LL,LL,23,23,0,108,0,16,20,100,0,True,,15.07328,205237;205466,5,49.1724777222,49.1417598724,49.1827201843,49.25157,49.21632,49.26269,0.07909227780000094,0.07551875699999755,0.07996981569999662
a100,c0008,channels,2,2097152,LL,LL,23,23,0,108,0,16,20,100,0,True,,20.971519999999998,205237;205466,5,63.6927986145,63.6518383026,63.8259220123,63.77639,63.72569,63.90925,0.08332798770000238,0.07385169740000208,0.08359138550000011
a100,c0008,channels,2,3014656,LL,LL,23,23,0,108,0,16,20,100,0,True,,30.14656,205237;205466,5,84.3264007568,84.2751979828,84.3878364563,84.40397,84.35707,84.46418,0.07713556640000263,0.07634354370000551,0.0775692432000028
a100,c0008,channels,2,3145728,LL,LL,23,23,0,108,0,16,20,100,0,True,,31.45728,205237;205466,5,88.7091159821,88.6271953583,89.0163230896,88.84602,88.70757,89.16183,0.13690401789999385,0.08037464170000419,0.14550691040000174
a100,c0008,channels,2,4194304,LL,LL,23,23,0,108,0,16,20,100,0,True,,41.943039999999996,205237;205466,5,111.902723312,111.861763,112.660484314,111.98544,111.97924,112.74309,0.08260568599999374,0.07651668799999811,0.09011700000000644
a100,c0008,channels,2,6029312,LL,LL,23,23,0,108,0,16,20,100,0,True,,60.29312,205237;205466,5,156.006402969,155.791358948,156.047363281,156.08501,155.86558,156.12806,0.0806967190000023,0.07860703100001842,0.0812213970000073
a100,c0009,channels,2,262144,LL,LL,24,22,0,108,0,16,20,100,0,False,channels_unrealized,2.6214399999999998,205237;205466,5,17.8483200073,17.8175997734,17.9200005531,17.91776,17.89381,17.9953,0.07529944690000079,0.0728600481000008,0.0762102265999971
a100,c0009,channels,2,393216,LL,LL,24,24,0,108,0,16,20,100,0,True,,3.93216,205237;205466,5,20.377600193,20.2751994133,20.4288005829,20.45334,20.35656,20.49933,0.07573980700000149,0.07052941710000127,0.08136058670000068
a100,c0009,channels,2,524288,LL,LL,24,22,0,108,0,16,20,100,0,False,channels_unrealized,5.2428799999999995,205237;205466,5,24.0947198868,23.9820790291,24.1664004326,24.1675,24.0628,24.24856,0.07925886570000173,0.07884104889999932,0.08072097089999986
a100,c0009,channels,2,1048576,LL,LL,24,24,0,108,0,16,20,100,0,True,,10.485759999999999,205237;205466,5,37.7753591537,37.7651190758,37.9084801674,37.84578,37.84568,37.98335,0.07486983260000102,0.07461885189999862,0.08056092420000027
a100,c0009,channels,2,1572864,LL,LL,24,24,0,108,0,16,20,100,0,True,,15.72864,205237;205466,5,50.6982421875,50.5855989456,50.7904005051,50.78442,50.6665,50.86168,0.079221522200001,0.07871117740000244,0.08090105440000173
a100,c0009,channels,2,2097152,LL,LL,24,24,0,108,0,16,20,100,0,True,,20.971519999999998,205237;205466,5,61.1942386627,61.143040657,61.3580799103,61.27146,61.21374,61.43587,0.0772213372999957,0.07517196109999702,0.07779008970000234
a100,c0009,channels,2,3145728,LL,LL,24,24,0,108,0,16,20,100,0,True,,31.45728,205237;205466,5,87.3267173767,87.2243213654,87.572479248,87.41767,87.29453,87.65021,0.0777307520000079,0.07494387079999854,0.09095262329999798
a100,c0009,channels,2,4194304,LL,LL,24,24,0,108,0,16,20,100,0,True,,41.943039999999996,205237;205466,5,111.421442032,111.359996796,111.677436829,111.50642,111.43828,111.7589,0.07828320400000166,0.0768961299999944,0.08146317099999578
a100,c0009,channels,2,6291456,LL,LL,24,24,0,108,0,16,20,100,0,True,,62.91456,205237;205466,5,160.481281281,160.348167419,160.573444366,160.62613,160.42875,160.65099,0.08058258100001581,0.07754563400001757,0.08068743900000186
a100,c0010,channels,2,262144,LL,LL,28,22,0,108,0,16,20,100,0,False,channels_unrealized,2.6214399999999998,205466,5,17.7561604977,17.7459204197,17.7766394615,17.84061,17.81655,17.85503,0.078390538499999,0.07335035999999917,0.08444950230000003
a100,c0010,channels,2,458752,LL,LL,28,28,0,108,0,16,20,100,0,True,,4.5875200000000005,205466,5,22.1081590652,22.1081590652,22.6304006577,22.19049,22.18838,22.75518,0.08233093480000164,0.08022093479999981,0.12477934229999832
a100,c0010,channels,2,524288,LL,LL,28,26,0,108,0,16,20,100,0,False,channels_unrealized,5.2428799999999995,205466,5,24.023039341,23.9820790291,24.0537595749,24.10458,24.05649,24.12422,0.07535952239999943,0.0744109709000007,0.08064917759999801
a100,c0010,channels,2,1048576,LL,LL,28,26,0,108,0,16,20,100,0,False,channels_unrealized,10.485759999999999,205466,5,36.8435192108,36.8332791328,36.8537592888,36.91638,36.90476,36.93422,0.07608957460000454,0.07286078919999994,0.0804607112000042
a100,c0010,channels,2,1835008,LL,LL,28,28,0,108,0,16,20,100,0,True,,18.350080000000002,205466,5,57.3747205734,57.3542404175,57.3849582672,57.45188,57.42894,57.45829,0.07715942660000508,0.07469958249999564,0.079750173299999
a100,c0010,channels,2,2097152,LL,LL,28,27,0,108,0,16,20,100,0,False,channels_unrealized,20.971519999999998,205466,5,62.4844789505,62.4537611008,62.5868797302,62.56295,62.53048,62.65892,0.07847104950000272,0.07671889919999586,0.0786512383999991
a100,c0010,channels,2,3145728,LL,LL,28,28,0,108,0,16,20,100,0,True,,31.45728,205466,5,88.0844783783,87.8079986572,88.115196228,88.2028,87.88778,88.24707,0.08289791199999286,0.07978134280000404,0.08760377199999425
a100,c0010,channels,2,3670016,LL,LL,28,28,0,108,0,16,20,100,0,True,,36.700160000000004,205466,5,101.079044342,100.966396332,101.09951973,101.15065,101.05366,101.24042,0.07672631500000193,0.0753971840000105,0.08726366799999141
a100,c0010,channels,2,4194304,LL,LL,28,28,0,108,0,16,20,100,0,True,,41.943039999999996,205466,5,115.445756912,115.189762115,115.476484299,115.51555,115.26096,115.56534,0.08244090499999857,0.07119788500000368,0.08350128200000029
a100,c0010,channels,2,7340032,LL,LL,28,28,0,108,0,16,20,100,0,True,,73.40032000000001,205466,5,190.689277649,190.658569336,190.894088745,190.77117,190.7392,190.9797,0.08189235100002179,0.0815980510000145,0.08561125500000344
a100,c0011,channels,2,262144,LL,LL,32,32,0,108,0,16,20,100,0,True,,2.6214399999999998,205237;205466,5,16.9164800644,16.7936003208,16.9472002983,16.98826,16.87174,17.02253,0.07813967919999953,0.07532970169999942,0.07977983510000186
a100,c0011,channels,2,524288,LL,LL,32,32,0,108,0,16,20,100,0,True,,5.2428799999999995,205237;205466,5,23.398399353,23.2857608795,23.4495997429,23.46685,23.35865,23.52175,0.07288912050000107,0.07215025710000234,0.08251958830000206
a100,c0011,channels,2,1048576,LL,LL,32,32,0,108,0,16,20,100,0,True,,10.485759999999999,205237;205466,5,36.485118866,36.2905597687,36.5055990219,36.5623,36.38245,36.57753,0.08061082209999881,0.07718113399999993,0.08107023130000357
a100,c0011,channels,2,2097152,LL,LL,32,32,0,108,0,16,20,100,0,True,,20.971519999999998,205237;205466,5,62.5254392624,62.3615980148,62.5971221924,62.59961,62.44121,62.66984,0.07809198519999683,0.07417073759999937,0.07961198519999613
a100,c0011,channels,2,3145728,LL,LL,32,32,0,108,0,16,20,100,0,True,,31.45728,205237;205466,5,86.1286354065,85.9648036957,86.5075206757,86.21183,86.05576,86.58817,0.08064932430001193,0.0780275519000071,0.08319459350001068
a100,c0011,channels,2,4194304,LL,LL,32,32,0,108,0,16,20,100,0,True,,41.943039999999996,205237;205466,5,110.571517944,110.561275482,110.684156418,110.66058,110.64177,110.81308,0.08906205599998884,0.08049451799999474,0.12892358199999876
a100,c0011,channels,2,8388608,LL,LL,32,32,0,108,0,16,20,100,0,True,,83.88607999999999,205237;205466,5,209.172477722,209.141769409,209.213447571,209.25619,209.2291,209.30037,0.08371227800000725,0.08236922500000787,0.08692242899999769
a100,c0012,channels,2,16384,LL128,LL128,1,1,0,108,0,20,20,100,0,True,,0.16383999999999999,205237;205466,5,25.3030395508,25.3030395508,25.3235197067,25.38275,25.38034,25.39978,0.07626029329999895,0.07579966950000028,0.07730044919999912
a100,c0012,channels,2,65536,LL128,LL128,1,1,0,108,0,20,20,100,0,True,,0.6553599999999999,205237;205466,5,29.9212789536,29.9008011818,29.9827194214,30.00436,29.9751,30.06448,0.08176057860000085,0.07893050059999851,0.0830810463999967
a100,c0012,channels,2,131072,LL128,LL128,1,1,0,108,0,20,20,100,0,True,,1.3107199999999999,205237;205466,5,36.8435192108,36.7820811272,36.8435192108,36.9218,36.85687,36.9271,0.07828078920000081,0.07722016539999998,0.08085910679999841
a100,c0012,channels,2,262144,LL128,LL128,1,1,0,108,0,20,20,100,0,True,,2.6214399999999998,205237;205466,5,49.3875217438,49.3875217438,49.4284820557,49.4751,49.46579,49.50377,0.07826825619999767,0.07528794430000119,0.08757825619999693
a100,c0012,channels,2,524288,LL128,LL128,1,1,0,108,0,20,20,100,0,True,,5.2428799999999995,205237;205466,5,71.8540811539,71.8438386917,71.8950414658,71.94232,71.92289,71.97129,0.07905130829999507,0.07624853419999056,0.08823884609999766
a100,c0012,channels,2,1048576,LL128,LL128,1,1,0,108,0,20,20,100,0,True,,10.485759999999999,205237;205466,5,118.220796585,118.118400574,118.231039047,118.30052,118.19331,118.33459,0.07972341500000368,0.07490942599999073,0.09787431799999524
a100,c0012,channels,2,2097152,LL128,LL128,1,1,0,108,0,20,20,100,0,True,,20.971519999999998,205237;205466,5,218.869762421,218.787841797,218.93119812,218.94459,218.85903,219.01115,0.07995187999998166,0.07482757900001502,0.0808137510000222
a100,c0012,channels,2,3145728,LL128,LL128,1,1,0,108,0,20,20,100,0,True,,31.45728,205237;205466,5,317.460479736,317.36831665,317.470722198,317.54473,317.46276,317.54683,0.0842502639999907,0.07690287700000908,0.08843335000000252
a100,c0012,channels,2,4194304,LL128,LL128,1,1,0,108,0,20,20,100,0,True,,41.943039999999996,205237;205466,5,418.621444702,418.621444702,418.703346252,418.7136,418.69612,418.79366,0.09031374799997138,0.07753162099999145,0.09077897499997789
a100,c0013,channels,2,32768,LL128,LL128,2,2,0,108,0,20,20,100,0,True,,0.32767999999999997,205237;205466,5,26.6649603844,26.6137599945,26.7878389359,26.74728,26.69157,26.8617,0.07781000549999817,0.07528031740000074,0.08231961559999945
a100,c0013,channels,2,131072,LL128,LL128,2,2,0,108,0,20,20,100,0,True,,1.3107199999999999,205237;205466,5,31.3958406448,31.3139200211,31.4982390404,31.46718,31.38592,31.57799,0.07975095959999834,0.0719999788999992,0.0843709146000009
a100,c0013,channels,2,262144,LL128,LL128,2,2,0,108,0,20,20,100,0,True,,2.6214399999999998,205237;205466,5,38.1951999664,38.1132793427,38.3897590637,38.27571,38.18714,38.46788,0.07828913089999645,0.07812093630000305,0.08051003359999953
a100,c0013,channels,2,524288,LL128,LL128,2,2,0,108,0,20,20,100,0,True,,5.2428799999999995,205237;205466,5,50.8006381989,50.7084798813,50.8723211288,50.88152,50.78514,50.95226,0.07993887119999954,0.07666011869999778,0.08088180109999854
a100,c0013,channels,2,1048576,LL128,LL128,2,2,0,108,0,20,20,100,0,True,,10.485759999999999,205237;205466,5,73.3798408508,73.3593606949,73.4003210068,73.46357,73.44313,73.47748,0.08272036379999292,0.07856207919999747,0.08372914920001051
a100,c0013,channels,2,2097152,LL128,LL128,2,2,0,108,0,20,20,100,0,True,,20.971519999999998,205237;205466,5,119.818239212,119.818239212,119.869441986,119.89841,119.89659,119.96523,0.08017078800000377,0.07835078800000872,0.09578801400000714
a100,c0013,channels,2,3145728,LL128,LL128,2,2,0,108,0,20,20,100,0,True,,31.45728,205237;205466,5,174.274559021,174.161911011,174.325752258,174.35392,174.23859,174.40211,0.0793609790000005,0.07667898899998704,0.08256839800000648
a100,c0013,channels,2,4194304,LL128,LL128,2,2,0,108,0,20,20,100,0,True,,41.943039999999996,205237;205466,5,220.549125671,220.446720123,220.569591522,220.64549,220.5404,220.68966,0.08588358599999424,0.07807414399999857,0.09367987699999958
a100,c0014,channels,2,65536,LL128,LL128,4,4,0,108,0,20,20,100,0,True,,0.6553599999999999,205237;205466,5,27.0438408852,26.8595194817,27.0745611191,27.1228,26.93253,27.14876,0.07639922580000302,0.07419888089999915,0.07895911479999995
a100,c0014,channels,2,262144,LL128,LL128,4,4,0,108,0,20,20,100,0,True,,2.6214399999999998,205237;205466,5,31.7030405998,31.6825604439,31.7337608337,31.77657,31.75584,31.81875,0.07352940019999821,0.07327955609999748,0.08498916630000153
a100,c0014,channels,2,524288,LL128,LL128,4,4,0,108,0,20,20,100,0,True,,5.2428799999999995,205237;205466,5,38.6867189407,38.666241169,38.7788796425,38.76365,38.74481,38.85953,0.08065035749999794,0.07856883099999834,0.08492949979999764
a100,c0014,channels,2,1048576,LL128,LL128,4,4,0,108,0,20,20,100,0,True,,10.485759999999999,205237;205466,5,52.5209617615,52.4697589874,52.5209617615,52.60604,52.54563,52.60895,0.07771222720000281,0.07587101260000395,0.08507823850000307
a100,c0014,channels,2,2097152,LL128,LL128,4,4,0,108,0,20,20,100,0,True,,20.971519999999998,205237;205466,5,76.5747213364,76.4415979385,76.6361618042,76.64971,76.52449,76.71703,0.08086819579999371,0.07498866359999568,0.08289206150000439
a100,c0014,channels,2,3145728,LL128,LL128,4,4,0,108,0,20,20,100,0,True,,31.45728,205237;205466,5,102.256641388,102.225923538,102.338562012,102.33423,102.30046,102.42049,0.07566412700001024,0.07453646199999753,0.07758861199999956
a100,c0014,channels,2,4194304,LL128,LL128,4,4,0,108,0,20,20,100,0,True,,41.943039999999996,205237;205466,5,126.750717163,126.535682678,126.750717163,126.82937,126.61662,126.87185,0.09312255799999036,0.08093732199999693,0.12113283699999045
a100,c0015,channels,2,131072,LL128,LL128,8,8,0,108,0,20,20,100,0,True,,1.3107199999999999,205466,5,27.0643210411,27.0643210411,27.1359992027,27.15236,27.13533,27.20997,0.07434032939999824,0.07397079729999945,0.08359958269999979
a100,c0015,channels,2,262144,LL128,LL128,8,8,0,108,0,20,20,100,0,True,,2.6214399999999998,205466,5,28.5696005821,28.5184001923,28.6617588997,28.64353,28.60286,28.73922,0.07746110029999898,0.07590043149999914,0.08103094439999836
a100,c0015,channels,2,524288,LL128,LL128,8,8,0,108,0,20,20,100,0,True,,5.2428799999999995,205466,5,33.5155200958,33.5052800179,33.5360002518,33.59408,33.58777,33.61281,0.0785599041999987,0.07729076190000228,0.08150967030000089
a100,c0015,channels,2,1048576,LL128,LL128,8,8,0,108,0,20,20,100,0,True,,10.485759999999999,205466,5,42.4652814865,42.3526382446,42.8441619873,42.54845,42.43393,42.97938,0.08316851350000576,0.08129175539999522,0.11443985109999488
a100,c0015,channels,2,2097152,LL128,LL128,8,8,0,108,0,20,20,100,0,True,,20.971519999999998,205466,5,59.2486381531,59.2076778412,59.2588806152,59.33181,59.28902,59.33982,0.0831718468999938,0.08134215879999829,0.0848404764000037
a100,c0015,channels,2,3145728,LL128,LL128,8,8,0,108,0,20,20,100,0,True,,31.45728,205466,5,76.7180776596,76.6566419601,76.7590379715,76.79258,76.73497,76.84007,0.08000835170000187,0.07832803990000059,0.08103202849999036
a100,c0015,channels,2,4194304,LL128,LL128,8,8,0,108,0,20,20,100,0,True,,41.943039999999996,205466,5,92.8870391846,92.6720046997,93.0508804321,92.96968,92.76067,93.20051,0.08866530030000774,0.08264081539999779,0.12110324460000754
a100,c0016,channels,2,196608,LL128,LL128,12,12,0,108,0,20,20,100,0,True,,1.96608,205466,5,27.4022388458,27.2793602943,27.4227190018,27.47909,27.35445,27.49602,0.07508970569999818,0.07399009550000102,0.07685115419999988
a100,c0016,channels,2,262144,LL128,LL128,12,8,0,108,0,20,20,100,0,False,channels_unrealized,2.6214399999999998,205466,5,28.600320816,28.4774398804,28.6515188217,28.675,28.54735,28.74102,0.06991011960000293,0.0698997748000032,0.07467918400000073
a100,c0016,channels,2,524288,LL128,LL128,12,11,0,108,0,20,20,100,0,False,channels_unrealized,5.2428799999999995,205466,5,31.7337608337,31.7132806778,31.7337608337,31.80233,31.79141,31.80482,0.07218033579999883,0.07105916629999953,0.0781293221999988
a100,c0016,channels,2,786432,LL128,LL128,12,12,0,108,0,20,20,100,0,True,,7.86432,205466,5,36.3724803925,36.3315200806,36.5567994118,36.44538,36.40519,36.63905,0.07773964049999904,0.07366991939999679,0.08225058819999731
a100,c0016,channels,2,1048576,LL128,LL128,12,11,0,108,0,20,20,100,0,False,channels_unrealized,10.485759999999999,205466,5,41.5334415436,41.4412784576,41.5436792374,41.60593,41.51475,41.62557,0.07626063960000096,0.07347154240000009,0.08189076260000405
a100,c0016,channels,2,1572864,LL128,LL128,12,12,0,108,0,20,20,100,0,True,,15.72864,205466,5,48.3635187149,48.1279993057,48.3737611771,48.4371,48.20335,48.45433,0.08056882289999834,0.07535069429999908,0.08214901179999856
a100,c0016,channels,2,2097152,LL128,LL128,12,12,0,108,0,20,20,100,0,True,,20.971519999999998,205466,5,56.1561584473,56.03328228,56.2073612213,56.28675,56.22813,56.45967,0.07938877870000027,0.07822983730000033,0.08109803189999809
a100,c0016,channels,2,3145728,LL128,LL128,12,12,0,108,0,20,20,100,0,True,,31.45728,205466,5,71.1065578461,71.0656023026,71.2601613998,71.18696,71.13847,71.35389,0.08040215389999616,0.07490816530000188,0.09372860020000928
a100,c0016,channels,2,4194304,LL128,LL128,12,12,0,108,0,20,20,100,0,True,,41.943039999999996,205466,5,86.9375991821,86.6918373108,86.9990444183,87.0155,86.78054,87.08353,0.08156053889999271,0.07790081790000158,0.08448558169999387
a100,c0017,channels,2,262144,LL128,LL128,16,16,0,108,0,20,20,100,0,True,,2.6214399999999998,205237;205466,5,27.9654407501,27.9040002823,28.0678391457,28.03857,27.98316,28.14507,0.07915971770000141,0.07723085430000154,0.0852901854999999
a100,c0017,channels,2,524288,LL128,LL128,16,16,0,108,0,20,20,100,0,True,,5.2428799999999995,205237;205466,5,30.7814407349,30.7609605789,30.8531188965,30.8592,30.83115,30.93296,0.07775926510000275,0.07077946610000296,0.07984110350000151
a100,c0017,channels,2,1048576,LL128,LL128,16,16,0,108,0,20,20,100,0,True,,10.485759999999999,205237;205466,5,39.1577601433,39.1270399094,39.3011188507,39.23556,39.2115,39.37904,0.0806704804999967,0.07792114930000338,0.08446009060000392
a100,c0017,channels,2,2097152,LL128,LL128,16,16,0,108,0,20,20,100,0,True,,20.971519999999998,205237;205466,5,54.8761606216,54.8454380035,54.9683189392,54.95677,54.9207,55.04794,0.08060937839999838,0.07962106079999387,0.0809700021000026
a100,c0017,channels,2,3145728,LL128,LL128,16,16,0,108,0,20,20,100,0,True,,31.45728,205237;205466,5,72.2636795044,72.1612787247,72.3660802841,72.3967,72.27438,72.43808,0.07987955990000728,0.07571928100000491,0.11310127529999647
a100,c0017,channels,2,4194304,LL128,LL128,16,16,0,108,0,20,20,100,0,True,,41.943039999999996,205237;205466,5,89.1084766388,89.0470409393,89.5692825317,89.1904,89.13368,89.70218,0.08557298339999875,0.08192336119999766,0.08663906069999427
a100,c0018,channels,2,262144,LL128,LL128,20,16,0,108,0,20,20,100,0,False,channels_unrealized,2.6214399999999998,205237;205466,5,27.9859209061,27.8732800484,28.1599998474,28.06091,27.95851,28.23164,0.07498909390000108,0.07223041950000209,0.0852299515999988
a100,c0018,channels,2,327680,LL128,LL128,20,20,0,108,0,20,20,100,0,True,,3.2768,205237;205466,5,28.5388803482,28.5388803482,28.5798406601,28.62119,28.61237,28.65586,0.07734024259999828,0.0760193399000002,0.08047027559999975
a100,c0018,channels,2,524288,LL128,LL128,20,16,0,108,0,20,20,100,0,False,channels_unrealized,5.2428799999999995,205237;205466,5,30.6995201111,30.6790399551,30.7814407349,30.77134,30.7508,30.8565,0.07505926510000194,0.07181988889999857,0.07993110350000165
a100,c0018,channels,2,1048576,LL128,LL128,20,16,0,108,0,20,20,100,0,False,channels_unrealized,10.485759999999999,205237;205466,5,39.2396807671,39.1475200653,39.6287989616,39.32052,39.22424,39.77078,0.08083923290000428,0.0767199347000016,0.13886908910000528
a100,c0018,channels,2,1310720,LL128,LL128,20,20,0,108,0,20,20,100,0,True,,13.1072,205237;205466,5,42.0044803619,41.9123220444,42.1683216095,42.08625,41.99749,42.24155,0.08176963809999904,0.08053826750000326,0.08516795559999935
a100,c0018,channels,2,2097152,LL128,LL128,20,19,0,108,0,20,20,100,0,False,channels_unrealized,20.971519999999998,205237;205466,5,54.6201610565,54.5894384384,54.6303987503,54.69798,54.66431,54.7112,0.07653184050000306,0.07487156159999842,0.07781894349999874
a100,c0018,channels,2,2621440,LL128,LL128,20,20,0,108,0,20,20,100,0,True,,26.2144,205237;205466,5,61.2351989746,61.2147188187,61.409277916,61.31784,61.3013,61.49268,0.08340208399999938,0.08264102539999385,0.08658118129999792
a100,c0018,channels,2,3145728,LL128,LL128,20,20,0,108,0,20,20,100,0,True,,31.45728,205237;205466,5,70.6867218018,70.533118248,70.7174396515,70.76666,70.61458,70.80012,0.08146175200000982,0.07993819819999715,0.08324776339999573
a100,c0018,channels,2,4194304,LL128,LL128,20,20,0,108,0,20,20,100,0,True,,41.943039999999996,205237;205466,5,83.6300754547,83.4867191315,83.6915206909,83.70631,83.57257,83.77304,0.08151930909998839,0.07623454529999663,0.08585086850000323
a100,c0018,channels,2,5242880,LL128,LL128,20,20,0,108,0,20,20,100,0,True,,52.4288,205237;205466,5,98.7648010254,98.6931228638,98.9388847351,98.85051,98.78248,99.02304,0.08570897459999571,0.08415526489999081,0.0870271033000023
a100,c0019,channels,2,262144,LL128,LL128,22,16,0,108,0,20,20,100,0,False,channels_unrealized,2.6214399999999998,205237;205466,5,27.9142403603,27.9142403603,28.0883193016,27.99238,27.98977,28.16651,0.0781396397000016,0.07554041950000112,0.07819069840000026
a100,c0019,channels,2,360448,LL128,LL128,22,22,0,108,0,20,20,100,0,True,,3.6044799999999997,205237;205466,5,29.0303993225,28.8870406151,29.4195199013,29.11163,28.96294,29.54357,0.08455063249999739,0.08123067750000246,0.12405009869999972
a100,c0019,channels,2,524288,LL128,LL128,22,16,0,108,0,20,20,100,0,False,channels_unrealized,5.2428799999999995,205237;205466,5,30.8428788185,30.8326411247,30.9043192863,30.91932,30.9081,30.98124,0.07545887530000073,0.07517099260000037,0.07644118149999812
a100,c0019,channels,2,1048576,LL128,LL128,22,22,0,108,0,20,20,100,0,True,,10.485759999999999,205237;205466,5,37.5500798225,37.4476790428,37.5500798225,37.62596,37.52316,37.63117,0.07548095719999992,0.07322924180000001,0.07588017749999665
a100,c0019,channels,2,1441792,LL128,LL128,22,22,0,108,0,20,20,100,0,True,,14.417919999999999,205237;205466,5,43.7555217743,43.7555217743,43.786239624,43.83242,43.8256,43.86999,0.07831791379999942,0.07689822569999905,0.08375037600000468
a100,c0019,channels,2,2097152,LL128,LL128,22,22,0,108,0,20,20,100,0,True,,20.971519999999998,205237;205466,5,54.0569591522,53.9648008347,54.0979194641,54.13298,54.03539,54.17727,0.07935053589999796,0.0760208478000024,0.08113763890000314
a100,c0019,channels,2,2883584,LL128,LL128,22,22,0,108,0,20,20,100,0,True,,28.835839999999997,205237;205466,5,64.3993616104,64.1638422012,64.4505596161,64.47162,64.23806,64.53043,0.07590811069999859,0.07421779880000656,0.07987038390000123
a100,c0019,channels,2,3145728,LL128,LL128,22,22,0,108,0,20,20,100,0,True,,31.45728,205237;205466,5,67.5430393219,67.5328016281,67.6659202576,67.62961,67.61328,67.73361,0.08103064510000024,0.08047837189999996,0.08135099000000423
a100,c0019,channels,2,4194304,LL128,LL128,22,22,0,108,0,20,20,100,0,True,,41.943039999999996,205237;205466,5,83.0463981628,82.9542446136,83.4662437439,83.1243,83.03201,83.5934,0.08128093439999873,0.07790183720000243,0.12715625610000814
a100,c0019,channels,2,5767168,LL128,LL128,22,22,0,108,0,20,20,100,0,True,,57.671679999999995,205237;205466,5,105.635843277,105.553922653,105.707521439,105.71414,105.6378,105.79049,0.08350980899999172,0.08296856100000127,0.08387734699999783
a100,c0020,channels,2,262144,LL128,LL128,23,16,0,108,0,20,20,100,0,False,channels_unrealized,2.6214399999999998,205237;205466,5,27.9552006721,27.8323197365,28.0473589897,28.03397,27.90701,28.13084,0.08053073139999967,0.07876932790000168,0.0834810102999981
a100,c0020,channels,2,376832,LL128,LL128,23,23,0,108,0,20,20,100,0,True,,3.76832,205237;205466,5,28.9996790886,28.9689588547,29.0201592445,29.07728,29.05102,29.09851,0.0783507555000007,0.07760091139999759,0.08051938490000055
a100,c0020,channels,2,524288,LL128,LL128,23,16,0,108,0,20,20,100,0,False,channels_unrealized,5.2428799999999995,205237;205466,5,30.730240345,30.6995201111,30.8428788185,30.80591,30.77313,30.92495,0.07566965500000222,0.07360988889999831,0.08160985600000004
a100,c0020,channels,2,1048576,LL128,LL128,23,22,0,108,0,20,20,100,0,False,channels_unrealized,10.485759999999999,205237;205466,5,37.5091195107,37.3248004913,37.5705599785,37.57696,37.40102,37.65683,0.0849198205999997,0.0762195086999995,0.08627002149999896
a100,c0020,channels,2,1507328,LL128,LL128,23,23,0,108,0,20,20,100,0,True,,15.07328,205237;205466,5,44.6361589432,44.4313621521,44.6771192551,44.704,44.51604,44.75541,0.07829074489999499,0.07383815979999753,0.0791913027999982
a100,c0020,channels,2,2097152,LL128,LL128,23,22,0,108,0,20,20,100,0,False,channels_unrealized,20.971519999999998,205237;205466,5,54.0569591522,53.8316822052,54.0876817703,54.13108,53.91146,54.16404,0.0797777947999947,0.0763582296999985,0.08290025699999859
a100,c0020,channels,2,3014656,LL128,LL128,23,23,0,108,0,20,20,100,0,True,,30.14656,205237;205466,5,65.699839592,65.5564785004,66.0070419312,65.78455,65.62496,66.08914,0.08384165559999701,0.08209806879999348,0.0847104079999923
a100,c0020,channels,2,3145728,LL128,LL128,23,22,0,108,0,20,20,100,0,False,channels_unrealized,31.45728,205237;205466,5,67.7888011932,67.3894405365,67.7888011932,67.86857,67.46891,67.91455,0.0797688068000042,0.07946946349998996,0.12574880680000433
a100,c0020,channels,2,4194304,LL128,LL128,23,22,0,108,0,20,20,100,0,False,channels_unrealized,41.943039999999996,205237;205466,5,82.9542446136,82.9132843018,83.5379219055,83.03061,82.99664,83.62187,0.08394809450000196,0.08335569819999478,0.09644632199999137
a100,c0020,channels,2,6029312,LL128,LL128,23,23,0,108,0,20,20,100,0,True,,60.29312,205237;205466,5,109.219837189,109.045763016,109.281282425,109.30526,109.11952,109.36769,0.0839612519999946,0.077755769999996,0.08542281100000082
a100,c0021,channels,2,262144,LL128,LL128,24,16,0,108,0,20,20,100,0,False,channels_unrealized,2.6214399999999998,205237;205466,5,28.0678391457,27.9244804382,28.1087994576,28.14026,28.0006,28.18235,0.07355054239999959,0.07242085430000245,0.07611956179999879
a100,c0021,channels,2,393216,LL128,LL128,24,24,0,108,0,20,20,100,0,True,,3.93216,205237;205466,5,29.2454409599,29.235200882,29.6038389206,29.32104,29.30813,29.74346,0.0795194298999995,0.0755990400999984,0.11663053359999864
a100,c0021,channels,2,524288,LL128,LL128,24,16,0,108,0,20,20,100,0,False,channels_unrealized,5.2428799999999995,205237;205466,5,30.8633589745,30.8121609688,30.8838391304,30.93565,30.88216,30.9563,0.07246086960000042,0.07229102550000022,0.0748600898999996
a100,c0021,channels,2,1048576,LL128,LL128,24,22,0,108,0,20,20,100,0,False,channels_unrealized,10.485759999999999,205237;205466,5,37.5808000565,37.4579191208,37.5808000565,37.65502,37.53529,37.65612,0.07531994349999849,0.0742199434999975,0.07737087920000363
a100,c0021,channels,2,1572864,LL128,LL128,24,24,0,108,0,20,20,100,0,True,,15.72864,205237;205466,5,45.3529596329,45.291519165,45.4246377945,45.43181,45.35836,45.50627,0.07885036709999582,0.07813145870000682,0.0789094315000014
a100,c0021,channels,2,2097152,LL128,LL128,24,22,0,108,0,20,20,100,0,False,channels_unrealized,20.971519999999998,205237;205466,5,53.8931179047,53.8726377487,53.9852809906,53.96226,53.95975,54.07038,0.08509900939999682,0.07951795070000145,0.08711225129999889
a100,c0021,channels,2,3145728,LL128,LL128,24,24,0,108,0,20,20,100,0,True,,31.45728,205237;205466,5,67.522559166,67.3587179184,67.5635194778,67.60366,67.43664,67.64755,0.07906223749999697,0.07792208159999348,0.08110083400001145
a100,c0021,channels,2,4194304,LL128,LL128,24,24,0,108,0,20,20,100,0,True,,41.943039999999996,205237;205466,5,82.3603153229,82.2476768494,82.4524784088,82.4504,82.32966,82.53836,0.08588159119999261,0.08198315060000994,0.090084677100009
a100,c0021,channels,2,6291456,LL128,LL128,24,24,0,108,0,20,20,100,0,True,,62.91456,205237;205466,5,112.752637863,112.670717239,112.803840637,112.84029,112.74931,112.88541,0.08500599799999975,0.08156936299999984,0.08634366300000806
a100,c0022,channels,2,262144,LL128,LL128,28,16,0,108,0,20,20,100,0,False,channels_unrealized,2.6214399999999998,205237;205466,5,28.0985593796,27.8937602043,28.1292796135,28.17152,27.97054,28.20158,0.07677979569999849,0.07296062039999995,0.08878088730000044
a100,c0022,channels,2,458752,LL128,LL128,28,28,0,108,0,20,20,100,0,True,,4.5875200000000005,205237;205466,5,29.8905611038,29.829120636,30.1977610588,29.96378,29.89795,30.27688,0.07691967589999749,0.07321889620000022,0.0791189411999973
a100,c0022,channels,2,524288,LL128,LL128,28,16,0,108,0,20,20,100,0,False,channels_unrealized,5.2428799999999995,205237;205466,5,30.7916808128,30.730240345,30.9247994423,30.85731,30.8037,30.99588,0.07345965500000062,0.07108055770000021,0.07493027880000014
a100,c0022,channels,2,1048576,LL128,LL128,28,22,0,108,0,20,20,100,0,False,channels_unrealized,10.485759999999999,205237;205466,5,37.4783992767,37.4783992767,37.5603199005,37.56544,37.55582,37.6471,0.07962885189999724,0.07742072329999417,0.08678009950000387
a100,c0022,channels,2,1835008,LL128,LL128,28,28,0,108,0,20,20,100,0,True,,18.350080000000002,205237;205466,5,48.9983987808,48.8959980011,49.0188789368,49.07313,48.98325,49.09998,0.08110106320000199,0.07987215480000032,0.08725199890000113
a100,c0022,channels,2,2097152,LL128,LL128,28,26,0,108,0,20,20,100,0,False,channels_unrealized,20.971519999999998,205237;205466,5,54.1081619263,53.9238405228,54.1081619263,54.18398,54.00253,54.19761,0.0858319393999949,0.07868947720000108,0.08944807369999808
a100,c0022,channels,2,3145728,LL128,LL128,28,28,0,108,0,20,20,100,0,True,,31.45728,205237;205466,5,67.0412778854,66.9184017181,67.2255992889,67.11883,66.99508,67.30629,0.08069071110000436,0.077552114599996,0.08634809299999802
a100,c0022,channels,2,3670016,LL128,LL128,28,28,0,108,0,20,20,100,0,True,,36.700160000000004,205237;205466,5,75.8067178726,75.4892778397,75.8579206467,75.88312,75.57444,75.93944,0.08151935330000981,0.07870078979999562,0.08516216030000123
a100,c0022,channels,2,4194304,LL128,LL128,28,26,0,108,0,20,20,100,0,False,channels_unrealized,41.943039999999996,205237;205466,5,81.7356777191,81.6537570953,81.8483161926,81.80414,81.73551,81.93369,0.08372645389999889,0.08175290470001073,0.08537380740000344
a100,c0022,channels,2,7340032,LL128,LL128,28,28,0,108,0,20,20,100,0,True,,73.40032000000001,205237;205466,5,131.49184227,131.246080399,131.563520432,131.56449,131.33345,131.63463,0.0788617190000025,0.07264772999999991,0.0846499129999927
a100,c0023,channels,2,262144,LL128,LL128,32,16,0,108,0,20,20,100,0,False,channels_unrealized,2.6214399999999998,205466,5,28.1087994576,28.0985593796,28.2931208611,28.18205,28.17132,28.37562,0.08225080929999962,0.07325054240000028,0.08249913890000116
a100,c0023,channels,2,524288,LL128,LL128,32,32,0,108,0,20,20,100,0,True,,5.2428799999999995,205466,5,31.7235207558,31.3139200211,32.1228790283,31.80312,31.38932,32.19267,0.07587099259999874,0.07539997890000194,0.07959924420000064
a100,c0023,channels,2,1048576,LL128,LL128,32,32,0,108,0,20,20,100,0,True,,10.485759999999999,205466,5,37.9596805573,37.7446389198,38.0211210251,38.10488,38.03955,38.2222,0.07986944270000151,0.07478947570000116,0.08375897490000028
a100,c0023,channels,2,2097152,LL128,LL128,32,32,0,108,0,20,20,100,0,True,,20.971519999999998,205466,5,52.2854423523,52.2649621964,52.3980808258,52.36427,52.34123,52.47258,0.07626780360000396,0.07449917419999963,0.0788276476999954
a100,c0023,channels,2,3145728,LL128,LL128,32,32,0,108,0,20,20,100,0,True,,31.45728,205466,5,67.3587179184,66.9491195679,67.3587179184,67.43474,67.02895,67.43704,0.07854890560000172,0.07832208159999254,0.07983043209999607
a100,c0023,channels,2,4194304,LL128,LL128,32,32,0,108,0,20,20,100,0,True,,41.943039999999996,205466,5,81.4694404602,81.3977622986,81.7356777191,81.55456,81.4763,81.81948,0.0838022809000023,0.08055648680000616,0.08511953979999021
a100,c0023,channels,2,8388608,LL128,LL128,32,32,0,108,0,20,20,100,0,True,,83.88607999999999,205466,5,143.441915512,143.329277039,143.441915512,143.52346,143.40672,143.52736,0.08064928499999269,0.0774429610000027,0.08154448799999159
a100,c0024,channels,2,16384,SIMPLE,SIMPLE,1,1,0,108,0,17,20,100,0,True,,0.16383999999999999,205466,5,35.573759079,35.4611206055,36.1062407494,35.64724,35.53773,36.23327,0.0766093945000037,0.07348092099999803,0.12702925059999615
a100,c0024,channels,2,65536,SIMPLE,SIMPLE,1,1,0,108,0,17,20,100,0,True,,0.6553599999999999,205466,5,38.3692789078,38.3180809021,38.4204792976,38.44914,38.38692,38.49544,0.07603015659999812,0.07496070240000563,0.07986109219999804
a100,c0024,channels,2,131072,SIMPLE,SIMPLE,1,1,0,108,0,17,20,100,0,True,,1.3107199999999999,205466,5,45.9878396988,45.8854389191,46.2131214142,46.06803,45.96422,46.29868,0.0795016387999965,0.07878108090000069,0.08019030119999826
a100,c0024,channels,2,262144,SIMPLE,SIMPLE,1,1,0,108,0,17,20,100,0,True,,2.6214399999999998,205466,5,56.309762001,56.2688016891,56.4326381683,56.39033,56.34965,56.50356,0.0805679989999959,0.070921831699998,0.08084831089999511
a100,c0024,channels,2,524288,SIMPLE,SIMPLE,1,1,0,108,0,17,20,100,0,True,,5.2428799999999995,205466,5,77.0764780045,76.2265586853,77.2096014023,77.16079,76.30868,77.29124,0.0816385977000067,0.08007869899999775,0.08212131469998951
a100,c0024,channels,2,1048576,SIMPLE,SIMPLE,1,1,0,108,0,17,20,100,0,True,,10.485759999999999,205466,5,114.483203888,114.38079834,114.544639587,114.62643,114.46352,114.6265,0.08272166000000425,0.08179041299999312,0.0936144009999964
a100,c0024,channels,2,2097152,SIMPLE,SIMPLE,1,1,0,108,0,17,20,100,0,True,,20.971519999999998,205466,5,185.559043884,185.53855896,185.65120697,185.64269,185.61813,185.73927,0.08364611599998284,0.07957104000001891,0.0844975280000142
a100,c0024,channels,2,3145728,SIMPLE,SIMPLE,1,1,0,108,0,17,20,100,0,True,,31.45728,205466,5,255.487995148,254.525432587,255.600643158,255.57382,254.60806,255.68178,0.08262741299998311,0.08113684200000648,0.08363920499999722
a100,c0024,channels,2,4194304,SIMPLE,SIMPLE,1,1,0,108,0,17,20,100,0,True,,41.943039999999996,205466,5,324.884490967,324.80255127,324.997138977,324.96252,324.87896,325.07775,0.08061102299996037,0.07802903300000708,0.08552807400002393
a100,c0025,channels,2,32768,SIMPLE,SIMPLE,2,2,0,108,0,17,20,100,0,True,,0.32767999999999997,205237;205466,5,37.8265595436,37.4681591988,38.7276792526,37.9092,37.54259,38.86545,0.08264045640000006,0.07467974260000432,0.11958981169999561
a100,c0025,channels,2,131072,SIMPLE,SIMPLE,2,2,0,108,0,17,20,100,0,True,,1.3107199999999999,205237;205466,5,40.7961606979,40.6937599182,40.8473587036,40.87202,40.77403,40.91559,0.08009042660000176,0.07585930209999958,0.08027008180000195
a100,c0025,channels,2,262144,SIMPLE,SIMPLE,2,2,0,108,0,17,20,100,0,True,,2.6214399999999998,205237;205466,5,48.1177616119,48.0153608322,48.1587219238,48.20105,48.09314,48.24283,0.0832883881000015,0.07777916779999572,0.08410807619999616
a100,c0025,channels,2,524288,SIMPLE,SIMPLE,2,2,0,108,0,17,20,100,0,True,,5.2428799999999995,205237;205466,5,58.2041597366,58.152961731,58.5113620758,58.28499,58.2375,58.5969,0.08146216769999626,0.08083026340000288,0.08453826899999939
a100,c0025,channels,2,1048576,SIMPLE,SIMPLE,2,2,0,108,0,17,20,100,0,True,,10.485759999999999,205237;205466,5,79.2371177673,78.9606380463,79.3395185471,79.32527,79.03851,79.41877,0.08111210970000116,0.07925145289999591,0.08815223269999706
a100,c0025,channels,2,2097152,SIMPLE,SIMPLE,2,2,0,108,0,17,20,100,0,True,,20.971519999999998,205237;205466,5,116.572160721,116.500482559,116.684799194,116.64275,116.58341,116.76295,0.08099018200000785,0.07815080599999646,0.08292744099999538
a100,c0025,channels,2,3145728,SIMPLE,SIMPLE,2,2,0,108,0,17,20,100,0,True,,31.45728,205237;205466,5,153.139200211,153.108482361,153.34400177,153.21254,153.19761,153.42096,0.08283065899999542,0.07695823000000246,0.08912763899999732
a100,c0025,channels,2,4194304,SIMPLE,SIMPLE,2,2,0,108,0,17,20,100,0,True,,41.943039999999996,205237;205466,5,188.078079224,187.914237976,188.180484772,188.16143,187.99791,188.27046,0.08367202399998064,0.08335077600000318,0.08391389499999491
a100,c0026,channels,2,65536,SIMPLE,SIMPLE,4,4,0,108,0,17,20,100,0,True,,0.6553599999999999,205466,5,38.5023999214,38.4511995316,38.666241169,38.58581,38.52899,38.74551,0.07779046840000348,0.07541093630000262,0.07926883100000026
a100,c0026,channels,2,262144,SIMPLE,SIMPLE,4,4,0,108,0,17,20,100,0,True,,2.6214399999999998,205466,5,41.9430398941,41.7484807968,42.2195196152,42.01171,41.82285,42.29747,0.07795038479999761,0.07436920319999984,0.08787951509999914
a100,c0026,channels,2,524288,SIMPLE,SIMPLE,4,4,0,108,0,17,20,100,0,True,,5.2428799999999995,205466,5,49.3363189697,49.3158388138,49.7971200943,49.41278,49.39455,49.86625,0.07646103029999551,0.07403934779999588,0.07871118620000317
a100,c0026,channels,2,1048576,SIMPLE,SIMPLE,4,4,0,108,0,17,20,100,0,True,,10.485759999999999,205466,5,60.4262399673,60.4057598114,60.477437973,60.51349,60.48484,60.55376,0.07908018859999544,0.07680835020000387,0.08176149319999837
a100,c0026,channels,2,2097152,SIMPLE,SIMPLE,4,4,0,108,0,17,20,100,0,True,,20.971519999999998,205466,5,83.7017631531,83.650560379,83.7939167023,83.77855,83.72534,83.87263,0.07871329770000557,0.07678684689999216,0.07985525450000353
a100,c0026,channels,2,3145728,SIMPLE,SIMPLE,4,4,0,108,0,17,20,100,0,True,,31.45728,205466,5,104.939517975,104.919042587,104.960002899,105.03935,104.99897,105.06931,0.07992741299999295,0.0797542079999971,0.12979202500000042
a100,c0026,channels,2,4194304,SIMPLE,SIMPLE,4,4,0,108,0,17,20,100,0,True,,41.943039999999996,205466,5,126.597118378,126.044158936,126.627836227,126.68288,126.1198,126.70513,0.07729377299999385,0.0756410639999956,0.0857616219999926
a100,c0027,channels,2,131072,SIMPLE,SIMPLE,8,8,0,108,0,17,20,100,0,True,,1.3107199999999999,205466,5,39.1884803772,39.1680002213,39.4547200203,39.26101,39.24788,39.52731,0.0776095898000051,0.07258997969999825,0.07987887600000221
a100,c0027,channels,2,262144,SIMPLE,SIMPLE,8,8,0,108,0,17,20,100,0,True,,2.6214399999999998,205466,5,40.6323194504,40.5606412888,40.6527996063,40.7102,40.63636,40.72924,0.07644039369999689,0.07571871120000395,0.07740145230000195
a100,c0027,channels,2,524288,SIMPLE,SIMPLE,8,8,0,108,0,17,20,100,0,True,,5.2428799999999995,205466,5,43.6531209946,43.5916805267,43.7247991562,43.73343,43.6591,43.80627,0.08006049899999823,0.06741947329999931,0.08030900539999664
a100,c0027,channels,2,1048576,SIMPLE,SIMPLE,8,8,0,108,0,17,20,100,0,True,,10.485759999999999,205466,5,52.7564811707,52.4800014496,52.7769613266,52.88257,52.55434,52.91364,0.1260888293000022,0.08448814850000019,0.13072851750000325
a100,c0027,channels,2,2097152,SIMPLE,SIMPLE,8,8,0,108,0,17,20,100,0,True,,20.971519999999998,205466,5,68.0243206024,67.8092813492,68.0448007584,68.11034,67.89302,68.13037,0.08556924159999824,0.08373865080000087,0.08601939759999766
a100,c0027,channels,2,3145728,SIMPLE,SIMPLE,8,8,0,108,0,17,20,100,0,True,,31.45728,205466,5,83.8451194763,83.7529563904,83.9782428741,83.92272,83.82414,84.05719,0.07760052369999926,0.07118360959999848,0.07835024480000641
a100,c0027,channels,2,4194304,SIMPLE,SIMPLE,8,8,0,108,0,17,20,100,0,True,,41.943039999999996,205466,5,97.7100753784,97.556476593,97.9660797119,97.78847,97.62946,98.04997,0.08101633240001149,0.07839462159999755,0.08389028810000809
a100,c0028,channels,2,196608,SIMPLE,SIMPLE,12,12,0,108,0,17,20,100,0,True,,1.96608,205466,5,39.5264005661,39.4137597084,39.7004795074,39.60287,39.49164,39.7749,0.07621075939999855,0.07599924499999844,0.0764694339000016
a100,c0028,channels,2,262144,SIMPLE,SIMPLE,12,8,0,108,0,17,20,100,0,False,channels_unrealized,2.6214399999999998,205466,5,40.407037735,40.2841615677,40.478720665,40.49148,40.36394,40.553,0.07977843230000303,0.07753105039999753,0.0839387111999983
a100,c0028,channels,2,524288,SIMPLE,SIMPLE,12,11,0,108,0,17,20,100,0,False,channels_unrealized,5.2428799999999995,205466,5,42.874879837,42.8339195251,43.0079984665,42.96034,42.91635,43.09029,0.08243047490000066,0.08229153350000473,0.08546016300000048
a100,c0028,channels,2,786432,SIMPLE,SIMPLE,12,12,0,108,0,17,20,100,0,True,,7.86432,205466,5,46.2336015701,46.1823987961,46.3462400436,46.31,46.2593,46.41801,0.0763984299000029,0.07531889770000078,0.07690120390000033
a100,c0028,channels,2,1048576,SIMPLE,SIMPLE,12,11,0,108,0,17,20,100,0,False,channels_unrealized,10.485759999999999,205466,5,51.5174388885,51.4867210388,51.7427206039,51.60711,51.56934,51.81772,0.0774695850000029,0.07499939610000439,0.0826189611999979
a100,c0028,channels,2,1572864,SIMPLE,SIMPLE,12,12,0,108,0,17,20,100,0,True,,15.72864,205466,5,56.7091178894,56.4838409424,57.4873590469,56.78941,56.56237,57.64446,0.08029211059999852,0.07852905760000084,0.14524771119999969
a100,c0028,channels,2,2097152,SIMPLE,SIMPLE,12,12,0,108,0,17,20,100,0,True,,20.971519999999998,205466,5,63.7644815445,63.7337589264,64.5324802399,63.83329,63.81125,64.67061,0.07749107360000096,0.07160988309999539,0.07876939120000515
a100,c0028,channels,2,3145728,SIMPLE,SIMPLE,12,12,0,108,0,17,20,100,0,True,,31.45728,205466,5,78.0800008774,77.9161596298,78.0902385712,78.15281,77.9966,78.16534,0.07510142879999648,0.07358821990000308,0.0804403701999945
a100,c0028,channels,2,4194304,SIMPLE,SIMPLE,12,12,0,108,0,17,20,100,0,True,,41.943039999999996,205466,5,92.9279994965,92.7334403992,92.9382419586,93.01296,92.80927,93.01897,0.0806214721999936,0.07582960079999168,0.08072804139999334
a100,c0029,channels,2,262144,SIMPLE,SIMPLE,16,16,0,108,0,17,20,100,0,True,,2.6214399999999998,205237;205466,5,40.089597702,40.0691223145,40.3251218796,40.16506,40.13469,40.40522,0.07546229799999793,0.07407116130000446,0.08009812040000241
a100,c0029,channels,2,524288,SIMPLE,SIMPLE,16,16,0,108,0,17,20,100,0,True,,5.2428799999999995,205237;205466,5,42.6086378098,42.4652814865,43.8988780975,42.68001,42.54894,44.01928,0.08365851350000497,0.08070866939999632,0.12040190249999938
a100,c0029,channels,2,1048576,SIMPLE,SIMPLE,16,16,0,108,0,17,20,100,0,True,,10.485759999999999,205237;205466,5,49.4489622116,49.4182395935,50.2886390686,49.52599,49.49876,50.36903,0.08039093140000375,0.07769841220000018,0.08052040649999981
a100,c0029,channels,2,2097152,SIMPLE,SIMPLE,16,16,0,108,0,17,20,100,0,True,,20.971519999999998,205237;205466,5,61.8803215027,61.8291187286,61.9417619705,61.95649,61.90889,62.0245,0.07872232999999795,0.07616849730000297,0.07977127139999851
a100,c0029,channels,2,3145728,SIMPLE,SIMPLE,16,16,0,108,0,17,20,100,0,True,,31.45728,205237;205466,5,75.417599678,75.0694417953,75.6019210815,75.4997,75.1476,75.67122,0.0781582047000029,0.07450836059999233,0.08210032200000228
a100,c0029,channels,2,4194304,SIMPLE,SIMPLE,16,16,0,108,0,17,20,100,0,True,,41.943039999999996,205237;205466,5,89.026556015,88.9036846161,89.1494369507,89.10674,88.9797,89.22886,0.08018398500000501,0.07942304930000432,0.08123784610000939
a100,c0030,channels,2,262144,SIMPLE,SIMPLE,20,16,0,108,0,17,20,100,0,False,channels_unrealized,2.6214399999999998,205237;205466,5,40.2943992615,40.2841615677,40.3865623474,40.37106,40.36905,40.47245,0.08488843230000498,0.08160885510000071,0.08588765260000031
a100,c0030,channels,2,327680,SIMPLE,SIMPLE,20,20,0,108,0,17,20,100,0,True,,3.2768,205237;205466,5,40.3456020355,40.3353595734,40.5299186707,40.42544,40.41664,40.6059,0.07598132929999935,0.0754784323000024,0.07983796450000114
a100,c0030,channels,2,524288,SIMPLE,SIMPLE,20,16,0,108,0,17,20,100,0,False,channels_unrealized,5.2428799999999995,205237;205466,5,43.5712003708,43.0694389343,43.5814380646,43.70858,43.15422,43.72682,0.13471900540000092,0.08478106569999966,0.13737962919999802
a100,c0030,channels,2,1048576,SIMPLE,SIMPLE,20,16,0,108,0,17,20,100,0,False,channels_unrealized,10.485759999999999,205237;205466,5,49.1520023346,49.1007995605,49.1622400284,49.22753,49.17634,49.23364,0.07552766540000277,0.07359106319999853,0.07554043950000278
a100,c0030,channels,2,1310720,SIMPLE,SIMPLE,20,20,0,108,0,17,20,100,0,True,,13.1072,205237;205466,5,52.3263978958,52.1523189545,52.4390411377,52.40756,52.23053,52.52108,0.07857101260000121,0.07821104550000513,0.08116210419999703
a100,c0030,channels,2,2097152,SIMPLE,SIMPLE,20,19,0,108,0,17,20,100,0,False,channels_unrealized,20.971519999999998,205237;205466,5,61.2351989746,61.1737585068,61.4297580719,61.30933,61.25182,61.50982,0.08006192810000101,0.07806149320000344,0.08556180509999933
a100,c0030,channels,2,2621440,SIMPLE,SIMPLE,20,20,0,108,0,17,20,100,0,True,,26.2144,205237;205466,5,66.979842186,66.9491195679,67.0822381973,67.05702,67.02585,67.1528,0.07673043210000685,0.0765003992000004,0.07717781399999524
a100,c0030,channels,2,3145728,SIMPLE,SIMPLE,20,20,0,108,0,17,20,100,0,True,,31.45728,205237;205466,5,74.1683197021,73.9225578308,74.209280014,74.24587,73.9912,74.28124,0.07755029789998957,0.07195998599999598,0.08070780270000455
a100,c0030,channels,2,4194304,SIMPLE,SIMPLE,20,20,0,108,0,17,20,100,0,True,,41.943039999999996,205237;205466,5,87.9411220551,87.7363204956,87.9923152924,88.02664,87.81193,88.07084,0.0785247076000104,0.07560950440000624,0.08551794490000475
a100,c0030,channels,2,5242880,SIMPLE,SIMPLE,20,20,0,108,0,17,20,100,0,True,,52.4288,205237;205466,5,101.918716431,101.857280731,102.000637054,101.99839,101.9478,102.07924,0.07967356900000766,0.07860294600000373,0.08024854600000708
a100,c0031,channels,2,262144,SIMPLE,SIMPLE,22,16,0,108,0,17,20,100,0,False,channels_unrealized,2.6214399999999998,205237;205466,5,40.2739191055,39.874560833,40.3046417236,40.35341,39.94983,40.37515,0.07526916700000186,0.07050827639999824,0.07949089449999747
a100,c0031,channels,2,360448,SIMPLE,SIMPLE,22,22,0,108,0,17,20,100,0,True,,3.6044799999999997,205237;205466,5,40.4992008209,40.4479980469,40.5094385147,40.58135,40.52384,40.58916,0.07972148529999856,0.07665765259999802,0.08076886719999976
a100,c0031,channels,2,524288,SIMPLE,SIMPLE,22,16,0,108,0,17,20,100,0,False,channels_unrealized,5.2428799999999995,205237;205466,5,42.4652814865,42.4652814865,42.6086378098,42.54434,42.53683,42.68571,0.07707219019999911,0.07701991700000121,0.07905851350000148
a100,c0031,channels,2,1048576,SIMPLE,SIMPLE,22,22,0,108,0,17,20,100,0,True,,10.485759999999999,205237;205466,5,48.6604785919,48.414721489,48.9983987808,48.73428,48.48259,49.06962,0.07380140809999602,0.07122121919999813,0.07811097320000471
a100,c0031,channels,2,1441792,SIMPLE,SIMPLE,22,22,0,108,0,17,20,100,0,True,,14.417919999999999,205237;205466,5,53.9955186844,53.9750385284,54.2412805557,54.07347,54.04521,54.31925,0.07785031400000264,0.07575088069999936,0.07795131560000357
a100,c0031,channels,2,2097152,SIMPLE,SIMPLE,22,22,0,108,0,17,20,100,0,True,,20.971519999999998,205237;205466,5,60.7334423065,60.6822395325,60.7436800003,60.81166,60.76167,60.82378,0.08009999969999626,0.07943046750000349,0.08089844020000214
a100,c0031,channels,2,2883584,SIMPLE,SIMPLE,22,22,0,108,0,17,20,100,0,True,,28.835839999999997,205237;205466,5,70.1644802094,70.0518417358,70.287361145,70.23564,70.12893,70.35687,0.07708826420000037,0.07115979060000654,0.08029190799999242
a100,c0031,channels,2,3145728,SIMPLE,SIMPLE,22,22,0,108,0,17,20,100,0,True,,31.45728,205237;205466,5,73.0316781998,73.0111980438,73.1443214417,73.10457,73.08653,73.22289,0.0765998059000026,0.07533195620000299,0.07856855830000598
a100,c0031,channels,2,4194304,SIMPLE,SIMPLE,22,22,0,108,0,17,20,100,0,True,,41.943039999999996,205237;205466,5,86.7327976227,86.7225646973,86.7737579346,86.80348,86.80318,86.85348,0.0797220654000057,0.0771787006000011,0.0806153026999965
a100,c0031,channels,2,5767168,SIMPLE,SIMPLE,22,22,0,108,0,17,20,100,0,True,,57.671679999999995,205237;205466,5,108.564481735,108.462076187,108.584957123,108.63398,108.54922,108.67787,0.0801616299999921,0.07272951200000932,0.0871438130000115
a100,c0032,channels,2,262144,SIMPLE,SIMPLE,23,16,0,108,0,17,20,100,0,False,channels_unrealized,2.6214399999999998,205466,5,39.854080677,39.8438405991,40.161280632,39.929,39.9269,40.23679,0.07550936799999874,0.07511136229999948,0.0756294008999987
a100,c0032,channels,2,376832,SIMPLE,SIMPLE,23,23,0,108,0,17,20,100,0,True,,3.76832,205466,5,40.6630420685,40.6220817566,40.7142400742,40.73966,40.707,40.79106,0.08179855529999713,0.07681992580000241,0.0849182434000042
a100,c0032,channels,2,524288,SIMPLE,SIMPLE,23,16,0,108,0,17,20,100,0,False,channels_unrealized,5.2428799999999995,205466,5,42.5676822662,42.3935985565,43.1206417084,42.64904,42.4736,43.19038,0.08008175540000195,0.08000144349999516,0.08135773379999733
a100,c0032,channels,2,1048576,SIMPLE,SIMPLE,23,22,0,108,0,17,20,100,0,False,channels_unrealized,10.485759999999999,205466,5,48.5171222687,48.4863996506,48.6809587479,48.59251,48.56564,48.75191,0.078950349400003,0.07538773129999754,0.07924034940000269
a100,c0032,channels,2,1507328,SIMPLE,SIMPLE,23,23,0,108,0,17,20,100,0,True,,15.07328,205466,5,54.8147201538,54.8044776917,54.8249578476,54.88583,54.88193,54.90167,0.07136211939999981,0.07110984619999527,0.07671215240000606
a100,c0032,channels,2,2097152,SIMPLE,SIMPLE,23,22,0,108,0,17,20,100,0,False,channels_unrealized,20.971519999999998,205466,5,61.1327981949,61.1020803452,61.9724798203,61.23839,61.19049,62.05546,0.08840965479999596,0.0829801796999945,0.10559180510000488
a100,c0032,channels,2,3014656,SIMPLE,SIMPLE,23,23,0,108,0,17,20,100,0,True,,30.14656,205466,5,71.7619180679,71.6595220566,71.8233585358,71.84104,71.73922,71.91147,0.07941794340000286,0.07912193210000851,0.07969794340000647
a100,c0032,channels,2,3145728,SIMPLE,SIMPLE,23,22,0,108,0,17,20,100,0,False,channels_unrealized,31.45728,205466,5,73.3286380768,73.3286380768,73.4105587006,73.40424,73.40273,73.49121,0.08030024079999976,0.07560192319999715,0.08065129939998883
a100,c0032,channels,2,4194304,SIMPLE,SIMPLE,23,22,0,108,0,17,20,100,0,False,channels_unrealized,41.943039999999996,205466,5,86.8044757843,86.753282547,87.0604801178,86.89446,86.83062,87.14626,0.08577988220000066,0.08337300110000001,0.08998421569999948
a100,c0032,channels,2,6029312,SIMPLE,SIMPLE,23,23,0,108,0,17,20,100,0,True,,60.29312,205466,5,111.462402344,111.452159882,111.636476517,111.54409,111.53467,111.7131,0.08168765599999972,0.07993258099999423,0.08251011800000185
a100,c0033,channels,2,262144,SIMPLE,SIMPLE,24,16,0,108,0,17,20,100,0,False,channels_unrealized,2.6214399999999998,205466,5,39.8848009109,39.854080677,39.9155211449,39.95395,39.93251,39.99802,0.07842932300000172,0.07611971280000063,0.08101815340000229
a100,c0033,channels,2,393216,SIMPLE,SIMPLE,24,24,0,108,0,17,20,100,0,True,,3.93216,205466,5,41.2262392044,41.1443185806,41.2876796722,41.29373,41.22759,41.36176,0.07804852230000137,0.07408032779999729,0.08327141939999905
a100,c0033,channels,2,524288,SIMPLE,SIMPLE,24,16,0,108,0,17,20,100,0,False,channels_unrealized,5.2428799999999995,205466,5,42.4345588684,42.4243211746,42.4448013306,42.51158,42.50276,42.51628,0.07702113159999868,0.07526820160000369,0.07843882539999925
a100,c0033,channels,2,1048576,SIMPLE,SIMPLE,24,22,0,108,0,17,20,100,0,False,channels_unrealized,10.485759999999999,205466,5,48.3635187149,48.343038559,48.5375976562,48.44642,48.41486,48.60653,0.07483913480000126,0.07182144099999732,0.08290128510000017
a100,c0033,channels,2,1572864,SIMPLE,SIMPLE,24,24,0,108,0,17,20,100,0,True,,15.72864,205466,5,55.6031990051,55.3881597519,55.6851196289,55.68017,55.46326,55.75953,0.07510024810000004,0.07441037110000082,0.0769709948999946
a100,c0033,channels,2,2097152,SIMPLE,SIMPLE,24,22,0,108,0,17,20,100,0,False,channels_unrealized,20.971519999999998,205466,5,60.8767986298,60.7231998444,61.0201597214,60.95444,60.80525,61.09612,0.07835015559999903,0.0776413701999985,0.11276800539999954
a100,c0033,channels,2,3145728,SIMPLE,SIMPLE,24,24,0,108,0,17,20,100,0,True,,31.45728,205466,5,73.0419206619,72.9702377319,73.0624008179,73.11829,73.04225,73.13934,0.07636933810000812,0.07201226809999639,0.07693918210000561
a100,c0033,channels,2,4194304,SIMPLE,SIMPLE,24,24,0,108,0,17,20,100,0,True,,41.943039999999996,205466,5,86.8863964081,86.7327976227,87.1116828918,86.9671,86.81461,87.19543,0.0818123772999968,0.08070359190000431,0.08374710820000075
a100,c0033,channels,2,6291456,SIMPLE,SIMPLE,24,24,0,108,0,17,20,100,0,True,,62.91456,205466,5,115.394563675,115.281915665,115.793924332,115.48078,115.36577,115.87885,0.08492566799999679,0.08385433499999806,0.08621632499999521
a100,c0034,channels,2,262144,SIMPLE,SIMPLE,28,16,0,108,0,17,20,100,0,False,channels_unrealized,2.6214399999999998,205466,5,40.110077858,39.9155211449,41.2160015106,40.21755,39.98581,41.35925,0.10747214200000599,0.078429712800002,0.14324848940000123
a100,c0034,channels,2,458752,SIMPLE,SIMPLE,28,28,0,108,0,17,20,100,0,True,,4.5875200000000005,205466,5,41.1136007309,41.0419178009,41.2467193604,41.18882,41.11338,41.32719,0.07668967100000401,0.07521926910000332,0.08047063960000145
a100,c0034,channels,2,524288,SIMPLE,SIMPLE,28,16,0,108,0,17,20,100,0,False,channels_unrealized,5.2428799999999995,205466,5,42.4652814865,42.4038410187,42.4959993362,42.54594,42.48101,42.58322,0.0872206637999966,0.08065851350000486,0.11080237920000258
a100,c0034,channels,2,1048576,SIMPLE,SIMPLE,28,22,0,108,0,17,20,100,0,False,channels_unrealized,10.485759999999999,205466,5,48.3328008652,48.3123207092,48.4454393387,48.41065,48.39673,48.56824,0.07784913479999744,0.07419162110000599,0.08440929079999648
a100,c0034,channels,2,1835008,SIMPLE,SIMPLE,28,28,0,108,0,17,20,100,0,True,,18.350080000000002,205466,5,58.5318422318,58.5318422318,58.6649608612,58.63926,58.60661,58.74338,0.07972069819999916,0.07841913880000106,0.08161144500000006
a100,c0034,channels,2,2097152,SIMPLE,SIMPLE,28,26,0,108,0,17,20,100,0,False,channels_unrealized,20.971519999999998,205466,5,62.6073598862,62.5561618805,62.6585578918,62.68869,62.66513,62.74159,0.08133011379999999,0.07846827550000057,0.08303210820000118
a100,c0034,channels,2,3145728,SIMPLE,SIMPLE,28,28,0,108,0,17,20,100,0,True,,31.45728,205466,5,72.3456001282,72.335357666,72.5299215317,72.42465,72.41855,72.60661,0.08319233400000314,0.07904987179999523,0.1272506516000078
a100,c0034,channels,2,3670016,SIMPLE,SIMPLE,28,28,0,108,0,17,20,100,0,True,,36.700160000000004,205466,5,78.8787221909,78.8275194168,78.9504003525,78.95094,78.90235,79.02137,0.07483058319999714,0.07221780909999609,0.08029964749999863
a100,c0034,channels,2,4194304,SIMPLE,SIMPLE,28,26,0,108,0,17,20,100,0,False,channels_unrealized,41.943039999999996,205466,5,86.1491203308,86.0979175568,86.3641643524,86.21905,86.17277,86.43307,0.07485244320000106,0.06992966919999333,0.11311568050000176
a100,c0034,channels,2,7340032,SIMPLE,SIMPLE,28,28,0,108,0,17,20,100,0,True,,73.40032000000001,205466,5,130.283517838,130.211839676,130.457601547,130.35477,130.30456,130.53341,0.07778032400000257,0.0758084530000076,0.08782567899999094
a100,c0035,channels,2,262144,SIMPLE,SIMPLE,32,16,0,108,0,17,20,100,0,False,channels_unrealized,2.6214399999999998,205237;205466,5,39.9462389946,39.854080677,39.9667191505,40.01847,39.9289,40.04402,0.07481932299999983,0.07223100539999905,0.0773008495000056
a100,c0035,channels,2,524288,SIMPLE,SIMPLE,32,32,0,108,0,17,20,100,0,True,,5.2428799999999995,205237;205466,5,41.7791986465,41.7382383347,41.8508815765,41.85811,41.81634,41.91974,0.07891135350000411,0.07810166529999663,0.08357228910000458
a100,c0035,channels,2,1048576,SIMPLE,SIMPLE,32,32,0,108,0,17,20,100,0,True,,10.485759999999999,205237;205466,5,48.5171222687,48.4556818008,49.4489622116,48.58489,48.52889,49.52931,0.0743193149000021,0.07320819919999622,0.08011175290000239
a100,c0035,channels,2,2097152,SIMPLE,SIMPLE,32,32,0,108,0,17,20,100,0,True,,20.971519999999998,205237;205466,5,62.4435186386,61.8700790405,62.8019189835,62.57787,61.94515,62.88045,0.07853101650000127,0.0752512713999991,0.13435136140000026
a100,c0035,channels,2,3145728,SIMPLE,SIMPLE,32,32,0,108,0,17,20,100,0,True,,31.45728,205237;205466,5,73.0521583557,72.8371191025,73.0624008179,73.13904,72.9124,73.14244,0.07908768859999782,0.07775086459999159,0.08003918209999483
a100,c0035,channels,2,4194304,SIMPLE,SIMPLE,32,32,0,108,0,17,20,100,0,True,,41.943039999999996,205237;205466,5,86.015996933,85.5244827271,86.1798381805,86.09061,85.60058,86.32556,0.07698883240000498,0.07609727290000023,0.13064119569999377
a100,c0035,channels,2,8388608,SIMPLE,SIMPLE,32,32,0,108,0,17,20,100,0,True,,83.88607999999999,205237;205466,5,144.793596268,144.74240303,144.94720459,144.87186,144.82657,145.02364,0.07911756000001446,0.07826373200001058,0.0823447010000109
a100,c0036,channels,4,16384,LL,LL,1,1,0,108,0,16,20,100,0,True,,0.08191999999999999,205466,5,15.7388794422,14.7558403015,16.0358405113,15.81239,14.82268,16.10325,0.06814008829999985,0.06740948869999741,0.0735105578000006
a100,c0036,channels,4,65536,LL,LL,1,1,0,108,0,16,20,100,0,True,,0.32767999999999997,205466,5,28.6924791336,28.6719989777,28.7129592896,28.77048,28.75234,28.79122,0.07800086640000004,0.07785032059999963,0.0782607103999986
a100,c0036,channels,4,131072,LL,LL,1,1,0,108,0,16,20,100,0,True,,0.6553599999999999,205466,5,43.9091205597,39.9462389946,43.9193582535,43.98752,40.02308,43.99824,0.07839944030000368,0.07684100539999861,0.07888174650000224
a100,c0036,channels,4,262144,LL,LL,1,1,0,108,0,16,20,100,0,True,,1.3107199999999999,205466,5,76.2572813034,73.2672023773,80.1894378662,76.32937,73.34382,80.26508,0.07661762269999883,0.0756421338000024,0.079591365400006
a100,c0036,channels,4,524288,LL,LL,1,1,0,108,0,16,20,100,0,True,,2.6214399999999998,205466,5,152.1459198,138.035202026,152.360963821,152.23385,138.11793,152.43734,0.07825890899999877,0.07637617899999327,0.08272797399999376
a100,c0036,channels,4,1048576,LL,LL,1,1,0,108,0,16,20,100,0,True,,5.2428799999999995,205466,5,299.345912933,270.192642212,299.366397858,299.4464,270.26574,299.45793,0.08000214199995526,0.07309778799998412,0.08610210900002357
a100,c0036,channels,4,2097152,LL,LL,1,1,0,108,0,16,20,100,0,True,,10.485759999999999,205466,5,535.715827942,535.388145447,593.797111511,535.79024,535.46272,593.87491,0.07759133100000781,0.07457455299993399,0.07779848899997432
a100,c0036,channels,4,3145728,LL,LL,1,1,0,108,0,16,20,100,0,True,,15.72864,205466,5,885.503997803,884.715499878,885.893096924,885.5889,884.81538,886.01179,0.09988012200005869,0.08539758299991718,0.11451751000004151
a100,c0036,channels,4,4194304,LL,LL,1,1,0,108,0,16,20,100,0,True,,20.971519999999998,205466,5,1087.50846863,1084.71298218,1154.9798584,1087.5946,1084.81013,1155.06205,0.0861313699999755,0.08302060999994865,0.09542648000001464
a100,c0037,channels,4,32768,LL,LL,2,2,0,108,0,16,20,100,0,True,,0.16383999999999999,205237;205466,5,17.4080002308,17.4080002308,17.5206398964,17.49133,17.48412,17.59583,0.07519010360000067,0.07326026999999868,0.07611976920000174
a100,c0037,channels,4,131072,LL,LL,2,2,0,108,0,16,20,100,0,True,,0.6553599999999999,205237;205466,5,30.5152010918,30.4640007019,30.5459189415,30.58949,30.5444,30.62165,0.07573105850000061,0.07428890819999978,0.07748004489999971
a100,c0037,channels,4,262144,LL,LL,2,2,0,108,0,16,20,100,0,True,,1.3107199999999999,205237;205466,5,45.6396818161,45.6396818161,45.7420778275,45.71966,45.71807,45.81735,0.07527217250000007,0.07497774899999854,0.07838818389999602
a100,c0037,channels,4,524288,LL,LL,2,2,0,108,0,16,20,100,0,True,,2.6214399999999998,205237;205466,5,82.2476768494,82.2272014618,82.9542446136,82.32175,82.29739,83.03855,0.0750239874000016,0.0740731506000003,0.0807977698000002
a100,c0037,channels,4,1048576,LL,LL,2,2,0,108,0,16,20,100,0,True,,5.2428799999999995,205237;205466,5,155.77088356,155.637760162,155.791358948,155.87173,155.75083,155.91899,0.11306983800000125,0.08037105200000383,0.11607226699999273
a100,c0037,channels,4,2097152,LL,LL,2,2,0,108,0,16,20,100,0,True,,10.485759999999999,205237;205466,5,302.305278778,301.629447937,302.407684326,302.38219,301.70598,302.50029,0.07691122199997835,0.07680577299998959,0.07859134000000267
a100,c0037,channels,4,3145728,LL,LL,2,2,0,108,0,16,20,100,0,True,,15.72864,205237;205466,5,450.764808655,448.993263245,451.000328064,450.84248,449.0811,451.07431,0.08163152299999865,0.07767134499999884,0.08783675500001209
a100,c0037,channels,4,4194304,LL,LL,2,2,0,108,0,16,20,100,0,True,,20.971519999999998,205237;205466,5,598.21056366,596.746253967,598.251533508,598.294,596.83336,598.33347,0.08343633999993472,0.08193649200006803,0.08710603299994091
a100,c0038,channels,4,65536,LL,LL,4,4,0,108,0,16,20,100,0,True,,0.32767999999999997,205237;205466,5,17.6537597179,17.6127994061,17.7254402637,17.79872,17.69142,17.80573,0.07862059390000198,0.07431986969999826,0.08028973629999925
a100,c0038,channels,4,262144,LL,LL,4,4,0,108,0,16,20,100,0,True,,1.3107199999999999,205237;205466,5,30.9657597542,30.8326411247,31.0374403,31.04958,30.9057,31.1181,0.07606931020000118,0.07535965499999975,0.08065969999999822
a100,c0038,channels,4,524288,LL,LL,4,4,0,108,0,16,20,100,0,True,,2.6214399999999998,205237;205466,5,46.3667201996,46.202878952,46.3667201996,46.43996,46.28185,46.50007,0.07844936549999915,0.07323980039999611,0.07897104799999966
a100,c0038,channels,4,1048576,LL,LL,4,4,0,108,0,16,20,100,0,True,,5.2428799999999995,205237;205466,5,83.1590366364,83.1385612488,83.2102394104,83.23472,83.22228,83.27548,0.0756833635999925,0.0736645782000096,0.08355691280000599
a100,c0038,channels,4,2097152,LL,LL,4,4,0,108,0,16,20,100,0,True,,10.485759999999999,205237;205466,5,156.610555649,156.600322723,156.610555649,156.69659,156.68874,156.74866,0.08336911500001065,0.07818435100000443,0.08603435099999501
a100,c0038,channels,4,3145728,LL,LL,4,4,0,108,0,16,20,100,0,True,,15.72864,205237;205466,5,231.106567383,231.055355072,231.116790771,231.1873,231.13461,231.19561,0.07925492800001166,0.07881922899997562,0.08015121799999747
a100,c0038,channels,4,4194304,LL,LL,4,4,0,108,0,16,20,100,0,True,,20.971519999999998,205237;205466,5,303.800315857,303.74912262,303.902721405,303.95197,303.82747,303.98307,0.08034859499997538,0.07834738000002517,0.14988980999999058
a100,c0039,channels,4,131072,LL,LL,8,8,0,108,0,16,20,100,0,True,,0.6553599999999999,205237;205466,5,17.8585600853,17.8483200073,17.8688001633,17.93128,17.92596,17.9434,0.07679053849999917,0.07459983669999914,0.0776399927
a100,c0039,channels,4,262144,LL,LL,8,8,0,108,0,16,20,100,0,True,,1.3107199999999999,205237;205466,5,22.5382399559,22.4563193321,22.6201605797,22.68223,22.52374,22.76511,0.07254079089999976,0.0705109797999981,0.1439900441000006
a100,c0039,channels,4,524288,LL,LL,8,8,0,108,0,16,20,100,0,True,,2.6214399999999998,205237;205466,5,31.1603188515,31.1091208458,31.1910390854,31.23042,31.18494,31.35437,0.07581915420000129,0.07178985600000232,0.07994017989999946
a100,c0039,channels,4,1048576,LL,LL,8,8,0,108,0,16,20,100,0,True,,5.2428799999999995,205237;205466,5,46.7558383942,46.6739177704,47.1551990509,46.82529,46.74975,47.22757,0.07237094909999797,0.07046917659999963,0.07583222959999603
a100,c0039,channels,4,2097152,LL,LL,8,8,0,108,0,16,20,100,0,True,,10.485759999999999,205237;205466,5,84.8588752747,84.8179244995,84.8998355865,84.98188,84.8951,84.98678,0.08060260799999241,0.07717550050000455,0.08694441349999238
a100,c0039,channels,4,3145728,LL,LL,8,8,0,108,0,16,20,100,0,True,,15.72864,205237;205466,5,122.388477325,122.357759476,122.603521347,122.46546,122.4354,122.68317,0.07834996600000466,0.0776405240000031,0.07964865300000668
a100,c0039,channels,4,4194304,LL,LL,8,8,0,108,0,16,20,100,0,True,,20.971519999999998,205237;205466,5,159.498243332,159.191036224,159.846401215,159.57585,159.27173,159.92207,0.07939812899999765,0.07760666800001559,0.0802828730000158
a100,c0040,channels,4,196608,LL,LL,12,12,0,108,0,16,20,100,0,True,,0.98304,205466,5,17.9711997509,17.940479517,18.0428802967,18.05121,18.01744,18.11043,0.08001024910000254,0.07426048299999977,0.08028019360000016
a100,c0040,channels,4,262144,LL,LL,12,11,0,108,0,16,20,100,0,False,channels_unrealized,1.3107199999999999,205466,5,22.200319767,22.1286392212,22.5689601898,22.27906,22.27024,22.65329,0.07874023300000133,0.07477956419999998,0.08432981019999986
a100,c0040,channels,4,524288,LL,LL,12,12,0,108,0,16,20,100,0,True,,2.6214399999999998,205466,5,27.5251197815,27.4739193916,28.1292796135,27.59852,27.54732,28.20489,0.07418075229999843,0.07340060840000007,0.07470882710000026
a100,c0040,channels,4,786432,LL,LL,12,12,0,108,0,16,20,100,0,True,,3.93216,205466,5,31.4368009567,31.2627196312,32.0102405548,31.50586,31.33903,32.08197,0.07631036880000153,0.07172944519999902,0.08058894439999875
a100,c0040,channels,4,1048576,LL,LL,12,12,0,108,0,16,20,100,0,True,,5.2428799999999995,205466,5,39.8336005211,39.8233604431,40.7449579239,39.90977,39.89322,40.83084,0.07616947889999892,0.07596048050000093,0.07994939209999785
a100,c0040,channels,4,1572864,LL,LL,12,12,0,108,0,16,20,100,0,True,,7.86432,205466,5,48.4352016449,48.3532810211,48.6809587479,48.51535,48.44783,48.75382,0.08121975859999964,0.0801483551000004,0.08276056239999718
a100,c0040,channels,4,2097152,LL,LL,12,12,0,108,0,16,20,100,0,True,,10.485759999999999,205466,5,66.2630414963,66.2425613403,66.6931200027,66.33792,66.32188,66.77257,0.07698037510000688,0.07654098999999803,0.07931865969999308
a100,c0040,channels,4,3145728,LL,LL,12,12,0,108,0,16,20,100,0,True,,15.72864,205466,5,86.7327976227,86.6611194611,86.9888019562,86.81661,86.73707,87.14234,0.08173742000001027,0.07931393679999132,0.08381237729999214
a100,c0040,channels,4,4194304,LL,LL,12,12,0,108,0,16,20,100,0,True,,20.971519999999998,205466,5,115.978240967,115.855360031,116.234235764,116.1089,115.93726,116.39806,0.08213813000000414,0.0818999689999913,0.1306590330000006
a100,c0041,channels,4,262144,LL,LL,16,16,0,108,0,16,20,100,0,True,,1.3107199999999999,205237;205466,5,18.247679472,18.1862401962,18.3705604076,18.38666,18.26863,18.45249,0.08238980380000172,0.08192959240000164,0.08288945889999866
a100,c0041,channels,4,524288,LL,LL,16,16,0,108,0,16,20,100,0,True,,2.6214399999999998,205237;205466,5,23.4495997429,23.2345604897,23.8080000877,23.52316,23.33529,23.88546,0.0774599122999966,0.07356025710000225,0.08331029009999824
a100,c0041,channels,4,1048576,LL,LL,16,16,0,108,0,16,20,100,0,True,,5.2428799999999995,205237;205466,5,33.6384010315,33.6179208755,33.6588811874,33.74648,33.70761,33.76231,0.08759881259999958,0.08052074100000084,0.13318998209999933
a100,c0041,channels,4,2097152,LL,LL,16,16,0,108,0,16,20,100,0,True,,10.485759999999999,205237;205466,5,55.7055997849,55.4700803757,55.9718418121,55.78416,55.54943,56.0567,0.07856021509999778,0.07815087190000014,0.0793496243000007
a100,c0041,channels,4,3145728,LL,LL,16,16,0,108,0,16,20,100,0,True,,15.72864,205237;205466,5,79.4726419449,79.4726419449,79.6159982681,79.61422,79.61102,79.69268,0.08925914669998747,0.0766817318999955,0.13837805509999157
a100,c0041,channels,4,4194304,LL,LL,16,16,0,108,0,16,20,100,0,True,,20.971519999999998,205237;205466,5,97.6691246033,97.648639679,97.7715206146,97.75199,97.73075,97.8584,0.08211032100000182,0.08175570859999937,0.08286539670000082
a100,c0042,channels,4,262144,LL,LL,20,16,0,108,0,16,20,100,0,False,channels_unrealized,1.3107199999999999,205237;205466,5,18.1350398064,18.1247997284,18.1452798843,18.22203,18.1983,18.22634,0.08106011570000149,0.08005042759999981,0.08155972580000181
a100,c0042,channels,4,327680,LL,LL,20,20,0,108,0,16,20,100,0,True,,1.6384,205237;205466,5,18.7494397163,18.5241603851,18.862080574,18.82741,18.59305,18.94674,0.07691998219999974,0.07672017269999998,0.07797028370000092
a100,c0042,channels,4,524288,LL,LL,20,19,0,108,0,16,20,100,0,False,channels_unrealized,2.6214399999999998,205237;205466,5,23.5827207565,23.3471989632,23.8489603996,23.74139,23.41666,23.92924,0.07854065899999796,0.07598912050000095,0.08027960040000082
a100,c0042,channels,4,1048576,LL,LL,20,20,0,108,0,16,20,100,0,True,,5.2428799999999995,205237;205466,5,33.2800006866,33.2492804527,33.3004808426,33.35311,33.32807,33.38377,0.07878954729999776,0.0779210857999999,0.07933970319999872
a100,c0042,channels,4,1310720,LL,LL,20,20,0,108,0,16,20,100,0,True,,6.5536,205237;205466,5,37.4169588089,37.3964810371,37.8265595436,37.4927,37.46635,37.9116,0.07574119110000055,0.06986896289999578,0.07741085829999861
a100,c0042,channels,4,2097152,LL,LL,20,20,0,108,0,16,20,100,0,True,,10.485759999999999,205237;205466,5,53.3811187744,53.2377576828,53.4323215485,53.45548,53.3134,53.55267,0.07564231719999981,0.07436122560000058,0.07646810669999837
a100,c0042,channels,4,2621440,LL,LL,20,20,0,108,0,16,20,100,0,True,,13.1072,205237;205466,5,63.0886411667,63.0579185486,63.2012796402,63.16199,63.13253,63.27392,0.07461145140000269,0.07334883330000252,0.07543200930000182
a100,c0042,channels,4,3145728,LL,LL,20,20,0,108,0,16,20,100,0,True,,15.72864,205237;205466,5,78.2643222809,78.1926393509,78.7251186371,78.34547,78.27464,78.80499,0.08114771910000229,0.07987136290000763,0.08200064910001004
a100,c0042,channels,4,4194304,LL,LL,20,20,0,108,0,16,20,100,0,True,,20.971519999999998,205237;205466,5,95.1910400391,95.1091194153,95.5289554596,95.27035,95.18004,95.64202,0.07736360470001102,0.07695304690000171,0.07930996089999098
a100,c0042,channels,4,5242880,LL,LL,20,20,0,108,0,16,20,100,0,True,,26.2144,205237;205466,5,115.03616333,114.92351532,115.425281525,115.10976,114.99218,115.57536,0.07694346600000301,0.07359667000000059,0.15007847500000082
a100,c0043,channels,4,262144,LL,LL,22,22,0,108,0,16,20,100,0,True,,1.3107199999999999,205237;205466,5,18.4217596054,18.2579195499,18.4422397614,18.49877,18.33085,18.5151,0.07474977080000045,0.07293045010000299,0.07701039460000203
a100,c0043,channels,4,360448,LL,LL,22,22,0,108,0,16,20,100,0,True,,1.8022399999999998,205237;205466,5,18.6368000507,18.6060798168,18.6982405186,18.7214,18.67552,18.77351,0.07771995089999706,0.075269481400003,0.08459994929999937
a100,c0043,channels,4,524288,LL,LL,22,22,0,108,0,16,20,100,0,True,,2.6214399999999998,205237;205466,5,22.9171204567,22.8249597549,22.9273605347,22.99585,22.9721,22.99595,0.07882954329999947,0.07490024510000026,0.08024022420000065
a100,c0043,channels,4,1048576,LL,LL,22,22,0,108,0,16,20,100,0,True,,5.2428799999999995,205237;205466,5,31.6723203659,31.5596795082,32.1331191063,31.7431,31.6321,32.21662,0.07737064770000046,0.07242049180000265,0.08071067180000568
a100,c0043,channels,4,1441792,LL,LL,22,22,0,108,0,16,20,100,0,True,,7.208959999999999,205237;205466,5,38.6969590187,38.6867189407,38.94272089,38.77527,38.76866,39.05701,0.08187961069999972,0.07831098129999958,0.08194105930000006
a100,c0043,channels,4,2097152,LL,LL,22,22,0,108,0,16,20,100,0,True,,10.485759999999999,205237;205466,5,52.2035217285,52.0908784866,52.3263978958,52.28021,52.1723,52.40235,0.07595210419999887,0.07479783659999839,0.07668827149999657
a100,c0043,channels,4,2883584,LL,LL,22,22,0,108,0,16,20,100,0,True,,14.417919999999999,205237;205466,5,66.314239502,66.2220811844,66.3244819641,66.38662,66.29463,66.39975,0.07526803589999531,0.07254881560000115,0.07589127779999671
a100,c0043,channels,4,3145728,LL,LL,22,22,0,108,0,16,20,100,0,True,,15.72864,205237;205466,5,76.5030384064,76.3187217712,76.5952014923,76.58979,76.41105,76.66934,0.08675159359999896,0.0801604119999979,0.09232822879999958
a100,c0043,channels,4,4194304,LL,LL,22,22,0,108,0,16,20,100,0,True,,20.971519999999998,205237;205466,5,91.9859218597,91.9654369354,92.3647975922,92.06193,92.0451,92.5123,0.07966306459999828,0.07747845210001003,0.14361866519999467
a100,c0043,channels,4,5767168,LL,LL,22,22,0,108,0,16,20,100,0,True,,28.835839999999997,205237;205466,5,119.930877686,119.930877686,120.094718933,120.01452,120.0057,120.17664,0.08192106700001034,0.07921586400000535,0.08223919600000329
a100,c0044,channels,4,262144,LL,LL,23,22,0,108,0,16,20,100,0,False,channels_unrealized,1.3107199999999999,205237;205466,5,17.930239439,17.8892803192,18.247679472,18.00432,17.96494,18.39337,0.07408056099999882,0.06790967030000061,0.07565968079999763
a100,c0044,channels,4,376832,LL,LL,23,23,0,108,0,16,20,100,0,True,,1.88416,205237;205466,5,19.4150400162,18.7084794044,19.4252800941,19.49149,18.79074,19.49931,0.0764499837999999,0.07570958350000012,0.07784059560000145
a100,c0044,channels,4,524288,LL,LL,23,22,0,108,0,16,20,100,0,False,channels_unrealized,2.6214399999999998,205237;205466,5,23.2243204117,23.0092811584,23.3471989632,23.29322,23.08591,23.42286,0.07662884159999805,0.07566103679999969,0.07670915339999951
a100,c0044,channels,4,1048576,LL,LL,23,22,0,108,0,16,20,100,0,False,channels_unrealized,5.2428799999999995,205237;205466,5,31.5187191963,31.4675211906,31.5289592743,31.59974,31.59432,31.65204,0.08402036880000097,0.07619967910000014,0.1230807256999995
a100,c0044,channels,4,1507328,LL,LL,23,23,0,108,0,16,20,100,0,True,,7.53664,205237;205466,5,39.4239997864,39.3727993965,39.4854402542,39.50929,39.50017,39.5684,0.07668912199999767,0.07617021359999399,0.08295974579999665
a100,c0044,channels,4,2097152,LL,LL,23,23,0,108,0,16,20,100,0,True,,10.485759999999999,205237;205466,5,50.9952020645,50.9644794464,51.0156822205,51.0764,51.04804,51.09282,0.08119793550000054,0.07713777950000633,0.0835605536000017
a100,c0044,channels,4,3014656,LL,LL,23,23,0,108,0,16,20,100,0,True,,15.07328,205237;205466,5,67.3689603806,67.3689603806,67.3689603806,67.44906,67.44354,67.45467,0.0800996194000021,0.0772522375000051,0.08570961939999222
a100,c0044,channels,4,3145728,LL,LL,23,23,0,108,0,16,20,100,0,True,,15.72864,205237;205466,5,76.1753606796,76.1036777496,76.1753606796,76.24112,76.23491,76.25315,0.07805763790000242,0.07778932040000086,0.08217006710000874
a100,c0044,channels,4,4194304,LL,LL,23,23,0,108,0,16,20,100,0,True,,20.971519999999998,205237;205466,5,93.8598442078,93.8598442078,93.9212799072,93.93433,93.92923,94.00467,0.07481703979999565,0.07448579220000795,0.08213224300000377
a100,c0044,channels,4,6029312,LL,LL,23,23,0,108,0,16,20,100,0,True,,30.14656,205237;205466,5,122.521600723,122.306556702,122.572803497,122.60132,122.3908,122.64811,0.07910114799999235,0.07810357700000736,0.07971927699999526
a100,c0045,channels,4,262144,LL,LL,24,22,0,108,0,16,20,100,0,False,channels_unrealized,1.3107199999999999,205466,5,17.930239439,17.8688001633,18.2272005081,18.01394,17.94981,18.37073,0.08370056100000056,0.08100983669999806,0.1435294918999972
a100,c0045,channels,4,393216,LL,LL,24,24,0,108,0,16,20,100,0,True,,1.96608,205466,5,18.8313603401,18.7801599503,18.8518404961,18.91277,18.85917,18.9298,0.07901004969999903,0.07795950390000073,0.08140965989999671
a100,c0045,channels,4,524288,LL,LL,24,22,0,108,0,16,20,100,0,False,channels_unrealized,2.6214399999999998,205466,5,22.8966403008,22.8249597549,23.3574390411,22.9752,22.91128,23.43469,0.0785596991999995,0.07725095889999878,0.08436079089999993
a100,c0045,channels,4,1048576,LL,LL,24,24,0,108,0,16,20,100,0,True,,5.2428799999999995,205466,5,31.047680378,31.027200222,31.3036799431,31.11831,31.10107,31.377,0.07332005689999832,0.07227015899999856,0.07386977799999883
a100,c0045,channels,4,1572864,LL,LL,24,24,0,108,0,16,20,100,0,True,,7.86432,205466,5,40.2636814117,40.2227210999,40.2943992615,40.33929,40.30292,40.36624,0.07492827640000144,0.07490136229999678,0.07560858829999972
a100,c0045,channels,4,2097152,LL,LL,24,24,0,108,0,16,20,100,0,True,,10.485759999999999,205466,5,50.5753612518,50.5753612518,50.5855989456,50.65788,50.65498,50.73243,0.08251874820000182,0.07961874820000503,0.14683105440000332
a100,c0045,channels,4,3145728,LL,LL,24,24,0,108,0,16,20,100,0,True,,15.72864,205466,5,69.8572778702,69.8367977142,69.8572778702,69.93495,69.91632,69.94347,0.07952228579999598,0.07767212980000693,0.08090873199999749
a100,c0045,channels,4,4194304,LL,LL,24,24,0,108,0,16,20,100,0,True,,20.971519999999998,205466,5,90.9619235992,90.9516811371,90.992641449,91.03764,91.03454,91.13614,0.08429132509999704,0.08285886290001088,0.09403914179999617
a100,c0045,channels,4,6291456,LL,LL,24,24,0,108,0,16,20,100,0,True,,31.45728,205466,5,126.78144455,126.771202087,126.832637787,126.85862,126.85492,126.91012,0.08339822400000685,0.07748221300001035,0.0860637070000081
a100,c0046,channels,4,262144,LL,LL,28,22,0,108,0,16,20,100,0,False,channels_unrealized,1.3107199999999999,205237;205466,5,18.1862401962,18.1350398064,18.3296000957,18.26342,18.2024,18.4066,0.0771798038,0.0769999043000027,0.07886984880000014
a100,c0046,channels,4,458752,LL,LL,28,28,0,108,0,16,20,100,0,True,,2.2937600000000002,205237;205466,5,20.4697608948,20.3059196472,20.5823993683,20.54251,20.3792,20.66005,0.0776506316999992,0.07328035280000122,0.08304024190000092
a100,c0046,channels,4,524288,LL,LL,28,26,0,108,0,16,20,100,0,False,channels_unrealized,2.6214399999999998,205237;205466,5,22.6304006577,22.5484800339,22.6713609695,22.75679,22.62694,22.78193,0.08045118070000257,0.07894105769999982,0.0854290304999985
a100,c0046,channels,4,1048576,LL,LL,28,26,0,108,0,16,20,100,0,False,channels_unrealized,5.2428799999999995,205237;205466,5,30.8428788185,30.8224010468,30.9555196762,30.92593,30.89838,31.08275,0.08305118150000013,0.0764197120999981,0.08393949909999776
a100,c0046,channels,4,1835008,LL,LL,28,28,0,108,0,16,20,100,0,True,,9.175040000000001,205237;205466,5,47.9231977463,47.9027223587,47.9641580582,48.04414,48.00788,48.04815,0.07998194179999984,0.07815826510000079,0.08468225370000226
a100,c0046,channels,4,2097152,LL,LL,28,27,0,108,0,16,20,100,0,False,channels_unrealized,10.485759999999999,205237;205466,5,53.7599992752,53.6985588074,53.8521623611,53.84754,53.8306,53.932,0.07983763890000262,0.07828212829999615,0.08115175049999834
a100,c0046,channels,4,3145728,LL,LL,28,28,0,108,0,16,20,100,0,True,,15.72864,205237;205466,5,73.021440506,72.9497623444,73.0316781998,73.09986,73.02982,73.10647,0.07676207919999456,0.07479180020000342,0.07841949400000203
a100,c0046,channels,4,3670016,LL,LL,28,28,0,108,0,16,20,100,0,True,,18.350080000000002,205237;205466,5,82.8518390656,82.8108787537,82.9951953888,82.9247,82.89454,83.07189,0.07616937500000631,0.07536402040000212,0.0766946111999971
a100,c0046,channels,4,4194304,LL,LL,28,28,0,108,0,16,20,100,0,True,,20.971519999999998,205237;205466,5,96.6656017303,96.4300823212,96.6758441925,96.75548,96.49828,96.82,0.07963580750001142,0.07381979609999689,0.09007291499999326
a100,c0046,channels,4,7340032,LL,LL,28,28,0,108,0,16,20,100,0,True,,36.700160000000004,205237;205466,5,155.484161377,155.279359818,155.83231926,155.57329,155.37011,155.91976,0.08744074000000523,0.08304886900000952,0.08912862299999347
a100,c0047,channels,4,262144,LL,LL,32,32,0,108,0,16,20,100,0,True,,1.3107199999999999,205237;205466,5,17.4182403088,17.3977601528,17.4182403088,17.48682,17.48612,17.49554,0.0772996911999968,0.07063992519999829,0.0826494573000005
a100,c0047,channels,4,524288,LL,LL,32,32,0,108,0,16,20,100,0,True,,2.6214399999999998,205237;205466,5,21.1865592003,21.1660790443,21.1865592003,21.26681,21.24446,21.27092,0.08025079969999993,0.07838095569999837,0.08266888340000023
a100,c0047,channels,4,1048576,LL,LL,32,32,0,108,0,16,20,100,0,True,,5.2428799999999995,205237;205466,5,30.6073594093,30.5459189415,30.6892800331,30.67756,30.62235,30.76853,0.07772988889999866,0.07643105850000254,0.0792499668999973
a100,c0047,channels,4,2097152,LL,LL,32,32,0,108,0,16,20,100,0,True,,10.485759999999999,205237;205466,5,49.8790407181,49.8687982559,49.899520874,49.97406,49.96114,49.98169,0.0821691260000037,0.08209928189999971,0.08662775539999501
a100,c0047,channels,4,3145728,LL,LL,32,32,0,108,0,16,20,100,0,True,,15.72864,205237;205466,5,69.1302394867,69.1200017929,69.1711997986,69.21557,69.20516,69.24603,0.0851582071000081,0.07774098110000693,0.08533051329999353
a100,c0047,channels,4,4194304,LL,LL,32,32,0,108,0,16,20,100,0,True,,20.971519999999998,205237;205466,5,88.1561565399,88.1049633026,88.2176017761,88.23195,88.18173,88.30128,0.08008947140000089,0.07676669740000364,0.08110760009999751
a100,c0047,channels,4,8388608,LL,LL,32,32,0,108,0,16,20,100,0,True,,41.943039999999996,205237;205466,5,165.427207947,165.39648056,165.550079346,165.55243,165.50466,165.6795,0.10422576299998809,0.0774520530000018,0.12942065400000047
a100,c0048,channels,4,16384,LL128,LL128,1,1,0,108,0,20,20,100,0,True,,0.08191999999999999,205466,5,34.4985604286,34.3244791031,34.6111989021,34.57948,34.40274,34.68408,0.0809195713999955,0.07826089689999804,0.0829994483999954
a100,c0048,channels,4,65536,LL128,LL128,1,1,0,108,0,20,20,100,0,True,,0.32767999999999997,205466,5,39.8233604431,39.5571208,39.8848009109,39.89454,39.63723,39.96125,0.07826069349999898,0.07644908910000225,0.08010920000000255
a100,c0048,channels,4,131072,LL128,LL128,1,1,0,108,0,20,20,100,0,True,,0.6553599999999999,205466,5,49.4284820557,49.3465614319,49.4591999054,49.50726,49.46468,49.53321,0.07877794430000051,0.07401009459999841,0.08991962679999688
a100,c0048,channels,4,262144,LL128,LL128,1,1,0,108,0,20,20,100,0,True,,1.3107199999999999,205466,5,66.5497589111,66.5087985992,66.6316795349,66.62657,66.5884,66.70563,0.07681108890000132,0.07395046509999759,0.07960140079998723
a100,c0048,channels,4,524288,LL128,LL128,1,1,0,108,0,20,20,100,0,True,,2.6214399999999998,205466,5,98.1606388092,97.4028778076,98.4166431427,98.23373,97.47536,98.49403,0.0730911907999996,0.07248219239998832,0.07703592160000028
a100,c0048,channels,4,1048576,LL128,LL128,1,1,0,108,0,20,20,100,0,True,,5.2428799999999995,205466,5,153.927679062,153.815040588,153.937921524,154.0216,153.89114,154.06709,0.08213387699998975,0.07609941200001913,0.0836784760000171
a100,c0048,channels,4,2097152,LL128,LL128,1,1,0,108,0,20,20,100,0,True,,10.485759999999999,205466,5,269.404163361,269.240322113,269.547519684,269.49196,269.34869,269.63103,0.08427891699994916,0.0835103160000017,0.08779663900003243
a100,c0048,channels,4,3145728,LL128,LL128,1,1,0,108,0,20,20,100,0,True,,15.72864,205466,5,406.886405945,406.732788086,406.896629333,406.97307,406.81266,407.00133,0.08210635500000762,0.07987191399996618,0.0842157419999694
a100,c0048,channels,4,4194304,LL128,LL128,1,1,0,108,0,20,20,100,0,True,,20.971519999999998,205466,5,522.608642578,520.519676208,522.915840149,522.69391,520.60335,522.9948,0.08367379200001324,0.07984869599999911,0.08526742200001536
a100,c0049,channels,4,32768,LL128,LL128,2,2,0,108,0,20,20,100,0,True,,0.16383999999999999,205237;205466,5,35.8502411842,35.7580804825,35.8502411842,35.92768,35.8399,35.92848,0.08181951750000138,0.07823881579999892,0.08371104400000462
a100,c0049,channels,4,131072,LL128,LL128,2,2,0,108,0,20,20,100,0,True,,0.6553599999999999,205237;205466,5,41.1647987366,41.0419178009,41.1852788925,41.25696,41.11278,41.2749,0.07120235500000405,0.0709578656000005,0.07168110749999812
a100,c0049,channels,4,262144,LL128,LL128,2,2,0,108,0,20,20,100,0,True,,1.3107199999999999,205237;205466,5,50.6572818756,50.5344009399,50.7289600372,50.80026,50.62592,50.83543,0.09151906009999777,0.07575211300000007,0.13411996279999983
a100,c0049,channels,4,524288,LL128,LL128,2,2,0,108,0,20,20,100,0,True,,2.6214399999999998,205237;205466,5,67.8399991989,67.7478408813,67.9014396667,67.92056,67.82379,67.9883,0.07661787109999807,0.07594911870000942,0.08056080109999186
a100,c0049,channels,4,1048576,LL128,LL128,2,2,0,108,0,20,20,100,0,True,,5.2428799999999995,205237;205466,5,99.4508838654,99.4406414032,99.6249580383,99.53715,99.51159,99.70045,0.07549196170000982,0.07188918760000718,0.08398206049999146
a100,c0049,channels,4,2097152,LL128,LL128,2,2,0,108,0,20,20,100,0,True,,10.485759999999999,205237;205466,5,155.361280441,155.14623642,155.422716141,155.43193,155.28433,155.51009,0.08737385899999595,0.0810317419999933,0.13809358000000316
a100,c0049,channels,4,3145728,LL128,LL128,2,2,0,108,0,20,20,100,0,True,,15.72864,205237;205466,5,215.9308815,215.091209412,216.023044586,216.01236,215.1704,216.0975,0.07919058799998879,0.07557620199997928,0.08066229499999622
a100,c0049,channels,4,4194304,LL128,LL128,2,2,0,108,0,20,20,100,0,True,,20.971519999999998,205237;205466,5,271.400966644,271.124477386,271.462402344,271.47351,271.20846,271.54703,0.0832345700000019,0.0789909590000093,0.08398261399997864
a100,c0050,channels,4,65536,LL128,LL128,4,4,0,108,0,20,20,100,0,True,,0.32767999999999997,205237;205466,5,36.3520002365,36.2495994568,36.3520002365,36.43797,36.32675,36.63975,0.08225893880000257,0.07715054319999837,0.08596976350000318
a100,c0050,channels,4,262144,LL128,LL128,4,4,0,108,0,20,20,100,0,True,,1.3107199999999999,205237;205466,5,41.6767978668,41.6460800171,41.9020795822,41.7502,41.71924,41.97965,0.07526963809999643,0.07340213319999833,0.07757041779999696
a100,c0050,channels,4,524288,LL128,LL128,4,4,0,108,0,20,20,100,0,True,,2.6214399999999998,205237;205466,5,51.0361623764,50.831360817,51.0464000702,51.10404,50.90415,51.11557,0.07026992979999847,0.06916992979999748,0.0727891830000047
a100,c0050,channels,4,1048576,LL128,LL128,4,4,0,108,0,20,20,100,0,True,,5.2428799999999995,205237;205466,5,68.4236812592,68.3417606354,68.4441614151,68.49959,68.46302,68.51923,0.07590874080000276,0.07512877380000305,0.08293764920000513
a100,c0050,channels,4,2097152,LL128,LL128,4,4,0,108,0,20,20,100,0,True,,10.485759999999999,205237;205466,5,100.20863533,100.20863533,100.280323029,100.31614,100.27516,100.37004,0.08971697100000142,0.07269439090001129,0.1075046699999973
a100,c0050,channels,4,3145728,LL128,LL128,4,4,0,108,0,20,20,100,0,True,,15.72864,205237;205466,5,131.123199463,131.102724075,131.153917313,131.20329,131.17364,131.23356,0.07919240799998306,0.07721835400002419,0.07964268700001753
a100,c0050,channels,4,4194304,LL128,LL128,4,4,0,108,0,20,20,100,0,True,,20.971519999999998,205237;205466,5,155.903997421,155.883522034,155.924482346,155.98498,155.96214,156.03058,0.07861796599999593,0.0777167519999864,0.0809825789999934
a100,c0051,channels,4,131072,LL128,LL128,8,8,0,108,0,20,20,100,0,True,,0.6553599999999999,205466,5,36.792318821,36.6899204254,36.8127989769,36.86038,36.764,36.88904,0.07624102310000325,0.07407957460000603,0.07804058819999682
a100,c0051,channels,4,262144,LL128,LL128,8,8,0,108,0,20,20,100,0,True,,1.3107199999999999,205466,5,38.4614396095,38.348801136,38.5843205452,38.55044,38.4286,38.75443,0.0890003905000043,0.07979886400000424,0.16523922089999843
a100,c0051,channels,4,524288,LL128,LL128,8,8,0,108,0,20,20,100,0,True,,2.6214399999999998,205466,5,42.0761585236,41.9225597382,42.1888017654,42.14767,41.99539,42.2668,0.07596842350000088,0.07283026180000007,0.07799823460000255
a100,c0051,channels,4,1048576,LL128,LL128,8,8,0,108,0,20,20,100,0,True,,5.2428799999999995,205466,5,51.8451213837,51.6403198242,51.9372797012,51.9142,51.71502,52.01982,0.0777618912000051,0.07470017580000388,0.08254029880000502
a100,c0051,channels,4,2097152,LL128,LL128,8,8,0,108,0,20,20,100,0,True,,10.485759999999999,205466,5,69.6115207672,69.4988822937,69.8060798645,69.6916,69.58298,69.89118,0.08062228580000408,0.08007923279998863,0.08409770629999969
a100,c0051,channels,4,3145728,LL128,LL128,8,8,0,108,0,20,20,100,0,True,,15.72864,205466,5,86.435842514,86.4153575897,86.9990444183,86.51183,86.49759,87.07301,0.07598748600000249,0.07536078489999909,0.07767814269999462
a100,c0051,channels,4,4194304,LL128,LL128,8,8,0,108,0,20,20,100,0,True,,20.971519999999998,205466,5,102.891521454,102.676477432,103.32159996,102.9912,102.76317,103.39628,0.07628291300000001,0.07625465200000292,0.08669256800000369
a100,c0052,channels,4,196608,LL128,LL128,12,12,0,108,0,20,20,100,0,True,,0.98304,205237;205466,5,37.3760008812,37.2428798676,37.3862409592,37.4433,37.32117,37.46434,0.07809904079999797,0.07550977549999516,0.07829013239999938
a100,c0052,channels,4,262144,LL128,LL128,12,8,0,108,0,20,20,100,0,False,channels_unrealized,1.3107199999999999,205237;205466,5,38.666241169,38.5638403893,38.6764788628,38.74491,38.67929,38.75012,0.08146961070000458,0.07866883099999455,0.08449895399999718
a100,c0052,channels,4,524288,LL128,LL128,12,11,0,108,0,20,20,100,0,False,channels_unrealized,2.6214399999999998,205237;205466,5,40.5299186707,40.407037735,40.6016016006,40.67554,40.48957,40.68205,0.08253226499999755,0.08044839939999804,0.14562132929999905
a100,c0052,channels,4,786432,LL128,LL128,12,12,0,108,0,20,20,100,0,True,,3.93216,205237;205466,5,42.7315187454,42.5574398041,42.8851222992,42.81055,42.63601,42.95833,0.078529137299995,0.07375985110000016,0.07857019589999936
a100,c0052,channels,4,1048576,LL128,LL128,12,11,0,108,0,20,20,100,0,False,channels_unrealized,5.2428799999999995,205237;205466,5,47.2780799866,47.1961593628,47.2883176804,47.36123,47.27325,47.36164,0.0740717287999999,0.07332231960000257,0.0770906371999942
a100,c0052,channels,4,1572864,LL128,LL128,12,12,0,108,0,20,20,100,0,True,,7.86432,205237;205466,5,53.3196783066,52.930560112,53.7088012695,53.39897,53.0051,53.78671,0.07836867339999998,0.07790873049999902,0.07929169340000186
a100,c0052,channels,4,2097152,LL128,LL128,12,12,0,108,0,20,20,100,0,True,,10.485759999999999,205237;205466,5,64.7987222672,64.2047977448,65.0444793701,64.86999,64.27864,65.16977,0.07820764279999537,0.07384225519999177,0.07837059690000103
a100,c0052,channels,4,3145728,LL128,LL128,12,12,0,108,0,20,20,100,0,True,,15.72864,205237;205466,5,72.7347183228,72.7142381668,72.7756786346,72.81181,72.79247,72.85699,0.07823183319999316,0.07709167719998788,0.07915030670000078
a100,c0052,channels,4,4194304,LL128,LL128,12,12,0,108,0,20,20,100,0,True,,20.971519999999998,205237;205466,5,87.6543998718,87.4291229248,87.6748752594,87.73129,87.51596,87.74278,0.07689012820000585,0.0756107189999966,0.085185926500003
a100,c0053,channels,4,262144,LL128,LL128,16,16,0,108,0,20,20,100,0,True,,1.3107199999999999,205466,5,37.7343988419,37.6012802124,37.7446389198,37.80921,37.67726,37.88064,0.0759797875999979,0.07558986560000136,0.13600108019999624
a100,c0053,channels,4,524288,LL128,LL128,16,16,0,108,0,20,20,100,0,True,,2.6214399999999998,205466,5,39.4649600983,39.3420791626,39.4854402542,39.54145,39.46289,39.56009,0.08092114930000349,0.07648990170000047,0.08281920000000298
a100,c0053,channels,4,1048576,LL128,LL128,16,16,0,108,0,20,20,100,0,True,,5.2428799999999995,205466,5,43.9910411835,43.5302400589,44.2163181305,44.15104,43.60819,44.29081,0.07794994110000175,0.07449186950000097,0.0801119925000009
a100,c0053,channels,4,2097152,LL128,LL128,16,16,0,108,0,20,20,100,0,True,,10.485759999999999,205466,5,55.8080005646,55.644159317,56.1254405975,55.89398,55.71303,56.2105,0.08597943539999875,0.08505940250000066,0.08978942659999944
a100,c0053,channels,4,3145728,LL128,LL128,16,16,0,108,0,20,20,100,0,True,,15.72864,205466,5,68.8640022278,68.5977602005,69.5603179932,68.93592,68.68194,69.64309,0.08114076809999915,0.07675845309999829,0.08277200679999908
a100,c0053,channels,4,4194304,LL128,LL128,16,16,0,108,0,20,20,100,0,True,,20.971519999999998,205466,5,77.4860811234,77.4553585052,77.557759285,77.56707,77.53901,77.63811,0.08098887660000287,0.08035071499999447,0.08139964750000672
a100,c0054,channels,4,262144,LL128,LL128,20,16,0,108,0,20,20,100,0,False,channels_unrealized,1.3107199999999999,205237;205466,5,37.8572797775,37.6524806023,37.8675198555,37.93796,37.73136,37.95298,0.07887939769999974,0.07620064529999837,0.08068022249999984
a100,c0054,channels,4,327680,LL128,LL128,20,20,0,108,0,20,20,100,0,True,,1.6384,205237;205466,5,38.1235194206,37.9801607132,38.1235194206,38.19866,38.04936,38.19877,0.07521011149999879,0.0751405793999993,0.07525057940000579
a100,c0054,channels,4,524288,LL128,LL128,20,16,0,108,0,20,20,100,0,False,channels_unrealized,2.6214399999999998,205237;205466,5,39.2089605331,39.1782402992,39.2806410789,39.33916,39.26161,39.39777,0.08336970079999872,0.08071024659999892,0.11712892110000439
a100,c0054,channels,4,1048576,LL128,LL128,20,16,0,108,0,20,20,100,0,False,channels_unrealized,5.2428799999999995,205237;205466,5,43.7760019302,43.7145614624,44.0217590332,43.85527,43.79225,44.15074,0.07926806979999412,0.07768853760000383,0.08004025299999995
a100,c0054,channels,4,1310720,LL128,LL128,20,20,0,108,0,20,20,100,0,True,,6.5536,205237;205466,5,44.8000001907,44.7488021851,45.5987215042,44.87303,44.82974,45.68259,0.08093781490000396,0.07302980930000302,0.08241799500000013
a100,c0054,channels,4,2097152,LL128,LL128,20,19,0,108,0,20,20,100,0,False,channels_unrealized,10.485759999999999,205237;205466,5,52.6233577728,52.1523189545,52.7769613266,52.70793,52.2256,52.85843,0.08333864040000094,0.0814686733999963,0.0845722271999989
a100,c0054,channels,4,2621440,LL128,LL128,20,20,0,108,0,20,20,100,0,True,,13.1072,205237;205466,5,58.7161588669,58.675198555,59.2179203033,58.79107,58.7526,59.35735,0.08227862919999751,0.07709144500000065,0.1388419128000038
a100,c0054,channels,4,3145728,LL128,LL128,20,20,0,108,0,20,20,100,0,True,,15.72864,205237;205466,5,67.4508810043,67.3075199127,68.095998764,67.53043,67.38644,68.16575,0.07892008729999134,0.07486200680000366,0.07954899569999441
a100,c0054,channels,4,4194304,LL128,LL128,20,20,0,108,0,20,20,100,0,True,,20.971519999999998,205237;205466,5,75.1308822632,75.1308822632,75.8784008026,75.21554,75.20521,75.95857,0.0801691973999965,0.07432773680000082,0.0823607239000097
a100,c0054,channels,4,5242880,LL128,LL128,20,20,0,108,0,20,20,100,0,True,,26.2144,205237;205466,5,86.8659210205,86.3334369659,87.1116828918,86.94346,86.40932,87.19023,0.07753185239999993,0.07588303409998787,0.07753897950000521
a100,c0055,channels,4,262144,LL128,LL128,22,16,0,108,0,20,20,100,0,False,channels_unrealized,1.3107199999999999,205237;205466,5,37.5808000565,37.5091195107,37.6115202904,37.66312,37.58076,37.69338,0.0770207232999951,0.07165939769999596,0.08185970959999622
a100,c0055,channels,4,360448,LL128,LL128,22,22,0,108,0,20,20,100,0,True,,1.8022399999999998,205237;205466,5,38.0927991867,38.0313611031,38.1132793427,38.1673,38.10568,38.25647,0.07450081329999847,0.07431889690000304,0.07512901989999676
a100,c0055,channels,4,524288,LL128,LL128,22,16,0,108,0,20,20,100,0,False,channels_unrealized,2.6214399999999998,205237;205466,5,39.4649600983,39.4239997864,39.4752001762,39.53163,39.49566,39.6215,0.07364091539999862,0.07166021359999775,0.07822927800000201
a100,c0055,channels,4,1048576,LL128,LL128,22,22,0,108,0,20,20,100,0,True,,5.2428799999999995,205237;205466,5,42.8236818314,42.5369596481,43.0182409286,42.90132,42.61908,43.08638,0.0776381685999965,0.07426797969999654,0.08212035189999511
a100,c0055,channels,4,1441792,LL128,LL128,22,22,0,108,0,20,20,100,0,True,,7.208959999999999,205237;205466,5,45.5475187302,44.7795200348,46.0390377045,45.6891,44.86351,46.11673,0.0803582827999989,0.07769229550000034,0.08398996519999713
a100,c0055,channels,4,2097152,LL128,LL128,22,22,0,108,0,20,20,100,0,True,,10.485759999999999,205237;205466,5,51.3945579529,50.5753612518,51.404800415,51.47486,50.65578,51.48869,0.08030204709999822,0.07558214600000213,0.08041874820000317
a100,c0055,channels,4,2883584,LL128,LL128,22,22,0,108,0,20,20,100,0,True,,14.417919999999999,205237;205466,5,60.0576019287,59.9142408371,60.8051204681,60.14056,59.9966,60.88159,0.08075027860000006,0.07646953190000261,0.08235916289999778
a100,c0055,channels,4,3145728,LL128,LL128,22,22,0,108,0,20,20,100,0,True,,15.72864,205237;205466,5,62.965760231,62.7916812897,63.2012796402,63.04306,62.87034,63.27903,0.07729976899999969,0.07631218929999761,0.07775035979999956
a100,c0055,channels,4,4194304,LL128,LL128,22,22,0,108,0,20,20,100,0,True,,20.971519999999998,205237;205466,5,75.5200004578,75.2435207367,76.052479744,75.6598,75.32294,76.1271,0.07462025600000288,0.07298022309998942,0.0794192632999966
a100,c0055,channels,4,5767168,LL128,LL128,22,22,0,108,0,20,20,100,0,True,,28.835839999999997,205237;205466,5,90.5216026306,90.2143955231,91.1359977722,90.5982,90.30163,91.21088,0.07659736940000528,0.07624587589999976,0.08111191590000999
a100,c0056,channels,4,262144,LL128,LL128,23,16,0,108,0,20,20,100,0,False,channels_unrealized,1.3107199999999999,205237;205466,5,37.5500798225,37.5091195107,37.7343988419,37.63336,37.58938,37.81342,0.08191037839999638,0.08026048929999519,0.08328017750000072
a100,c0056,channels,4,376832,LL128,LL128,23,23,0,108,0,20,20,100,0,True,,1.88416,205237;205466,5,38.0927991867,38.0927991867,38.1849598885,38.23211,38.16369,38.25978,0.07482011149999579,0.07208959870000342,0.07781046840000272
a100,c0056,channels,4,524288,LL128,LL128,23,16,0,108,0,20,20,100,0,False,channels_unrealized,2.6214399999999998,205237;205466,5,39.5264005661,39.3523192406,39.5571208,39.60116,39.42843,39.62621,0.07475943389999884,0.07261888809999562,0.07611075939999523
a100,c0056,channels,4,1048576,LL128,LL128,23,22,0,108,0,20,20,100,0,False,channels_unrealized,5.2428799999999995,205237;205466,5,42.8441619873,42.7008008957,42.874879837,42.90975,42.77248,42.95544,0.07632804570000218,0.0716791043000029,0.08056016300000124
a100,c0056,channels,4,1507328,LL128,LL128,23,23,0,108,0,20,20,100,0,True,,7.53664,205237;205466,5,45.7625579834,45.7318401337,45.8547210693,45.83439,45.80974,45.93287,0.07789986630000101,0.07470856169999962,0.07814893070000295
a100,c0056,channels,4,2097152,LL128,LL128,23,22,0,108,0,20,20,100,0,False,channels_unrealized,10.485759999999999,205237;205466,5,51.0361623764,50.7494401932,51.107840538,51.10925,50.83412,51.19182,0.07709226900000488,0.0766514562999987,0.08397946200000206
a100,c0056,channels,4,3014656,LL128,LL128,23,23,0,108,0,20,20,100,0,True,,15.07328,205237;205466,5,60.7129621506,60.3545618057,61.1737585068,60.88592,60.42642,61.25332,0.07827866210000423,0.07185819429999896,0.0795614932000035
a100,c0056,channels,4,3145728,LL128,LL128,23,22,0,108,0,20,20,100,0,False,channels_unrealized,15.72864,205237;205466,5,63.8259220123,63.2012796402,64.0614414215,63.90042,63.27872,64.13728,0.07744035980000064,0.07583857849999731,0.07956827550000156
a100,c0056,channels,4,4194304,LL128,LL128,23,22,0,108,0,20,20,100,0,False,channels_unrealized,20.971519999999998,205237;205466,5,75.6428813934,75.2435207367,75.7964801788,75.72222,75.31793,75.93843,0.0793386065999897,0.07518131469998934,0.09620097869999711
a100,c0056,channels,4,6029312,LL128,LL128,23,23,0,108,0,20,20,100,0,True,,30.14656,205237;205466,5,92.4262428284,92.129278183,92.723197937,92.50449,92.21352,92.80415,0.08095206300001223,0.08081112729999518,0.08186184999999568
a100,c0057,channels,4,262144,LL128,LL128,24,16,0,108,0,20,20,100,0,False,channels_unrealized,1.3107199999999999,205237;205466,5,37.7241611481,37.6012802124,37.7753591537,37.80672,37.67295,37.8547,0.07934084629999916,0.07571033340000355,0.08255885189999645
a100,c0057,channels,4,393216,LL128,LL128,24,24,0,108,0,20,20,100,0,True,,1.96608,205237;205466,5,38.2259202003,38.2156801224,38.4204792976,38.30146,38.29114,38.50444,0.07700007860000113,0.07553979969999602,0.08396070240000597
a100,c0057,channels,4,524288,LL128,LL128,24,16,0,108,0,20,20,100,0,False,channels_unrealized,2.6214399999999998,205237;205466,5,39.5161604881,39.5161604881,39.6595191956,39.66177,39.59336,39.74264,0.08312080440000358,0.0825809932999988,0.08367986879999734
a100,c0057,channels,4,1048576,LL128,LL128,24,22,0,108,0,20,20,100,0,False,channels_unrealized,5.2428799999999995,205237;205466,5,42.895359993,42.7417612076,43.3561611176,43.04861,42.90284,43.42594,0.08198206729999669,0.0697788823999943,0.1532500069999969
a100,c0057,channels,4,1572864,LL128,LL128,24,24,0,108,0,20,20,100,0,True,,7.86432,205237;205466,5,45.7523202896,45.6908798218,45.8854389191,45.91122,45.76876,45.96954,0.08048839689999454,0.07788017819999737,0.08410108090000534
a100,c0057,channels,4,2097152,LL128,LL128,24,22,0,108,0,20,20,100,0,False,channels_unrealized,10.485759999999999,205237;205466,5,51.2614393234,51.2307214737,51.4969587326,51.33428,51.31956,51.57796,0.0770917023000024,0.07284067660000204,0.0810012673999978
a100,c0057,channels,4,3145728,LL128,LL128,24,24,0,108,0,20,20,100,0,True,,15.72864,205237;205466,5,61.9519996643,61.7676782608,61.9724798203,62.03564,61.84906,62.05716,0.08364033570000373,0.08158939999999859,0.08468017970000119
a100,c0057,channels,4,4194304,LL128,LL128,24,24,0,108,0,20,20,100,0,True,,20.971519999999998,205237;205466,5,74.9158382416,74.9056005478,75.1616001129,74.99081,74.98991,75.25313,0.08520945219999021,0.07407175839999525,0.08618875370000012
a100,c0057,channels,4,6291456,LL128,LL128,24,24,0,108,0,20,20,100,0,True,,31.45728,205237;205466,5,96.0819244385,95.8975982666,96.1433601379,96.16895,95.97757,96.23517,0.07997173340000074,0.07850743289999684,0.08702556149999907
a100,c0058,channels,4,262144,LL128,LL128,28,16,0,108,0,20,20,100,0,False,channels_unrealized,1.3107199999999999,205237;205466,5,37.7651190758,37.5398397446,37.8060793877,37.84998,37.68356,37.88535,0.08022033339999979,0.07927061230000021,0.08486092420000091
a100,c0058,channels,4,458752,LL128,LL128,28,28,0,108,0,20,20,100,0,True,,2.2937600000000002,205237;205466,5,38.5740804672,38.4204792976,38.5945606232,38.65173,38.49203,38.67418,0.07764953280000242,0.07588078029999679,0.07961937679999664
a100,c0058,channels,4,524288,LL128,LL128,28,16,0,108,0,20,20,100,0,False,channels_unrealized,2.6214399999999998,205237;205466,5,39.2192006111,38.973441124,39.3113589287,39.3064,39.04418,39.38295,0.07647895399999527,0.07159107129999853,0.07842010270000088
a100,c0058,channels,4,1048576,LL128,LL128,28,22,0,108,0,20,20,100,0,False,channels_unrealized,5.2428799999999995,205237;205466,5,42.9055976868,42.6086378098,43.2844781876,43.05441,42.68521,43.35329,0.07657219019999673,0.07581826750000431,0.08002134459999866
a100,c0058,channels,4,1835008,LL128,LL128,28,28,0,108,0,20,20,100,0,True,,9.175040000000001,205237;205466,5,47.134718895,46.9606399536,47.503361702,47.21285,47.04813,47.57764,0.07640998050000292,0.07427829800000296,0.0781311050000042
a100,c0058,channels,4,2097152,LL128,LL128,28,26,0,108,0,20,20,100,0,False,channels_unrealized,10.485759999999999,205237;205466,5,50.4012823105,50.1043176651,51.2307214737,50.48234,50.17917,51.31665,0.07485233490000098,0.0737491171000002,0.0810576894999997
a100,c0058,channels,4,3145728,LL128,LL128,28,28,0,108,0,20,20,100,0,True,,15.72864,205237;205466,5,59.7913599014,58.9414405823,59.955201149,59.87506,59.0152,60.03065,0.07544885100000442,0.07375941770000338,0.08370009859999783
a100,c0058,channels,4,3670016,LL128,LL128,28,28,0,108,0,20,20,100,0,True,,18.350080000000002,205237;205466,5,66.8364810944,66.1913585663,66.8979215622,66.91292,66.33811,66.97346,0.07643890559999988,0.07553843780000591,0.08556021910000311
a100,c0058,channels,4,4194304,LL128,LL128,28,26,0,108,0,20,20,100,0,False,channels_unrealized,20.971519999999998,205237;205466,5,76.5132808685,76.0422420502,76.5952014923,76.58948,76.11988,76.67977,0.07747875369999235,0.07619913149999036,0.07763794979999261
a100,c0058,channels,4,7340032,LL128,LL128,28,28,0,108,0,20,20,100,0,True,,36.700160000000004,205237;205466,5,107.069444656,107.03871727,107.151355743,107.15562,107.15202,107.26876,0.08665117099999975,0.08617534399999727,0.1133027299999867
a100,c0059,channels,4,262144,LL128,LL128,32,16,0,108,0,20,20,100,0,False,channels_unrealized,1.3107199999999999,205237;205466,5,37.7343988419,37.7036809921,37.7343988419,37.81011,37.77795,37.81041,0.07571115809999895,0.0742690078999999,0.0760111580999947
a100,c0059,channels,4,524288,LL128,LL128,32,32,0,108,0,20,20,100,0,True,,2.6214399999999998,205237;205466,5,38.7788796425,38.7583994865,38.9836788177,38.85703,38.8374,39.06112,0.07900051350000581,0.07815035750000021,0.08295896610000142
a100,c0059,channels,4,1048576,LL128,LL128,32,32,0,108,0,20,20,100,0,True,,5.2428799999999995,205237;205466,5,42.1683216095,40.8678388596,42.3424005508,42.25036,41.01891,42.42651,0.08203839050000283,0.07912234619999481,0.08410944919999963
a100,c0059,channels,4,2097152,LL128,LL128,32,32,0,108,0,20,20,100,0,True,,10.485759999999999,205237;205466,5,48.7423992157,48.69120121,49.3977594376,48.81904,48.76935,49.48422,0.0776177553999986,0.07664078430000387,0.07814879000000019
a100,c0059,channels,4,3145728,LL128,LL128,32,32,0,108,0,20,20,100,0,True,,15.72864,205237;205466,5,58.9311981201,58.7571191788,59.1257619858,59.0167,58.84598,59.20727,0.0815080142000042,0.08127898280000068,0.08550187990000069
a100,c0059,channels,4,4194304,LL128,LL128,32,32,0,108,0,20,20,100,0,True,,20.971519999999998,205237;205466,5,72.5094413757,72.3967981339,72.724480629,72.58907,72.49219,72.87152,0.0853011194000004,0.08308812350000494,0.09539186609998751
a100,c0059,channels,4,8388608,LL128,LL128,32,32,0,108,0,20,20,100,0,True,,41.943039999999996,205237;205466,5,117.944316864,117.852163315,118.077440262,118.07066,117.92369,118.16115,0.08370973800001025,0.07358026300001086,0.08622730899999453
a100,c0060,channels,4,16384,SIMPLE,SIMPLE,1,1,0,108,0,17,20,100,0,True,,0.08191999999999999,205237;205466,5,61.38879776,61.3273620605,62.0851182938,61.45991,61.4033,62.16449,0.07845840729999765,0.07593793950000105,0.07937170619999989
a100,c0060,channels,4,65536,SIMPLE,SIMPLE,1,1,0,108,0,17,20,100,0,True,,0.32767999999999997,205237;205466,5,65.3414392471,65.085439682,65.5155181885,65.43758,65.15995,65.6491,0.08237903750000442,0.07451031799999441,0.09614075289999846
a100,c0060,channels,4,131072,SIMPLE,SIMPLE,1,1,0,108,0,17,20,100,0,True,,0.6553599999999999,205237;205466,5,70.9529590607,70.8608007431,71.1065578461,71.02556,70.93179,71.17445,0.07098925690000613,0.07039106230000414,0.07260093930000266
a100,c0060,channels,4,262144,SIMPLE,SIMPLE,1,1,0,108,0,17,20,100,0,True,,1.3107199999999999,205237;205466,5,87.0297622681,85.6575965881,87.6748752594,87.10757,85.74224,87.76062,0.07780773189999479,0.07508825680000086,0.08464341189998947
a100,c0060,channels,4,524288,SIMPLE,SIMPLE,1,1,0,108,0,17,20,100,0,True,,2.6214399999999998,205237;205466,5,116.193275452,115.54816246,116.357116699,116.27604,115.62176,116.46575,0.0827645480000001,0.07956959100000915,0.0848600350000055
a100,c0060,channels,4,1048576,SIMPLE,SIMPLE,1,1,0,108,0,17,20,100,0,True,,5.2428799999999995,205237;205466,5,162.93888092,162.34495163,163.041286469,163.01451,162.41739,163.11343,0.07243837000001463,0.07214353099999471,0.0756290799999988
a100,c0060,channels,4,2097152,SIMPLE,SIMPLE,1,1,0,108,0,17,20,100,0,True,,10.485759999999999,205237;205466,5,253.532161713,252.948474884,253.655033112,253.61565,253.02836,253.73019,0.08318173600000023,0.0798851159999856,0.08348828699999444
a100,c0060,channels,4,3145728,SIMPLE,SIMPLE,1,1,0,108,0,17,20,100,0,True,,15.72864,205237;205466,5,342.067184448,341.985282898,342.548484802,342.15259,342.06016,342.62302,0.07659101600000895,0.0748771020000163,0.08424655800001801
a100,c0060,channels,4,4194304,SIMPLE,SIMPLE,1,1,0,108,0,17,20,100,0,True,,20.971519999999998,205237;205466,5,429.311981201,429.189109802,429.322242737,429.39619,429.33278,429.44353,0.08486888400000225,0.08046990999997661,0.13154879900002925
a100,c0061,channels,4,32768,SIMPLE,SIMPLE,2,2,0,108,0,17,20,100,0,True,,0.16383999999999999,205237;205466,5,65.2083206177,65.0035190582,65.2288007736,65.27978,65.07919,65.31295,0.07567094179999856,0.07284960420000175,0.08309137659999521
a100,c0061,channels,4,131072,SIMPLE,SIMPLE,2,2,0,108,0,17,20,100,0,True,,0.6553599999999999,205237;205466,5,68.4543991089,68.413438797,68.4543991089,68.53205,68.49469,68.60099,0.08125120300000788,0.07787179379999998,0.08148014430000217
a100,c0061,channels,4,262144,SIMPLE,SIMPLE,2,2,0,108,0,17,20,100,0,True,,1.3107199999999999,205237;205466,5,73.8918399811,73.8816022873,73.9532804489,73.96392,73.95942,74.0572,0.07899802459999705,0.07781771269999638,0.08099120060001042
a100,c0061,channels,4,524288,SIMPLE,SIMPLE,2,2,0,108,0,17,20,100,0,True,,2.6214399999999998,205237;205466,5,90.3168010712,90.255355835,90.3168010712,90.39553,90.39461,90.40763,0.07872892879998972,0.07780892879999612,0.0790274022999995
a100,c0061,channels,4,1048576,SIMPLE,SIMPLE,2,2,0,108,0,17,20,100,0,True,,5.2428799999999995,205237;205466,5,118.599681854,118.538236618,118.876161575,118.67514,118.61852,118.95688,0.08028338200000462,0.07676693100000875,0.0807184250000006
a100,c0061,channels,4,2097152,SIMPLE,SIMPLE,2,2,0,108,0,17,20,100,0,True,,10.485759999999999,205237;205466,5,165.74464798,165.713920593,166.215686798,165.82586,165.79229,166.292,0.07868242699998973,0.07836940699999673,0.0808420529999978
a100,c0061,channels,4,3145728,SIMPLE,SIMPLE,2,2,0,108,0,17,20,100,0,True,,15.72864,205237;205466,5,211.6198349,211.292152405,211.650562286,211.69731,211.36869,211.72562,0.0774750999999867,0.07653759499999069,0.0887188760000015
a100,c0061,channels,4,4194304,SIMPLE,SIMPLE,2,2,0,108,0,17,20,100,0,True,,20.971519999999998,205237;205466,5,256.460800171,255.887355804,256.552963257,256.53955,255.96646,256.65751,0.07910419600000296,0.07874982900000305,0.0849811620000196
a100,c0062,channels,4,65536,SIMPLE,SIMPLE,4,4,0,108,0,17,20,100,0,True,,0.32767999999999997,205237;205466,5,67.1436786652,67.1129608154,67.3587179184,67.22903,67.19357,67.43483,0.080609184599993,0.07939961939999307,0.08535133479999502
a100,c0062,channels,4,262144,SIMPLE,SIMPLE,4,4,0,108,0,17,20,100,0,True,,1.3107199999999999,205237;205466,5,71.0553598404,70.9427213669,71.0860776901,71.13277,71.02035,71.16242,0.0776286330999909,0.07741015959999231,0.08045797639999819
a100,c0062,channels,4,524288,SIMPLE,SIMPLE,4,4,0,108,0,17,20,100,0,True,,2.6214399999999998,205237;205466,5,76.8921613693,76.8204784393,76.9228792191,76.96514,76.89828,77.00489,0.07854015720000973,0.07780156069999578,0.08201078090000635
a100,c0062,channels,4,1048576,SIMPLE,SIMPLE,4,4,0,108,0,17,20,100,0,True,,5.2428799999999995,205237;205466,5,91.8732833862,91.8527984619,92.1395206451,91.94936,91.92886,92.21933,0.07607661379999797,0.07606153810000649,0.08371935489999771
a100,c0062,channels,4,2097152,SIMPLE,SIMPLE,4,4,0,108,0,17,20,100,0,True,,10.485759999999999,205237;205466,5,120.606718063,120.514564514,120.647678375,120.68562,120.66493,120.78581,0.08645611000000031,0.08113697899999295,0.13813162499999976
a100,c0062,channels,4,3145728,SIMPLE,SIMPLE,4,4,0,108,0,17,20,100,0,True,,15.72864,205237;205466,5,149.975042343,149.872636795,149.975042343,150.05084,150.01598,150.05927,0.07977133400001435,0.0757976569999812,0.08422765699998536
a100,c0062,channels,4,4194304,SIMPLE,SIMPLE,4,4,0,108,0,17,20,100,0,True,,20.971519999999998,205237;205466,5,167.720966339,167.598075867,167.8540802,167.80399,167.67734,167.94224,0.07965060800000856,0.07926413299998103,0.08302366099999858
a100,c0063,channels,4,131072,SIMPLE,SIMPLE,8,8,0,108,0,17,20,100,0,True,,0.6553599999999999,205237;205466,5,68.6592006683,68.6592006683,68.8230419159,68.75097,68.73758,68.89685,0.07741007840000691,0.07380808409999418,0.0783793316999919
a100,c0063,channels,4,262144,SIMPLE,SIMPLE,8,8,0,108,0,17,20,100,0,True,,1.3107199999999999,205237;205466,5,69.5193576813,69.4886398315,69.6012783051,69.61002,69.56026,69.68158,0.07847814119999441,0.07800203979999765,0.08030169490000105
a100,c0063,channels,4,524288,SIMPLE,SIMPLE,8,8,0,108,0,17,20,100,0,True,,2.6214399999999998,205237;205466,5,72.7347183228,72.407040596,72.8166389465,72.80341,72.48158,72.89586,0.0740985913000003,0.07334787749999805,0.07453940399999226
a100,c0063,channels,4,1048576,SIMPLE,SIMPLE,8,8,0,108,0,17,20,100,0,True,,5.2428799999999995,205237;205466,5,79.5340776443,79.1961622238,79.7593593597,79.61332,79.27795,79.83597,0.0787514858999998,0.07661064030000375,0.07924235570000349
a100,c0063,channels,4,2097152,SIMPLE,SIMPLE,8,8,0,108,0,17,20,100,0,True,,10.485759999999999,205237;205466,5,93.8291168213,93.7881565094,93.9929580688,93.91399,93.86532,94.13052,0.08604127439998877,0.08487317869999345,0.13331196410000246
a100,c0063,channels,4,3145728,SIMPLE,SIMPLE,8,8,0,108,0,17,20,100,0,True,,15.72864,205237;205466,5,107.714557648,107.499523163,107.75551796,107.80059,107.59127,107.84315,0.0860323520000037,0.08518238499999597,0.08763203999998836
a100,c0063,channels,4,4194304,SIMPLE,SIMPLE,8,8,0,108,0,17,20,100,0,True,,20.971519999999998,205237;205466,5,123.412475586,123.197441101,123.535356522,123.55608,123.33933,123.6989,0.14188889900000845,0.07808914500000697,0.14360441399999502
a100,c0064,channels,4,196608,SIMPLE,SIMPLE,12,12,0,108,0,17,20,100,0,True,,0.98304,205237;205466,5,68.4236812592,68.3315181732,68.4441614151,68.50248,68.41446,68.53305,0.07879874080001059,0.07532163790000368,0.08294182680000972
a100,c0064,channels,4,262144,SIMPLE,SIMPLE,12,8,0,108,0,17,20,100,0,False,channels_unrealized,1.3107199999999999,205237;205466,5,69.3657588959,69.2428779602,69.5193576813,69.4362,69.32226,69.60206,0.07938203979999514,0.07254923280000014,0.08270231870000089
a100,c0064,channels,4,524288,SIMPLE,SIMPLE,12,11,0,108,0,17,20,100,0,False,channels_unrealized,2.6214399999999998,205237;205466,5,70.8915185928,70.8095979691,70.9939193726,71.05231,70.89361,71.14458,0.08401203089999854,0.07510237580000023,0.15066062740000064
a100,c0064,channels,4,786432,SIMPLE,SIMPLE,12,12,0,108,0,17,20,100,0,True,,3.93216,205237;205466,5,72.9190397263,72.8268814087,73.2159996033,73.00256,72.90738,73.29595,0.08293768859999773,0.08049859129999959,0.08352027370000314
a100,c0064,channels,4,1048576,SIMPLE,SIMPLE,12,11,0,108,0,17,20,100,0,False,channels_unrealized,5.2428799999999995,205237;205466,5,76.1446380615,76.0012817383,76.4415979385,76.22369,76.08361,76.52116,0.07905193850000103,0.071492127399992,0.079562061499999
a100,c0064,channels,4,1572864,SIMPLE,SIMPLE,12,12,0,108,0,17,20,100,0,True,,7.86432,205237;205466,5,79.359998703,79.3395185471,79.8617601395,79.44153,79.42466,79.94126,0.08153129699999795,0.07949986049999325,0.08514145290000386
a100,c0064,channels,4,2097152,SIMPLE,SIMPLE,12,12,0,108,0,17,20,100,0,True,,10.485759999999999,205237;205466,5,89.4668769836,88.852481842,89.5795154572,89.54843,88.93029,89.66149,0.0815530163999938,0.0778081579999963,0.08197454279999761
a100,c0064,channels,4,3145728,SIMPLE,SIMPLE,12,12,0,108,0,17,20,100,0,True,,15.72864,205237;205466,5,95.1807975769,94.1465568542,95.3753566742,95.26231,94.21757,95.45837,0.08151242309999418,0.07101314579999496,0.0830133257999961
a100,c0064,channels,4,4194304,SIMPLE,SIMPLE,12,12,0,108,0,17,20,100,0,True,,20.971519999999998,205237;205466,5,105.011196136,104.243202209,105.717763901,105.08313,104.41405,105.7939,0.07496427399999561,0.07485690299999703,0.07613609899999574
a100,c0065,channels,4,262144,SIMPLE,SIMPLE,16,16,0,108,0,17,20,100,0,True,,1.3107199999999999,205466,5,69.1609621048,68.9561605453,69.2019176483,69.24061,69.04073,69.28891,0.08456945470000221,0.07964789519999727,0.08699235170000463
a100,c0065,channels,4,524288,SIMPLE,SIMPLE,16,16,0,108,0,17,20,100,0,True,,2.6214399999999998,205466,5,70.2054405212,70.1951980591,70.3385591507,70.29054,70.28072,70.40676,0.07895888790000072,0.07880038150000246,0.08509947879998947
a100,c0065,channels,4,1048576,SIMPLE,SIMPLE,16,16,0,108,0,17,20,100,0,True,,5.2428799999999995,205466,5,74.2195177078,73.9020776749,74.4038391113,74.29536,74.04969,74.47641,0.07921234920000586,0.07584229220000793,0.147612325099999
a100,c0065,channels,4,2097152,SIMPLE,SIMPLE,16,16,0,108,0,17,20,100,0,True,,10.485759999999999,205466,5,82.3295974731,81.0598373413,82.4115180969,82.4016,81.14297,82.49137,0.08096402039998907,0.0798519031000069,0.08313265870000919
a100,c0065,channels,4,3145728,SIMPLE,SIMPLE,16,16,0,108,0,17,20,100,0,True,,15.72864,205466,5,91.6275215149,91.4636802673,92.0473575592,91.70253,91.54964,92.12535,0.08229166990000181,0.07799244080000278,0.08595973269999035
a100,c0065,channels,4,4194304,SIMPLE,SIMPLE,16,16,0,108,0,17,20,100,0,True,,20.971519999999998,205466,5,97.0751953125,96.6758441925,97.2902393341,97.14964,96.75177,97.36896,0.0787206659000077,0.07592580749999911,0.08362465449999945
a100,c0066,channels,4,262144,SIMPLE,SIMPLE,20,16,0,108,0,17,20,100,0,False,channels_unrealized,1.3107199999999999,205466,5,69.0585613251,68.8435220718,69.1302394867,69.1321,68.92361,69.20705,0.07414789519999943,0.07392163789999984,0.07681051329998922
a100,c0066,channels,4,327680,SIMPLE,SIMPLE,20,20,0,108,0,17,20,100,0,True,,1.6384,205466,5,69.9084806442,69.376001358,70.1030397415,69.99296,69.50943,70.18703,0.08399025849999475,0.07601116120000029,0.08447935579999921
a100,c0066,channels,4,524288,SIMPLE,SIMPLE,20,16,0,108,0,17,20,100,0,False,channels_unrealized,2.6214399999999998,205466,5,70.4819202423,70.3283214569,70.6252813339,70.55895,70.4749,70.70564,0.08035866609999687,0.07923097229999598,0.1397516290000027
a100,c0066,channels,4,1048576,SIMPLE,SIMPLE,20,16,0,108,0,17,20,100,0,False,channels_unrealized,5.2428799999999995,205466,5,74.3936014175,74.0352010727,74.7212791443,74.47211,74.12413,74.79904,0.084570855700008,0.0785085825000067,0.08892892729998891
a100,c0066,channels,4,1310720,SIMPLE,SIMPLE,20,20,0,108,0,17,20,100,0,True,,6.5536,205466,5,74.9056005478,74.84416008,76.646399498,74.9864,74.92297,76.72865,0.07880992000001186,0.07018023189999667,0.08079945219999729
a100,c0066,channels,4,2097152,SIMPLE,SIMPLE,20,19,0,108,0,17,20,100,0,False,channels_unrealized,10.485759999999999,205466,5,80.9881591797,80.7628822327,81.0700798035,81.06992,80.84468,81.14918,0.08149029540000186,0.07910019650000777,0.08176082029999066
a100,c0066,channels,4,2621440,SIMPLE,SIMPLE,20,20,0,108,0,17,20,100,0,True,,13.1072,205466,5,84.4390392303,84.2854404449,84.6233558655,84.51907,84.36979,84.71043,0.08003076970000222,0.07932029299999499,0.08434955509999043
a100,c0066,channels,4,3145728,SIMPLE,SIMPLE,20,20,0,108,0,17,20,100,0,True,,15.72864,205466,5,90.7161617279,90.6444835663,91.5148830414,90.78216,90.72845,91.59152,0.08003216189999307,0.0766369586000053,0.08396643369999879
a100,c0066,channels,4,4194304,SIMPLE,SIMPLE,20,20,0,108,0,17,20,100,0,True,,20.971519999999998,205466,5,93.8803195953,93.5424041748,94.914560318,93.95196,93.62273,95.01071,0.0803258252000063,0.07264083069999572,0.08180078250001088
a100,c0066,channels,4,5242880,SIMPLE,SIMPLE,20,20,0,108,0,17,20,100,0,True,,26.2144,205466,5,99.6352005005,99.2460823059,99.8911952972,99.70905,99.32342,99.96967,0.07598362000000236,0.07384949949999964,0.07733769409999525
a100,c0067,channels,4,262144,SIMPLE,SIMPLE,22,16,0,108,0,17,20,100,0,False,channels_unrealized,1.3107199999999999,205237;205466,5,69.1711997986,68.9152002335,69.2838382721,69.24593,68.99574,69.36015,0.0768404232999984,0.07631172790000562,0.08053976649999584
a100,c0067,channels,4,360448,SIMPLE,SIMPLE,22,22,0,108,0,17,20,100,0,True,,1.8022399999999998,205237;205466,5,69.8470401764,69.5500802994,70.1235198975,69.92253,69.63037,70.19776,0.07548982359999457,0.07467979060000118,0.07886879790000023
a100,c0067,channels,4,524288,SIMPLE,SIMPLE,22,16,0,108,0,17,20,100,0,False,channels_unrealized,2.6214399999999998,205237;205466,5,70.0723218918,70.0313615799,70.3999996185,70.14767,70.11391,70.48432,0.0753481082000036,0.0732784771999917,0.08254842010001084
a100,c0067,channels,4,1048576,SIMPLE,SIMPLE,22,22,0,108,0,17,20,100,0,True,,5.2428799999999995,205237;205466,5,73.1852817535,72.9395198822,73.4617614746,73.26658,73.00719,73.5429,0.08072905909999406,0.0806080245999965,0.08113852540000721
a100,c0067,channels,4,1441792,SIMPLE,SIMPLE,22,22,0,108,0,17,20,100,0,True,,7.208959999999999,205237;205466,5,75.2230405807,74.3423986435,75.3254413605,75.30371,74.48804,75.404,0.08658954220000226,0.08066941929999416,0.14564135649999344
a100,c0067,channels,4,2097152,SIMPLE,SIMPLE,22,22,0,108,0,17,20,100,0,True,,10.485759999999999,205237;205466,5,80.1894378662,80.0153636932,80.2303981781,80.26869,80.08745,80.31387,0.07647393919999956,0.07208630680000283,0.07925213380001139
a100,c0067,channels,4,2883584,SIMPLE,SIMPLE,22,22,0,108,0,17,20,100,0,True,,14.417919999999999,205237;205466,5,85.4937553406,84.8691177368,85.7292842865,85.5693,84.9457,85.80797,0.07658226319999528,0.07554465939999488,0.07868571349999343
a100,c0067,channels,4,3145728,SIMPLE,SIMPLE,22,22,0,108,0,17,20,100,0,True,,15.72864,205237;205466,5,91.3817596436,90.2860832214,91.9654369354,91.47128,90.43659,92.0496,0.08952035639998712,0.08416306459999134,0.14887117800000738
a100,c0067,channels,4,4194304,SIMPLE,SIMPLE,22,22,0,108,0,17,20,100,0,True,,20.971519999999998,205237;205466,5,94.6790409088,93.4399986267,95.1296043396,94.75942,93.52104,95.20388,0.07783617000001186,0.07679531560000896,0.08037909120000108
a100,c0067,channels,4,5767168,SIMPLE,SIMPLE,22,22,0,108,0,17,20,100,0,True,,28.835839999999997,205237;205466,5,101.396484375,100.771837234,101.662721634,101.47487,100.85838,101.74139,0.08654276599999378,0.07866836600000227,0.08796989300000746
a100,c0068,channels,4,262144,SIMPLE,SIMPLE,23,16,0,108,0,17,20,100,0,False,channels_unrealized,1.3107199999999999,205237;205466,5,69.027838707,68.9254379272,69.3350410461,69.19263,69.00146,69.41136,0.07631895389999954,0.07602207280000073,0.07656814119999922
a100,c0068,channels,4,376832,SIMPLE,SIMPLE,23,23,0,108,0,17,20,100,0,True,,1.88416,205237;205466,5,69.8777580261,69.7958421707,70.2259206772,69.95619,69.87344,70.31268,0.07843197390000967,0.0775978293000037,0.07900938870000118
a100,c0068,channels,4,524288,SIMPLE,SIMPLE,23,16,0,108,0,17,20,100,0,False,channels_unrealized,2.6214399999999998,205237;205466,5,70.7583999634,70.7481622696,71.0143995285,70.8335,70.83108,71.09129,0.0768904715000076,0.07561963470000421,0.08210937989998968
a100,c0068,channels,4,1048576,SIMPLE,SIMPLE,23,22,0,108,0,17,20,100,0,False,channels_unrealized,5.2428799999999995,205237;205466,5,72.8575992584,72.7961587906,73.1135988235,73.00818,72.87633,73.19014,0.07654117650000103,0.07170805760000576,0.08017120939999245
a100,c0068,channels,4,1507328,SIMPLE,SIMPLE,23,23,0,108,0,17,20,100,0,True,,7.53664,205237;205466,5,75.3664016724,75.2025604248,75.4585599899,75.44438,75.34459,75.53456,0.07916776980000861,0.07797832759999324,0.08430187260000821
a100,c0068,channels,4,2097152,SIMPLE,SIMPLE,23,22,0,108,0,17,20,100,0,False,channels_unrealized,10.485759999999999,205237;205466,5,79.3804788589,79.0528011322,79.65695858,79.45721,79.1323,79.74398,0.08011811219999743,0.07949886779999815,0.08702141999999924
a100,c0068,channels,4,3014656,SIMPLE,SIMPLE,23,23,0,108,0,17,20,100,0,True,,15.07328,205237;205466,5,85.3196811676,84.6335983276,86.38463974,85.40258,84.71355,86.46053,0.0799516724,0.07733296809999501,0.0801668139999947
a100,c0068,channels,4,3145728,SIMPLE,SIMPLE,23,22,0,108,0,17,20,100,0,False,channels_unrealized,15.72864,205237;205466,5,91.3100814819,91.1462402344,91.3817596436,91.38522,91.22681,91.45576,0.07400035639999203,0.07343886290000512,0.0751385181000046
a100,c0068,channels,4,4194304,SIMPLE,SIMPLE,23,22,0,108,0,17,20,100,0,False,channels_unrealized,20.971519999999998,205237;205466,5,93.317117691,93.0611228943,94.0646362305,93.3966,93.22827,94.14824,0.082547729500007,0.08010155330001112,0.08360376950000159
a100,c0068,channels,4,6029312,SIMPLE,SIMPLE,23,23,0,108,0,17,20,100,0,True,,30.14656,205237;205466,5,101.345281601,100.945920944,101.693439484,101.42899,101.03232,101.76694,0.07840908900000443,0.0735967409999887,0.08370839900000249
a100,c0069,channels,4,262144,SIMPLE,SIMPLE,24,16,0,108,0,17,20,100,0,False,channels_unrealized,1.3107199999999999,205237;205466,5,68.9049577713,68.8640022278,68.9766407013,68.98452,68.94454,69.05386,0.07956222869999863,0.0772192987000011,0.0796103903000045
a100,c0069,channels,4,393216,SIMPLE,SIMPLE,24,24,0,108,0,17,20,100,0,True,,1.96608,205237;205466,5,69.9596786499,69.672961235,70.3590393066,70.03487,69.75761,70.44053,0.08163786219999736,0.08149069339999926,0.08179112820000967
a100,c0069,channels,4,524288,SIMPLE,SIMPLE,24,16,0,108,0,17,20,100,0,False,channels_unrealized,2.6214399999999998,205237;205466,5,70.236158371,70.1132822037,70.3590393066,70.30938,70.20147,70.43002,0.07892029139999579,0.07322162900000251,0.08818779630000506
a100,c0069,channels,4,1048576,SIMPLE,SIMPLE,24,22,0,108,0,17,20,100,0,False,channels_unrealized,5.2428799999999995,205237;205466,5,73.0419206619,72.9804801941,73.2774400711,73.12371,73.05237,73.42339,0.07960892730000069,0.07665074160000529,0.08178933810000899
a100,c0069,channels,4,1572864,SIMPLE,SIMPLE,24,24,0,108,0,17,20,100,0,True,,7.86432,205237;205466,5,75.9398412704,75.7452821732,76.4825582504,76.01728,75.81549,76.61784,0.07551213620000397,0.07216118289998974,0.07743872960000431
a100,c0069,channels,4,2097152,SIMPLE,SIMPLE,24,22,0,108,0,17,20,100,0,False,channels_unrealized,10.485759999999999,205237;205466,5,79.8822402954,79.8719978333,79.9436807632,79.9636,79.94667,80.02421,0.07600064910000981,0.07467216669999743,0.08052923679998969
a100,c0069,channels,4,3145728,SIMPLE,SIMPLE,24,24,0,108,0,17,20,100,0,True,,15.72864,205237;205466,5,86.8352031708,86.5587234497,87.5110435486,86.91189,86.64708,87.59733,0.08552470760000119,0.08118970210000498,0.08628645139999946
a100,c0069,channels,4,4194304,SIMPLE,SIMPLE,24,24,0,108,0,17,20,100,0,True,,20.971519999999998,205237;205466,5,94.4128036499,92.5388813019,94.6995162964,94.49491,92.60819,94.78448,0.08210635010000544,0.07646905820000427,0.08496370359999617
a100,c0069,channels,4,6291456,SIMPLE,SIMPLE,24,24,0,108,0,17,20,100,0,True,,31.45728,205237;205466,5,102.144002914,101.857280731,102.287359238,102.30267,101.96722,102.36351,0.08029926899999396,0.07814546000000178,0.15089958100000445
a100,c0070,channels,4,262144,SIMPLE,SIMPLE,28,16,0,108,0,17,20,100,0,False,channels_unrealized,1.3107199999999999,205466,5,68.8640022278,68.6079978943,69.007358551,68.94358,68.68444,69.09223,0.08041995540000357,0.07957777219999684,0.08093820710000443
a100,c0070,channels,4,458752,SIMPLE,SIMPLE,28,28,0,108,0,17,20,100,0,True,,2.2937600000000002,205466,5,69.9801588058,69.8572778702,70.0313615799,70.05529,69.9375,70.111,0.07680072629999302,0.07513119419999725,0.07963842010001088
a100,c0070,channels,4,524288,SIMPLE,SIMPLE,28,16,0,108,0,17,20,100,0,False,channels_unrealized,2.6214399999999998,205466,5,70.7583999634,70.2975988388,70.9324789047,70.8434,70.3704,71.01074,0.07826109529999314,0.07490057039998987,0.08381816530000208
a100,c0070,channels,4,1048576,SIMPLE,SIMPLE,28,22,0,108,0,17,20,100,0,False,channels_unrealized,5.2428799999999995,205466,5,73.3593606949,72.335357666,73.8201618195,73.43309,72.41308,73.90592,0.07372930510000231,0.07187224399999081,0.07772233400000061
a100,c0070,channels,4,1835008,SIMPLE,SIMPLE,28,28,0,108,0,17,20,100,0,True,,9.175040000000001,205466,5,76.7488002777,76.4211177826,76.8307209015,76.82584,76.49862,76.92924,0.08003923030000237,0.07750221739999574,0.08920230740000079
a100,c0070,channels,4,2097152,SIMPLE,SIMPLE,28,26,0,108,0,17,20,100,0,False,channels_unrealized,10.485759999999999,205466,5,78.6636781693,78.2745599747,79.0323209763,78.73873,78.35789,79.10784,0.07881060729999945,0.07551902369999652,0.08333002530000044
a100,c0070,channels,4,3145728,SIMPLE,SIMPLE,28,28,0,108,0,17,20,100,0,True,,15.72864,205466,5,85.6985569,84.9715232849,85.8316802979,85.77465,85.05461,85.91768,0.08308671509999499,0.08019060489999674,0.08599970210001118
a100,c0070,channels,4,3670016,SIMPLE,SIMPLE,28,28,0,108,0,17,20,100,0,True,,18.350080000000002,205466,5,87.6441574097,87.1628761292,89.0367984772,87.72115,87.24553,89.11269,0.07819166990000781,0.07699259029999439,0.08265387080000153
a100,c0070,channels,4,4194304,SIMPLE,SIMPLE,28,26,0,108,0,17,20,100,0,False,channels_unrealized,20.971519999999998,205466,5,92.6003170013,92.4876785278,94.4128036499,92.74873,92.62726,94.49472,0.08191635010000198,0.07477531560000727,0.13958147220000683
a100,c0070,channels,4,7340032,SIMPLE,SIMPLE,28,28,0,108,0,17,20,100,0,True,,36.700160000000004,205466,5,107.028484344,106.731519699,107.612161636,107.10434,106.81757,107.69072,0.07855836400000271,0.07652739499999939,0.08605030100000022
a100,c0071,channels,4,262144,SIMPLE,SIMPLE,32,16,0,108,0,17,20,100,0,False,channels_unrealized,1.3107199999999999,205237;205466,5,69.2223978043,69.1404819489,69.2326402664,69.29112,69.28532,69.39402,0.08781961059999333,0.081190915199997,0.14483805109999537
a100,c0071,channels,4,524288,SIMPLE,SIMPLE,32,32,0,108,0,17,20,100,0,True,,2.6214399999999998,205237;205466,5,70.1951980591,70.1542377472,70.7993602753,70.26839,70.23525,70.86945,0.0731919409000028,0.0708821209999968,0.07961150600000622
a100,c0071,channels,4,1048576,SIMPLE,SIMPLE,32,32,0,108,0,17,20,100,0,True,,5.2428799999999995,205237;205466,5,72.1920013428,71.8745613098,72.1920013428,72.26344,71.94553,72.27669,0.07220214510000744,0.0714386572000052,0.08468865720000451
a100,c0071,channels,4,2097152,SIMPLE,SIMPLE,32,32,0,108,0,17,20,100,0,True,,10.485759999999999,205237;205466,5,78.3769607544,77.9161596298,78.8275194168,78.46191,77.99649,78.91316,0.08494924560000072,0.08449129699999958,0.08564058320000356
a100,c0071,channels,4,3145728,SIMPLE,SIMPLE,32,32,0,108,0,17,20,100,0,True,,15.72864,205237;205466,5,84.0294361115,83.5174369812,84.1215991974,84.1122,83.64359,84.19615,0.08276388849999705,0.07455080260000102,0.08566903019999472
a100,c0071,channels,4,4194304,SIMPLE,SIMPLE,32,32,0,108,0,17,20,100,0,True,,20.971519999999998,205237;205466,5,92.0166397095,90.132484436,92.4262428284,92.09168,90.20265,92.5138,0.07504029049999872,0.07262531799999294,0.08287620299999787
a100,c0071,channels,4,8388608,SIMPLE,SIMPLE,32,32,0,108,0,17,20,100,0,True,,41.943039999999996,205237;205466,5,111.861763,111.790075302,111.964159012,111.94406,111.94205,112.04185,0.08028699999999844,0.07975970799999743,0.08213581799999758
a100,c0072,residual,2,3145728,AUTO,SIMPLE,0,8,0,108,0,17,20,100,0,True,,31.45728,205237;205466,5,82.462720871,82.2579193115,83.005437851,82.53826,82.33457,83.08381,0.07553912899999204,0.07435101560000135,0.07665068849999557
a100,c0072,residual,2,3162112,AUTO,SIMPLE,0,8,0,108,0,17,20,100,0,True,,31.62112,205237;205466,5,82.4524784088,79.134721756,82.5856018066,82.53956,79.20994,82.65999,0.07521824399999844,0.07438819339999725,0.08708159119998982
a100,c0072,residual,2,3178496,AUTO,SIMPLE,0,8,0,108,0,17,20,100,0,True,,31.784959999999998,205237;205466,5,81.1929607391,79.134721756,83.2511997223,81.26541,79.20995,83.32608,0.07522824400000161,0.07488027770000372,0.07671780909998915
a100,c0072,residual,2,3194880,AUTO,SIMPLE,0,8,0,108,0,17,20,100,0,True,,31.948800000000002,205237;205466,5,79.04255867,78.9299201965,84.561920166,79.11577,79.00848,84.6376,0.0756798340000131,0.07321132999999236,0.07592441349999035
a100,c0072,residual,2,3211264,AUTO,SIMPLE,0,8,0,108,0,17,20,100,0,True,,32.11264,205237;205466,5,79.5955181122,79.2575979233,79.6262407303,79.66322,79.32206,79.69547,0.06922926970000276,0.06770188779999842,0.0771738226000025
a100,c0072,residual,2,3227648,AUTO,SIMPLE,0,8,0,108,0,17,20,100,0,True,,32.27648,205237;205466,5,83.7324810028,83.1897640228,84.8486423492,83.81331,83.26526,84.91955,0.07549597719999213,0.07380142000000944,0.0776385534999946
a100,c0072,residual,2,3244032,AUTO,SIMPLE,0,8,0,108,0,17,20,100,0,True,,32.44032,205237;205466,5,83.425283432,80.2201557159,85.0227165222,83.50111,80.29272,85.10381,0.07582656799999654,0.07256428409999671,0.0810934777999961
a100,c0072,residual,2,3260416,AUTO,SIMPLE,0,8,0,108,0,17,20,100,0,True,,32.60416,205237;205466,5,84.6745586395,83.7222385406,85.1251220703,84.74602,83.79379,85.20622,0.07399599490000242,0.07155145939999841,0.0810979297000074
a100,c0072,residual,2,3276800,AUTO,SIMPLE,0,8,0,108,0,17,20,100,0,True,,32.768,205237;205466,5,85.4425621033,83.9372825623,85.4835224152,85.52121,84.0146,85.56291,0.07864789669999084,0.07811689759999751,0.07938758480000274
a100,c0072,residual,2,3293184,AUTO,SIMPLE,0,8,0,108,0,17,20,100,0,True,,32.93184,205237;205466,5,80.1587200165,80.0870418549,83.6608028412,80.23962,80.1652,83.74719,0.08089998350000371,0.07997017239999593,0.08638715880000802
a100,c0072,residual,2,3309568,AUTO,SIMPLE,0,8,0,108,0,17,20,100,0,True,,33.09568,205237;205466,5,84.2649555206,80.9369564056,85.8726406097,84.33422,81.01362,85.95003,0.07620907840001223,0.07296147709999445,0.07666359440000292
a100,c0072,residual,2,3325952,AUTO,SIMPLE,0,8,0,108,0,17,20,100,0,True,,33.259519999999995,205237;205466,5,84.1215991974,81.0496044159,84.5721626282,84.19184,81.11922,84.65263,0.07384658569999658,0.07024080259999721,0.07674568049999664
a100,c0072,residual,2,3342336,AUTO,SIMPLE,0,8,0,108,0,17,20,100,0,True,,33.42336,205237;205466,5,85.8111953735,80.6707191467,86.38463974,85.88393,80.7438,86.46462,0.0730808532999987,0.07273462650000795,0.07998025999999925
a100,c0072,residual,2,3358720,AUTO,SIMPLE,0,8,0,108,0,17,20,100,0,True,,33.5872,205237;205466,5,81.3875198364,80.9984016418,81.5411186218,81.45929,81.07543,81.62079,0.07512144409999166,0.07423533569999563,0.0770283581999962
a100,c0072,residual,2,3375104,AUTO,SIMPLE,0,8,0,108,0,17,20,100,0,True,,33.751039999999996,205237;205466,5,84.9715232849,81.7152023315,86.5996837616,85.0472,81.78662,86.67844,0.0787041852000101,0.07567671510000196,0.0787562383999898
a100,c0072,residual,2,3391488,AUTO,SIMPLE,0,8,0,108,0,17,20,100,0,True,,33.914880000000004,205237;205466,5,86.3232040405,85.1148796082,87.0400047302,86.39791,85.19126,87.11649,0.07470595949999392,0.07095957029999056,0.07638039180000078
a100,c0072,residual,2,3407872,AUTO,SIMPLE,0,8,0,108,0,17,20,100,0,True,,34.07872,205237;205466,5,85.7702445984,81.9097614288,86.6611194611,85.84874,81.98341,86.73165,0.07802165709999542,0.07364857120001034,0.07849540160000856
a100,c0072,residual,2,3424256,AUTO,SIMPLE,0,8,0,108,0,17,20,100,0,True,,34.24256,205237;205466,5,85.5142402649,84.654083252,87.1116828918,85.59465,84.73038,87.19125,0.08040973510000526,0.07956710819999557,0.08063863459999254
a100,c0072,residual,2,3440640,AUTO,SIMPLE,0,8,0,108,0,17,20,100,0,True,,34.406400000000005,205237;205466,5,87.3983955383,86.0774421692,87.572479248,87.47438,86.15744,87.65332,0.07999783079999645,0.0765157642000105,0.0808407520000003
a100,c0072,residual,2,3457024,AUTO,SIMPLE,0,8,0,108,0,17,20,100,0,True,,34.57024,205237;205466,5,82.6470375061,82.4831962585,85.8623981476,82.72422,82.56641,85.93019,0.07586234439999373,0.06779185239999208,0.07718249389999698
a100,c0072,residual,2,3473408,AUTO,SIMPLE,0,8,0,108,0,17,20,100,0,True,,34.73408,205237;205466,5,82.7187156677,82.6982402802,86.3232040405,82.79877,82.7659,86.3954,0.07219595949999302,0.07097283870000126,0.08005433230000847
a100,c0072,residual,2,3489792,AUTO,SIMPLE,0,8,0,108,0,17,20,100,0,True,,34.89792,205237;205466,5,86.4460754395,82.8211212158,86.5075206757,86.52855,82.88933,86.58978,0.0812531177000011,0.07542339420000133,0.08225932430001137
a100,c0072,residual,2,3506176,AUTO,SIMPLE,0,8,0,108,0,17,20,100,0,True,,35.06176,205237;205466,5,88.3507156372,83.742723465,88.4633636475,88.42611,83.82344,88.54446,0.08071653500000764,0.07539436279999734,0.08109635249999769
a100,c0072,residual,2,3522560,AUTO,SIMPLE,0,8,0,108,0,17,20,100,0,True,,35.2256,205237;205466,5,88.7091159821,88.5043239594,89.0163230896,88.7886,88.58152,89.08799,0.072167141099996,0.07166691040001183,0.07719604060000052
a100,c0072,residual,2,3538944,AUTO,SIMPLE,0,8,0,108,0,17,20,100,0,True,,35.38944,205237;205466,5,83.599357605,83.5891246796,83.599357605,83.67176,83.65882,83.67836,0.07240239500001167,0.07058674799999665,0.07900239500000339
a100,c0072,residual,2,3555328,AUTO,SIMPLE,0,8,0,108,0,17,20,100,0,True,,35.55328,205237;205466,5,87.521276474,87.3062419891,87.7567958832,87.60412,87.38881,87.82857,0.07674743530000683,0.07410360960000162,0.08256801090000465
a100,c0072,residual,2,3571712,AUTO,SIMPLE,0,8,0,108,0,17,20,100,0,True,,35.71712,205237;205466,5,84.2240047455,84.1625595093,89.343996048,84.30046,84.23846,89.42934,0.0759004907000076,0.07089809449999507,0.07645525450000434
a100,c0072,residual,2,3588096,AUTO,SIMPLE,0,8,0,108,0,17,20,100,0,True,,35.88096,205237;205466,5,87.9411220551,84.3161582947,89.5180797577,88.01161,84.38523,89.61911,0.07182864989999871,0.07048794490000887,0.07607114750000221
a100,c0072,residual,2,3604480,AUTO,SIMPLE,0,8,0,108,0,17,20,100,0,True,,36.044799999999995,205237;205466,5,89.6409606934,84.6028804779,89.8867225647,89.71049,84.6803,89.96077,0.07404743530000246,0.07351142640000319,0.07694017640000084
a100,c0072,residual,2,3620864,AUTO,SIMPLE,0,8,0,108,0,17,20,100,0,True,,36.20864,205237;205466,5,89.0982437134,88.5555171967,90.0300788879,89.17836,88.63902,90.12559,0.08350280330000714,0.0808315076000099,0.09551111209999874
a100,c0072,residual,2,3637248,AUTO,SIMPLE,0,8,0,108,0,17,20,100,0,True,,36.37248,205237;205466,5,85.0227165222,84.7360038757,89.4771194458,85.10342,84.81476,89.5599,0.08019322940000961,0.0787561242999999,0.0807034778000002
a100,c0072,residual,2,3653632,AUTO,SIMPLE,0,8,0,108,0,17,20,100,0,True,,36.536319999999996,205237;205466,5,90.623998642,85.2787208557,90.675201416,90.7051,85.35211,90.77785,0.07797789430000535,0.07338914429999477,0.08110135799999796
a100,c0072,residual,2,3670016,AUTO,SIMPLE,0,8,0,108,0,17,20,100,0,True,,36.700160000000004,205237;205466,5,85.3811168671,85.3708839417,85.4425621033,85.46058,85.45019,85.51941,0.07684789669998793,0.07301007999998887,0.07930605830000559
a100,c0073,residual,2,3145728,LL128,LL128,22,22,0,108,0,20,20,100,0,True,,31.45728,205237;205466,5,67.3075199127,67.205119133,67.57376194,67.39737,67.27883,67.65806,0.07861175450000246,0.07371086700000262,0.08429806000000895
a100,c0073,residual,2,3162112,LL128,LL128,22,22,0,108,0,20,20,100,0,True,,31.62112,205237;205466,5,67.8092813492,67.7478408813,67.8399991989,67.88591,67.82058,67.91616,0.07616080110000212,0.07520774809999864,0.07662865079998937
a100,c0073,residual,2,3178496,LL128,LL128,22,22,0,108,0,20,20,100,0,True,,31.784959999999998,205237;205466,5,67.9833602905,67.7683210373,68.0038404465,68.06214,67.84813,68.07928,0.0798089626999996,0.07877970949999735,0.08227189269999258
a100,c0073,residual,2,3194880,LL128,LL128,22,22,0,108,0,20,20,100,0,True,,31.948800000000002,205237;205466,5,68.1369590759,67.9116821289,68.1779193878,68.21324,67.99241,68.25993,0.08072787110000945,0.07852030029999923,0.08102865079999333
a100,c0073,residual,2,3211264,LL128,LL128,22,22,0,108,0,20,20,100,0,True,,32.11264,205237;205466,5,68.3212804794,68.2700777054,68.3417606354,68.39518,68.35451,68.41713,0.0820515478999937,0.07536936460000732,0.08443229460000623
a100,c0073,residual,2,3227648,LL128,LL128,22,22,0,108,0,20,20,100,0,True,,32.27648,205237;205466,5,68.6796808243,68.485121727,68.73087883,68.74537,68.56451,68.80739,0.07938827299999218,0.0765111700000034,0.08395054630000232
a100,c0073,residual,2,3244032,LL128,LL128,22,22,0,108,0,20,20,100,0,True,,32.44032,205237;205466,5,68.7923192978,68.4543991089,68.8025617599,68.87052,68.53246,68.88824,0.07820070219999309,0.07806089109999448,0.08455176089999838
a100,c0073,residual,2,3260416,LL128,LL128,22,20,0,108,0,20,20,100,0,False,channels_unrealized,32.60416,205237;205466,5,70.8915185928,70.7379198074,70.9734392166,70.97337,70.81456,71.05101,0.0775707834000059,0.07664019259999577,0.08068969180000352
a100,c0073,residual,2,3276800,LL128,LL128,22,20,0,108,0,20,20,100,0,False,channels_unrealized,32.768,205237;205466,5,71.0041618347,70.9939193726,71.1884784698,71.08146,71.06965,71.26332,0.07729816530000733,0.07573062739999159,0.07946779630000833
a100,c0073,residual,2,3293184,LL128,LL128,22,21,0,108,0,20,20,100,0,False,channels_unrealized,32.93184,205237;205466,5,71.1577606201,71.147518158,71.5059185028,71.23306,71.22625,71.57943,0.07529937989998814,0.07351149720000194,0.07873184199999628
a100,c0073,residual,2,3309568,LL128,LL128,22,21,0,108,0,20,20,100,0,False,channels_unrealized,33.09568,205237;205466,5,71.3420820236,70.533118248,71.6083192825,71.41922,70.60675,71.68523,0.07691071749999878,0.0758404056000046,0.07713797639999598
a100,c0073,residual,2,3325952,LL128,LL128,22,21,0,108,0,20,20,100,0,False,channels_unrealized,33.259519999999995,205237;205466,5,71.6800022125,71.6595220566,71.8336009979,71.75527,71.73734,71.91097,0.0773690020999993,0.07526778749999607,0.07781794340000658
a100,c0073,residual,2,3342336,LL128,LL128,22,21,0,108,0,20,20,100,0,False,channels_unrealized,33.42336,205237;205466,5,70.1542377472,68.8025617599,71.813120842,70.22101,68.88103,71.89213,0.07846824009999409,0.06677225280000698,0.07900915799999098
a100,c0073,residual,2,3358720,LL128,LL128,22,21,0,108,0,20,20,100,0,False,channels_unrealized,33.5872,205237;205466,5,72.0076799393,71.0348796844,72.038397789,72.09433,71.11102,72.11817,0.0797722110000052,0.07614031560000001,0.081629281000005
a100,c0073,residual,2,3375104,LL128,LL128,22,21,0,108,0,20,20,100,0,False,channels_unrealized,33.751039999999996,205237;205466,5,72.427520752,72.2636795044,72.4377584457,72.5013,72.3444,72.51783,0.08007155430000523,0.08001080750000256,0.08072049559999073
a100,c0073,residual,2,3391488,LL128,LL128,22,21,0,108,0,20,20,100,0,False,channels_unrealized,33.914880000000004,205237;205466,5,72.4991989136,72.3251199722,72.4991989136,72.57074,72.40462,72.57444,0.07950002779999465,0.07524108639999838,0.08017934689999606
a100,c0073,residual,2,3407872,LL128,LL128,22,21,0,108,0,20,20,100,0,False,channels_unrealized,34.07872,205237;205466,5,72.5606393814,71.720957756,72.8985595703,72.63676,71.80066,72.97602,0.07746042970001099,0.07612061860000097,0.07970224399998926
a100,c0073,residual,2,3424256,LL128,LL128,22,21,0,108,0,20,20,100,0,False,channels_unrealized,34.24256,205237;205466,5,72.9088020325,72.8985595703,72.9395198822,72.99085,72.97121,73.0199,0.08038011780000431,0.07265042970000479,0.08201915799999426
a100,c0073,residual,2,3440640,LL128,LL128,22,21,0,108,0,20,20,100,0,False,channels_unrealized,34.406400000000005,205237;205466,5,73.021440506,72.4991989136,73.0624008179,73.10357,72.58426,73.13674,0.08162150600000473,0.07556086459999278,0.08212949400000014
a100,c0073,residual,2,3457024,LL128,LL128,22,22,0,108,0,20,20,100,0,True,,34.57024,205237;205466,5,73.0828809738,72.8371191025,73.3081579208,73.15807,72.9132,73.38912,0.07784852540000031,0.07608089750000602,0.08096207920000609
a100,c0073,residual,2,3473408,LL128,LL128,22,22,0,108,0,20,20,100,0,True,,34.73408,205237;205466,5,73.4412813187,73.4105587006,73.6768007278,73.52639,73.49682,73.75872,0.08510868129999949,0.08191927219999684,0.08626129939999316
a100,c0073,residual,2,3489792,LL128,LL128,22,22,0,108,0,20,20,100,0,True,,34.89792,205237;205466,5,73.5641622543,73.5539197922,73.6665582657,73.6408,73.62698,73.7465,0.07994173429999307,0.0766377456999976,0.08443927220000091
a100,c0073,residual,2,3506176,LL128,LL128,22,22,0,108,0,20,20,100,0,True,,35.06176,205237;205466,5,73.7792015076,73.5641622543,73.8099193573,73.85662,73.6333,73.88668,0.07741849239999965,0.07676064269999472,0.07845821349999937
a100,c0073,residual,2,3522560,LL128,LL128,22,22,0,108,0,20,20,100,0,True,,35.2256,205237;205466,5,72.9292821884,70.7788801193,73.7689590454,73.00096,70.86184,73.8423,0.07334095459999901,0.07167781160001141,0.08134138950001102
a100,c0073,residual,2,3538944,LL128,LL128,22,22,0,108,0,20,20,100,0,True,,35.38944,205237;205466,5,74.1273593903,73.9532804489,74.1683197021,74.2064,74.03777,74.24517,0.0790406097000016,0.07814195620001385,0.0844895510999919
a100,c0073,residual,2,3555328,LL128,LL128,22,22,0,108,0,20,20,100,0,True,,35.55328,205237;205466,5,74.4140815735,74.1683197021,74.4550418854,74.48743,74.24067,74.54495,0.07558010889999878,0.0733484265000044,0.0846195028999972
a100,c0073,residual,2,3571712,LL128,LL128,22,22,0,108,0,20,20,100,0,True,,35.71712,205237;205466,5,74.4652795792,74.4447994232,74.6700811386,74.54084,74.52161,74.74253,0.07244886140000517,0.06947823759999494,0.07556042080000225
a100,c0073,residual,2,3588096,LL128,LL128,22,22,0,108,0,20,20,100,0,True,,35.88096,205237;205466,5,74.5369577408,74.5164823532,74.7110414505,74.6228,74.60657,74.7826,0.07937176730000317,0.07889222629999892,0.08584225919999255
a100,c0073,residual,2,3604480,LL128,LL128,22,22,0,108,0,20,20,100,0,True,,36.044799999999995,205237;205466,5,74.6905612946,74.6598386765,74.7622394562,74.7813,74.73753,74.83641,0.07448144650000188,0.074170543799994,0.07769132350000518
a100,c0073,residual,2,3620864,LL128,LL128,22,21,0,108,0,20,20,100,0,False,channels_unrealized,36.20864,205237;205466,5,75.5814409256,75.3971195221,75.6838417053,75.65148,75.47835,75.7635,0.07965829469999619,0.07913004299999216,0.08123047790000726
a100,c0073,residual,2,3637248,LL128,LL128,22,21,0,108,0,20,20,100,0,False,channels_unrealized,36.37248,205237;205466,5,75.735039711,75.6838417053,75.7862377167,75.82041,75.77332,75.8641,0.08537028899999655,0.07994950929999334,0.08571023189999494
a100,c0073,residual,2,3653632,LL128,LL128,22,21,0,108,0,20,20,100,0,False,channels_unrealized,36.536319999999996,205237;205466,5,75.9705591202,75.8784008026,76.0627222061,76.04103,75.96179,76.14794,0.0833891973999954,0.0802976885999982,0.08362947630000406
a100,c0073,residual,2,3670016,LL128,LL128,22,21,0,108,0,20,20,100,0,False,channels_unrealized,36.700160000000004,205237;205466,5,76.0729598999,76.0217618942,76.3187217712,76.14894,76.09414,76.40504,0.07598010009999712,0.07398944340000924,0.08276872960000503
a100,c0074,residual,2,3145728,LL128,LL128,23,22,0,108,0,20,20,100,0,False,channels_unrealized,31.45728,205466,5,67.3894405365,67.3791980743,67.5635194778,67.46389,67.4626,67.64374,0.0802205221999941,0.0735403333000022,0.08103977540000074
a100,c0074,residual,2,3162112,LL128,LL128,23,22,0,108,0,20,20,100,0,False,channels_unrealized,31.62112,205466,5,67.6864004135,67.57376194,67.819519043,67.75796,67.65065,67.89512,0.07560095700000602,0.07155958650000116,0.0768880600000017
a100,c0074,residual,2,3178496,LL128,LL128,23,22,0,108,0,20,20,100,0,False,channels_unrealized,31.784959999999998,205466,5,67.9321622849,64.9420785904,67.9628801346,68.00523,65.02018,68.0331,0.07306771509999521,0.07107783810000967,0.07810140959999501
a100,c0074,residual,2,3194880,LL128,LL128,23,22,0,108,0,20,20,100,0,False,channels_unrealized,31.948800000000002,205466,5,68.0652809143,67.9526376724,68.095998764,68.1453,68.02507,68.17327,0.07894076809999717,0.07727123600000141,0.08001908570000182
a100,c0074,residual,2,3211264,LL128,LL128,23,22,0,108,0,20,20,100,0,False,channels_unrealized,32.11264,205466,5,68.2393598557,65.3926420212,68.2700777054,68.32014,65.47164,68.3468,0.07898213869999893,0.0777489145000061,0.07899797879998971
a100,c0074,residual,2,3227648,LL128,LL128,23,22,0,108,0,20,20,100,0,False,channels_unrealized,32.27648,205466,5,68.5158395767,68.5056018829,68.5260820389,68.58786,68.58716,68.59808,0.07424210569999445,0.07199796109999568,0.07723877380000488
a100,c0074,residual,2,3244032,LL128,LL128,23,22,0,108,0,20,20,100,0,False,channels_unrealized,32.44032,205466,5,65.8022403717,65.8022403717,68.5567998886,65.86982,65.86761,68.63775,0.06757962830000963,0.06680886380000572,0.07561209050000173
a100,c0074,residual,2,3260416,LL128,LL128,23,23,0,108,0,20,20,100,0,True,,32.60416,205466,5,68.9561605453,68.8947200775,69.0176010132,69.02881,68.97941,69.09093,0.07430808409999656,0.0733289868000071,0.07548883089999947
a100,c0074,residual,2,3276800,LL128,LL128,23,23,0,108,0,20,20,100,0,True,,32.768,205466,5,68.7923192978,66.2732791901,69.1814422607,68.872,66.34183,69.26437,0.07907158969999273,0.07519973360000165,0.0796807021999939
a100,c0074,residual,2,3293184,LL128,LL128,23,23,0,108,0,20,20,100,0,True,,32.93184,205466,5,69.3145608902,69.304318428,69.4067192078,69.39651,69.38619,69.5349,0.08187157199999717,0.08100004549999085,0.08194910980000714
a100,c0074,residual,2,3309568,LL128,LL128,23,23,0,108,0,20,20,100,0,True,,33.09568,205466,5,69.4988822937,69.4067192078,69.5193576813,69.57135,69.47836,69.5957,0.07537957760000324,0.07246770629998878,0.07634231870000008
a100,c0074,residual,2,3325952,LL128,LL128,23,23,0,108,0,20,20,100,0,True,,33.259519999999995,205466,5,69.5193576813,69.376001358,69.5398378372,69.60382,69.45283,69.61604,0.0768286420000095,0.07620216280000136,0.08446231870000531
a100,c0074,residual,2,3342336,LL128,LL128,23,23,0,108,0,20,20,100,0,True,,33.42336,205466,5,69.6524810791,66.7750406265,69.6627187729,69.73027,66.8495,69.73377,0.0744593735000052,0.06755122709999739,0.08128892090000761
a100,c0074,residual,2,3358720,LL128,LL128,23,23,0,108,0,20,20,100,0,True,,33.5872,205466,5,69.8572778702,69.7855997086,69.939198494,69.92614,69.86071,70.01081,0.07511029139999437,0.07161150600001065,0.07947869900000626
a100,c0074,residual,2,3375104,LL128,LL128,23,23,0,108,0,20,20,100,0,True,,33.751039999999996,205466,5,70.0006389618,69.9596786499,70.010881424,70.08434,70.04386,70.08765,0.08079904390000081,0.0767685759999921,0.08370103820000452
a100,c0074,residual,2,3391488,LL128,LL128,23,23,0,108,0,20,20,100,0,True,,33.914880000000004,205466,5,70.2566385269,67.7580785751,70.2975988388,70.33774,67.82689,70.38382,0.0811014730999915,0.07543778110000687,0.086221161200001
a100,c0074,residual,2,3407872,LL128,LL128,23,21,0,108,0,20,20,100,0,False,channels_unrealized,34.07872,205466,5,69.5705604553,69.4988822937,72.6425600052,69.64679,69.58007,72.71712,0.07978848599999822,0.07622954469999854,0.08065195620000054
a100,c0074,residual,2,3424256,LL128,LL128,23,21,0,108,0,20,20,100,0,False,channels_unrealized,34.24256,205466,5,72.8678417206,72.8064012527,73.0726385117,72.94456,72.88825,73.15426,0.0781483124000033,0.07671827939999787,0.08162148829998728
a100,c0074,residual,2,3440640,LL128,LL128,23,21,0,108,0,20,20,100,0,False,channels_unrealized,34.406400000000005,205466,5,73.1852817535,73.0419206619,73.3593606949,73.26037,73.1171,73.43161,0.07517933809999988,0.07508824649998758,0.07588859130000003
a100,c0074,residual,2,3457024,LL128,LL128,23,22,0,108,0,20,20,100,0,False,channels_unrealized,34.57024,205466,5,73.0931186676,73.00096035,73.1955194473,73.17641,73.08133,73.28251,0.08036964999999441,0.0724585760000025,0.08329133240000886
a100,c0074,residual,2,3473408,LL128,LL128,23,22,0,108,0,20,20,100,0,False,channels_unrealized,34.73408,205466,5,73.3695983887,73.318400383,73.4822416306,73.44181,73.39292,73.56094,0.07451961700000709,0.07432861540000602,0.07826055270000154
a100,c0074,residual,2,3489792,LL128,LL128,23,22,0,108,0,20,20,100,0,False,channels_unrealized,34.89792,205466,5,73.3900785446,70.5433607101,73.4208011627,73.46516,70.61987,73.50674,0.07508145539999589,0.07454173429999855,0.07650928990000239
a100,c0074,residual,2,3506176,LL128,LL128,23,22,0,108,0,20,20,100,0,False,channels_unrealized,35.06176,205466,5,73.6255979538,73.5948801041,73.6972808838,73.70352,73.68068,73.76584,0.07784896030000255,0.07254988069999513,0.0779220462000012
a100,c0074,residual,2,3522560,LL128,LL128,23,22,0,108,0,20,20,100,0,False,channels_unrealized,35.2256,205466,5,73.7689590454,72.5606393814,73.8611221313,73.8453,72.63216,73.92816,0.07634095459999912,0.07152061860000458,0.07666107759999363
a100,c0074,residual,2,3538944,LL128,LL128,23,22,0,108,0,20,20,100,0,False,channels_unrealized,35.38944,205466,5,74.1171216965,73.9737606049,74.3014383316,74.20249,74.05009,74.38544,0.08400166840000622,0.0763293951000037,0.08536830349999036
a100,c0074,residual,2,3555328,LL128,LL128,23,22,0,108,0,20,20,100,0,False,channels_unrealized,35.55328,205466,5,74.3526411057,74.2399978638,74.5062398911,74.43184,74.32111,74.58402,0.07919889429999216,0.07891092159999857,0.08111213620000512
a100,c0074,residual,2,3571712,LL128,LL128,23,22,0,108,0,20,20,100,0,False,channels_unrealized,35.71712,205466,5,74.4038391113,74.3936014175,74.5369577408,74.48794,74.4723,74.61788,0.07869858250001016,0.07441147950000015,0.08092225919999407
a100,c0074,residual,2,3588096,LL128,LL128,23,22,0,108,0,20,20,100,0,False,channels_unrealized,35.88096,205466,5,74.5369577408,71.516160965,74.5574378967,74.61739,71.58974,74.63382,0.07588180909999664,0.07357903500000873,0.07638210330000561
a100,c0074,residual,2,3604480,LL128,LL128,23,22,0,108,0,20,20,100,0,False,channels_unrealized,36.044799999999995,205466,5,74.7929620743,74.7724819183,74.8339176178,74.86706,74.84994,74.91095,0.07745808170000146,0.0770323822000023,0.0825376314999886
a100,c0074,residual,2,3620864,LL128,LL128,23,23,0,108,0,20,20,100,0,True,,36.20864,205466,5,74.7622394562,74.7315216064,75.2025604248,74.83341,74.80545,75.28487,0.07392839359999925,0.07117054379999388,0.08042770389999987
a100,c0074,residual,2,3637248,LL128,LL128,23,23,0,108,0,20,20,100,0,True,,36.37248,205466,5,75.4278421402,75.2435207367,75.5814409256,75.5077,75.32094,75.65018,0.07523907439998823,0.07271839359999888,0.07741926329998705
a100,c0074,residual,2,3653632,LL128,LL128,23,23,0,108,0,20,20,100,0,True,,36.536319999999996,205466,5,75.0694417953,74.8031997681,75.141119957,75.14329,74.87609,75.21654,0.07384820469999909,0.07289023190000421,0.07542004299999405
a100,c0074,residual,2,3670016,LL128,LL128,23,23,0,108,0,20,20,100,0,True,,36.700160000000004,205466,5,75.9193611145,75.7452821732,76.031999588,75.98943,75.82061,76.10094,0.07532782680000594,0.07006888549999246,0.07859801570000968
a100,c0075,residual,2,3145728,LL128,LL128,24,24,0,108,0,20,20,100,0,True,,31.45728,205237;205466,5,67.5430393219,67.3075199127,67.57376194,67.62882,67.38403,67.65596,0.08219805999999608,0.07651008729999376,0.08578067810000789
a100,c0075,residual,2,3162112,LL128,LL128,24,22,0,108,0,20,20,100,0,False,channels_unrealized,31.62112,205237;205466,5,67.6966381073,67.522559166,67.8502416611,67.7752,67.60007,67.94231,0.0775108340000088,0.07574208159999785,0.07856189269999447
a100,c0075,residual,2,3178496,LL128,LL128,24,22,0,108,0,20,20,100,0,False,channels_unrealized,31.784959999999998,205237;205466,5,67.891201973,67.8604793549,68.0140781403,67.97547,67.9327,68.09471,0.08063185970000575,0.07739785580000103,0.08426802700000735
a100,c0075,residual,2,3194880,LL128,LL128,24,22,0,108,0,20,20,100,0,False,channels_unrealized,31.948800000000002,205237;205466,5,67.9321622849,67.8604793549,68.0857610703,68.01417,67.93329,68.16224,0.07647892970000214,0.07282142489999899,0.08200771509999072
a100,c0075,residual,2,3211264,LL128,LL128,24,22,0,108,0,20,20,100,0,False,channels_unrealized,32.11264,205237;205466,5,68.3212804794,68.2496023178,68.3519983292,68.40681,68.33488,68.42937,0.08059907039999814,0.07920796109999628,0.08527768220000098
a100,c0075,residual,2,3227648,LL128,LL128,24,22,0,108,0,20,20,100,0,False,channels_unrealized,32.27648,205237;205466,5,68.2496023178,65.8432006836,68.3315181732,68.31845,65.92352,68.41774,0.08031931639999357,0.07295903749999866,0.08176210570000819
a100,c0075,residual,2,3244032,LL128,LL128,24,22,0,108,0,20,20,100,0,False,channels_unrealized,32.44032,205237;205466,5,68.5363197327,68.5056018829,68.6284780502,68.62413,68.58787,68.70469,0.08226811709999993,0.07621194979999757,0.0845389868000126
a100,c0075,residual,2,3260416,LL128,LL128,24,23,0,108,0,20,20,100,0,False,channels_unrealized,32.60416,205237;205466,5,69.027838707,68.7411212921,69.1916799545,69.10626,68.82903,69.26977,0.07842129300000522,0.07809004549999088,0.07986933169999588
a100,c0075,residual,2,3276800,LL128,LL128,24,23,0,108,0,20,20,100,0,False,channels_unrealized,32.768,205237;205466,5,68.9152002335,68.6284780502,69.0585613251,69.00358,68.70809,69.13783,0.07961194979999675,0.07926867489999267,0.08178848599999355
a100,c0075,residual,2,3293184,LL128,LL128,24,23,0,108,0,20,20,100,0,False,channels_unrealized,32.93184,205237;205466,5,69.0380811691,66.611199379,69.4374418259,69.1159,66.67838,69.51034,0.0728981741000041,0.07278938870000218,0.07781883090000008
a100,c0075,residual,2,3309568,LL128,LL128,24,23,0,108,0,20,20,100,0,False,channels_unrealized,33.09568,205237;205466,5,69.4374418259,69.396481514,69.5603179932,69.52406,69.47156,69.64451,0.08419200679999506,0.07632029139999474,0.08661817410001049
a100,c0075,residual,2,3325952,LL128,LL128,24,23,0,108,0,20,20,100,0,False,channels_unrealized,33.259519999999995,205237;205466,5,69.4476795197,69.2633581161,69.5603179932,69.51966,69.34764,69.6407,0.08038200679999363,0.07664890559999549,0.08060860900000932
a100,c0075,residual,2,3342336,LL128,LL128,24,23,0,108,0,20,20,100,0,False,channels_unrealized,33.42336,205237;205466,5,69.6831989288,69.3350410461,69.8777580261,69.75462,69.41496,69.94708,0.07831874970000285,0.07142107120000674,0.07991895389999115
a100,c0075,residual,2,3358720,LL128,LL128,24,23,0,108,0,20,20,100,0,False,channels_unrealized,33.5872,205237;205466,5,69.7241592407,69.3862390518,70.0620794296,69.80621,69.46035,70.14026,0.0781805703999936,0.07719227049999233,0.08205075929998884
a100,c0075,residual,2,3375104,LL128,LL128,24,23,0,108,0,20,20,100,0,False,channels_unrealized,33.751039999999996,205237;205466,5,67.2972822189,67.276802063,70.2771186829,67.37502,67.34916,70.35466,0.07754131709999967,0.07363206390000698,0.07773778110001217
a100,c0075,residual,2,3391488,LL128,LL128,24,23,0,108,0,20,20,100,0,False,channels_unrealized,33.914880000000004,205237;205466,5,67.9731178284,67.7785587311,69.6524810791,68.05053,67.85404,69.73178,0.07741217159998826,0.07548126889999196,0.07929892090000124
a100,c0075,residual,2,3407872,LL128,LL128,24,24,0,108,0,20,20,100,0,True,,34.07872,205237;205466,5,70.6969594955,70.6662416458,70.9529590607,70.77178,70.75554,71.03108,0.07812093930000685,0.07482050450001054,0.08242774809998821
a100,c0075,residual,2,3424256,LL128,LL128,24,24,0,108,0,20,20,100,0,True,,34.24256,205237;205466,5,70.8505582809,70.7583999634,70.8608007431,70.93009,70.83128,70.93909,0.07802137420000577,0.07288003660001152,0.07828925689999267
a100,c0075,residual,2,3440640,LL128,LL128,24,24,0,108,0,20,20,100,0,True,,34.406400000000005,205237;205466,5,70.3999996185,70.1337623596,70.9734392166,70.48272,70.21291,71.0495,0.07914764039999511,0.07682030029999964,0.08272038149999617
a100,c0075,residual,2,3457024,LL128,LL128,24,24,0,108,0,20,20,100,0,True,,34.57024,205237;205466,5,71.3523197174,71.2499189377,71.6287994385,71.43646,71.33555,71.70427,0.07831137420001255,0.07547056149999776,0.0841402826000035
a100,c0075,residual,2,3473408,LL128,LL128,24,24,0,108,0,20,20,100,0,True,,34.73408,205237;205466,5,68.8640022278,68.7923192978,71.8847990036,68.93694,68.88214,71.96376,0.07896099639999932,0.07494210570000348,0.08311959290000459
a100,c0075,residual,2,3489792,LL128,LL128,24,24,0,108,0,20,20,100,0,True,,34.89792,205237;205466,5,70.5945587158,69.376001358,71.6083192825,70.66989,69.44861,71.68753,0.07921071749998987,0.07533128419999002,0.0803513082999956
a100,c0075,residual,2,3506176,LL128,LL128,24,24,0,108,0,20,20,100,0,True,,35.06176,205237;205466,5,71.720957756,70.8095979691,71.9155216217,71.79443,70.87799,71.99753,0.07731049560000258,0.0734722440000013,0.08200837830000296
a100,c0075,residual,2,3522560,LL128,LL128,24,24,0,108,0,20,20,100,0,True,,35.2256,205237;205466,5,69.4271993637,69.3555212021,71.0246419907,69.50253,69.42859,71.09912,0.0744780092999946,0.07306879790000664,0.07533063629999504
a100,c0075,residual,2,3538944,LL128,LL128,24,24,0,108,0,20,20,100,0,True,,35.38944,205237;205466,5,72.4991989136,72.2534418106,72.7449607849,72.59358,72.33397,72.82363,0.08161859129999982,0.08052818939999895,0.08393985659999714
a100,c0075,residual,2,3555328,LL128,LL128,24,22,0,108,0,20,20,100,0,False,channels_unrealized,35.55328,205237;205466,5,74.2707204819,74.1171216965,74.4857597351,74.35298,74.19518,74.56438,0.07862026489999607,0.07805830349998644,0.08151948520000474
a100,c0075,residual,2,3571712,LL128,LL128,24,22,0,108,0,20,20,100,0,False,channels_unrealized,35.71712,205237;205466,5,74.4550418854,74.1683197021,74.5472002029,74.53232,74.25458,74.63673,0.07828877140001111,0.07727811460000567,0.08626029789999734
a100,c0075,residual,2,3588096,LL128,LL128,24,22,0,108,0,20,20,100,0,False,channels_unrealized,35.88096,205237;205466,5,74.7520017624,74.6700811386,74.9670410156,74.82691,74.75175,75.05132,0.08169967410000822,0.08166886140000429,0.08427898440000092
a100,c0075,residual,2,3604480,LL128,LL128,24,22,0,108,0,20,20,100,0,False,channels_unrealized,36.044799999999995,205237;205466,5,74.9567985535,72.0281600952,74.9567985535,75.02907,72.10573,75.03599,0.07919144650000476,0.0775699048000007,0.08265203739999549
a100,c0075,residual,2,3620864,LL128,LL128,24,23,0,108,0,20,20,100,0,False,channels_unrealized,36.20864,205237;205466,5,74.9977588654,74.7110414505,75.0694417953,75.07107,74.79142,75.15423,0.07536155430000235,0.07503125760000273,0.08037854949999712
a100,c0075,residual,2,3637248,LL128,LL128,24,23,0,108,0,20,20,100,0,False,channels_unrealized,36.37248,205237;205466,5,74.4243192673,72.5299215317,74.9158382416,74.49446,72.6032,74.9929,0.07507954220000101,0.0732784683000034,0.07632896909998976
a100,c0075,residual,2,3653632,LL128,LL128,24,23,0,108,0,20,20,100,0,False,channels_unrealized,36.536319999999996,205237;205466,5,75.6019210815,75.5404806137,75.6428813934,75.68776,75.61922,75.73996,0.0826582946999963,0.07873938630000055,0.08583891850000214
a100,c0075,residual,2,3670016,LL128,LL128,24,23,0,108,0,20,20,100,0,False,channels_unrealized,36.700160000000004,205237;205466,5,75.7043218613,73.1033611298,75.9808015823,75.78585,73.18662,76.05216,0.07801779389998842,0.07498980590000315,0.0815281386999942
a100,c0076,residual,4,3145728,AUTO,LL128,0,24,0,108,0,20,20,100,0,True,,15.72864,205237;205466,5,62.7609586716,62.2694396973,62.9350423813,62.83456,62.34393,63.0086,0.07360132840000233,0.07355940000000061,0.07449030269999923
a100,c0076,residual,4,3162112,AUTO,LL128,0,22,0,108,0,20,20,100,0,True,,15.81056,205237;205466,5,63.0169582367,62.4537611008,63.1500816345,63.09466,62.53198,63.22111,0.07775057279999942,0.07770176329999856,0.07821889919999592
a100,c0076,residual,4,3178496,AUTO,LL128,0,22,0,108,0,20,20,100,0,True,,15.892479999999999,205237;205466,5,63.0067205429,62.8736019135,63.9692783356,63.07963,62.9555,64.04439,0.07485838959999569,0.0729094571000033,0.07511166440000494
a100,c0076,residual,4,3194880,AUTO,LL128,0,22,0,108,0,20,20,100,0,True,,15.974400000000001,205237;205466,5,63.2524776459,63.1705617905,63.6006402969,63.32451,63.25187,63.6773,0.07203235409999564,0.07165091769999776,0.07665970309999892
a100,c0076,residual,4,3211264,AUTO,LL128,0,22,0,108,0,20,20,100,0,True,,16.05632,205237;205466,5,63.1193590164,62.8633594513,63.262720108,63.18846,62.93617,63.33814,0.07281054869999792,0.06910098360000205,0.07541989199999932
a100,c0076,residual,4,3227648,AUTO,LL128,0,22,0,108,0,20,20,100,0,True,,16.13824,205237;205466,5,63.5903978348,63.5699176788,63.9897584915,63.66256,63.63812,64.06504,0.07315904630000603,0.07216216519999819,0.07528150849999804
a100,c0076,residual,4,3244032,AUTO,LL128,0,22,0,108,0,20,20,100,0,True,,16.22016,205237;205466,5,64.1024017334,64.0102386475,64.9215984344,64.17997,64.08929,65.00666,0.07814078580000228,0.0775682665999966,0.07905135250000228
a100,c0076,residual,4,3260416,AUTO,LL128,0,23,0,108,0,20,20,100,0,True,,16.30208,205237;205466,5,64.5120000839,64.3584012985,64.6553611755,64.58614,64.43446,64.73213,0.07605870150000271,0.07413991609999471,0.07676882449999312
a100,c0076,residual,4,3276800,AUTO,LL128,0,23,0,108,0,20,20,100,0,True,,16.384,205237;205466,5,64.9625587463,63.4265613556,65.0649595261,65.04674,63.50065,65.14632,0.0792687368999978,0.07408864439999974,0.08136047390000556
a100,c0076,residual,4,3293184,AUTO,LL128,0,23,0,108,0,20,20,100,0,True,,16.46592,205237;205466,5,64.6348810196,64.1638422012,64.788479805,64.71861,64.22836,64.86668,0.07966057280000882,0.07820019500000797,0.08307938229999934
a100,c0076,residual,4,3309568,AUTO,LL128,0,23,0,108,0,20,20,100,0,True,,16.54784,205237;205466,5,64.0000009537,63.6825609207,64.4505596161,64.07756,63.75645,64.52452,0.07744801179998717,0.07396038390000115,0.07755904630000998
a100,c0076,residual,4,3325952,AUTO,LL128,0,23,0,108,0,20,20,100,0,True,,16.629759999999997,205237;205466,5,64.5324802399,63.8464021683,64.5836782455,64.6097,63.92548,64.6647,0.0790778316999976,0.0772197601000073,0.08102175450000004
a100,c0076,residual,4,3342336,AUTO,LL128,0,23,0,108,0,20,20,100,0,True,,16.71168,205237;205466,5,64.6348810196,64.6041584015,65.0342416763,64.70698,64.68133,65.11978,0.07717159850000144,0.07209898039999985,0.08400228819999711
a100,c0076,residual,4,3358720,AUTO,LL128,0,23,0,108,0,20,20,100,0,True,,16.7936,205237;205466,5,64.3481588364,64.2662382126,65.1468801498,64.42303,64.34728,65.22317,0.08104178739999668,0.07628985019999845,0.08106090879999783
a100,c0076,residual,4,3375104,AUTO,LL128,0,23,0,108,0,20,20,100,0,True,,16.875519999999998,205237;205466,5,64.6246385574,64.2457580566,64.767999649,64.69936,64.37254,64.84395,0.07477095059999783,0.07472144259999425,0.07595035100000302
a100,c0076,residual,4,3391488,AUTO,LL128,0,23,0,108,0,20,20,100,0,True,,16.957440000000002,205237;205466,5,64.7168016434,63.9795207977,64.8704004288,64.78844,64.05663,64.94453,0.07664203579999906,0.07412957120000385,0.07710920230000085
a100,c0076,residual,4,3407872,AUTO,LL128,0,24,0,108,0,20,20,100,0,True,,17.03936,205237;205466,5,64.6860790253,64.5222377777,65.1263999939,64.76699,64.668,65.19843,0.07355838959999517,0.0721015326000014,0.08091097470000364
a100,c0076,residual,4,3424256,AUTO,LL128,0,24,0,108,0,20,20,100,0,True,,17.12128,205237;205466,5,65.1366376877,64.9318408966,65.4540777206,65.20905,65.01548,65.52715,0.07307227940000871,0.07241231230000267,0.08363910340000302
a100,c0076,residual,4,3440640,AUTO,LL128,0,24,0,108,0,20,20,100,0,True,,17.203200000000002,205237;205466,5,65.1673603058,65.1366376877,65.2185583115,65.2334,65.21276,65.29582,0.07696224640000082,0.07612231230000077,0.07726168850000192
a100,c0076,residual,4,3457024,AUTO,LL128,0,24,0,108,0,20,20,100,0,True,,17.28512,205237;205466,5,64.9625587463,64.9318408966,65.6281614304,65.11607,65.00686,65.69979,0.07345206880000177,0.07162856959999431,0.07501910340000961
a100,c0076,residual,4,3473408,AUTO,LL128,0,24,0,108,0,20,20,100,0,True,,17.36704,205237;205466,5,64.9420785904,64.8499202728,64.9932813644,65.01608,64.92039,65.06436,0.07400140960000101,0.07107863559998862,0.08047981720000053
a100,c0076,residual,4,3489792,AUTO,LL128,0,24,0,108,0,20,20,100,0,True,,17.44896,205237;205466,5,65.5974388123,65.4233598709,66.1913585663,65.66663,65.49711,66.26537,0.07375012910000578,0.06919118769999955,0.07401143370000796
a100,c0076,residual,4,3506176,AUTO,LL128,0,24,0,108,0,20,20,100,0,True,,17.53088,205237;205466,5,66.2118387222,65.6383991241,66.2732791901,66.28953,65.71422,66.33752,0.07582087589999276,0.07572230349998677,0.07769127779999963
a100,c0076,residual,4,3522560,AUTO,LL128,0,24,0,108,0,20,20,100,0,True,,17.6128,205237;205466,5,65.8432006836,63.877120018,66.1913585663,65.91841,63.94651,66.26779,0.07074046510000187,0.06938998200000412,0.07520931639999162
a100,c0076,residual,4,3538944,AUTO,LL128,0,24,0,108,0,20,20,100,0,True,,17.69472,205237;205466,5,66.6931200027,66.6316795349,67.0310401917,66.76725,66.71115,67.11172,0.07965925050000067,0.07947046510000177,0.0804618927000007
a100,c0076,residual,4,3555328,AUTO,LL128,0,22,0,108,0,20,20,100,0,True,,17.77664,205237;205466,5,70.8915185928,70.4307222366,71.1782407761,70.97016,70.51368,71.2554,0.0786414072000099,0.07715922389999719,0.07892788879999557
a100,c0076,residual,4,3571712,AUTO,LL128,0,22,0,108,0,20,20,100,0,True,,17.85856,205237;205466,5,71.2089586258,71.0348796844,71.4035177231,71.28896,71.11634,71.48647,0.08043149719999576,0.08000137420000897,0.08146031559999756
a100,c0076,residual,4,3588096,AUTO,LL128,0,22,0,108,0,20,20,100,0,True,,17.94048,205237;205466,5,71.4137601852,71.1577606201,71.4547204971,71.48456,71.23227,71.52533,0.07257112820001055,0.07079981479999731,0.07450937989999318
a100,c0076,residual,4,3604480,AUTO,LL128,0,22,0,108,0,20,20,100,0,True,,18.022399999999998,205237;205466,5,71.4649581909,71.127038002,72.5708818436,71.54787,71.21444,72.64478,0.08291180909999696,0.077531053499996,0.08341215389999945
a100,c0076,residual,4,3620864,AUTO,LL128,0,23,0,108,0,20,20,100,0,True,,18.10432,205237;205466,5,71.6287994385,71.4752006531,72.038397789,71.70598,71.55638,72.11597,0.07814896909999902,0.07757221100000322,0.08117934690000084
a100,c0076,residual,4,3637248,AUTO,LL128,0,23,0,108,0,20,20,100,0,True,,18.18624,205237;205466,5,71.7516803741,71.5059185028,71.9052791595,71.82731,71.57743,71.98511,0.07891237579998744,0.07562962589999245,0.079729715900001
a100,c0076,residual,4,3653632,AUTO,LL128,0,23,0,108,0,20,20,100,0,True,,18.268159999999998,205237;205466,5,71.720957756,71.4547204971,71.7516803741,71.80315,71.52422,71.82933,0.0713779104999901,0.06949950290000118,0.07764962589999413
a100,c0076,residual,4,3670016,AUTO,LL128,0,23,0,108,0,20,20,100,0,True,,18.350080000000002,205237;205466,5,71.5878391266,71.4342403412,71.6800022125,71.66419,71.51421,71.76129,0.07996965880001028,0.07635087340000268,0.08128778750000265
a100,c0077,residual,4,3145728,LL128,LL128,22,22,0,108,0,20,20,100,0,True,,15.72864,205466,5,63.1398391724,63.0169582367,64.0716791153,63.28843,63.09346,64.13827,0.07209235659999536,0.0700120993000013,0.07650176330000136
a100,c0077,residual,4,3162112,LL128,LL128,22,22,0,108,0,20,20,100,0,True,,15.81056,205466,5,63.1398391724,62.9452800751,63.6416006088,63.2158,63.02722,63.71447,0.07596082759999945,0.07286939120000113,0.08193992489999857
a100,c0077,residual,4,3178496,LL128,LL128,22,22,0,108,0,20,20,100,0,True,,15.892479999999999,205466,5,63.3548784256,63.0783987045,63.3753585815,63.43842,63.14898,63.44763,0.07529141850000087,0.07227141849999441,0.07695871029999779
a100,c0077,residual,4,3194880,LL128,LL128,22,22,0,108,0,20,20,100,0,True,,15.974400000000001,205466,5,63.3958387375,63.1398391724,63.8054418564,63.48101,63.2167,63.87798,0.0768608276000009,0.07253814359999922,0.08211198520000096
a100,c0077,residual,4,3211264,LL128,LL128,22,22,0,108,0,20,20,100,0,True,,16.05632,205466,5,64.0921592712,63.1296014786,64.1126394272,64.16404,63.21088,64.2023,0.08127852140000158,0.07188072879999652,0.08383866850000743
a100,c0077,residual,4,3227648,LL128,LL128,22,22,0,108,0,20,20,100,0,True,,16.13824,205466,5,63.7440013885,63.7235212326,63.9487981796,63.8897,63.79953,64.01444,0.07618780119999968,0.07600876739999762,0.131081508500003
a100,c0077,residual,4,3244032,LL128,LL128,22,22,0,108,0,20,20,100,0,True,,16.22016,205466,5,64.0409612656,63.580160141,64.4505596161,64.11653,63.66095,64.53274,0.07556873439999379,0.06820022800000913,0.08078985899999935
a100,c0077,residual,4,3260416,LL128,LL128,22,20,0,108,0,20,20,100,0,False,channels_unrealized,16.30208,205466,5,68.6899185181,68.5977602005,68.7411212921,68.75859,68.69066,68.80848,0.07295101409999916,0.06867148189999739,0.08550182679999807
a100,c0077,residual,4,3276800,LL128,LL128,22,20,0,108,0,20,20,100,0,False,channels_unrealized,16.384,205466,5,67.9116821289,65.7715177536,69.0483188629,67.9912,65.84166,69.12459,0.07627113709999378,0.07285916930000269,0.07871103820001224
a100,c0077,residual,4,3293184,LL128,LL128,22,21,0,108,0,20,20,100,0,False,channels_unrealized,16.46592,205466,5,69.0380811691,68.2291221619,69.2633581161,69.11788,68.31774,69.3346,0.07124188390000086,0.0698892898999901,0.07979883090000328
a100,c0077,residual,4,3309568,LL128,LL128,22,21,0,108,0,20,20,100,0,False,channels_unrealized,16.54784,205466,5,68.3929586411,68.3417606354,70.7379198074,68.47233,68.41392,70.81805,0.07382941280000921,0.0721593646000116,0.0793713589000049
a100,c0077,residual,4,3325952,LL128,LL128,22,21,0,108,0,20,20,100,0,False,channels_unrealized,16.629759999999997,205466,5,68.485121727,68.4236812592,69.3862390518,68.56011,68.49558,69.47376,0.07498827299998823,0.07466849490000982,0.08481773040000462
a100,c0077,residual,4,3342336,LL128,LL128,22,21,0,108,0,20,20,100,0,False,channels_unrealized,16.71168,205466,5,68.6796808243,67.8399991989,68.9152002335,68.76541,67.91556,68.99203,0.07682976649999773,0.07556080109999641,0.08409048029999155
a100,c0077,residual,4,3358720,LL128,LL128,22,21,0,108,0,20,20,100,0,False,channels_unrealized,16.7936,205466,5,70.0211191177,69.6627187729,70.4716777802,70.09377,69.74458,70.56115,0.0818612270999921,0.07265088230001027,0.08708913390000816
a100,c0077,residual,4,3375104,LL128,LL128,22,21,0,108,0,20,20,100,0,False,channels_unrealized,16.875519999999998,205466,5,69.621758461,69.079041481,69.672961235,69.6971,69.16497,69.74529,0.07517858490000151,0.07459873199999834,0.07534153900000717
a100,c0077,residual,4,3391488,LL128,LL128,22,21,0,108,0,20,20,100,0,False,channels_unrealized,16.957440000000002,205466,5,69.6627187729,68.8844823837,70.4307222366,69.74349,68.95926,70.51437,0.08077122709998719,0.07477761629999691,0.0836477633999948
a100,c0077,residual,4,3407872,LL128,LL128,22,21,0,108,0,20,20,100,0,False,channels_unrealized,17.03936,205466,5,69.5500802994,69.2633581161,69.7958421707,69.62857,69.3361,69.86542,0.07369117000000358,0.07274188390000802,0.07440795229999253
a100,c0077,residual,4,3424256,LL128,LL128,22,21,0,108,0,20,20,100,0,False,channels_unrealized,17.12128,205466,5,68.782081604,66.314239502,70.3590393066,68.86359,66.39253,70.42319,0.078290497999987,0.0781689562999972,0.0799377633999967
a100,c0077,residual,4,3440640,LL128,LL128,22,21,0,108,0,20,20,100,0,False,channels_unrealized,17.203200000000002,205466,5,69.7139215469,69.5807981491,70.0620794296,69.83576,69.73467,70.15056,0.08848057039999446,0.07456836300001157,0.12183845309999697
a100,c0077,residual,4,3457024,LL128,LL128,22,22,0,108,0,20,20,100,0,True,,17.28512,205466,5,70.1849603653,69.8572778702,70.6355190277,70.26148,69.93214,70.71526,0.07974097230000154,0.07651963470000567,0.08004976649999662
a100,c0077,residual,4,3473408,LL128,LL128,22,22,0,108,0,20,20,100,0,True,,17.36704,205466,5,69.8675203323,69.7446393967,70.2464008331,69.93707,69.81942,70.3212,0.07478060329999892,0.06954966770000226,0.07479916690000721
a100,c0077,residual,4,3489792,LL128,LL128,22,22,0,108,0,20,20,100,0,True,,17.44896,205466,5,70.7379198074,70.604801178,70.8608007431,70.80773,70.68891,70.93418,0.07337925689999736,0.07145156310001255,0.07420954709999705
a100,c0077,residual,4,3506176,LL128,LL128,22,22,0,108,0,20,20,100,0,True,,17.53088,205466,5,70.4307222366,69.7753620148,70.6252813339,70.51137,69.8561,70.70724,0.08064776339999469,0.07384075040000937,0.08073798520000253
a100,c0077,residual,4,3522560,LL128,LL128,22,22,0,108,0,20,20,100,0,True,,17.6128,205466,5,70.7891178131,70.3999996185,70.9324789047,70.86336,70.47509,71.01012,0.07509038149999014,0.07424218689999407,0.0753279764000041
a100,c0077,residual,4,3538944,LL128,LL128,22,22,0,108,0,20,20,100,0,True,,17.69472,205466,5,70.2975988388,69.939198494,70.3180789948,70.36578,70.02935,70.39573,0.07765100519999635,0.07656956879999655,0.08632829709999612
a100,c0077,residual,4,3555328,LL128,LL128,22,22,0,108,0,20,20,100,0,True,,17.77664,205466,5,70.1235198975,69.5500802994,70.2054405212,70.19857,69.61975,70.28122,0.07505010250000055,0.06966970060000222,0.07577947880000124
a100,c0077,residual,4,3571712,LL128,LL128,22,22,0,108,0,20,20,100,0,True,,17.85856,205466,5,70.0518417358,69.2428779602,70.512638092,70.12872,69.32819,70.59382,0.0811819079999907,0.07687826420000476,0.08414050449999877
a100,c0077,residual,4,3588096,LL128,LL128,22,22,0,108,0,20,20,100,0,True,,17.94048,205466,5,69.939198494,69.5705604553,70.4511976242,70.0155,69.6462,70.52049,0.07522006069999065,0.07518764280000312,0.07563954469999601
a100,c0077,residual,4,3604480,LL128,LL128,22,22,0,108,0,20,20,100,0,True,,18.022399999999998,205466,5,71.2908792496,69.672961235,71.9360017776,71.36923,69.7526,72.01066,0.07835075040000561,0.07815965000000347,0.07963876499999856
a100,c0077,residual,4,3620864,LL128,LL128,22,21,0,108,0,20,20,100,0,False,channels_unrealized,18.10432,205466,5,71.2089586258,70.881280899,71.8847990036,71.29457,70.95743,71.96246,0.07714933169999938,0.07614910099999861,0.0776609963999988
a100,c0077,residual,4,3637248,LL128,LL128,22,21,0,108,0,20,20,100,0,False,channels_unrealized,18.18624,205466,5,72.335357666,71.1372804642,72.407040596,72.42045,71.22273,72.48839,0.0813494039999938,0.07593117650000636,0.08509233400000937
a100,c0077,residual,4,3653632,LL128,LL128,22,21,0,108,0,20,20,100,0,False,channels_unrealized,18.268159999999998,205466,5,71.7107200623,71.423997879,72.7756786346,71.78673,71.51139,72.84687,0.07600993770000741,0.07119136539999715,0.08332949399999734
a100,c0077,residual,4,3670016,LL128,LL128,22,21,0,108,0,20,20,100,0,False,channels_unrealized,18.350080000000002,205466,5,71.8336009979,71.813120842,72.5401592255,71.91507,71.89033,72.60972,0.07720915800000228,0.07304030669999406,0.07743078579999008
a100,c0078,residual,4,3145728,LL128,LL128,23,22,0,108,0,20,20,100,0,False,channels_unrealized,15.72864,205466,5,62.6483201981,62.6380777359,63.2217597961,62.72577,62.71994,63.29304,0.07296873439999274,0.07128020389999534,0.07744980189999495
a100,c0078,residual,4,3162112,LL128,LL128,23,22,0,108,0,20,20,100,0,False,channels_unrealized,15.81056,205466,5,62.5561618805,62.5459194183,62.6892805099,62.63258,62.61895,62.75751,0.07598874330000172,0.07303058169999588,0.07641811949999777
a100,c0078,residual,4,3178496,LL128,LL128,23,22,0,108,0,20,20,100,0,False,channels_unrealized,15.892479999999999,205466,5,63.3036804199,62.6483201981,63.4675216675,63.38102,62.72174,63.53662,0.07362048519999576,0.07341980189999475,0.07733958010000208
a100,c0078,residual,4,3194880,LL128,LL128,23,22,0,108,0,20,20,100,0,False,channels_unrealized,15.974400000000001,205466,5,62.5868797302,62.2489595413,62.7814388275,62.66705,62.31547,62.85781,0.07637117250000358,0.0693502063000011,0.07915871029999977
a100,c0078,residual,4,3211264,LL128,LL128,23,22,0,108,0,20,20,100,0,False,channels_unrealized,16.05632,205466,5,62.9350423813,62.4742412567,63.7644815445,63.06822,62.55181,63.84562,0.0811384554999961,0.07994238070000392,0.08369795469999985
a100,c0078,residual,4,3227648,LL128,LL128,23,22,0,108,0,20,20,100,0,False,channels_unrealized,16.13824,205466,5,64.0000009537,63.6518383026,64.0409612656,64.07305,63.7289,64.11494,0.07542223109999924,0.07397873440000069,0.0770616974000049
a100,c0078,residual,4,3244032,LL128,LL128,23,22,0,108,0,20,20,100,0,False,channels_unrealized,16.22016,205466,5,64.3379211426,64.2150402069,64.4095993042,64.40269,64.29478,64.48565,0.07605069580000645,0.07029933409999956,0.07771988310000211
a100,c0078,residual,4,3260416,LL128,LL128,23,23,0,108,0,20,20,100,0,True,,16.30208,205466,5,63.4470415115,63.1910419464,63.7849617004,63.52841,63.2647,63.87016,0.08136848850000433,0.08117159849999211,0.08182814610000122
a100,c0078,residual,4,3276800,LL128,LL128,23,23,0,108,0,20,20,100,0,True,,16.384,205466,5,64.0307188034,62.986240387,64.1126394272,64.18878,63.05739,64.20632,0.07984200040000644,0.07114961299999578,0.09368057280001096
a100,c0078,residual,4,3293184,LL128,LL128,23,23,0,108,0,20,20,100,0,True,,16.46592,205466,5,63.5084819794,63.4777593613,63.6006402969,63.58552,63.55396,63.6817,0.07772767579999851,0.07703802059999987,0.08105970309999577
a100,c0078,residual,4,3309568,LL128,LL128,23,23,0,108,0,20,20,100,0,True,,16.54784,205466,5,64.3174409866,64.0102386475,64.4812822342,64.39788,64.09089,64.55599,0.08043901339999593,0.0782479305999999,0.08065135249999855
a100,c0078,residual,4,3325952,LL128,LL128,23,23,0,108,0,20,20,100,0,True,,16.629759999999997,205466,5,63.8566398621,63.7132787704,64.0102386475,63.92627,63.79332,64.15191,0.08004122959999904,0.07455820310000405,0.08032810180000638
a100,c0078,residual,4,3342336,LL128,LL128,23,23,0,108,0,20,20,100,0,True,,16.71168,205466,5,64.2150402069,64.0409612656,65.2799987793,64.29128,64.11703,65.34982,0.07623979310000095,0.07606873439999617,0.07646181150001041
a100,c0078,residual,4,3358720,LL128,LL128,23,23,0,108,0,20,20,100,0,True,,16.7936,205466,5,64.2457580566,64.0921592712,64.6451187134,64.31582,64.21944,64.72662,0.07798972719999142,0.07006194340000604,0.08150128660000178
a100,c0078,residual,4,3375104,LL128,LL128,23,23,0,108,0,20,20,100,0,True,,16.875519999999998,205466,5,64.491519928,64.1638422012,64.6451187134,64.5676,64.23787,64.72071,0.0755912866000017,0.0740277988000031,0.07608007199999633
a100,c0078,residual,4,3391488,LL128,LL128,23,23,0,108,0,20,20,100,0,True,,16.957440000000002,205466,5,63.9795207977,63.7747192383,64.5939207077,64.05552,63.84893,64.6659,0.07599920230000379,0.07421076170000163,0.07844234529999028
a100,c0078,residual,4,3407872,LL128,LL128,23,21,0,108,0,20,20,100,0,False,channels_unrealized,17.03936,205466,5,69.1200017929,69.079041481,69.6320009232,69.20424,69.14965,69.71242,0.08041907679999838,0.07290039030000628,0.08241873199999361
a100,c0078,residual,4,3424256,LL128,LL128,23,21,0,108,0,20,20,100,0,False,channels_unrealized,17.12128,205466,5,68.8332796097,68.5056018829,68.9971208572,68.90597,68.58946,69.06889,0.07420911219999482,0.07269039029999647,0.0818879193000015
a100,c0078,residual,4,3440640,LL128,LL128,23,21,0,108,0,20,20,100,0,False,channels_unrealized,17.203200000000002,205466,5,69.7344017029,69.5705604553,70.3385591507,69.81001,69.64539,70.41258,0.07560829710000405,0.07482954470000891,0.0815984860000043
a100,c0078,residual,4,3457024,LL128,LL128,23,22,0,108,0,20,20,100,0,False,channels_unrealized,17.28512,205466,5,69.6115207672,64.2047977448,69.672961235,69.68828,64.27203,69.74399,0.07102876499999411,0.06994070470000224,0.0752603156000049
a100,c0078,residual,4,3473408,LL128,LL128,23,22,0,108,0,20,20,100,0,False,channels_unrealized,17.36704,205466,5,70.5740785599,70.1440000534,70.7072019577,70.66417,70.22913,70.7893,0.08464184199999636,0.08209804230000373,0.08512994659999151
a100,c0078,residual,4,3489792,LL128,LL128,23,22,0,108,0,20,20,100,0,False,channels_unrealized,17.44896,205466,5,69.4067192078,69.396481514,70.533118248,69.4885,69.47337,70.61306,0.07994175200001052,0.07688848600000142,0.08178079220000711
a100,c0078,residual,4,3506176,LL128,LL128,23,22,0,108,0,20,20,100,0,False,channels_unrealized,17.53088,205466,5,70.3180789948,70.0006389618,70.6764793396,70.39183,70.07673,70.75424,0.07586814119999019,0.07466156310000827,0.07609103820000485
a100,c0078,residual,4,3522560,LL128,LL128,23,22,0,108,0,20,20,100,0,False,channels_unrealized,17.6128,205466,5,70.6969594955,70.6457614899,70.9324789047,70.7853,70.72908,71.00462,0.08244184200000859,0.07214109529999746,0.0833185100999998
a100,c0078,residual,4,3538944,LL128,LL128,23,22,0,108,0,20,20,100,0,False,channels_unrealized,17.69472,205466,5,69.6320009232,69.3862390518,70.7481622696,69.70992,69.46656,70.83409,0.07826865719999887,0.07791907680000065,0.08032094819999713
a100,c0078,residual,4,3555328,LL128,LL128,23,22,0,108,0,20,20,100,0,False,channels_unrealized,17.77664,205466,5,70.9324789047,70.8198404312,71.3932800293,71.01064,70.89952,71.46701,0.07816109529998982,0.07774001499999628,0.07853841130000205
a100,c0078,residual,4,3571712,LL128,LL128,23,22,0,108,0,20,20,100,0,False,channels_unrealized,17.85856,205466,5,71.0246419907,70.7276821136,71.3113594055,71.10261,70.80544,71.38926,0.07775788640000769,0.07683884610000291,0.07790059449999376
a100,c0078,residual,4,3588096,LL128,LL128,23,22,0,108,0,20,20,100,0,False,channels_unrealized,17.94048,205466,5,70.9939193726,68.485121727,71.2908792496,71.06553,68.56862,71.37704,0.07161062739999124,0.07014069580000637,0.08349827299998935
a100,c0078,residual,4,3604480,LL128,LL128,23,22,0,108,0,20,20,100,0,False,channels_unrealized,18.022399999999998,205466,5,71.444478035,70.6252813339,71.9052791595,71.53164,70.70364,71.98943,0.07835866609998732,0.07413787749999301,0.08415084050000132
a100,c0078,residual,4,3620864,LL128,LL128,23,23,0,108,0,20,20,100,0,True,,18.10432,205466,5,70.6457614899,70.6252813339,71.5263986588,70.71757,70.70104,71.60248,0.07575866610000048,0.07189024960000268,0.07608134119999477
a100,c0078,residual,4,3637248,LL128,LL128,23,23,0,108,0,20,20,100,0,True,,18.18624,205466,5,71.9564819336,71.4342403412,72.3865604401,72.0301,71.56651,72.45662,0.07601866849999794,0.07361806640000168,0.0815081563999911
a100,c0078,residual,4,3653632,LL128,LL128,23,23,0,108,0,20,20,100,0,True,,18.268159999999998,205466,5,71.4137601852,64.9932813644,71.8438386917,71.48584,65.0773,71.91287,0.07402066280000952,0.07207981479999148,0.07413831239999524
a100,c0078,residual,4,3670016,LL128,LL128,23,23,0,108,0,20,20,100,0,True,,18.350080000000002,205466,5,71.3420820236,70.9836816788,71.8438386917,71.41582,71.06835,71.91297,0.0737379763999968,0.07165025209999953,0.07816955990000451
a100,c0079,residual,4,3145728,LL128,LL128,24,24,0,108,0,20,20,100,0,True,,15.72864,205466,5,62.2796821594,62.1670389175,62.3104000092,62.36135,62.24763,62.38079,0.0789612713999972,0.07708930109999557,0.0805910824999998
a100,c0079,residual,4,3162112,LL128,LL128,24,22,0,108,0,20,20,100,0,False,channels_unrealized,15.81056,205466,5,62.986240387,62.9759979248,63.0579185486,63.05889,63.05539,63.13593,0.07556817660000092,0.07326874330000521,0.07801145140000187
a100,c0079,residual,4,3178496,LL128,LL128,24,22,0,108,0,20,20,100,0,False,channels_unrealized,15.892479999999999,205466,5,63.6518383026,62.2796821594,64.0614414215,63.72588,62.35854,64.13999,0.07885784060000134,0.07854857849999064,0.07994022799999811
a100,c0079,residual,4,3194880,LL128,LL128,24,22,0,108,0,20,20,100,0,False,channels_unrealized,15.974400000000001,205466,5,63.1398391724,62.9964780807,63.4470415115,63.21179,63.06941,63.51578,0.07271979310000631,0.07195082759999849,0.07293191929999665
a100,c0079,residual,4,3211264,LL128,LL128,24,22,0,108,0,20,20,100,0,False,channels_unrealized,16.05632,205466,5,63.2115221024,62.7097606659,63.6416006088,63.29585,62.78947,63.71917,0.07943936710000088,0.07756939120000084,0.07970933410000214
a100,c0079,residual,4,3227648,LL128,LL128,24,22,0,108,0,20,20,100,0,False,channels_unrealized,16.13824,205466,5,63.4163188934,62.2489595413,63.9590406418,63.48722,62.32138,64.02596,0.07131187739999234,0.07090110659999738,0.07242045869999458
a100,c0079,residual,4,3244032,LL128,LL128,24,22,0,108,0,20,20,100,0,False,channels_unrealized,16.22016,205466,5,63.7849617004,63.6620807648,63.8259220123,63.87086,63.74312,63.90542,0.08103923519999512,0.07949798770000172,0.08589829960000372
a100,c0079,residual,4,3260416,LL128,LL128,24,23,0,108,0,20,20,100,0,False,channels_unrealized,16.30208,205466,5,64.6041584015,64.1228818893,64.8191976547,64.67642,64.1983,64.89804,0.07884234529998935,0.07541811069999937,0.08076861149999814
a100,c0079,residual,4,3276800,LL128,LL128,24,23,0,108,0,20,20,100,0,False,channels_unrealized,16.384,205466,5,63.9795207977,63.7337589264,64.1535997391,64.05111,63.87867,64.23757,0.0743401290999941,0.07353194579999922,0.08397026090000281
a100,c0079,residual,4,3293184,LL128,LL128,24,23,0,108,0,20,20,100,0,False,channels_unrealized,16.46592,205466,5,64.3379211426,64.3174409866,64.7782421112,64.41331,64.40108,64.85365,0.07540788880000093,0.07538885740000012,0.08243922639999823
a100,c0079,residual,4,3309568,LL128,LL128,24,23,0,108,0,20,20,100,0,False,channels_unrealized,16.54784,205466,5,64.2867183685,63.7132787704,64.5836782455,64.37083,63.78369,64.65829,0.07789141849999481,0.07461175449999757,0.07954913640000427
a100,c0079,residual,4,3325952,LL128,LL128,24,23,0,108,0,20,20,100,0,False,channels_unrealized,16.629759999999997,205466,5,63.9180803299,63.7542390823,63.9692783356,63.9932,63.82498,64.03999,0.0751196701000012,0.07074091769999313,0.07625981720001107
a100,c0079,residual,4,3342336,LL128,LL128,24,23,0,108,0,20,20,100,0,False,channels_unrealized,16.71168,205466,5,64.6963214874,64.5631980896,65.0035190582,64.77711,64.64536,65.07899,0.0811686026000018,0.08078851259999453,0.08216191040000353
a100,c0079,residual,4,3358720,LL128,LL128,24,23,0,108,0,20,20,100,0,False,channels_unrealized,16.7936,205466,5,64.3276786804,64.2457580566,64.6246385574,64.4088,64.32934,64.69675,0.08112131960000113,0.0796413524999906,0.0835819434000058
a100,c0079,residual,4,3375104,LL128,LL128,24,23,0,108,0,20,20,100,0,False,channels_unrealized,16.875519999999998,205466,5,64.6655988693,64.6246385574,64.8601579666,64.73283,64.69516,64.94014,0.07574769989999197,0.07052144259999693,0.07998203340000032
a100,c0079,residual,4,3391488,LL128,LL128,24,23,0,108,0,20,20,100,0,False,channels_unrealized,16.957440000000002,205466,5,64.8806381226,64.4812822342,65.3516817093,64.95305,64.55709,65.42316,0.07580776580000759,0.07241187740000044,0.07640798770000146
a100,c0079,residual,4,3407872,LL128,LL128,24,24,0,108,0,20,20,100,0,True,,17.03936,205466,5,65.0342416763,64.9728012085,65.5052804947,65.10975,65.10815,65.57585,0.07550832370000649,0.07108841369999652,0.07720898040000179
a100,c0079,residual,4,3424256,LL128,LL128,24,24,0,108,0,20,20,100,0,True,,17.12128,205466,5,65.2083206177,65.1673603058,65.5462408066,65.2919,65.25062,65.62184,0.08269985020000092,0.08144878269999367,0.08325969419999524
a100,c0079,residual,4,3440640,LL128,LL128,24,24,0,108,0,20,20,100,0,True,,17.203200000000002,205466,5,65.2595186234,65.0956821442,65.4131221771,65.33788,65.17037,65.4974,0.0783613766000002,0.0746878558000077,0.07871966129999919
a100,c0079,residual,4,3457024,LL128,LL128,24,24,0,108,0,20,20,100,0,True,,17.28512,205466,5,65.2697610855,65.085439682,65.4745578766,65.3379,65.15113,65.5498,0.07524212340000247,0.06813891450001108,0.07777236939999455
a100,c0079,residual,4,3473408,LL128,LL128,24,24,0,108,0,20,20,100,0,True,,17.36704,205466,5,65.5872011185,65.4131221771,66.0070419312,65.66733,65.49078,66.08954,0.08012888150000208,0.07765782289999379,0.08119171260000257
a100,c0079,residual,4,3489792,LL128,LL128,24,24,0,108,0,20,20,100,0,True,,17.44896,205466,5,65.8841609955,65.6383991241,66.2118387222,65.96089,65.71572,66.28942,0.07732087589999992,0.07672900450000952,0.07758127780000734
a100,c0079,residual,4,3506176,LL128,LL128,24,24,0,108,0,20,20,100,0,True,,17.53088,205466,5,65.9353590012,65.6588792801,66.0275220871,66.00637,65.73275,66.10457,0.07276950530000192,0.07253034210000919,0.07387071990000038
a100,c0079,residual,4,3522560,LL128,LL128,24,24,0,108,0,20,20,100,0,True,,17.6128,205466,5,65.6588792801,65.6076812744,66.4780807495,65.8063,65.68586,66.55825,0.07817872560001149,0.07723999729999775,0.08016925050000623
a100,c0079,residual,4,3538944,LL128,LL128,24,24,0,108,0,20,20,100,0,True,,17.69472,205466,5,66.7238378525,66.365442276,67.6966381073,66.80301,66.44483,67.77098,0.07492221340000071,0.07434189269999081,0.07917214750000312
a100,c0079,residual,4,3555328,LL128,LL128,24,22,0,108,0,20,20,100,0,False,channels_unrealized,17.77664,205466,5,71.3216018677,70.3283214569,71.3318395615,71.39767,70.40877,71.40679,0.07606813230000853,0.07495043849999661,0.0804485431000046
a100,c0079,residual,4,3571712,LL128,LL128,24,22,0,108,0,20,20,100,0,False,channels_unrealized,17.85856,205466,5,71.6287994385,70.4716777802,72.0691204071,71.81197,70.54793,72.21966,0.07625221979999708,0.07566079220001143,0.15053959290000307
a100,c0079,residual,4,3588096,LL128,LL128,24,22,0,108,0,20,20,100,0,False,channels_unrealized,17.94048,205466,5,71.4752006531,70.584321022,71.8336009979,71.55167,70.66887,72.47676,0.07947814119999919,0.07646934689999796,0.08454897800000083
a100,c0079,residual,4,3604480,LL128,LL128,24,22,0,108,0,20,20,100,0,False,channels_unrealized,18.022399999999998,205466,5,71.7004823685,69.693441391,72.1510410309,71.7739,69.77044,72.22897,0.07699860900000033,0.07341763149999281,0.07792896910000024
a100,c0079,residual,4,3620864,LL128,LL128,24,23,0,108,0,20,20,100,0,False,channels_unrealized,18.10432,205466,5,71.3113594055,71.3011217117,71.720957756,71.38895,71.37853,71.79745,0.07740828829999202,0.07698982360000173,0.07759059449999484
a100,c0079,residual,4,3637248,LL128,LL128,24,23,0,108,0,20,20,100,0,False,channels_unrealized,18.18624,205466,5,71.495680809,71.3113594055,71.7823982239,71.57231,71.38175,71.86678,0.07839959289999854,0.07662919099999499,0.08025109529999952
a100,c0079,residual,4,3653632,LL128,LL128,24,23,0,108,0,20,20,100,0,False,channels_unrealized,18.268159999999998,205466,5,71.3523197174,69.918718338,71.8950414658,71.42703,69.98785,71.97249,0.07471028260000878,0.06913166199998955,0.07744853419998776
a100,c0079,residual,4,3670016,LL128,LL128,24,23,0,108,0,20,20,100,0,False,channels_unrealized,18.350080000000002,205466,5,71.741437912,71.3318395615,71.8643188477,71.81789,71.40649,71.93892,0.07645208800001058,0.07465043850000086,0.07689002780000465
a100,c0080,resources,2,262144,LL,LL,8,8,0,108,0,16,20,100,0,True,,2.6214399999999998,205466,5,18.1862401962,18.1555199623,18.6265599728,18.26262,18.22795,18.76919,0.07637980379999831,0.07243003769999845,0.14263002719999918
a100,c0080,resources,2,1048576,LL,LL,8,8,0,108,0,16,20,100,0,True,,10.485759999999999,205466,5,42.9158401489,42.9055976868,43.0796813965,42.9926,42.9909,43.16013,0.08210988399999763,0.08044860350000249,0.08530231320000325
a100,c0080,resources,2,4194304,LL,LL,8,8,0,108,0,16,20,100,0,True,,41.943039999999996,205466,5,134.676475525,134.563837051,134.748163223,134.75215,134.63702,134.87808,0.07840864800002123,0.07567447499999957,0.12807861500002105
a100,c0081,resources,2,262144,LL,LL,8,8,8,8,0,16,20,100,0,True,,2.6214399999999998,205466,5,18.5344004631,18.5241603851,18.8313603401,18.61079,18.59346,18.98631,0.08307984879999708,0.0763895369000025,0.12422942599999942
a100,c0081,resources,2,1048576,LL,LL,8,8,8,8,0,16,20,100,0,True,,10.485759999999999,205466,5,43.1001615524,42.9977607727,43.1103992462,43.17785,43.07195,43.19209,0.07768844759999638,0.07754829159999588,0.08123848049999793
a100,c0081,resources,2,4194304,LL,LL,8,8,8,8,0,16,20,100,0,True,,41.943039999999996,205466,5,136.345596313,136.345596313,136.448001862,136.47257,136.42887,136.53369,0.1156975480000142,0.08568813799999475,0.1269736870000031
a100,c0082,resources,2,262144,LL,LL,8,8,16,16,0,16,20,100,0,True,,2.6214399999999998,205237;205466,5,18.7801599503,18.7289595604,19.2204797268,18.86127,18.80306,19.36023,0.08111004970000124,0.07502049509999864,0.13771011729999927
a100,c0082,resources,2,1048576,LL,LL,8,8,16,16,0,16,20,100,0,True,,10.485759999999999,205237;205466,5,44.0320014954,44.0115213394,44.1753578186,44.11959,44.09172,44.26375,0.08758850459999934,0.08534068790000049,0.08839218140000327
a100,c0082,resources,2,4194304,LL,LL,8,8,16,16,0,16,20,100,0,True,,41.943039999999996,205237;205466,5,135.567359924,135.567359924,135.700483322,135.69917,135.656,135.77183,0.08864007600001855,0.0764028499999938,0.13181007600002204
a100,c0083,resources,2,262144,LL,LL,8,8,32,32,0,16,20,100,0,True,,2.6214399999999998,205237;205466,5,18.7391996384,18.7289595604,19.0156805515,18.80947,18.79594,19.15043,0.07878955940000054,0.07027036160000222,0.13183017270000263
a100,c0083,resources,2,1048576,LL,LL,8,8,32,32,0,16,20,100,0,True,,10.485759999999999,205237;205466,5,44.4108819962,43.7760019302,44.6259212494,44.53348,43.85517,44.76342,0.1225980038000003,0.07916806979999791,0.1374987506000025
a100,c0083,resources,2,4194304,LL,LL,8,8,32,32,0,16,20,100,0,True,,41.943039999999996,205237;205466,5,135.608320236,135.577602386,135.639038086,135.68756,135.6562,135.72512,0.08345667800000456,0.07923976399999333,0.08608191400000464
a100,c0084,resources,2,262144,LL,LL,24,22,0,108,0,16,20,100,0,False,channels_unrealized,2.6214399999999998,205237;205466,5,17.8483200073,17.7868795395,17.8892803192,17.91946,17.87076,17.97236,0.08307968079999739,0.0786704604999997,0.08388046050000142
a100,c0084,resources,2,1048576,LL,LL,24,24,0,108,0,16,20,100,0,True,,10.485759999999999,205237;205466,5,37.9596805573,37.8060793877,38.6048007011,38.04567,37.88716,38.73921,0.0859894427000043,0.08108061229999919,0.1344092989000032
a100,c0084,resources,2,4194304,LL,LL,24,24,0,108,0,16,20,100,0,True,,41.943039999999996,205237;205466,5,111.390724182,111.390724182,111.472635269,111.47636,111.46746,111.61263,0.08817136599999742,0.08563581800000009,0.1378622360000037
a100,c0085,resources,2,262144,LL,LL,24,22,8,8,0,16,20,100,0,False,channels_unrealized,2.6214399999999998,205466,5,29.9519991875,29.9110388756,30.412800312,30.03011,29.99814,30.5445,0.08710112440000017,0.0800891300999993,0.13169968799999765
a100,c0085,resources,2,1048576,LL,LL,24,24,8,8,0,16,20,100,0,True,,10.485759999999999,205466,5,52.5721597672,52.2854423523,52.5824022293,52.6445,52.35606,52.66396,0.0815577707000017,0.07234023280000201,0.08730827149999953
a100,c0085,resources,2,4194304,LL,LL,24,24,8,8,0,16,20,100,0,True,,41.943039999999996,205466,5,144.076795578,143.923196793,144.209918976,144.19272,144.00618,144.30326,0.08609890699997891,0.08309856200000354,0.11592442200000619
a100,c0086,resources,2,262144,LL,LL,24,22,16,16,0,16,20,100,0,False,channels_unrealized,2.6214399999999998,205237;205466,5,23.0399990082,23.0195188522,23.4905600548,23.10856,23.09363,23.63698,0.07676899750000032,0.07411114780000005,0.13467908750000035
a100,c0086,resources,2,1048576,LL,LL,24,24,16,16,0,16,20,100,0,True,,10.485759999999999,205237;205466,5,43.2435178757,43.2332801819,43.2844781876,43.32915,43.32184,43.37004,0.08563212429999822,0.08556181240000171,0.08855981810000202
a100,c0086,resources,2,4194304,LL,LL,24,24,16,16,0,16,20,100,0,True,,41.943039999999996,205237;205466,5,123.351039886,123.340797424,123.46367836,123.47109,123.41868,123.61046,0.08558855399999743,0.07788257599999326,0.12005011400000853
a100,c0087,resources,2,262144,LL,LL,24,22,32,32,0,16,20,100,0,False,channels_unrealized,2.6214399999999998,205237;205466,5,17.9711997509,17.8688001633,18.0428802967,18.0465,17.94571,18.12095,0.07739053850000133,0.07690983669999696,0.07806970329999885
a100,c0087,resources,2,1048576,LL,LL,24,24,32,32,0,16,20,100,0,True,,10.485759999999999,205237;205466,5,38.7993597984,38.2361602783,38.8915205002,38.93387,38.31388,39.02615,0.13451020160000127,0.07771972169999941,0.13462949979999905
a100,c0087,resources,2,4194304,LL,LL,24,24,32,32,0,16,20,100,0,True,,41.943039999999996,205237;205466,5,113.438720703,112.988157272,113.541116714,113.52031,113.06362,113.62201,0.08158929699999362,0.08089328600000556,0.10257123400000978
a100,c0088,resources,2,262144,LL,LL,32,32,0,108,0,16,20,100,0,True,,2.6214399999999998,205237;205466,5,16.9164800644,16.9164800644,17.4899196625,16.99817,16.99688,17.65965,0.08168993559999649,0.08039993559999914,0.1399498921999971
a100,c0088,resources,2,1048576,LL,LL,32,32,0,108,0,16,20,100,0,True,,10.485759999999999,205237;205466,5,36.5363192558,36.4748811722,37.0585608482,36.90446,36.61481,37.19101,0.13244915179999595,0.07849074419999624,0.14036919680000182
a100,c0088,resources,2,4194304,LL,LL,32,32,0,108,0,16,20,100,0,True,,41.943039999999996,205237;205466,5,110.520324707,110.510082245,110.653438568,110.60439,110.59555,110.73894,0.08550143200000093,0.08546775499999626,0.09437806700000806
a100,c0089,resources,2,262144,LL,LL,32,32,8,8,0,16,20,100,0,True,,2.6214399999999998,205466,5,32.7577590942,32.1331191063,32.7782392502,32.88321,32.21364,32.90885,0.12545090580000107,0.08454944520000396,0.13061074979999887
a100,c0089,resources,2,1048576,LL,LL,32,32,8,8,0,16,20,100,0,True,,10.485759999999999,205466,5,54.0467214584,53.9852809906,54.2105579376,54.12898,54.06986,54.34549,0.08457900939999519,0.08225854159999813,0.13493206239999722
a100,c0089,resources,2,4194304,LL,LL,32,32,8,8,0,16,20,100,0,True,,41.943039999999996,205466,5,142.88895607,142.817277908,142.909440994,142.97441,142.90033,142.99384,0.08305209200000263,0.0799838970000053,0.08439900600001238
a100,c0090,resources,2,262144,LL,LL,32,32,16,16,0,16,20,100,0,True,,2.6214399999999998,205237;205466,5,21.3196802139,21.299200058,21.3606405258,21.39786,21.37462,21.43804,0.07817978610000154,0.07739947419999993,0.08229896130000114
a100,c0090,resources,2,1048576,LL,LL,32,32,16,16,0,16,20,100,0,True,,10.485759999999999,205237;205466,5,40.9190416336,40.8576011658,41.1852788925,40.99326,40.93584,41.32138,0.08422223210000368,0.07823883420000044,0.1361011074999965
a100,c0090,resources,2,4194304,LL,LL,32,32,16,16,0,16,20,100,0,True,,41.943039999999996,205237;205466,5,115.537919998,115.466241837,115.763196945,115.61525,115.55883,115.90812,0.09258816300000206,0.0849994109999983,0.14492305499999247
a100,c0091,resources,2,262144,LL,LL,32,32,32,32,0,16,20,100,0,True,,2.6214399999999998,205237;205466,5,17.2441601753,17.2236800194,17.2441601753,17.31599,17.29696,17.32481,0.07876949030000091,0.07327998059999885,0.08064982470000004
a100,c0091,resources,2,1048576,LL,LL,32,32,32,32,0,16,20,100,0,True,,10.485759999999999,205237;205466,5,37.5910401344,36.9356799126,37.6627206802,37.73787,37.01568,37.81783,0.14682986560000444,0.09045012039999989,0.15423908579999335
a100,c0091,resources,2,4194304,LL,LL,32,32,32,32,0,16,20,100,0,True,,41.943039999999996,205237;205466,5,111.052799225,111.042556763,111.073284149,111.1332,111.1312,111.17428,0.0906335490000032,0.08052046299999915,0.09064323700000898
a100,c0092,resources,2,262144,LL128,LL128,8,8,0,108,0,20,20,100,0,True,,2.6214399999999998,205237;205466,5,28.4979200363,28.4774398804,28.620800972,28.57269,28.56498,28.69613,0.08754011959999985,0.07532902799999874,0.09402074340000155
a100,c0092,resources,2,1048576,LL128,LL128,8,8,0,108,0,20,20,100,0,True,,10.485759999999999,205237;205466,5,42.301440239,42.1785593033,42.8134393692,42.37892,42.24265,42.96445,0.08110901429999728,0.07747976099999931,0.1395123132000009
a100,c0092,resources,2,4194304,LL128,LL128,8,8,0,108,0,20,20,100,0,True,,41.943039999999996,205237;205466,5,92.9177570343,92.8767967224,93.0815982819,93.00434,92.95675,93.21865,0.08658296570000346,0.07995327759999782,0.13705171809999683
a100,c0093,resources,2,262144,LL128,LL128,8,8,8,8,0,20,20,100,0,True,,2.6214399999999998,205466,5,29.1123199463,28.9894390106,29.1942405701,29.2434,29.10943,29.32535,0.12675919600000185,0.11999098939999797,0.13108005369999987
a100,c0093,resources,2,1048576,LL128,LL128,8,8,8,8,0,20,20,100,0,True,,10.485759999999999,205466,5,42.9465579987,42.7929592133,43.0489587784,43.03418,42.87507,43.13871,0.08762200129999798,0.0821107866999995,0.08975122160000382
a100,c0093,resources,2,4194304,LL128,LL128,8,8,8,8,0,20,20,100,0,True,,41.943039999999996,205466,5,93.6243152618,93.3478355408,93.685760498,93.70399,93.42936,93.76601,0.08152445919999707,0.08024950200000092,0.08260672790000001
a100,c0094,resources,2,262144,LL128,LL128,8,8,16,16,0,20,20,100,0,True,,2.6214399999999998,205237;205466,5,29.1328001022,29.1225600243,29.6345591545,29.21022,29.20411,29.76299,0.08154997569999978,0.0774198977999987,0.12843084549999872
a100,c0094,resources,2,1048576,LL128,LL128,8,8,16,16,0,20,20,100,0,True,,10.485759999999999,205237;205466,5,42.9670381546,42.9158401489,42.9772806168,43.04902,42.99821,43.05503,0.08230231320000314,0.08198184540000142,0.0823698510999975
a100,c0094,resources,2,4194304,LL128,LL128,8,8,16,16,0,20,20,100,0,True,,41.943039999999996,205237;205466,5,93.6960029602,93.6140823364,93.8393592834,93.77543,93.69097,93.97642,0.07942703979999521,0.07688766359999022,0.12016009279999196
a100,c0095,resources,2,262144,LL128,LL128,8,8,32,32,0,20,20,100,0,True,,2.6214399999999998,205237;205466,5,29.6447992325,29.3785595894,29.9110388756,29.78703,29.4547,30.06237,0.14223076750000274,0.07726966379999922,0.15133112440000218
a100,c0095,resources,2,1048576,LL128,LL128,8,8,32,32,0,20,20,100,0,True,,10.485759999999999,205237;205466,5,42.9568004608,42.9465579987,43.6121606827,43.0386,43.02938,43.76049,0.08623078669999984,0.08282200130000206,0.1380788495000047
a100,c0095,resources,2,4194304,LL128,LL128,8,8,32,32,0,20,20,100,0,True,,41.943039999999996,205237;205466,5,93.7267208099,93.7062358856,93.7881565094,93.8103,93.78626,93.87352,0.08357919009999648,0.08145137329999841,0.08536349060000248
a100,c0096,resources,2,262144,LL128,LL128,24,16,0,108,0,20,20,100,0,False,channels_unrealized,2.6214399999999998,205237;205466,5,28.0780792236,28.0268788338,28.1599998474,28.16571,28.10399,28.24496,0.08496015259999723,0.08401987370000086,0.08763077640000105
a100,c0096,resources,2,1048576,LL128,LL128,24,22,0,108,0,20,20,100,0,False,channels_unrealized,10.485759999999999,205237;205466,5,37.6012802124,37.5705599785,37.6012802124,37.66644,37.64298,37.67405,0.07276978760000219,0.07242002150000104,0.08735072329999838
a100,c0096,resources,2,4194304,LL128,LL128,24,24,0,108,0,20,20,100,0,True,,41.943039999999996,205237;205466,5,82.5036811829,82.4217605591,82.6982402802,82.64054,82.55038,82.78063,0.12861944090001032,0.08238971980000542,0.13417124629999932
a100,c0097,resources,2,262144,LL128,LL128,24,16,8,8,0,20,20,100,0,False,channels_unrealized,2.6214399999999998,205237;205466,5,47.5443220139,47.5238418579,47.5443220139,47.62165,47.59789,47.62504,0.08071798609999803,0.07732798610000202,0.0851376743000003
a100,c0097,resources,2,1048576,LL128,LL128,24,22,8,8,0,20,20,100,0,False,channels_unrealized,10.485759999999999,205237;205466,5,77.9776000977,77.9468822479,78.0492782593,78.05822,78.01764,78.17895,0.0809876290999938,0.08061990230000049,0.08794803100001047
a100,c0097,resources,2,4194304,LL128,LL128,24,24,8,8,0,20,20,100,0,True,,41.943039999999996,205237;205466,5,130.652160645,130.60095787,130.723838806,130.79672,130.67969,130.84992,0.12341178500000183,0.10005599100000495,0.12608119399999396
a100,c0098,resources,2,262144,LL128,LL128,24,16,16,16,0,20,20,100,0,False,channels_unrealized,2.6214399999999998,205237;205466,5,27.9449605942,27.8527998924,28.0883193016,28.03066,27.92735,28.1633,0.07652112119999899,0.07498069840000099,0.0856994057999998
a100,c0098,resources,2,1048576,LL128,LL128,24,22,16,16,0,20,20,100,0,False,channels_unrealized,10.485759999999999,205237;205466,5,57.466878891,57.1596813202,57.5487995148,57.60598,57.24529,57.68063,0.1318304851999983,0.08751945949999396,0.1354180231000015
a100,c0098,resources,2,4194304,LL128,LL128,24,24,16,16,0,20,20,100,0,True,,41.943039999999996,205237;205466,5,102.307844162,102.15423584,102.389755249,102.40286,102.27515,102.46508,0.08748447199999987,0.08090951500000187,0.09501583800000901
a100,c0099,resources,2,262144,LL128,LL128,24,16,32,32,0,20,20,100,0,False,channels_unrealized,2.6214399999999998,205237;205466,5,28.0780792236,27.8937602043,28.3647990227,28.15761,27.97505,28.50406,0.08128979569999828,0.07953077639999862,0.1369200417000016
a100,c0099,resources,2,1048576,LL128,LL128,24,22,32,32,0,20,20,100,0,False,channels_unrealized,10.485759999999999,205237;205466,5,37.9289603233,37.8060793877,38.5740804672,38.00659,37.89428,38.70604,0.08820061229999965,0.0776296767000062,0.1319595328000034
a100,c0099,resources,2,4194304,LL128,LL128,24,24,32,32,0,20,20,100,0,True,,41.943039999999996,205237;205466,5,84.0499210358,83.6198425293,84.2649555206,84.13795,83.6982,84.34215,0.0880289642000065,0.07835747069999854,0.09181301879999637
a100,c0100,resources,2,262144,LL128,LL128,32,16,0,108,0,20,20,100,0,False,channels_unrealized,2.6214399999999998,205237;205466,5,28.0780792236,28.006401062,28.1497597694,28.15509,28.08676,28.22894,0.07976015259999869,0.07918023060000223,0.08035893800000338
a100,c0100,resources,2,1048576,LL128,LL128,32,32,0,108,0,20,20,100,0,True,,10.485759999999999,205237;205466,5,38.5126399994,38.2259202003,38.5331201553,38.66156,38.35916,38.66937,0.1332397997000001,0.1237893767999978,0.13624984470000356
a100,c0100,resources,2,4194304,LL128,LL128,32,32,0,108,0,20,20,100,0,True,,41.943039999999996,205237;205466,5,81.9711971283,81.7356777191,81.9916820526,82.05732,81.82679,82.06815,0.08612287169999888,0.07646794740000473,0.09111228090000623
a100,c0101,resources,2,262144,LL128,LL128,32,16,8,8,0,20,20,100,0,False,channels_unrealized,2.6214399999999998,205466,5,47.5443220139,47.5135993958,47.5443220139,47.62724,47.59769,47.63275,0.08409060420000003,0.08291798610000001,0.08842798610000102
a100,c0101,resources,2,1048576,LL128,LL128,32,32,8,8,0,20,20,100,0,True,,10.485759999999999,205466,5,94.9452781677,94.8428821564,95.1705646515,95.06212,94.91332,95.30869,0.1168418322999969,0.08681065060000037,0.13812534849999736
a100,c0101,resources,2,4194304,LL128,LL128,32,32,8,8,0,20,20,100,0,True,,41.943039999999996,205466,5,146.094083786,145.82783699,146.216964722,146.20863,145.9285,146.2887,0.07747742899999821,0.07711301000000503,0.11454621400000065
a100,c0102,resources,2,262144,LL128,LL128,32,16,16,16,0,20,20,100,0,False,channels_unrealized,2.6214399999999998,205237;205466,5,28.4364795685,27.9142403603,28.5593605042,28.5726,27.99298,28.69934,0.1361204315000002,0.08853995159999783,0.1399794957999987
a100,c0102,resources,2,1048576,LL128,LL128,32,32,16,16,0,20,20,100,0,True,,10.485759999999999,205237;205466,5,54.3129587173,54.3129587173,54.3232011795,54.3934,54.39308,54.41924,0.08422850860000608,0.08044128270000073,0.0843520624000007
a100,c0102,resources,2,4194304,LL128,LL128,32,32,16,16,0,20,20,100,0,True,,41.943039999999996,205237;205466,5,98.0992031097,98.0582427979,98.3449554443,98.23944,98.13924,98.49564,0.09274623349999445,0.08099720210000783,0.14023689030000241
a100,c0103,resources,2,262144,LL128,LL128,32,16,32,32,0,20,20,100,0,False,channels_unrealized,2.6214399999999998,205237;205466,5,27.9142403603,27.7606391907,28.0371189117,28.0062,27.83938,28.11923,0.08211108830000313,0.07933881499999984,0.09195963970000065
a100,c0103,resources,2,1048576,LL128,LL128,32,32,32,32,0,20,20,100,0,True,,10.485759999999999,205237;205466,5,37.9494404793,37.7651190758,38.3283209801,38.03915,37.85138,38.45917,0.08970952069999782,0.08626092419999765,0.12531945479999962
a100,c0103,resources,2,4194304,LL128,LL128,32,32,32,32,0,20,20,100,0,True,,41.943039999999996,205237;205466,5,83.3945560455,83.1897640228,83.4867191315,83.47997,83.25885,83.61743,0.08541395449999811,0.08200875119999296,0.12898563230000093
a100,c0104,resources,2,262144,SIMPLE,SIMPLE,8,8,0,108,0,17,20,100,0,True,,2.6214399999999998,205466,5,41.5027189255,40.5811214447,41.5641593933,41.63469,40.66252,41.68538,0.11875041779999407,0.08139855529999807,0.12122060669999968
a100,c0104,resources,2,1048576,SIMPLE,SIMPLE,8,8,0,108,0,17,20,100,0,True,,10.485759999999999,205466,5,52.019200325,51.8656015396,52.019200325,52.09345,51.94216,52.10067,0.07955924009999649,0.07655846040000114,0.08146967500000102
a100,c0104,resources,2,4194304,SIMPLE,SIMPLE,8,8,0,108,0,17,20,100,0,True,,41.943039999999996,205466,5,97.7612781525,97.7100753784,97.9456043243,97.84438,97.79628,98.08024,0.08620462159998965,0.0831018475000036,0.10945997620000014
a100,c0105,resources,2,262144,SIMPLE,SIMPLE,8,8,8,8,0,17,20,100,0,True,,2.6214399999999998,205237;205466,5,41.1750411987,40.1919984818,41.2057590485,41.29895,40.27477,41.32808,0.12232095150000077,0.08277151819999773,0.12390880129999715
a100,c0105,resources,2,1048576,SIMPLE,SIMPLE,8,8,8,8,0,17,20,100,0,True,,10.485759999999999,205237;205466,5,52.019200325,51.7836809158,52.8384017944,52.09245,51.8625,52.95631,0.08000939610000302,0.07881908419999917,0.1179082056000027
a100,c0105,resources,2,4194304,SIMPLE,SIMPLE,8,8,8,8,0,17,20,100,0,True,,41.943039999999996,205237;205466,5,97.9251194,97.6895999908,97.9763221741,98.00679,97.76712,98.0558,0.07947782589999974,0.07752000920000057,0.081144555700007
a100,c0106,resources,2,262144,SIMPLE,SIMPLE,8,8,16,16,0,17,20,100,0,True,,2.6214399999999998,205237;205466,5,41.4207983017,41.3081598282,42.5164794922,41.49843,41.38831,42.66126,0.08015017179999973,0.07763169829999583,0.13442156649999504
a100,c0106,resources,2,1048576,SIMPLE,SIMPLE,8,8,16,16,0,17,20,100,0,True,,10.485759999999999,205237;205466,5,52.5619220734,52.5004816055,53.6268806458,52.64682,52.57488,53.74855,0.08489792660000006,0.07927101260000313,0.12166935420000158
a100,c0106,resources,2,4194304,SIMPLE,SIMPLE,8,8,16,16,0,17,20,100,0,True,,41.943039999999996,205237;205466,5,98.4576034546,98.3244800568,98.5804843903,98.54636,98.40185,98.66817,0.08768560970000294,0.08318150270000046,0.08875654540000255
a100,c0107,resources,2,262144,SIMPLE,SIMPLE,8,8,32,32,0,17,20,100,0,True,,2.6214399999999998,205237;205466,5,41.4822387695,41.4105606079,42.3526382446,41.56354,41.486,42.49325,0.0891681774999995,0.08130123050000293,0.1279312546
a100,c0107,resources,2,1048576,SIMPLE,SIMPLE,8,8,32,32,0,17,20,100,0,True,,10.485759999999999,205237;205466,5,52.7052783966,52.6643180847,53.4732818604,52.78849,52.75082,53.60577,0.08650191529999773,0.08321160340000233,0.1324881395999995
a100,c0107,resources,2,4194304,SIMPLE,SIMPLE,8,8,32,32,0,17,20,100,0,True,,41.943039999999996,205237;205466,5,98.7340831757,98.7033557892,98.7443161011,98.81707,98.77847,98.82287,0.08088685730000122,0.07855389889999742,0.08298682430000781
a100,c0108,resources,2,262144,SIMPLE,SIMPLE,24,16,0,108,0,17,20,100,0,False,channels_unrealized,2.6214399999999998,205466,5,41.2467193604,41.1647987366,41.3593578339,41.38089,41.29884,41.487,0.13404126340000033,0.1276421661000029,0.13417063960000064
a100,c0108,resources,2,1048576,SIMPLE,SIMPLE,24,22,0,108,0,17,20,100,0,False,channels_unrealized,10.485759999999999,205466,5,48.2099199295,48.1996822357,48.3020782471,48.29773,48.27981,48.38781,0.08573175290000279,0.08012776429999491,0.087810070499998
a100,c0108,resources,2,4194304,SIMPLE,SIMPLE,24,24,0,108,0,17,20,100,0,True,,41.943039999999996,205466,5,86.6816043854,86.5894412994,86.8659210205,86.75429,86.65701,86.94105,0.07512897950000763,0.07268561460000456,0.07730116269999598
a100,c0109,resources,2,262144,SIMPLE,SIMPLE,24,16,8,8,0,17,20,100,0,False,channels_unrealized,2.6214399999999998,205237;205466,5,70.8710384369,70.830078125,70.9836816788,70.94861,70.91334,71.06072,0.08240773039999283,0.07757156310000823,0.08326187500000515
a100,c0109,resources,2,1048576,SIMPLE,SIMPLE,24,22,8,8,0,17,20,100,0,False,channels_unrealized,10.485759999999999,205237;205466,5,110.458879471,110.407676697,110.786561966,110.54258,110.49296,110.93302,0.08528330299999709,0.08370052899999791,0.1222670980000089
a100,c0109,resources,2,4194304,SIMPLE,SIMPLE,24,24,8,8,0,17,20,100,0,True,,41.943039999999996,205237;205466,5,154.644479752,154.490880966,154.726400375,154.74098,154.62204,154.82047,0.09650024800001233,0.09406962500000304,0.1277266710000049
a100,c0110,resources,2,262144,SIMPLE,SIMPLE,24,16,16,16,0,17,20,100,0,False,channels_unrealized,2.6214399999999998,205466,5,40.1408004761,40.1305580139,40.2739191055,40.22907,40.20414,40.35912,0.08520089449999801,0.08112932299999898,0.08826952390000287
a100,c0110,resources,2,1048576,SIMPLE,SIMPLE,24,22,16,16,0,17,20,100,0,False,channels_unrealized,10.485759999999999,205466,5,80.1177597046,79.9232006073,80.5171203613,80.20255,80.00578,80.66325,0.08638095210000074,0.08479029539999772,0.12856393920000642
a100,c0110,resources,2,4194304,SIMPLE,SIMPLE,24,24,16,16,0,17,20,100,0,True,,41.943039999999996,205466,5,116.572160721,116.439037323,116.869115829,116.64814,116.52079,116.99311,0.08187115100000142,0.08175267700001143,0.12399417100000676
a100,c0111,resources,2,262144,SIMPLE,SIMPLE,24,16,32,32,0,17,20,100,0,False,channels_unrealized,2.6214399999999998,205237;205466,5,40.0076818466,39.9564790726,41.2364816666,40.08349,40.0349,41.37589,0.0791497907999954,0.07842092740000339,0.1277277096999967
a100,c0111,resources,2,1048576,SIMPLE,SIMPLE,24,22,32,32,0,17,20,100,0,False,channels_unrealized,10.485759999999999,205237;205466,5,48.9779186249,48.8345623016,50.0428819656,49.0537,48.91832,50.20813,0.08375769839999947,0.08147125210000183,0.12995089839999707
a100,c0111,resources,2,4194304,SIMPLE,SIMPLE,24,24,32,32,0,17,20,100,0,True,,41.943039999999996,205237;205466,5,87.1116828918,86.8659210205,87.1526432037,87.19766,86.94337,87.25336,0.08024140870000451,0.07934452759999999,0.08597710819999804
a100,c0112,resources,2,262144,SIMPLE,SIMPLE,32,16,0,108,0,17,20,100,0,False,channels_unrealized,2.6214399999999998,205237;205466,5,39.8438405991,39.7926402092,39.9052810669,39.92188,39.86478,39.98209,0.07680893309999703,0.07476025860000135,0.07803940090000339
a100,c0112,resources,2,1048576,SIMPLE,SIMPLE,32,32,0,108,0,17,20,100,0,True,,10.485759999999999,205237;205466,5,48.8038396835,48.4761619568,49.9302387238,48.88587,48.55072,50.07087,0.08470819920000139,0.08203031649999559,0.14063127619999705
a100,c0112,resources,2,4194304,SIMPLE,SIMPLE,32,32,0,108,0,17,20,100,0,True,,41.943039999999996,205237;205466,5,85.8214378357,85.5756759644,86.2822437286,85.91076,85.65306,86.43707,0.0893221643000004,0.07834250919999874,0.1285874860000007
a100,c0113,resources,2,262144,SIMPLE,SIMPLE,32,16,8,8,0,17,20,100,0,False,channels_unrealized,2.6214399999999998,205237;205466,5,71.0963201523,70.8608007431,71.7721605301,71.18196,70.93308,71.90656,0.08563984770000843,0.07227925690000347,0.12498959289999334
a100,c0113,resources,2,1048576,SIMPLE,SIMPLE,32,32,8,8,0,17,20,100,0,True,,10.485759999999999,205237;205466,5,141.11743927,140.718078613,141.260795593,141.18885,140.80341,141.41091,0.08533138700002496,0.0812486459999775,0.15011440699998957
a100,c0113,resources,2,4194304,SIMPLE,SIMPLE,32,32,8,8,0,17,20,100,0,True,,41.943039999999996,205237;205466,5,183.040008545,182.149124146,183.14239502,183.18203,182.2328,183.22803,0.08563497999998049,0.08367585400000621,0.09254632699997956
a100,c0114,resources,2,262144,SIMPLE,SIMPLE,32,16,16,16,0,17,20,100,0,False,channels_unrealized,2.6214399999999998,205237;205466,5,40.2329587936,39.874560833,40.9907197952,40.31815,39.94874,41.12911,0.08519120640000466,0.08133932300000168,0.13839020479999675
a100,c0114,resources,2,1048576,SIMPLE,SIMPLE,32,32,16,16,0,17,20,100,0,True,,10.485759999999999,205237;205466,5,78.4179210663,78.0902385712,78.5305595398,78.49057,78.16823,78.61079,0.08023046019999924,0.0779914287999901,0.08832220860000461
a100,c0114,resources,2,4194304,SIMPLE,SIMPLE,32,32,16,16,0,17,20,100,0,True,,41.943039999999996,205237;205466,5,112.209920883,112.158718109,112.506875992,112.28392,112.24367,112.65476,0.08495189099998868,0.0799037619999865,0.13120568600000126
a100,c0115,resources,2,262144,SIMPLE,SIMPLE,32,16,32,32,0,17,20,100,0,False,channels_unrealized,2.6214399999999998,205237;205466,5,39.864320755,39.8233604431,39.8848009109,39.93942,39.90014,39.95945,0.07509924499999698,0.07464908909999934,0.07594100539999715
a100,c0115,resources,2,1048576,SIMPLE,SIMPLE,32,32,32,32,0,17,20,100,0,True,,10.485759999999999,205237;205466,5,49.8380804062,49.7254419327,49.8687982559,49.97627,49.85664,50.00323,0.13119806729999794,0.12949819029999787,0.1344317440999987
a100,c0115,resources,2,4194304,SIMPLE,SIMPLE,32,32,32,32,0,17,20,100,0,True,,41.943039999999996,205237;205466,5,85.9545612335,85.9033584595,86.1491203308,86.0325,85.9814,86.2334,0.08427966920000074,0.07804154049999568,0.08946462650000342
a100,c0116,resources,4,262144,LL,LL,8,8,0,108,0,16,20,100,0,True,,1.3107199999999999,205466,5,22.5587201118,22.2310400009,22.6099205017,22.62643,22.3544,22.69336,0.08343949829999886,0.07501114779999796,0.12335999909999984
a100,c0116,resources,4,1048576,LL,LL,8,8,0,108,0,16,20,100,0,True,,5.2428799999999995,205466,5,46.520318985,46.4588785172,46.571521759,46.60116,46.53724,46.64946,0.07836148279999833,0.07793824099999824,0.08084101499999718
a100,c0116,resources,4,4194304,LL,LL,8,8,0,108,0,16,20,100,0,True,,20.971519999999998,205466,5,160.194568634,160.163841248,160.337924957,160.26054,160.25352,160.42725,0.08967875199999753,0.0893250429999739,0.11723464499999636
a100,c0117,resources,4,262144,LL,LL,8,8,8,8,0,16,20,100,0,True,,1.3107199999999999,205237;205466,5,22.5792002678,22.4460792542,22.8351998329,22.65459,22.59397,22.94134,0.0841892193999989,0.07541993319999918,0.14789074579999806
a100,c0117,resources,4,1048576,LL,LL,8,8,8,8,0,16,20,100,0,True,,5.2428799999999995,205237;205466,5,47.6671981812,47.482881546,47.7900791168,47.75027,47.56644,47.8642,0.08307181880000059,0.07703801910000152,0.0835584539999985
a100,c0117,resources,4,4194304,LL,LL,8,8,8,8,0,16,20,100,0,True,,20.971519999999998,205237;205466,5,160.286712646,160.010242462,160.296955109,160.41278,160.0826,160.4493,0.1260673539999857,0.09145785000001183,0.13141856800001506
a100,c0118,resources,4,262144,LL,LL,8,8,16,16,0,16,20,100,0,True,,1.3107199999999999,205237;205466,5,22.9785609245,22.9683208466,23.0604791641,23.10405,23.05746,23.14483,0.08844020000000086,0.0788990754999972,0.1357291533999998
a100,c0118,resources,4,1048576,LL,LL,8,8,16,16,0,16,20,100,0,True,,5.2428799999999995,205237;205466,5,48.1382417679,47.9744005203,48.1689596176,48.29472,48.04975,48.31586,0.08158873290000201,0.08003066130000036,0.14690038239999836
a100,c0118,resources,4,4194304,LL,LL,8,8,16,16,0,16,20,100,0,True,,20.971519999999998,205237;205466,5,163.246078491,162.908153534,163.379192352,163.37965,162.9926,163.47132,0.08930531699999733,0.08474823899999251,0.09212764800000173
a100,c0119,resources,4,262144,LL,LL,8,8,32,32,0,16,20,100,0,True,,1.3107199999999999,205466,5,22.9888010025,22.7020788193,23.0809593201,23.12409,22.79225,23.22729,0.13528899749999823,0.09017118070000052,0.14108926439999792
a100,c0119,resources,4,1048576,LL,LL,8,8,32,32,0,16,20,100,0,True,,5.2428799999999995,205466,5,48.3737611771,47.8515195847,48.3737611771,48.45704,47.93362,48.46446,0.08210041529999756,0.08023956970000512,0.08327882289999877
a100,c0119,resources,4,4194304,LL,LL,8,8,32,32,0,16,20,100,0,True,,20.971519999999998,205466,5,163.28704834,163.256320953,163.297271729,163.36633,163.33425,163.37292,0.07928165999999237,0.07792904699999781,0.12127356400000622
a100,c0120,resources,4,262144,LL,LL,24,22,0,108,0,16,20,100,0,False,channels_unrealized,1.3107199999999999,205237;205466,5,18.2272005081,18.1657600403,18.2681596279,18.3541,18.28426,18.37864,0.08594037209999783,0.07837028369999999,0.1492201936000015
a100,c0120,resources,4,1048576,LL,LL,24,24,0,108,0,16,20,100,0,True,,5.2428799999999995,205237;205466,5,31.4368009567,31.4265608788,31.4675211906,31.58611,31.54964,31.58861,0.1210810706000025,0.0837393671999962,0.15180904329999834
a100,c0120,resources,4,4194304,LL,LL,24,24,0,108,0,16,20,100,0,True,,20.971519999999998,205237;205466,5,91.0233592987,90.9721565247,91.0950374603,91.10037,91.05098,91.1695,0.07701070129999721,0.07640066829999625,0.07882347529999834
a100,c0121,resources,4,262144,LL,LL,24,22,8,8,0,16,20,100,0,False,channels_unrealized,1.3107199999999999,205466,5,39.8336005211,39.7721600533,39.8438405991,39.91467,39.91336,39.91688,0.08401997969999542,0.0832794788999962,0.08533092740000114
a100,c0121,resources,4,1048576,LL,LL,24,24,8,8,0,16,20,100,0,True,,5.2428799999999995,205466,5,67.819519043,67.6556777954,68.0243206024,67.95844,67.79033,68.09741,0.0810210799999993,0.0781703661999984,0.13465220460000182
a100,c0121,resources,4,4194304,LL,LL,24,24,8,8,0,16,20,100,0,True,,20.971519999999998,205466,5,181.719036102,181.370887756,182.077445984,181.78835,181.52915,182.14775,0.08406028699999979,0.07030401599999436,0.15826224399998523
a100,c0122,resources,4,262144,LL,LL,24,22,16,16,0,16,20,100,0,False,channels_unrealized,1.3107199999999999,205466,5,29.0201592445,28.8563203812,29.0713596344,29.10251,28.93039,29.1474,0.07604036560000083,0.0740696187999994,0.08235075549999848
a100,c0122,resources,4,1048576,LL,LL,24,24,16,16,0,16,20,100,0,True,,5.2428799999999995,205466,5,47.6774406433,47.6671981812,47.8515195847,47.7656,47.758,48.00416,0.09080181880000282,0.08815935669999675,0.14881003749999877
a100,c0122,resources,4,4194304,LL,LL,24,24,16,16,0,16,20,100,0,True,,20.971519999999998,205466,5,128.655357361,128.634881973,129.884157181,128.77111,128.75167,130.04265,0.13622802699998715,0.09791622100001973,0.15674219499999253
a100,c0123,resources,4,262144,LL,LL,24,22,32,32,0,16,20,100,0,False,channels_unrealized,1.3107199999999999,205237;205466,5,18.2374405861,18.1760001183,18.3398401737,18.38857,18.32414,18.48314,0.14329982629999805,0.09630948140000228,0.1481398817000006
a100,c0123,resources,4,1048576,LL,LL,24,24,32,32,0,16,20,100,0,True,,5.2428799999999995,205237;205466,5,32.0921611786,32.0512008667,32.1023988724,32.17133,32.13486,32.18506,0.08365913330000296,0.082661127599998,0.084359835099999
a100,c0123,resources,4,4194304,LL,LL,24,24,32,32,0,16,20,100,0,True,,20.971519999999998,205237;205466,5,95.508480072,95.3343963623,95.8156776428,95.66808,95.40707,95.89582,0.08866148740000313,0.08014235720000329,0.09067079769999964
a100,c0124,resources,4,262144,LL,LL,32,32,0,108,0,16,20,100,0,True,,1.3107199999999999,205237;205466,5,17.5103998184,17.5001597404,17.5718402863,17.59163,17.582,17.71366,0.08123018159999873,0.0781302595999982,0.09208033750000055
a100,c0124,resources,4,1048576,LL,LL,32,32,0,108,0,16,20,100,0,True,,5.2428799999999995,205237;205466,5,30.8633589745,30.6892800331,30.8940792084,31.0121,30.77034,31.03695,0.08105996689999984,0.08041098049999817,0.14287079160000005
a100,c0124,resources,4,4194304,LL,LL,32,32,0,108,0,16,20,100,0,True,,20.971519999999998,205237;205466,5,88.4121608734,88.3097553253,88.5657596588,88.79322,88.49454,89.69887,0.12506432980001136,0.0823791266000029,1.1331103411999948
a100,c0125,resources,4,262144,LL,LL,32,32,8,8,0,16,20,100,0,True,,1.3107199999999999,205237;205466,5,48.6707210541,48.6502408981,48.9267206192,48.83117,48.78929,49.0081,0.13904910189999953,0.0813793808000014,0.15155988159999367
a100,c0125,resources,4,1048576,LL,LL,32,32,8,8,0,16,20,100,0,True,,5.2428799999999995,205237;205466,5,71.127038002,71.1168003082,71.4547204971,71.28586,71.26641,71.53535,0.08913785340000402,0.0825797817999927,0.14960969179999495
a100,c0125,resources,4,4194304,LL,LL,32,32,8,8,0,16,20,100,0,True,,20.971519999999998,205237;205466,5,169.144325256,168.785915375,169.48223114,169.23324,168.87814,169.56877,0.0889147439999931,0.08699836799999616,0.09222462500000006
a100,c0126,resources,4,262144,LL,LL,32,32,16,16,0,16,20,100,0,True,,1.3107199999999999,205237;205466,5,28.5081601143,28.4159994125,28.5798406601,28.59023,28.5758,28.65756,0.09085038650000143,0.08206988569999751,0.15980058750000126
a100,c0126,resources,4,1048576,LL,LL,32,32,16,16,0,16,20,100,0,True,,5.2428799999999995,205237;205466,5,39.7516798973,39.6492791176,39.8131203651,39.82178,39.79864,39.90365,0.0905296349000011,0.07752088239999466,0.14936088239999634
a100,c0126,resources,4,4194304,LL,LL,32,32,16,16,0,16,20,100,0,True,,20.971519999999998,205237;205466,5,99.5635223389,99.5123195648,99.5839977264,99.64413,99.59916,99.66148,0.08060766110000372,0.0774822735999976,0.08684043520000273
a100,c0127,resources,4,262144,LL,LL,32,32,32,32,0,16,20,100,0,True,,1.3107199999999999,205237;205466,5,17.4899196625,17.4182403088,17.7356803417,17.56887,17.49383,17.84342,0.07701942439999954,0.07593023700000145,0.07895033750000024
a100,c0127,resources,4,1048576,LL,LL,32,32,32,32,0,16,20,100,0,True,,5.2428799999999995,205237;205466,5,31.3651204109,31.3036799431,31.6108798981,31.50986,31.44944,31.69742,0.1447395890999985,0.0865401019000025,0.1457600568999986
a100,c0127,resources,4,4194304,LL,LL,32,32,32,32,0,16,20,100,0,True,,20.971519999999998,205237;205466,5,89.0060806274,88.7603187561,89.026556015,89.08258,88.8352,89.10483,0.07827398500000982,0.07649937259999717,0.0888469434000001
a100,c0128,resources,4,262144,LL128,LL128,8,8,0,108,0,20,20,100,0,True,,1.3107199999999999,205237;205466,5,38.4204792976,38.3078408241,38.4716796875,38.49623,38.45526,38.55756,0.08517026750000412,0.08166953279999944,0.08588031250000228
a100,c0128,resources,4,1048576,LL128,LL128,8,8,0,108,0,20,20,100,0,True,,5.2428799999999995,205237;205466,5,51.6915178299,51.671037674,51.7529582977,51.76803,51.74468,51.88797,0.07651217010000266,0.0736423260000052,0.08380892819999985
a100,c0128,resources,4,4194304,LL128,LL128,8,8,0,108,0,20,20,100,0,True,,20.971519999999998,205237;205466,5,102.891521454,102.625284195,102.973442078,102.96765,102.71908,103.17638,0.09379580499999918,0.07612854600000674,0.2029379219999896
a100,c0129,resources,4,262144,LL128,LL128,8,8,8,8,0,20,20,100,0,True,,1.3107199999999999,205237;205466,5,38.1747198105,38.1337594986,38.2156801224,38.25828,38.23814,38.30006,0.08356018949999822,0.08143093630000209,0.08437987759999999
a100,c0129,resources,4,1048576,LL128,LL128,8,8,8,8,0,20,20,100,0,True,,5.2428799999999995,205237;205466,5,52.2240018845,52.0806407928,52.2547197342,52.30526,52.15988,52.33221,0.0792392072000041,0.07749026580000162,0.08125811549999895
a100,c0129,resources,4,4194304,LL128,LL128,8,8,8,8,0,20,20,100,0,True,,20.971519999999998,205237;205466,5,105.062398911,104.744958878,105.287675858,105.16329,104.82814,105.43781,0.10089108900000099,0.08318112199999916,0.13330136799999082
a100,c0130,resources,4,262144,LL128,LL128,8,8,16,16,0,20,20,100,0,True,,1.3107199999999999,205237;205466,5,39.4649600983,39.4649600983,39.546880722,39.54274,39.54155,39.62551,0.07777990170000493,0.07658990170000379,0.07815103840000148
a100,c0130,resources,4,1048576,LL128,LL128,8,8,16,16,0,20,20,100,0,True,,5.2428799999999995,205237;205466,5,52.6028776169,52.5516796112,52.7871990204,52.68659,52.62948,52.92957,0.08371238309999995,0.07780038880000006,0.14237097959999545
a100,c0130,resources,4,4194304,LL128,LL128,8,8,16,16,0,20,20,100,0,True,,20.971519999999998,205237;205466,5,104.284162521,103.761920929,104.529924393,104.38269,103.84935,104.66383,0.09025866000000349,0.08742907100000252,0.0985274789999977
a100,c0131,resources,4,262144,LL128,LL128,8,8,32,32,0,20,20,100,0,True,,1.3107199999999999,205237;205466,5,39.5878410339,39.5264005661,39.6185588837,39.68102,39.60126,39.69906,0.0931789660999982,0.080501116300006,0.1430597907999953
a100,c0131,resources,4,1048576,LL128,LL128,8,8,32,32,0,20,20,100,0,True,,5.2428799999999995,205237;205466,5,52.8179216385,52.7462387085,52.8588819504,52.92936,52.81644,52.95872,0.08272172640000264,0.07047804960000548,0.08324163640000393
a100,c0131,resources,4,4194304,LL128,LL128,8,8,32,32,0,20,20,100,0,True,,20.971519999999998,205237;205466,5,104.355840683,104.294395447,104.355840683,104.4421,104.37617,104.48468,0.08652872599999739,0.08625931699999967,0.12883931700000062
a100,c0132,resources,4,262144,LL128,LL128,24,16,0,108,0,20,20,100,0,False,channels_unrealized,1.3107199999999999,205237;205466,5,37.7036809921,37.6217603683,37.7036809921,37.79027,37.78827,38.12882,0.08658900790000246,0.08458900790000001,0.13841920879999492
a100,c0132,resources,4,1048576,LL128,LL128,24,22,0,108,0,20,20,100,0,False,channels_unrealized,5.2428799999999995,205237;205466,5,42.4140787125,42.1478414536,43.1616020203,42.48613,42.23254,43.23857,0.07696797970000091,0.07205128750000256,0.08145994110000032
a100,c0132,resources,4,4194304,LL128,LL128,24,24,0,108,0,20,20,100,0,True,,20.971519999999998,205237;205466,5,75.2230405807,75.0591993332,75.3151988983,75.36843,75.14972,75.4543,0.13910110170000678,0.09052066680000337,0.1453894193000025
a100,c0133,resources,4,262144,LL128,LL128,24,16,8,8,0,20,20,100,0,False,channels_unrealized,1.3107199999999999,205466,5,66.2016010284,66.1299180984,66.4268779755,66.35445,66.21338,66.49783,0.08346190160000333,0.07095202449998794,0.08353108890000271
a100,c0133,resources,4,1048576,LL128,LL128,24,22,8,8,0,20,20,100,0,False,channels_unrealized,5.2428799999999995,205466,5,105.861120224,105.80991745,105.922555923,105.95822,105.93658,105.99247,0.07545977600000242,0.07234856099999831,0.13686407699999847
a100,c0133,resources,4,4194304,LL128,LL128,24,24,8,8,0,20,20,100,0,True,,20.971519999999998,205466,5,176.199684143,176.076793671,176.261119843,176.33863,176.16179,176.35145,0.0952128039999991,0.0849963290000062,0.14338074799999845
a100,c0134,resources,4,262144,LL128,LL128,24,16,16,16,0,20,20,100,0,False,channels_unrealized,1.3107199999999999,205237;205466,5,37.7855992317,37.4681591988,38.0006408691,37.86642,37.54891,38.15488,0.08075080119999711,0.07379081330000048,0.08082076830000062
a100,c0134,resources,4,1048576,LL128,LL128,24,22,16,16,0,20,20,100,0,False,channels_unrealized,5.2428799999999995,205237;205466,5,74.3628787994,74.3321609497,74.4550418854,74.43263,74.41381,74.60115,0.08164905030000114,0.07393951810000488,0.14610811460001116
a100,c0134,resources,4,4194304,LL128,LL128,24,24,16,16,0,20,20,100,0,True,,20.971519999999998,205237;205466,5,124.190721512,123.822078705,124.508161545,124.27115,123.90102,124.65648,0.08191671599999495,0.08042848800000968,0.14831845500000895
a100,c0135,resources,4,262144,LL128,LL128,24,16,32,32,0,20,20,100,0,False,channels_unrealized,1.3107199999999999,205237;205466,5,37.7651190758,37.7241611481,37.7958393097,37.87624,37.7991,37.9048,0.09050991060000513,0.08040069030000296,0.09573025539999946
a100,c0135,resources,4,1048576,LL128,LL128,24,22,32,32,0,20,20,100,0,False,channels_unrealized,5.2428799999999995,205237;205466,5,42.1478414536,41.8304014206,42.3935985565,42.22502,41.92154,42.54784,0.11161873540000045,0.07961857940000527,0.14707938320000125
a100,c0135,resources,4,4194304,LL128,LL128,24,24,32,32,0,20,20,100,0,True,,20.971519999999998,205237;205466,5,74.84416008,74.6496009827,75.5507183075,74.92337,74.72289,75.64427,0.08330923030000292,0.07920992000001092,0.09171932920000359
a100,c0136,resources,4,262144,LL128,LL128,32,16,0,108,0,20,20,100,0,False,channels_unrealized,1.3107199999999999,205466,5,37.8777599335,37.7651190758,37.8777599335,37.95459,37.85501,37.9548,0.07900916380000211,0.07704006649999684,0.08989092419999878
a100,c0136,resources,4,1048576,LL128,LL128,32,32,0,108,0,20,20,100,0,True,,5.2428799999999995,205466,5,41.3491201401,41.2671995163,41.9430398941,41.48942,41.35374,42.12022,0.08654048369999856,0.07708976099999632,0.14029985990000426
a100,c0136,resources,4,4194304,LL128,LL128,32,32,0,108,0,20,20,100,0,True,,20.971519999999998,205466,5,72.2944021225,72.2022390366,72.3046398163,72.37759,72.31915,72.43127,0.08318787749999501,0.08125096339999516,0.12663018370000145
a100,c0137,resources,4,262144,LL128,LL128,32,16,8,8,0,20,20,100,0,False,channels_unrealized,1.3107199999999999,205237;205466,5,66.0889577866,65.976319313,66.1811208725,66.1694,66.1174,66.25517,0.07876916049998783,0.0770415566999958,0.08044221339999069
a100,c0137,resources,4,1048576,LL128,LL128,32,32,8,8,0,20,20,100,0,True,,5.2428799999999995,205237;205466,5,132.075519562,131.921920776,132.116479874,132.15334,132.00454,132.19701,0.08053012600001352,0.07782043799997496,0.08261922399998411
a100,c0137,resources,4,4194304,LL128,LL128,32,32,8,8,0,20,20,100,0,True,,20.971519999999998,205237;205466,5,188.282871246,187.914237976,188.497924805,188.4028,188.05312,188.65468,0.14307688200000257,0.11992875400000003,0.15675519500001656
a100,c0138,resources,4,262144,LL128,LL128,32,16,16,16,0,20,20,100,0,False,channels_unrealized,1.3107199999999999,205237;205466,5,37.6115202904,37.5705599785,37.7753591537,37.68527,37.6516,37.84788,0.07855975460000053,0.07374970960000127,0.08104002150000156
a100,c0138,resources,4,1048576,LL128,LL128,32,32,16,16,0,20,20,100,0,True,,5.2428799999999995,205237;205466,5,71.9871997833,71.8540811539,72.089600563,72.06326,71.93401,72.23871,0.07992884610000317,0.0791091579999943,0.14250155429999722
a100,c0138,resources,4,4194304,LL128,LL128,32,32,16,16,0,20,20,100,0,True,,20.971519999999998,205237;205466,5,104.642562866,104.458236694,104.652795792,104.73286,104.61332,104.80048,0.15508330599999454,0.09437184500001194,0.1557238959999978
a100,c0139,resources,4,262144,LL128,LL128,32,16,32,32,0,20,20,100,0,False,channels_unrealized,1.3107199999999999,205237;205466,5,37.7139210701,37.6934409142,37.7651190758,37.79298,37.76563,37.83807,0.07905892990000041,0.0729509242000006,0.1481201774999974
a100,c0139,resources,4,1048576,LL128,LL128,32,32,32,32,0,20,20,100,0,True,,5.2428799999999995,205237;205466,5,41.4310407639,41.2876796722,41.7280006409,41.50483,41.36877,41.81143,0.08109032779999836,0.0745097940000008,0.08146874419999506
a100,c0139,resources,4,4194304,LL128,LL128,32,32,32,32,0,20,20,100,0,True,,20.971519999999998,205237;205466,5,72.7859210968,72.6835203171,72.9088020325,72.91661,72.7622,73.06129,0.13068890320001003,0.08692171020000217,0.15248796749999372
a100,c0140,resources,4,262144,SIMPLE,SIMPLE,8,8,0,108,0,17,20,100,0,True,,1.3107199999999999,205237;205466,5,69.1916799545,69.1711997986,69.324798584,69.32108,69.29843,69.47278,0.12940004549999173,0.1272302013999962,0.13982895389999328
a100,c0140,resources,4,1048576,SIMPLE,SIMPLE,8,8,0,108,0,17,20,100,0,True,,5.2428799999999995,205237;205466,5,78.5100793839,78.4793615341,78.5817623138,78.58444,78.55991,78.65827,0.07650768620000292,0.07436061609999456,0.08054846590000864
a100,c0140,resources,4,4194304,SIMPLE,SIMPLE,8,8,0,108,0,17,20,100,0,True,,20.971519999999998,205237;205466,5,123.586559296,123.566083908,123.617277145,123.67329,123.64995,123.70023,0.08295285500000205,0.07620640400000411,0.08386609200000805
a100,c0141,resources,4,262144,SIMPLE,SIMPLE,8,8,8,8,0,17,20,100,0,True,,1.3107199999999999,205237;205466,5,68.2905578613,68.2700777054,68.3008003235,68.43928,68.34289,68.452,0.13396045620000052,0.07980104710000546,0.14872213869999484
a100,c0141,resources,4,1048576,SIMPLE,SIMPLE,8,8,8,8,0,17,20,100,0,True,,5.2428799999999995,205237;205466,5,78.4281587601,77.6601600647,78.448638916,78.50769,77.73469,78.53485,0.08166862179999157,0.07953123989999256,0.08621108400001276
a100,c0141,resources,4,4194304,SIMPLE,SIMPLE,8,8,8,8,0,17,20,100,0,True,,20.971519999999998,205237;205466,5,123.207683563,122.931203842,123.269119263,123.28414,123.06811,123.34965,0.07919615800000201,0.07645643699999027,0.08053073700000368
a100,c0142,resources,4,262144,SIMPLE,SIMPLE,8,8,16,16,0,17,20,100,0,True,,1.3107199999999999,205237;205466,5,70.6252813339,70.6150388718,70.6355190277,70.70385,70.69812,70.71205,0.07865187500000559,0.07856866609999713,0.08308112820000702
a100,c0142,resources,4,1048576,SIMPLE,SIMPLE,8,8,16,16,0,17,20,100,0,True,,5.2428799999999995,205237;205466,5,79.9436807632,79.8105621338,80.097284317,80.10387,79.88634,80.18443,0.0871456830000028,0.08678126399999542,0.15210459589999914
a100,c0142,resources,4,4194304,SIMPLE,SIMPLE,8,8,16,16,0,17,20,100,0,True,,20.971519999999998,205237;205466,5,125.767679214,125.696001053,126.054401398,125.93025,125.77673,126.14135,0.09193411699999388,0.08694860200000676,0.14374303499999996
a100,c0143,resources,4,262144,SIMPLE,SIMPLE,8,8,32,32,0,17,20,100,0,True,,1.3107199999999999,205237;205466,5,70.5433607101,70.4921579361,70.6969594955,70.61948,70.57569,70.78118,0.08105975769998963,0.07805988069999614,0.08353206389999457
a100,c0143,resources,4,1048576,SIMPLE,SIMPLE,8,8,32,32,0,17,20,100,0,True,,5.2428799999999995,205237;205466,5,79.9641609192,79.9436807632,80.097284317,80.10877,80.09477,80.172,0.09317213380001022,0.09028126399999792,0.14460908080000934
a100,c0143,resources,4,4194304,SIMPLE,SIMPLE,8,8,32,32,0,17,20,100,0,True,,20.971519999999998,205237;205466,5,125.614080429,125.521917343,125.655040741,125.69148,125.65972,125.73668,0.13661390400000073,0.08163925900001345,0.1378026569999946
a100,c0144,resources,4,262144,SIMPLE,SIMPLE,24,16,0,108,0,17,20,100,0,False,channels_unrealized,1.3107199999999999,205237;205466,5,69.1507196426,68.8844823837,69.6115207672,69.30705,69.03782,69.6921,0.13942995540000425,0.08057923279999102,0.15333761629999287
a100,c0144,resources,4,1048576,SIMPLE,SIMPLE,24,22,0,108,0,17,20,100,0,False,channels_unrealized,5.2428799999999995,205237;205466,5,72.8780794144,72.8473615646,72.9600000381,72.9657,72.93294,73.03403,0.08082871429999727,0.07463183320000155,0.0855784353999951
a100,c0144,resources,4,4194304,SIMPLE,SIMPLE,24,24,0,108,0,17,20,100,0,True,,20.971519999999998,205237;205466,5,94.6483230591,92.8460788727,94.7302436829,94.72988,93.00545,94.81934,0.08909631710000099,0.08247460629999637,0.13963713869999594
a100,c0145,resources,4,262144,SIMPLE,SIMPLE,24,16,8,8,0,17,20,100,0,False,channels_unrealized,1.3107199999999999,205237;205466,5,127.907838821,127.703037262,128.532476425,127.98683,127.87021,128.64407,0.11159357500000056,0.07899117899999908,0.1488862869999963
a100,c0145,resources,4,1048576,SIMPLE,SIMPLE,24,22,8,8,0,17,20,100,0,False,channels_unrealized,5.2428799999999995,205237;205466,5,194.815998077,194.488315582,195.225601196,194.90524,194.57956,195.36747,0.089241923000003,0.08703571799998144,0.09124441799997385
a100,c0145,resources,4,4194304,SIMPLE,SIMPLE,24,24,8,8,0,17,20,100,0,True,,20.971519999999998,205237;205466,5,245.739517212,245.678081512,245.872631073,245.89566,245.76754,246.03072,0.08945848799999112,0.08345980100000361,0.1561427879999826
a100,c0146,resources,4,262144,SIMPLE,SIMPLE,24,16,16,16,0,17,20,100,0,False,channels_unrealized,1.3107199999999999,205237;205466,5,69.1507196426,69.0483188629,69.6831989288,69.22829,69.12661,69.77925,0.08409792820000916,0.07829113709999547,0.08626888790000464
a100,c0146,resources,4,1048576,SIMPLE,SIMPLE,24,22,16,16,0,17,20,100,0,False,channels_unrealized,5.2428799999999995,205237;205466,5,134.645757675,134.563837051,134.912004471,134.79233,134.65185,135.05644,0.0880129489999888,0.08447580800000765,0.14443552900002032
a100,c0146,resources,4,4194304,SIMPLE,SIMPLE,24,24,16,16,0,17,20,100,0,True,,20.971519999999998,205237;205466,5,170.321922302,170.209274292,170.608634949,170.45349,170.36401,170.69025,0.1315676979999978,0.081615051,0.14209405400001174
a100,c0147,resources,4,262144,SIMPLE,SIMPLE,24,16,32,32,0,17,20,100,0,False,channels_unrealized,1.3107199999999999,205237;205466,5,69.027838707,68.9152002335,69.1609621048,69.17089,69.00277,69.24544,0.08756976649999615,0.0844778951999956,0.1430512929999992
a100,c0147,resources,4,1048576,SIMPLE,SIMPLE,24,22,32,32,0,17,20,100,0,False,channels_unrealized,5.2428799999999995,205237;205466,5,72.7961587906,72.6937580109,72.8064012527,72.95127,72.78445,72.96641,0.09069198910000864,0.07772949399999618,0.15511120939999046
a100,c0147,resources,4,4194304,SIMPLE,SIMPLE,24,24,32,32,0,17,20,100,0,True,,20.971519999999998,205237;205466,5,94.228477478,94.1875171661,94.3001556396,94.30996,94.26748,94.3825,0.08234436039998627,0.08148252200000172,0.08361398250001173
a100,c0148,resources,4,262144,SIMPLE,SIMPLE,32,16,0,108,0,17,20,100,0,False,channels_unrealized,1.3107199999999999,205466,5,68.9766407013,68.8742399216,68.9868783951,69.05657,68.95396,69.05857,0.07992929869999443,0.07972007840000117,0.08008200679999788
a100,c0148,resources,4,1048576,SIMPLE,SIMPLE,32,32,0,108,0,17,20,100,0,True,,5.2428799999999995,205466,5,72.3456001282,71.8847990036,72.3865604401,72.48989,71.96397,72.56261,0.14163872309998737,0.08396965000000023,0.14428987179999808
a100,c0148,resources,4,4194304,SIMPLE,SIMPLE,32,32,0,108,0,17,20,100,0,True,,20.971519999999998,205466,5,91.6684818268,89.8969554901,92.2111988068,91.74913,90.04455,92.29045,0.08064817319998951,0.07983838619999517,0.1475945099000029
a100,c0149,resources,4,262144,SIMPLE,SIMPLE,32,16,8,8,0,17,20,100,0,False,channels_unrealized,1.3107199999999999,205237;205466,5,127.774715424,127.549438477,127.989759445,127.85223,127.62601,128.06364,0.07751457600001288,0.07657152299999836,0.0827355979999993
a100,c0149,resources,4,1048576,SIMPLE,SIMPLE,32,32,8,8,0,17,20,100,0,True,,5.2428799999999995,205237;205466,5,253.255672455,252.805118561,253.255672455,253.3333,252.96359,253.33671,0.08103754500001514,0.07922143900000833,0.08482520100000102
a100,c0149,resources,4,4194304,SIMPLE,SIMPLE,32,32,8,8,0,17,20,100,0,True,,20.971519999999998,205237;205466,5,290.119686127,290.068473816,290.45759201,290.26082,290.21813,290.60246,0.14113387300000113,0.08597810800000616,0.14486799000002293
a100,c0150,resources,4,262144,SIMPLE,SIMPLE,32,16,16,16,0,17,20,100,0,False,channels_unrealized,1.3107199999999999,205466,5,68.8435220718,68.8025617599,69.079041481,68.96021,68.9229,69.15866,0.08216066929999499,0.07961851899999317,0.1293802673000073
a100,c0150,resources,4,1048576,SIMPLE,SIMPLE,32,32,16,16,0,17,20,100,0,True,,5.2428799999999995,205466,5,134.072322845,134.062080383,134.389762878,134.14988,134.13145,134.46899,0.07922712199999182,0.07755715499999383,0.08100301499999318
a100,c0150,resources,4,4194304,SIMPLE,SIMPLE,32,32,16,16,0,17,20,100,0,True,,20.971519999999998,205466,5,156.559362411,156.211204529,156.743679047,156.70267,156.29027,156.89013,0.14330758900001683,0.07906547099997852,0.14645095299999866
a100,c0151,resources,4,262144,SIMPLE,SIMPLE,32,16,32,32,0,17,20,100,0,False,channels_unrealized,1.3107199999999999,205237;205466,5,69.079041481,69.0687990189,69.1302394867,69.21287,69.14343,69.216,0.08263051329998916,0.08183898680000823,0.09035185089999231
a100,c0151,resources,4,1048576,SIMPLE,SIMPLE,32,32,32,32,0,17,20,100,0,True,,5.2428799999999995,205237;205466,5,72.3865604401,72.1510410309,73.5641622543,72.45803,72.30132,73.72516,0.081481308299999,0.07351170139999397,0.15027896910000038
a100,c0151,resources,4,4194304,SIMPLE,SIMPLE,32,32,32,32,0,17,20,100,0,True,,20.971519999999998,205237;205466,5,91.5046405792,90.9209632874,91.7299175262,91.58624,91.06972,91.85212,0.1222024738000016,0.08159942080000349,0.14875671260000445
a100,c0152,threads,2,262144,LL,LL,8,8,0,108,128,4,20,100,0,True,,2.6214399999999998,205237;205466,5,30.720000267,30.6585597992,30.9350395203,30.79248,30.73687,31.07874,0.0856788303000009,0.07831020080000073,0.14370047970000144
a100,c0152,threads,2,1048576,LL,LL,8,8,0,108,128,4,20,100,0,True,,10.485759999999999,205237;205466,5,93.7574386597,93.6448001862,93.9622402191,93.84696,93.72483,94.06779,0.08398766359999854,0.08002981379999596,0.0895213402999957
a100,c0152,threads,2,4194304,LL,LL,8,8,0,108,128,4,20,100,0,True,,41.943039999999996,205237;205466,5,347.811851501,347.74017334,347.842559814,347.89124,347.86799,348.05796,0.0795395289999874,0.07938849900000378,0.1278166600000077
a100,c0153,threads,2,262144,LL,LL,8,8,0,108,256,8,20,100,0,True,,2.6214399999999998,205237;205466,5,21.2377595901,21.1763191223,21.6678404808,21.3193,21.24526,21.78652,0.081540409899997,0.0718596630999997,0.11867951920000053
a100,c0153,threads,2,1048576,LL,LL,8,8,0,108,256,8,20,100,0,True,,10.485759999999999,205237;205466,5,54.8454380035,54.7225618362,55.0809621811,54.9218,54.80036,55.21607,0.0801815615999999,0.07779816379999716,0.1248480977999975
a100,c0153,threads,2,4194304,LL,LL,8,8,0,108,256,8,20,100,0,True,,41.943039999999996,205237;205466,5,193.105926514,192.921600342,193.136634827,193.19353,193.00958,193.21948,0.08760348600000611,0.08717965799999661,0.08797965799999474
a100,c0154,threads,2,262144,LL,LL,8,8,0,108,512,16,20,100,0,True,,2.6214399999999998,205237;205466,5,18.0736005306,18.0326402187,18.1657600403,18.14619,18.11363,18.24228,0.08098978130000134,0.07651995970000058,0.08326001520000048
a100,c0154,threads,2,1048576,LL,LL,8,8,0,108,512,16,20,100,0,True,,10.485759999999999,205237;205466,5,43.0489587784,42.8543996811,43.2844781876,43.13196,42.9334,43.42965,0.08300122160000001,0.07900031890000037,0.145171812400001
a100,c0154,threads,2,4194304,LL,LL,8,8,0,108,512,16,20,100,0,True,,41.943039999999996,205237;205466,5,134.533119202,134.471683502,134.727678299,134.66428,134.55053,134.80855,0.08087170100000662,0.07884649800001853,0.13116079799999625
a100,c0155,threads,2,262144,LL,LL,24,22,0,108,128,4,20,100,0,False,channels_unrealized,2.6214399999999998,205237;205466,5,18.8108801842,18.6675202847,19.1897594929,18.8818,18.73874,19.32025,0.08145979329999875,0.07091981579999995,0.13049050710000287
a100,c0155,threads,2,1048576,LL,LL,24,24,0,108,128,4,20,100,0,True,,10.485759999999999,205237;205466,5,46.0492801666,45.9161615372,46.2540817261,46.12364,46.00311,46.33586,0.08177827389999948,0.07984893070000254,0.08694846280000235
a100,c0155,threads,2,4194304,LL,LL,24,24,0,108,128,4,20,100,0,True,,41.943039999999996,205237;205466,5,142.407684326,142.407684326,142.458877563,142.55469,142.48886,142.59366,0.09286629800001833,0.0863365769999973,0.13478243700001258
a100,c0156,threads,2,262144,LL,LL,24,22,0,108,256,8,20,100,0,False,channels_unrealized,2.6214399999999998,205466,5,18.0224001408,17.930239439,18.1555199623,18.14819,18.05371,18.27935,0.12383003769999945,0.12347056099999776,0.12578985920000108
a100,c0156,threads,2,1048576,LL,LL,24,24,0,108,256,8,20,100,0,True,,10.485759999999999,205466,5,40.0486421585,40.0281620026,40.2022409439,40.12989,40.11135,40.28048,0.08124784150000153,0.07823905609999571,0.08318799740000316
a100,c0156,threads,2,4194304,LL,LL,24,24,0,108,256,8,20,100,0,True,,41.943039999999996,205466,5,115.271682739,115.200004578,115.353603363,115.35764,115.27579,115.43519,0.08307371200000091,0.0815866370000009,0.08595726100000434
a100,c0157,threads,2,262144,LL,LL,24,22,0,108,512,16,20,100,0,False,channels_unrealized,2.6214399999999998,205237;205466,5,17.8175997734,17.7766394615,17.9097604752,17.89651,17.85573,17.98258,0.07891022659999791,0.07330942440000143,0.07909053850000092
a100,c0157,threads,2,1048576,LL,LL,24,24,0,108,512,16,20,100,0,True,,10.485759999999999,205237;205466,5,37.8470396996,37.7446389198,38.3999991417,37.93084,37.82223,38.51166,0.08380030040000008,0.08184924180000053,0.11166085829999872
a100,c0157,threads,2,4194304,LL,LL,24,24,0,108,512,16,20,100,0,True,,41.943039999999996,205237;205466,5,111.677436829,111.616001129,111.779842377,111.755,111.69518,111.92713,0.08091199000000415,0.07917887099999632,0.14276915000000656
a100,c0158,threads,2,262144,LL,LL,32,32,0,108,128,4,20,100,0,True,,2.6214399999999998,205466,5,18.8006401062,18.7391996384,18.9644801617,18.94262,18.86858,19.10704,0.1419798938000021,0.12938036160000266,0.14255983830000218
a100,c0158,threads,2,1048576,LL,LL,32,32,0,108,128,4,20,100,0,True,,10.485759999999999,205466,5,43.5916805267,43.4790420532,43.6019182205,43.67892,43.55649,43.68313,0.07744794679999956,0.07700177949999443,0.07973056490000374
a100,c0158,threads,2,4194304,LL,LL,32,32,0,108,128,4,20,100,0,True,,41.943039999999996,205466,5,130.867204666,130.856962204,130.97984314,130.95101,130.93799,131.07067,0.08380533400000445,0.08192365600001494,0.09082685999999285
a100,c0159,threads,2,262144,LL,LL,32,32,0,108,256,8,20,100,0,True,,2.6214399999999998,205466,5,17.1827197075,17.1724796295,17.7254402637,17.25838,17.25697,17.8446,0.0844903704999993,0.07566029250000028,0.11915973629999854
a100,c0159,threads,2,1048576,LL,LL,32,32,0,108,256,8,20,100,0,True,,10.485759999999999,205466,5,38.5331201553,38.4921598434,38.6867189407,38.64602,38.5825,38.83338,0.11289984470000292,0.0907392087999952,0.14564949980000108
a100,c0159,threads,2,4194304,LL,LL,32,32,0,108,256,8,20,100,0,True,,41.943039999999996,205466,5,116.797437668,116.766719818,116.889600754,116.87687,116.84812,116.97475,0.08514924600000029,0.08140018199999588,0.09210205300000496
a100,c0160,threads,2,262144,LL,LL,32,32,0,108,512,16,20,100,0,True,,2.6214399999999998,205237;205466,5,17.5103998184,16.9472002983,17.5513601303,17.64102,17.02263,17.68445,0.13062018160000122,0.08717014700000192,0.13308986969999737
a100,c0160,threads,2,1048576,LL,LL,32,32,0,108,512,16,20,100,0,True,,10.485759999999999,205237;205466,5,36.7308807373,36.5977597237,37.0483207703,36.81409,36.67783,37.17719,0.08320926270000228,0.08007027629999897,0.12886922970000114
a100,c0160,threads,2,4194304,LL,LL,32,32,0,108,512,16,20,100,0,True,,41.943039999999996,205237;205466,5,110.643196106,110.479364395,110.714883804,110.72653,110.57184,110.79024,0.08325080800000251,0.07535619600000132,0.08333389399999191
a100,c0161,threads,2,262144,LL128,LL128,8,8,0,108,256,8,20,100,0,True,,2.6214399999999998,205466,5,25.3644800186,25.3235197067,25.4771208763,25.44847,25.39817,25.55898,0.08185912369999926,0.0746502932999995,0.08398998140000202
a100,c0161,threads,2,1048576,LL128,LL128,8,8,0,108,256,8,20,100,0,True,,10.485759999999999,205466,5,40.3456020355,40.3456020355,40.6118392944,40.74537,40.42346,41.15215,0.1335307056000019,0.07785796449999793,0.14095004880000062
a100,c0161,threads,2,4194304,LL128,LL128,8,8,0,108,256,8,20,100,0,True,,41.943039999999996,205466,5,99.3996810913,99.205121994,99.4816017151,99.48694,99.29086,99.5687,0.08725890870000796,0.0870982849000086,0.13827258540000287
a100,c0162,threads,2,262144,LL128,LL128,8,8,0,108,512,16,20,100,0,True,,2.6214399999999998,205466,5,26.6956806183,26.6649603844,26.6956806183,26.77282,26.74897,26.77503,0.07990044040000299,0.07934938170000194,0.08400961559999942
a100,c0162,threads,2,1048576,LL128,LL128,8,8,0,108,512,16,20,100,0,True,,10.485759999999999,205466,5,41.7075204849,41.7075204849,41.7996788025,41.78738,41.78497,41.87615,0.07985951509999722,0.07744951509999964,0.08315060669999497
a100,c0162,threads,2,4194304,LL128,LL128,8,8,0,108,512,16,20,100,0,True,,41.943039999999996,205466,5,92.2931194305,92.0576000214,92.2931194305,92.415,92.18496,92.43715,0.1273599785999977,0.12188056950000714,0.14248654789999193
a100,c0163,threads,2,262144,LL128,LL128,8,8,0,108,640,20,20,100,0,True,,2.6214399999999998,205466,5,28.5798406601,28.5184001923,28.620800972,28.65505,28.60516,28.69703,0.08414050950000274,0.0762290280000002,0.0867598077000018
a100,c0163,threads,2,1048576,LL128,LL128,8,8,0,108,640,20,20,100,0,True,,10.485759999999999,205466,5,42.4140787125,42.3219203949,42.6803207397,42.48793,42.38874,42.82367,0.08514839050000234,0.07385128749999836,0.1303903188999982
a100,c0163,threads,2,4194304,LL128,LL128,8,8,0,108,640,20,20,100,0,True,,41.943039999999996,205466,5,92.8870391846,92.7641582489,93.0713558197,92.96227,92.84955,93.23618,0.08539175109999064,0.0806717510999988,0.13699109440000257
a100,c0164,threads,2,262144,LL128,LL128,24,16,0,108,256,8,20,100,0,False,channels_unrealized,2.6214399999999998,205237;205466,5,22.5792002678,22.4358391762,22.5792002678,22.65439,22.51212,22.66511,0.07702097980000033,0.07628082380000123,0.08590973219999753
a100,c0164,threads,2,1048576,LL128,LL128,24,22,0,108,256,8,20,100,0,False,channels_unrealized,10.485759999999999,205237;205466,5,34.4268798828,34.2937588692,34.7443199158,34.50022,34.37789,34.89549,0.084131130800003,0.07741061800000182,0.1344691156000053
a100,c0164,threads,2,4194304,LL128,LL128,24,24,0,108,256,8,20,100,0,True,,41.943039999999996,205237;205466,5,79.04255867,79.0323209763,79.359998703,79.17438,79.12258,79.43858,0.0800213299999939,0.07930042719999619,0.1289785229000131
a100,c0165,threads,2,262144,LL128,LL128,24,16,0,108,512,16,20,100,0,False,channels_unrealized,2.6214399999999998,205237;205466,5,26.8390393257,26.8287992477,26.8697595596,26.98544,26.97442,27.0187,0.1456207522999975,0.14090036240000003,0.1464006743000006
a100,c0165,threads,2,1048576,LL128,LL128,24,22,0,108,512,16,20,100,0,False,channels_unrealized,10.485759999999999,205237;205466,5,36.0448002815,35.9935998917,36.0550403595,36.13318,36.07988,36.15212,0.08628010830000221,0.08033034230000169,0.08837971850000059
a100,c0165,threads,2,4194304,LL128,LL128,24,24,0,108,512,16,20,100,0,True,,41.943039999999996,205237;205466,5,79.3088006973,79.2063999176,79.6262407303,79.40322,79.30222,79.704,0.09441930270000398,0.07775926969999603,0.09582008240001016
a100,c0166,threads,2,262144,LL128,LL128,24,16,0,108,640,20,20,100,0,False,channels_unrealized,2.6214399999999998,205237;205466,5,28.4159994125,28.0575990677,28.4774398804,28.56158,28.14448,28.60807,0.12076996370000259,0.08688093230000149,0.13063011960000281
a100,c0166,threads,2,1048576,LL128,LL128,24,22,0,108,640,20,20,100,0,False,channels_unrealized,10.485759999999999,205237;205466,5,37.7651190758,37.5500798225,37.7855992317,37.84988,37.64559,37.91943,0.09551017749999602,0.08476092419999759,0.13383076830000107
a100,c0166,threads,2,4194304,LL128,LL128,24,24,0,108,640,20,20,100,0,True,,41.943039999999996,205237;205466,5,82.3910427094,82.2784042358,82.4012756348,82.47533,82.36534,82.48225,0.08097436519999235,0.07661666690000857,0.0842872906000025
a100,c0167,threads,2,262144,LL128,LL128,32,16,0,108,256,8,20,100,0,False,channels_unrealized,2.6214399999999998,205466,5,22.9171204567,22.3232007027,23.121919632,23.04625,22.40741,23.26556,0.12912954329999948,0.08420929729999926,0.1436403679999998
a100,c0167,threads,2,1048576,LL128,LL128,32,32,0,108,256,8,20,100,0,True,,10.485759999999999,205466,5,34.4473600388,34.355199337,34.6828794479,34.53549,34.44071,34.77586,0.08812996120000349,0.08551066300000087,0.092980552100002
a100,c0167,threads,2,4194304,LL128,LL128,32,32,0,108,256,8,20,100,0,True,,41.943039999999996,205466,5,78.3974409103,78.3974409103,78.6022377014,78.48043,78.47724,78.68323,0.08298908969999275,0.08099229859999468,0.09327849880000372
a100,c0168,threads,2,262144,LL128,LL128,32,16,0,108,512,16,20,100,0,False,channels_unrealized,2.6214399999999998,205466,5,26.2451195717,26.1017608643,26.3065600395,26.31285,26.17377,26.38618,0.07310952559999961,0.07200913570000012,0.07961996050000053
a100,c0168,threads,2,1048576,LL128,LL128,32,32,0,108,512,16,20,100,0,True,,10.485759999999999,205466,5,36.1983990669,36.1267209053,36.2291193008,36.28085,36.203,36.30321,0.0762790947000056,0.07564932860000084,0.08018074419999976
a100,c0168,threads,2,4194304,LL128,LL128,32,32,0,108,512,16,20,100,0,True,,41.943039999999996,205466,5,80.41472435,80.41472435,80.5580806732,80.57166,80.55304,80.6936,0.13707870300000025,0.1355193268000079,0.13831564999999557
a100,c0169,threads,2,262144,LL128,LL128,32,16,0,108,640,20,20,100,0,False,channels_unrealized,2.6214399999999998,205466,5,28.5798406601,28.4876799583,28.600320816,28.7288,28.62539,28.73271,0.13771004170000012,0.13238918400000088,0.14282887209999728
a100,c0169,threads,2,1048576,LL128,LL128,32,32,0,108,640,20,20,100,0,True,,10.485759999999999,205466,5,37.7651190758,37.6422405243,37.9289603233,37.84327,37.72906,38.00499,0.08481025540000076,0.07815092419999559,0.08681947569999693
a100,c0169,threads,2,4194304,LL128,LL128,32,32,0,108,640,20,20,100,0,True,,41.943039999999996,205466,5,81.602563858,81.5411186218,81.8585586548,81.68622,81.62298,81.93851,0.08365614200000948,0.08186137820000283,0.08672555110000246
a100,c0170,threads,2,262144,SIMPLE,SIMPLE,8,8,0,108,128,5,20,100,0,True,,2.6214399999999998,205466,5,33.4745597839,32.6656007767,33.8534402847,33.60961,32.74094,33.98954,0.13505021610000512,0.07533922329999854,0.13609971529999854
a100,c0170,threads,2,1048576,SIMPLE,SIMPLE,8,8,0,108,128,5,20,100,0,True,,10.485759999999999,205466,5,48.3635187149,48.3532810211,49.2032003403,48.4415,48.42869,49.34756,0.08586792020000189,0.07798128509999458,0.12427950380000397
a100,c0170,threads,2,4194304,SIMPLE,SIMPLE,8,8,0,108,128,5,20,100,0,True,,41.943039999999996,205466,5,113.162240982,113.100795746,113.172483444,113.23858,113.17323,113.24898,0.07451456600000483,0.07243425400000092,0.07633901799999876
a100,c0171,threads,2,262144,SIMPLE,SIMPLE,8,8,0,108,256,9,20,100,0,True,,2.6214399999999998,205237;205466,5,36.5875196457,36.4134407043,37.2940802574,36.66901,36.48264,37.48759,0.08307093309999658,0.0814903543000014,0.13705006649999518
a100,c0171,threads,2,1048576,SIMPLE,SIMPLE,8,8,0,108,256,9,20,100,0,True,,10.485759999999999,205237;205466,5,47.1654415131,46.9708776474,47.8822422028,47.2406,47.04523,48.01559,0.07580898770000033,0.07515848690000126,0.13334779720000256
a100,c0171,threads,2,4194304,SIMPLE,SIMPLE,8,8,0,108,256,9,20,100,0,True,,41.943039999999996,205237;205466,5,94.7404766083,94.6995162964,94.8428821564,94.8368,94.77566,94.92394,0.08105784360000712,0.07614370359999612,0.09632339169999682
a100,c0172,threads,2,262144,SIMPLE,SIMPLE,8,8,0,108,512,17,20,100,0,True,,2.6214399999999998,205237;205466,5,40.4684782028,40.458240509,41.5641593933,40.54638,40.53767,41.68568,0.07942949099999908,0.07790179719999912,0.10104045069999756
a100,c0172,threads,2,1048576,SIMPLE,SIMPLE,8,8,0,108,512,17,20,100,0,True,,10.485759999999999,205237;205466,5,51.9065618515,51.8348789215,52.9203176498,51.98966,51.9157,53.06082,0.08309814849999952,0.08105877230000402,0.13009169340000426
a100,c0172,threads,2,4194304,SIMPLE,SIMPLE,8,8,0,108,512,17,20,100,0,True,,41.943039999999996,205237;205466,5,97.9353618622,97.6588821411,98.0889606476,98.01621,97.73185,98.19625,0.08084813780000388,0.07646094480000443,0.08681396480000103
a100,c0173,threads,2,262144,SIMPLE,SIMPLE,24,16,0,108,128,5,20,100,0,False,channels_unrealized,2.6214399999999998,205237;205466,5,31.8771195412,31.7337608337,32.5939202309,31.95242,31.81295,32.74555,0.07918916630000084,0.07882010189999988,0.13730110670000073
a100,c0173,threads,2,1048576,SIMPLE,SIMPLE,24,22,0,108,128,5,20,100,0,False,channels_unrealized,10.485759999999999,205237;205466,5,43.3663988113,42.3731184006,43.6121606827,43.52833,42.45546,43.75587,0.12946884950000026,0.08234159940000296,0.1437093173000008
a100,c0173,threads,2,4194304,SIMPLE,SIMPLE,24,24,0,108,128,5,20,100,0,True,,41.943039999999996,205237;205466,5,80.2508831024,80.1177597046,80.2508831024,80.3295,80.19775,80.34172,0.0799902953999947,0.0786168975999999,0.08642568300000164
a100,c0174,threads,2,262144,SIMPLE,SIMPLE,24,16,0,108,256,9,20,100,0,False,channels_unrealized,2.6214399999999998,205237;205466,5,35.0924801826,35.0412797928,35.1232004166,35.17884,35.12373,35.19908,0.08576059709999839,0.0824502072000044,0.08635981740000176
a100,c0174,threads,2,1048576,SIMPLE,SIMPLE,24,22,0,108,256,9,20,100,0,False,channels_unrealized,10.485759999999999,205237;205466,5,43.7760019302,43.7760019302,44.9024009705,43.86759,43.84835,45.02813,0.09158806979999667,0.07837931729999781,0.12331102390000126
a100,c0174,threads,2,4194304,SIMPLE,SIMPLE,24,24,0,108,256,9,20,100,0,True,,41.943039999999996,205237;205466,5,81.4694404602,81.3977622986,81.9302368164,81.54885,81.47762,82.05453,0.08298293760000774,0.0798577014000017,0.11863548520000222
a100,c0175,threads,2,262144,SIMPLE,SIMPLE,24,16,0,108,512,17,20,100,0,False,channels_unrealized,2.6214399999999998,205237;205466,5,39.9257588387,39.8848009109,41.1955213547,40.01257,39.96557,41.34202,0.08681116129999822,0.08076908910000213,0.12205985989999846
a100,c0175,threads,2,1048576,SIMPLE,SIMPLE,24,22,0,108,512,17,20,100,0,False,channels_unrealized,10.485759999999999,205237;205466,5,48.2918405533,48.2508802414,48.4249591827,48.37168,48.34021,48.49342,0.07983944669999943,0.07930975860000444,0.0893297586000017
a100,c0175,threads,2,4194304,SIMPLE,SIMPLE,24,24,0,108,512,17,20,100,0,True,,41.943039999999996,205237;205466,5,86.9171237946,86.6406440735,87.3164844513,86.99717,86.72204,87.45584,0.08139592650000793,0.08004620539999507,0.13935554869999578
a100,c0176,threads,2,262144,SIMPLE,SIMPLE,32,16,0,108,128,5,20,100,0,False,channels_unrealized,2.6214399999999998,205466,5,31.7440009117,31.7337608337,31.7644810677,31.81916,31.81435,31.85112,0.08263088170000188,0.08058916630000112,0.08663893230000141
a100,c0176,threads,2,1048576,SIMPLE,SIMPLE,32,32,0,108,128,5,20,100,0,True,,10.485759999999999,205466,5,42.2604799271,42.0659208298,42.4755191803,42.39285,42.13766,42.61297,0.13237007290000236,0.08957150939999536,0.1324918783999962
a100,c0176,threads,2,4194304,SIMPLE,SIMPLE,32,32,0,108,128,5,20,100,0,True,,41.943039999999996,205466,5,78.837761879,78.8275194168,79.0323209763,78.92069,78.90425,79.11095,0.07862902370000313,0.07673058320000337,0.0829281209999948
a100,c0177,threads,2,262144,SIMPLE,SIMPLE,32,16,0,108,256,9,20,100,0,False,channels_unrealized,2.6214399999999998,205237;205466,5,36.4441609383,35.3177595139,36.7820811272,36.57122,35.40607,36.91218,0.12705906169999537,0.08831048609999925,0.13009887279999788
a100,c0177,threads,2,1048576,SIMPLE,SIMPLE,32,32,0,108,256,9,20,100,0,True,,10.485759999999999,205237;205466,5,43.9910411835,43.9193582535,44.0217590332,44.07419,43.99874,44.10225,0.08049096679999934,0.07938174649999752,0.08314881649999961
a100,c0177,threads,2,4194304,SIMPLE,SIMPLE,32,32,0,108,256,9,20,100,0,True,,41.943039999999996,205237;205466,5,80.2303981781,80.1075172424,80.322561264,80.30846,80.18983,80.40055,0.08231275760000756,0.07806182189999333,0.08341599490000817
a100,c0178,threads,2,262144,SIMPLE,SIMPLE,32,16,0,108,512,17,20,100,0,False,channels_unrealized,2.6214399999999998,205466,5,39.9462389946,39.9155211449,40.0588798523,40.02769,39.99993,40.14071,0.0818301476999963,0.08145100539999817,0.08440885510000129
a100,c0178,threads,2,1048576,SIMPLE,SIMPLE,32,32,0,108,512,17,20,100,0,True,,10.485759999999999,205466,5,49.7049617767,48.8243198395,49.8585605621,49.84241,48.90351,50.00643,0.13744822329999806,0.08107125210000277,0.14745787839999736
a100,c0178,threads,2,4194304,SIMPLE,SIMPLE,32,32,0,108,512,17,20,100,0,True,,41.943039999999996,205466,5,85.7497596741,85.5449581146,86.1081600189,85.83191,85.62302,86.19562,0.08215032589998827,0.07963820860000226,0.08745998110001096
a100,c0179,threads,4,262144,LL,LL,8,8,0,108,128,4,20,100,0,True,,1.3107199999999999,205237;205466,5,37.8675198555,37.8265595436,37.8777599335,37.94808,37.91023,37.95189,0.08056014449999793,0.07413006649999687,0.08367045640000015
a100,c0179,threads,4,1048576,LL,LL,8,8,0,108,128,4,20,100,0,True,,5.2428799999999995,205237;205466,5,116.213760376,116.162557602,116.213760376,116.29889,116.23781,116.35376,0.0851296240000039,0.07709271000000228,0.13999962399999788
a100,c0179,threads,4,4194304,LL,LL,8,8,0,108,128,4,20,100,0,True,,20.971519999999998,205237;205466,5,439.377937317,439.316482544,439.398384094,439.46884,439.45621,439.54854,0.15015590600000905,0.07827268300002288,0.15235745600000428
a100,c0180,threads,4,262144,LL,LL,8,8,0,108,256,8,20,100,0,True,,1.3107199999999999,205237;205466,5,26.6444802284,26.6342401505,26.7366409302,26.77984,26.72192,26.81401,0.07997106409999688,0.0774397716000017,0.1455998495000017
a100,c0180,threads,4,1048576,LL,LL,8,8,0,108,256,8,20,100,0,True,,5.2428799999999995,205237;205466,5,67.3587179184,67.3587179184,67.4508810043,67.44285,67.43864,67.52262,0.07992208160000303,0.07683778110001072,0.08413208160000352
a100,c0180,threads,4,4194304,LL,LL,8,8,0,108,256,8,20,100,0,True,,20.971519999999998,205237;205466,5,244.29567337,244.183044434,244.674568176,244.37965,244.27253,244.79134,0.09411236200000417,0.08948556599997914,0.11677182399998287
a100,c0181,threads,4,262144,LL,LL,8,8,0,108,512,16,20,100,0,True,,1.3107199999999999,205237;205466,5,22.3436808586,22.3232007027,22.3539209366,22.43045,22.42705,22.45279,0.08336914140000218,0.07652906339999888,0.1295892973000008
a100,c0181,threads,4,1048576,LL,LL,8,8,0,108,512,16,20,100,0,True,,5.2428799999999995,205237;205466,5,47.1551990509,46.8480014801,47.2473621368,47.22928,46.986,47.32406,0.08168195070000195,0.07669786320000327,0.13799851989999468
a100,c0181,threads,4,4194304,LL,LL,8,8,0,108,512,16,20,100,0,True,,20.971519999999998,205237;205466,5,160.17408371,159.979524612,160.245761871,160.25532,160.05814,160.32986,0.08123629000002097,0.08021124800001189,0.08409812899998315
a100,c0182,threads,4,262144,LL,LL,24,22,0,108,128,4,20,100,0,False,channels_unrealized,1.3107199999999999,205237;205466,5,22.6406407356,22.5689601898,22.7635192871,22.7148,22.65228,22.9208,0.08331981020000256,0.07798004409999848,0.1537900110999999
a100,c0182,threads,4,1048576,LL,LL,24,24,0,108,128,4,20,100,0,True,,5.2428799999999995,205237;205466,5,49.6332788467,49.5411205292,50.0531196594,49.71367,49.62429,50.12846,0.08316947080000148,0.08039115329999902,0.0870919329999964
a100,c0182,threads,4,4194304,LL,LL,24,24,0,108,128,4,20,100,0,True,,20.971519999999998,205237;205466,5,160.491523743,160.419845581,160.727043152,160.57234,160.5541,160.88907,0.09028173999999467,0.0863267629999882,0.13425441900000123
a100,c0183,threads,4,262144,LL,LL,24,22,0,108,256,8,20,100,0,False,channels_unrealized,1.3107199999999999,205466,5,20.4902410507,20.1216006279,20.5414390564,20.61816,20.2238,20.62907,0.08859961810000172,0.07784937209999754,0.13882894929999878
a100,c0183,threads,4,1048576,LL,LL,24,24,0,108,256,8,20,100,0,True,,5.2428799999999995,205466,5,35.573759079,35.5123209953,36.5055990219,35.64944,35.58853,36.57664,0.07620900469999725,0.07568092100000001,0.07639009629999549
a100,c0183,threads,4,4194304,LL,LL,24,24,0,108,256,8,20,100,0,True,,20.971519999999998,205466,5,101.806077957,101.632003784,101.867523193,101.91613,101.71122,102.0056,0.11005204299999605,0.07921621599999185,0.13807680700000446
a100,c0184,threads,4,262144,LL,LL,24,22,0,108,512,16,20,100,0,False,channels_unrealized,1.3107199999999999,205237;205466,5,17.950719595,17.8892803192,17.9814398289,18.03508,17.96996,18.12786,0.0843295473000012,0.08067968079999943,0.08436040500000175
a100,c0184,threads,4,1048576,LL,LL,24,24,0,108,512,16,20,100,0,True,,5.2428799999999995,205237;205466,5,31.1398410797,31.0374403,31.4982390404,31.21919,31.1653,31.58241,0.08417095959999799,0.07934892030000285,0.12785969999999836
a100,c0184,threads,4,4194304,LL,LL,24,24,0,108,512,16,20,100,0,True,,20.971519999999998,205237;205466,5,91.0336017609,90.9414386749,91.2895965576,91.11691,91.02192,91.43051,0.08418733640000653,0.08330823910000618,0.1409134423999916
a100,c0185,threads,4,262144,LL,LL,32,32,0,108,128,4,20,100,0,True,,1.3107199999999999,205466,5,19.9168002605,19.8860800266,19.9372804165,20.02201,19.99005,20.08683,0.13592997340000323,0.07472951600000144,0.1495495835000007
a100,c0185,threads,4,1048576,LL,LL,32,32,0,108,128,4,20,100,0,True,,5.2428799999999995,205466,5,40.0281620026,39.6185588837,40.458240509,40.10874,39.69564,40.53768,0.07890223209999903,0.07708111630000047,0.07943949100000225
a100,c0185,threads,4,4194304,LL,LL,32,32,0,108,128,4,20,100,0,True,,20.971519999999998,205466,5,120.821762085,120.719356537,120.965118408,120.90183,120.85915,121.10964,0.0878737750000056,0.08100750399999868,0.13979346300000373
a100,c0186,threads,4,262144,LL,LL,32,32,0,108,256,8,20,100,0,True,,1.3107199999999999,205237;205466,5,16.9472002983,16.8652796745,16.9983994961,17.08685,16.94327,17.12672,0.1283205038999995,0.07799032549999652,0.13964970169999802
a100,c0186,threads,4,1048576,LL,LL,32,32,0,108,256,8,20,100,0,True,,5.2428799999999995,205237;205466,5,31.2012791634,31.1296010017,31.2524795532,31.27992,31.20527,31.32491,0.0756689982999994,0.07243044679999855,0.07864083660000176
a100,c0186,threads,4,4194304,LL,LL,32,32,0,108,256,8,20,100,0,True,,20.971519999999998,205237;205466,5,93.5424041748,93.4297561646,93.7471961975,93.61461,93.51372,93.92052,0.08396383540001295,0.0729819971000012,0.16262161929999763
a100,c0187,threads,4,262144,LL,LL,32,32,0,108,512,16,20,100,0,True,,1.3107199999999999,205237;205466,5,17.6025605202,17.4489605427,17.7356803417,17.75414,17.53461,17.87788,0.14219965830000092,0.13196992519999995,0.15157947979999875
a100,c0187,threads,4,1048576,LL,LL,32,32,0,108,512,16,20,100,0,True,,5.2428799999999995,205237;205466,5,30.6790399551,30.6380796432,30.8531188965,30.7568,30.71914,30.92654,0.08106035679999835,0.07776004489999977,0.08552059069999984
a100,c0187,threads,4,4194304,LL,LL,32,32,0,108,512,16,20,100,0,True,,20.971519999999998,205237;205466,5,88.3916759491,88.2176017761,88.4428787231,88.47531,88.29075,88.5212,0.08363405089998821,0.07832127689999879,0.0841131481999895
a100,c0188,threads,4,262144,LL128,LL128,8,8,0,108,256,8,20,100,0,True,,1.3107199999999999,205237;205466,5,32.2150397301,32.1535992622,32.3993611336,32.34927,32.23606,32.48083,0.08452097170000172,0.08246073780000529,0.1275010167000019
a100,c0188,threads,4,1048576,LL128,LL128,8,8,0,108,256,8,20,100,0,True,,5.2428799999999995,205237;205466,5,52.8384017944,52.7155208588,52.8895998001,52.91213,52.7939,53.05811,0.07837914120000278,0.07372820559999838,0.08593160339999883
a100,c0188,threads,4,4194304,LL128,LL128,8,8,0,108,256,8,20,100,0,True,,20.971519999999998,205237;205466,5,115.353603363,115.353603363,115.374078751,115.45654,115.44692,115.47277,0.09204878699999597,0.08246124900000495,0.09331663700000092
a100,c0189,threads,4,262144,LL128,LL128,8,8,0,108,512,16,20,100,0,True,,1.3107199999999999,205466,5,36.5875196457,36.4646410942,36.6489601135,36.6677,36.54567,36.73083,0.08102890580000377,0.08018035430000481,0.0818698864999945
a100,c0189,threads,4,1048576,LL128,LL128,8,8,0,108,512,16,20,100,0,True,,5.2428799999999995,205466,5,54.7123193741,54.6918392181,54.753279686,54.8633,54.77302,54.88454,0.11225168459999679,0.08118078190000233,0.13126031400000215
a100,c0189,threads,4,4194304,LL128,LL128,8,8,0,108,512,16,20,100,0,True,,20.971519999999998,205466,5,102.563838959,102.492160797,103.045120239,102.64654,102.5733,103.13237,0.08270104100000708,0.08113920300000643,0.08724976099999537
a100,c0190,threads,4,262144,LL128,LL128,8,8,0,108,640,20,20,100,0,True,,1.3107199999999999,205237;205466,5,38.4511995316,38.3283209801,38.5126399994,38.59123,38.40656,38.59191,0.07927000059999756,0.07823901989999626,0.07998917590000332
a100,c0190,threads,4,1048576,LL128,LL128,8,8,0,108,640,20,20,100,0,True,,5.2428799999999995,205237;205466,5,51.7734384537,51.722240448,51.8041610718,51.87554,51.86461,51.90809,0.13465154629999887,0.08593095549999674,0.14080213710000322
a100,c0190,threads,4,4194304,LL128,LL128,8,8,0,108,640,20,20,100,0,True,,20.971519999999998,205237;205466,5,102.973442078,102.563838959,103.075838089,103.05843,102.65926,103.15622,0.08094228900000644,0.08038191100000347,0.08498792199999627
a100,c0191,threads,4,262144,LL128,LL128,24,16,0,108,256,8,20,100,0,False,channels_unrealized,1.3107199999999999,205466,5,31.1193609238,31.0681605339,31.324160099,31.19274,31.14785,31.40777,0.0796894660999996,0.07403079159999848,0.08342080369999749
a100,c0191,threads,4,1048576,LL128,LL128,24,22,0,108,256,8,20,100,0,False,channels_unrealized,5.2428799999999995,205466,5,36.6592001915,36.4032006264,36.9971203804,36.73774,36.48465,37.07849,0.08136961960000377,0.07853980850000397,0.0814493736000017
a100,c0191,threads,4,4194304,LL128,LL128,24,24,0,108,256,8,20,100,0,True,,20.971519999999998,205466,5,65.9251213074,65.8943986893,66.0172796249,66.09465,66.07963,66.18342,0.16614037509999946,0.11074872560000415,0.1695286925999966
a100,c0192,threads,4,262144,LL128,LL128,24,16,0,108,512,16,20,100,0,False,channels_unrealized,1.3107199999999999,205466,5,35.7068800926,35.4099202156,35.7478404045,35.78973,35.49214,35.82549,0.08221978439999589,0.08081978439999915,0.08284990739999643
a100,c0192,threads,4,1048576,LL128,LL128,24,22,0,108,512,16,20,100,0,False,channels_unrealized,5.2428799999999995,205466,5,40.3046417236,40.1715183258,41.1238384247,40.43768,40.32848,41.22228,0.13303827640000065,0.09844157530000075,0.15696167419999796
a100,c0192,threads,4,4194304,LL128,LL128,24,24,0,108,512,16,20,100,0,True,,20.971519999999998,205466,5,69.5705604553,69.5500802994,69.8880004883,69.65121,69.63287,70.00308,0.08064954470000885,0.0786498565999949,0.0827897006000029
a100,c0193,threads,4,262144,LL128,LL128,24,16,0,108,640,20,20,100,0,False,channels_unrealized,1.3107199999999999,205237;205466,5,37.6115202904,37.5808000565,37.7651190758,37.72896,37.68477,37.85389,0.08877092419999855,0.07581033339999976,0.14815994349999784
a100,c0193,threads,4,1048576,LL128,LL128,24,22,0,108,640,20,20,100,0,False,channels_unrealized,5.2428799999999995,205237;205466,5,42.7519989014,42.5676822662,42.8032016754,42.82369,42.64643,42.95423,0.07874773380000022,0.07572168949999991,0.08255159939999857
a100,c0193,threads,4,4194304,LL128,LL128,24,24,0,108,640,20,20,100,0,True,,20.971519999999998,205237;205466,5,74.9465608597,74.9158382416,75.1513576508,75.06215,74.99852,75.29439,0.08962078979999433,0.0826817583999997,0.11558914030000267
a100,c0194,threads,4,262144,LL128,LL128,32,16,0,108,256,8,20,100,0,False,channels_unrealized,1.3107199999999999,205237;205466,5,31.3958406448,31.324160099,31.5801596642,31.48061,31.40696,31.66666,0.08279990100000134,0.07974001190000024,0.08476935519999884
a100,c0194,threads,4,1048576,LL128,LL128,32,32,0,108,256,8,20,100,0,True,,5.2428799999999995,205237;205466,5,34.641919136,34.6214389801,34.7750401497,34.7942,34.78178,34.8535,0.15228086399999796,0.1455304861000002,0.16034101989999527
a100,c0194,threads,4,4194304,LL128,LL128,32,32,0,108,256,8,20,100,0,True,,20.971519999999998,205237;205466,5,66.6316795349,66.4371204376,67.0515203476,66.71525,66.51816,67.13448,0.08357046509999577,0.08295965239999248,0.08575967650000393
a100,c0195,threads,4,262144,LL128,LL128,32,16,0,108,512,16,20,100,0,False,channels_unrealized,1.3107199999999999,205466,5,35.7273602486,35.6966400146,35.9731197357,35.81045,35.77317,36.12947,0.08308975140000285,0.07652998540000056,0.14406012040000604
a100,c0195,threads,4,1048576,LL128,LL128,32,32,0,108,512,16,20,100,0,True,,5.2428799999999995,205466,5,39.0553593636,38.8198399544,39.9564790726,39.19368,38.90432,40.04012,0.08364092740000473,0.08203136230000041,0.08448004559999589
a100,c0195,threads,4,4194304,LL128,LL128,32,32,0,108,512,16,20,100,0,True,,20.971519999999998,205466,5,70.9939193726,70.8915185928,71.5776014328,71.07375,70.96785,71.7193,0.0798306273999998,0.07633140720000142,0.1416985672000095
a100,c0196,threads,4,262144,LL128,LL128,32,16,0,108,640,20,20,100,0,False,channels_unrealized,1.3107199999999999,205237;205466,5,37.7139210701,37.6934409142,37.8982400894,37.79549,37.77304,37.97392,0.07567991060000168,0.07328025540000027,0.07959908579999819
a100,c0196,threads,4,1048576,LL128,LL128,32,32,0,108,640,20,20,100,0,True,,5.2428799999999995,205237;205466,5,41.687040329,41.687040329,41.9328022003,41.84279,41.76985,42.00952,0.08213225619999776,0.07838219909999822,0.0828096709999997
a100,c0196,threads,4,4194304,LL128,LL128,32,32,0,108,640,20,20,100,0,True,,20.971519999999998,205237;205466,5,72.3456001282,72.335357666,72.3660802841,72.46334,72.46202,72.47316,0.12666233400000237,0.09725971590000881,0.1275598717999884
a100,c0197,threads,4,262144,SIMPLE,SIMPLE,8,8,0,108,128,5,20,100,0,True,,1.3107199999999999,205237;205466,5,59.3510389328,58.9824008942,59.4124794006,59.4289,59.10818,59.49132,0.07786106719999708,0.07468910580000454,0.07884059940000299
a100,c0197,threads,4,1048576,SIMPLE,SIMPLE,8,8,0,108,128,5,20,100,0,True,,5.2428799999999995,205237;205466,5,75.141119957,74.9772787094,75.141119957,75.22356,75.06455,75.29299,0.08727129060000038,0.0824400430000054,0.1518700430000024
a100,c0197,threads,4,4194304,SIMPLE,SIMPLE,8,8,0,108,128,5,20,100,0,True,,20.971519999999998,205237;205466,5,136.570882797,136.335363388,136.929283142,136.65931,136.46865,137.00869,0.08842720300000906,0.07940685799999869,0.13328661200000624
a100,c0198,threads,4,262144,SIMPLE,SIMPLE,8,8,0,108,256,9,20,100,0,True,,1.3107199999999999,205237;205466,5,64.0307188034,63.6006402969,64.2457580566,64.19569,63.6802,64.32023,0.08790807769999276,0.07955970309999572,0.14483911219999612
a100,c0198,threads,4,1048576,SIMPLE,SIMPLE,8,8,0,108,256,9,20,100,0,True,,5.2428799999999995,205237;205466,5,72.9804801941,72.4377584457,73.5539197922,73.05808,72.59448,73.63659,0.08578799160000017,0.08267020779999257,0.14757940399999825
a100,c0198,threads,4,4194304,SIMPLE,SIMPLE,8,8,0,108,256,9,20,100,0,True,,20.971519999999998,205237;205466,5,115.169277191,115.077123642,115.415039062,115.25214,115.22398,115.50303,0.083656390999991,0.08286280899999099,0.08799093799999014
a100,c0199,threads,4,262144,SIMPLE,SIMPLE,8,8,0,108,512,17,20,100,0,True,,1.3107199999999999,205237;205466,5,69.2838382721,69.2223978043,69.3657588959,69.37078,69.36195,69.44912,0.07811172789999432,0.0734478951999904,0.08336110409999264
a100,c0199,threads,4,1048576,SIMPLE,SIMPLE,8,8,0,108,512,17,20,100,0,True,,5.2428799999999995,205237;205466,5,78.766078949,78.6841583252,79.0528011322,78.91707,78.8247,79.1319,0.07932768620000274,0.07909886779999908,0.140541674800005
a100,c0199,threads,4,4194304,SIMPLE,SIMPLE,8,8,0,108,512,17,20,100,0,True,,20.971519999999998,205237;205466,5,122.92096138,122.900476456,123.566083908,123.04408,123.00179,123.64422,0.08348188600000128,0.08082862000000546,0.14360354399998698
a100,c0200,threads,4,262144,SIMPLE,SIMPLE,24,16,0,108,128,5,20,100,0,False,channels_unrealized,1.3107199999999999,205237;205466,5,58.4908819199,58.1120014191,58.5011196136,58.57986,58.26315,58.58226,0.08618119899999499,0.08114038640000132,0.08897808009999864
a100,c0200,threads,4,1048576,SIMPLE,SIMPLE,24,22,0,108,128,5,20,100,0,False,channels_unrealized,5.2428799999999995,205237;205466,5,62.4435186386,62.2284793854,62.6892805099,62.60282,62.37688,62.76483,0.07581989199999839,0.075549490100002,0.14840061459999987
a100,c0200,threads,4,4194304,SIMPLE,SIMPLE,24,24,0,108,128,5,20,100,0,True,,20.971519999999998,205237;205466,5,83.7734413147,83.6608028412,84.1318416595,83.94716,83.73879,84.2178,0.08595834049999951,0.08422150760000591,0.14332563230000517
a100,c0201,threads,4,262144,SIMPLE,SIMPLE,24,16,0,108,256,9,20,100,0,False,channels_unrealized,1.3107199999999999,205466,5,63.2012796402,63.1091213226,63.3241605759,63.27141,63.25247,63.45696,0.08160141850000002,0.07365961299999668,0.13570942409999986
a100,c0201,threads,4,1048576,SIMPLE,SIMPLE,24,22,0,108,256,9,20,100,0,False,channels_unrealized,5.2428799999999995,205466,5,67.4201583862,67.1231985092,67.5942420959,67.49745,67.19137,67.67801,0.07729161379999994,0.0761087496999977,0.08086111300001164
a100,c0201,threads,4,4194304,SIMPLE,SIMPLE,24,24,0,108,256,9,20,100,0,True,,20.971519999999998,205466,5,86.2924766541,86.067199707,87.9820823669,86.44108,86.20984,88.07112,0.14264029299999947,0.08903763309999135,0.1486033458999998
a100,c0202,threads,4,262144,SIMPLE,SIMPLE,24,16,0,108,512,17,20,100,0,False,channels_unrealized,1.3107199999999999,205237;205466,5,68.8742399216,68.8640022278,68.8947200775,69.0205,69.00566,69.04485,0.14626007840000455,0.14165777220000564,0.15012992249999968
a100,c0202,threads,4,1048576,SIMPLE,SIMPLE,24,22,0,108,512,17,20,100,0,False,channels_unrealized,5.2428799999999995,205237;205466,5,72.8166389465,72.7449607849,72.8268814087,72.90268,72.83255,72.9139,0.08604105349999713,0.08217768859999808,0.08701859129999434
a100,c0202,threads,4,4194304,SIMPLE,SIMPLE,24,24,0,108,512,17,20,100,0,True,,20.971519999999998,205237;205466,5,94.6278381348,93.9315223694,94.7302436829,94.70061,94.01289,94.81934,0.08145992800000101,0.08136763059999907,0.08909631710000099
a100,c0203,threads,4,262144,SIMPLE,SIMPLE,32,16,0,108,128,5,20,100,0,False,channels_unrealized,1.3107199999999999,205237;205466,5,58.3884811401,58.357758522,58.4704017639,58.48758,58.47316,58.5432,0.08467885990000212,0.07327789120000006,0.12982147800000376
a100,c0203,threads,4,1048576,SIMPLE,SIMPLE,32,32,0,108,128,5,20,100,0,True,,5.2428799999999995,205237;205466,5,61.9827222824,61.8495988846,62.054400444,62.12189,61.93533,62.21918,0.08573111540000156,0.08487982600000521,0.13916771760000302
a100,c0203,threads,4,4194304,SIMPLE,SIMPLE,32,32,0,108,128,5,20,100,0,True,,20.971519999999998,205237;205466,5,82.6572799683,82.6265621185,83.2307243347,82.78062,82.72954,83.30414,0.07366301879999071,0.07341566530000421,0.08286604309999746
a100,c0204,threads,4,262144,SIMPLE,SIMPLE,32,16,0,108,256,9,20,100,0,False,channels_unrealized,1.3107199999999999,205466,5,63.1398391724,63.1193590164,63.3651208878,63.26669,63.20678,63.53552,0.08219842249999942,0.08124145139999683,0.14733098359999985
a100,c0204,threads,4,1048576,SIMPLE,SIMPLE,32,32,0,108,256,9,20,100,0,True,,5.2428799999999995,205466,5,65.5359983444,65.4950380325,65.8943986893,65.61403,65.56793,65.97783,0.08263843780000002,0.07803165560000025,0.08343131069999288
a100,c0204,threads,4,4194304,SIMPLE,SIMPLE,32,32,0,108,256,9,20,100,0,True,,20.971519999999998,205466,5,83.8860797882,83.875837326,85.7702445984,84.02413,83.96331,85.85215,0.09159057189999942,0.08190540159999671,0.1462196210000002
a100,c0205,threads,4,262144,SIMPLE,SIMPLE,32,16,0,108,512,17,20,100,0,False,channels_unrealized,1.3107199999999999,205466,5,69.1097593307,68.9459180832,69.2019176483,69.25885,69.03132,69.35934,0.08579135009999561,0.08540191679999509,0.14909066929999426
a100,c0205,threads,4,1048576,SIMPLE,SIMPLE,32,32,0,108,512,17,20,100,0,True,,5.2428799999999995,205466,5,72.0281600952,71.9667196274,72.2534418106,72.11898,72.10826,72.32997,0.08009990480000795,0.0791421779999979,0.1415604056000035
a100,c0205,threads,4,4194304,SIMPLE,SIMPLE,32,32,0,108,512,17,20,100,0,True,,20.971519999999998,205466,5,91.81183815,91.8015956879,91.8732833862,91.89029,91.87606,91.96263,0.08349966670000697,0.07845184999999333,0.08934661380000364
a100,c0206,timers,2,524288,LL,LL,24,22,0,108,0,16,5,20,0,False,channels_unrealized,5.2428799999999995,205237;205466,5,24.8832002282,24.8319998384,24.8832002282,25.40695,25.29375,25.54075,0.6261505514999968,0.43070016159999724,0.6575497717999994
a100,c0206,timers,2,1048576,LL,LL,24,24,0,108,0,16,5,20,0,True,,10.485759999999999,205237;205466,5,38.7584000826,38.6559993029,38.7584000826,39.1415,39.0528,39.4591,0.4147492763999949,0.396800697099998,0.7006999174000015
a100,c0206,timers,2,3497984,LL,LL,24,24,0,108,0,16,5,20,0,True,,34.97984,205237;205466,5,95.4879999161,95.2831983566,95.5392003059,95.8869,95.7451,95.97605,0.4410020332000073,0.4368496941000046,0.45669891429999154
a100,c0207,timers,2,524288,LL,LL,24,22,0,108,0,16,5,20,1,False,channels_unrealized,5.2428799999999995,205466,5,25.3439992666,25.1904010773,25.4464000463,25.73065,25.6204,25.8303,0.4299989227000012,0.3866507333999998,0.4299989227000012
a100,c0207,timers,2,1048576,LL,LL,24,24,0,108,0,16,5,20,1,True,,10.485759999999999,205466,5,39.3216013908,39.270401001,39.3727988005,40.02715,39.9365,40.07525,0.7024511994999969,0.666098998999999,0.705548609200001
a100,c0207,timers,2,3497984,LL,LL,24,24,0,108,0,16,5,20,1,True,,34.97984,205466,5,97.9968011379,97.9968011379,98.0480015278,98.45085,98.4453,98.45635,0.44515120119999096,0.40284847220000586,0.4484988621000099
a100,c0208,timers,2,524288,LL,LL,24,22,0,108,0,16,5,100,0,False,channels_unrealized,5.2428799999999995,205237;205466,5,24.299519062,24.1049599648,24.5452809334,24.38843,24.18904,24.68009,0.08891093799999794,0.08408003519999951,0.13480906659999903
a100,c0208,timers,2,1048576,LL,LL,24,24,0,108,0,16,5,100,0,True,,10.485759999999999,205237;205466,5,37.9289603233,37.8163194656,38.0108809471,38.0105,37.88926,38.09396,0.08307905290000406,0.08153967670000384,0.08574885190000003
a100,c0208,timers,2,3497984,LL,LL,24,24,0,108,0,16,5,100,0,True,,34.97984,205237;205466,5,94.914560318,94.8838424683,94.9964809418,95.06373,94.96783,95.08154,0.0852175646999882,0.08505905820000237,0.14916968200000724
a100,c0209,timers,2,524288,LL,LL,24,22,0,108,0,16,5,100,1,False,channels_unrealized,5.2428799999999995,205237;205466,5,24.8012804985,24.627199173,24.8422408104,24.88188,24.70765,24.92106,0.08045082699999995,0.07918993639999883,0.08059950150000006
a100,c0209,timers,2,1048576,LL,LL,24,24,0,108,0,16,5,100,1,True,,10.485759999999999,205237;205466,5,39.3523192406,38.8095998764,39.5059204102,39.49095,38.8929,39.63483,0.12890958980000278,0.08330012359999728,0.13863075939999447
a100,c0209,timers,2,3497984,LL,LL,24,24,0,108,0,16,5,100,1,True,,34.97984,205237;205466,5,97.3107242584,97.2185611725,97.6895999908,97.43859,97.29831,97.81562,0.08505969729999663,0.08446761289999927,0.1278657416000044
a100,c0210,timers,2,524288,LL,LL,24,22,0,108,0,16,20,20,0,False,channels_unrealized,5.2428799999999995,205237;205466,5,24.2175996304,24.1664007306,24.5248004794,24.5699,24.55135,24.91355,0.38494926939999985,0.3758992694000014,0.3887495206000011
a100,c0210,timers,2,1048576,LL,LL,24,24,0,108,0,16,20,20,0,True,,10.485759999999999,205237;205466,5,38.0928009748,37.9391998053,38.604798913,38.50325,38.30835,39.0077,0.40745097450000145,0.4029010869999965,0.4104490252000019
a100,c0210,timers,2,3497984,LL,LL,24,24,0,108,0,16,20,20,0,True,,34.97984,205237;205466,5,95.7952022552,95.0784027576,95.8975970745,96.44045,95.4851,96.6038,0.6452477448000025,0.45669880179998756,0.7062029255000084
a100,c0211,timers,2,524288,LL,LL,24,22,0,108,0,16,20,20,1,False,channels_unrealized,5.2428799999999995,205466,5,24.9344006181,24.1664007306,25.0367999077,25.3699,24.55285,25.64845,0.4354993819000015,0.39565004909999857,0.6116500922999997
a100,c0211,timers,2,1048576,LL,LL,24,24,0,108,0,16,20,20,1,True,,10.485759999999999,205466,5,38.9631986618,38.8096004725,39.5263999701,39.3729,39.23065,40.2401,0.4210495274999957,0.40970133820000143,0.6597988603999951
a100,c0211,timers,2,3497984,LL,LL,24,24,0,108,0,16,20,20,1,True,,34.97984,205466,5,98.2016026974,97.8944003582,98.2527971268,98.59065,98.30655,98.7033,0.4275991394000016,0.41214964179999924,0.45050287319999427
a100,c0212,timers,2,524288,LL,LL,24,22,0,108,0,16,20,100,0,False,channels_unrealized,5.2428799999999995,205237;205466,5,24.1356801987,23.9513611794,24.6374392509,24.20637,24.03574,24.77558,0.08437882060000135,0.07696882060000121,0.13814074909999974
a100,c0212,timers,2,1048576,LL,LL,24,24,0,108,0,16,20,100,0,True,,10.485759999999999,205237;205466,5,37.9699206352,37.7139210701,38.041601181,38.06179,37.79238,38.12291,0.08432916379999966,0.0813088190000002,0.0918693648000044
a100,c0212,timers,2,3497984,LL,LL,24,24,0,108,0,16,20,100,0,True,,34.97984,205237;205466,5,94.8121643066,94.7404766083,94.8428821564,94.92595,94.82215,94.93846,0.08306784360000563,0.08167339169999366,0.12629569340001012
a100,c0213,timers,2,524288,LL,LL,24,22,0,108,0,16,20,100,1,False,channels_unrealized,5.2428799999999995,205466,5,24.616959095,24.4428801537,24.6476793289,24.69382,24.53411,24.72968,0.0768609050000002,0.07476008030000258,0.08200067109999765
a100,c0213,timers,2,1048576,LL,LL,24,24,0,108,0,16,20,100,1,True,,10.485759999999999,205466,5,39.4547200203,39.3215990067,39.5571208,39.60286,39.45668,39.66509,0.13508099330000078,0.10796919999999943,0.1474708824000004
a100,c0213,timers,2,3497984,LL,LL,24,24,0,108,0,16,20,100,1,True,,34.97984,205466,5,97.2083187103,97.1263980865,97.2185611725,97.29412,97.20704,97.29832,0.08371222530000466,0.08064191350000272,0.0858012897000009
a100,c0214,timers,2,524288,LL128,LL128,24,16,0,108,0,20,5,20,0,False,channels_unrealized,5.2428799999999995,205237;205466,5,31.4368009567,31.3856005669,31.4880013466,31.87545,31.7953,31.9346,0.4041994331000005,0.3954012437999985,0.4096994331000019
a100,c0214,timers,2,1048576,LL128,LL128,24,22,0,108,0,20,5,20,0,False,channels_unrealized,10.485759999999999,205237;205466,5,38.2463991642,38.1951987743,38.4000003338,38.84795,38.7016,39.09885,0.6527512256999941,0.4552008357999995,0.6988496661999974
a100,c0214,timers,2,3497984,LL128,LL128,24,24,0,108,0,20,5,20,0,True,,34.97984,205237;205466,5,72.3968029022,72.2432017326,72.4991977215,72.8575,72.6596,72.99425,0.45129943699998876,0.4438518886999958,0.4606970978000078
a100,c0215,timers,2,524288,LL128,LL128,24,16,0,108,0,20,5,20,1,False,channels_unrealized,5.2428799999999995,205237;205466,5,32.1536004543,31.9487988949,32.1536004543,32.59185,32.5628,32.60485,0.5789511050999963,0.4382495457000033,0.6560511050999978
a100,c0215,timers,2,1048576,LL128,LL128,24,22,0,108,0,20,5,20,1,False,channels_unrealized,10.485759999999999,205237;205466,5,38.5024011135,38.4512007236,38.6559993029,38.906,38.87795,39.06935,0.4267492763999954,0.4133506971000003,0.4315000560999991
a100,c0215,timers,2,3497984,LL128,LL128,24,24,0,108,0,20,5,20,1,True,,34.97984,205237;205466,5,73.7792015076,73.7280011177,73.7792015076,74.21515,74.147,74.2181,0.43594849239998723,0.41899888230000215,0.4388984923999999
a100,c0216,timers,2,524288,LL128,LL128,24,16,0,108,0,20,5,100,0,False,channels_unrealized,5.2428799999999995,205237;205466,5,30.8838391304,30.8531188965,31.1807990074,30.9578,30.94357,31.32982,0.0904511035000013,0.07607895319999969,0.14902099260000057
a100,c0216,timers,2,1048576,LL128,LL128,24,22,0,108,0,20,5,100,0,False,channels_unrealized,10.485759999999999,205237;205466,5,37.5808000565,37.5295996666,38.2156801224,37.65982,37.61323,38.37029,0.08363033340000214,0.07903033339999865,0.15124886400000292
a100,c0216,timers,2,3497984,LL128,LL128,24,24,0,108,0,20,5,100,0,True,,34.97984,205237;205466,5,71.8540811539,71.792640686,71.8847990036,71.94033,71.8794,71.97549,0.08675931400000536,0.0862488461000055,0.09069099639999934
a100,c0217,timers,2,524288,LL128,LL128,24,16,0,108,0,20,5,100,1,False,channels_unrealized,5.2428799999999995,205237;205466,5,31.7644810677,31.5494394302,32.1945595741,31.8388,31.63852,32.32204,0.08908056980000012,0.07774005689999797,0.12748042590000352
a100,c0217,timers,2,1048576,LL128,LL128,24,22,0,108,0,20,5,100,1,False,channels_unrealized,10.485759999999999,205237;205466,5,38.3180809021,38.0006408691,38.4511995316,38.41026,38.08906,38.57619,0.09217909790000078,0.0884191309000002,0.12499046840000005
a100,c0217,timers,2,3497984,LL128,LL128,24,24,0,108,0,20,5,100,1,True,,34.97984,205237;205466,5,73.3286380768,73.0931186676,73.4105587006,73.41236,73.17391,74.00992,0.09320042970000486,0.08372192320000238,0.1487978687000009
a100,c0218,timers,2,524288,LL128,LL128,24,16,0,108,0,20,20,20,0,False,channels_unrealized,5.2428799999999995,205466,5,31.4880013466,31.2831997871,31.5903991461,31.8785,31.65755,32.33885,0.39925035149999744,0.3904986533999981,0.7215997969000014
a100,c0218,timers,2,1048576,LL128,LL128,24,22,0,108,0,20,20,20,0,False,channels_unrealized,10.485759999999999,205466,5,38.0928009748,37.6320004463,38.1951987743,38.66105,38.0153,38.7482,0.4658512256999998,0.43449994350000054,0.6553990251999977
a100,c0218,timers,2,3497984,LL128,LL128,24,24,0,108,0,20,20,20,0,True,,34.97984,205466,5,72.3968029022,71.9359993935,72.6015985012,72.8219,72.35155,73.0559,0.4250970978000055,0.4155506065000054,0.4543014987999925
a100,c0219,timers,2,524288,LL128,LL128,24,16,0,108,0,20,20,20,1,False,channels_unrealized,5.2428799999999995,205237;205466,5,32.2048008442,32.0511996746,32.3583990335,32.8193,32.43805,32.99815,0.6144991557999973,0.3920006026999978,0.639750966500003
a100,c0219,timers,2,1048576,LL128,LL128,24,22,0,108,0,20,20,20,1,False,channels_unrealized,10.485759999999999,205237;205466,5,38.7071996927,38.3487999439,38.9120012522,39.1305,38.7858,39.3714,0.42330030729999635,0.4132013381999968,0.43700005610000403
a100,c0219,timers,2,3497984,LL128,LL128,24,24,0,108,0,20,20,20,1,True,,34.97984,205237;205466,5,73.8304018974,73.2671976089,73.9839971066,74.29975,73.6876,74.66545,0.4693481026000086,0.4204023910999979,0.6814528934000066
a100,c0220,timers,2,524288,LL128,LL128,24,16,0,108,0,20,20,100,0,False,channels_unrealized,5.2428799999999995,205466,5,30.8428788185,30.8121609688,30.8531188965,30.91901,30.90849,30.92243,0.0761311814999992,0.0693111034999987,0.07812075869999902
a100,c0220,timers,2,1048576,LL128,LL128,24,22,0,108,0,20,20,100,0,False,channels_unrealized,10.485759999999999,205466,5,38.0006408691,37.6934409142,38.1132793427,38.1136,37.77224,38.25026,0.11295913089999488,0.07879908579999295,0.13698065730000053
a100,c0220,timers,2,3497984,LL128,LL128,24,24,0,108,0,20,20,100,0,True,,34.97984,205466,5,72.1920013428,71.8643188477,72.407040596,72.32286,71.94414,72.48387,0.08427087340000128,0.0798211522999992,0.12824909210000612
a100,c0221,timers,2,524288,LL128,LL128,24,16,0,108,0,20,20,100,1,False,channels_unrealized,5.2428799999999995,205237;205466,5,31.6006398201,31.5289592743,31.7030405998,31.68691,31.59953,31.77998,0.07693940019999701,0.07653088170000188,0.07964901029999893
a100,c0221,timers,2,1048576,LL128,LL128,24,22,0,108,0,20,20,100,1,False,channels_unrealized,10.485759999999999,205237;205466,5,38.5843205452,38.5228800774,38.666241169,38.72678,38.65403,38.80764,0.1346102016000046,0.13114992259999525,0.1413988309999965
a100,c0221,timers,2,3497984,LL128,LL128,24,24,0,108,0,20,20,100,1,True,,34.97984,205237;205466,5,73.4208011627,73.2057619095,73.7689590454,73.49582,73.28542,73.8469,0.0779409546000096,0.07501883729999292,0.07965809050000416
a100,c0222,timers,2,524288,SIMPLE,SIMPLE,24,16,0,108,0,17,5,20,0,False,channels_unrealized,5.2428799999999995,205237;205466,5,44.0319985151,43.9296007156,44.2368000746,44.6476,44.41965,44.67415,0.5412496741999959,0.4107999253999992,0.6421514848999976
a100,c0222,timers,2,1048576,SIMPLE,SIMPLE,24,22,0,108,0,17,5,20,0,False,channels_unrealized,10.485759999999999,205237;205466,5,50.1248002052,50.0735998154,50.227200985,50.53145,50.5034,50.6622,0.4345009644000015,0.4298001845999977,0.4349990149999954
a100,c0222,timers,2,3497984,SIMPLE,SIMPLE,24,24,0,108,0,17,5,20,0,True,,34.97984,205237;205466,5,79.4112026691,79.3088018894,79.4623970985,79.79935,79.69315,80.124,0.3881473308999972,0.3843481106000013,0.6616029014999896
a100,c0223,timers,2,524288,SIMPLE,SIMPLE,24,16,0,108,0,17,5,20,1,False,channels_unrealized,5.2428799999999995,205466,5,44.3392008543,44.2880004644,44.3904012442,44.8109,44.7007,45.0033,0.42049875579999707,0.41269953559999806,0.6640991456999998
a100,c0223,timers,2,1048576,SIMPLE,SIMPLE,24,22,0,108,0,17,5,20,1,False,channels_unrealized,10.485759999999999,205466,5,50.5343973637,50.4320025444,50.6879985332,51.06545,51.06495,51.1912,0.6329474556000037,0.37745146679999664,0.6343491276000037
a100,c0223,timers,2,3497984,SIMPLE,SIMPLE,24,24,0,108,0,17,5,20,1,True,,34.97984,205466,5,80.1792025566,80.1280021667,80.2304029465,80.63295,80.55335,80.6395,0.4238497826000014,0.40909705349999115,0.4253478332999947
a100,c0224,timers,2,524288,SIMPLE,SIMPLE,24,16,0,108,0,17,5,100,0,False,channels_unrealized,5.2428799999999995,205237;205466,5,42.5881576538,42.4550390244,43.80671978,42.66658,42.54614,43.95546,0.09110097559999986,0.07883882539999831,0.14285959629999923
a100,c0224,timers,2,1048576,SIMPLE,SIMPLE,24,22,0,108,0,17,5,100,0,False,channels_unrealized,10.485759999999999,205237;205466,5,48.394241333,48.3839988708,48.4761619568,48.4792,48.47427,48.55263,0.08223144099999757,0.08002866700000055,0.09520112919999946
a100,c0224,timers,2,3497984,SIMPLE,SIMPLE,24,24,0,108,0,17,5,100,0,True,,34.97984,205237;205466,5,77.5782394409,77.4656009674,78.1721591949,77.66617,77.55215,78.29909,0.0879305590999877,0.08654903260000424,0.12693080510000243
a100,c0225,timers,2,524288,SIMPLE,SIMPLE,24,16,0,108,0,17,5,100,1,False,channels_unrealized,5.2428799999999995,205237;205466,5,42.9875183105,42.8236818314,44.1446399689,43.06263,42.90013,44.27367,0.0839323461999939,0.07644816859999537,0.1284509337999964
a100,c0225,timers,2,1048576,SIMPLE,SIMPLE,24,22,0,108,0,17,5,100,1,False,channels_unrealized,10.485759999999999,205237;205466,5,49.1110420227,48.7833595276,50.2067184448,49.19817,48.87043,50.36201,0.08712797729999977,0.08707047240000065,0.11710765659999822
a100,c0225,timers,2,3497984,SIMPLE,SIMPLE,24,24,0,108,0,17,5,100,1,True,,34.97984,205237;205466,5,78.4895992279,78.3052778244,78.745598793,78.56861,78.38174,78.8233,0.07770120700000405,0.07646217559999968,0.07901077210000551
a100,c0226,timers,2,524288,SIMPLE,SIMPLE,24,16,0,108,0,17,20,20,0,False,channels_unrealized,5.2428799999999995,205237;205466,5,44.0319985151,43.0079996586,44.083198905,44.4467,43.43125,44.6361,0.4232503413999993,0.41470148490000014,0.5529010949999957
a100,c0226,timers,2,1048576,SIMPLE,SIMPLE,24,22,0,108,0,17,20,20,0,False,channels_unrealized,10.485759999999999,205237;205466,5,50.0735998154,48.7935990095,50.1248002052,50.63615,49.19235,50.73885,0.460149404900001,0.41890034939999765,0.6450497947999949
a100,c0226,timers,2,3497984,SIMPLE,SIMPLE,24,24,0,108,0,17,20,20,0,True,,34.97984,205237;205466,5,78.2335996628,77.4655997753,78.3872008324,78.6301,77.85765,78.837,0.39650033719999556,0.39205022470000017,0.4497991676000055
a100,c0227,timers,2,524288,SIMPLE,SIMPLE,24,16,0,108,0,17,20,20,1,False,channels_unrealized,5.2428799999999995,205237;205466,5,44.083198905,44.0319985151,44.4415986538,44.5344,44.47175,44.90055,0.4512010949999947,0.4397514849000004,0.4589513462000028
a100,c0227,timers,2,1048576,SIMPLE,SIMPLE,24,22,0,108,0,17,20,20,1,False,channels_unrealized,10.485759999999999,205237;205466,5,50.6879985332,49.8176008463,50.790399313,51.41665,50.22885,51.4542,0.6262506869999953,0.41124915369999826,0.7506476806999984
a100,c0227,timers,2,3497984,SIMPLE,SIMPLE,24,24,0,108,0,17,20,20,1,True,,34.97984,205237;205466,5,78.8479983807,78.3872008324,79.9744009972,79.26535,78.75785,80.4226,0.41735161929999265,0.3946007270999985,0.4481990028000098
a100,c0228,timers,2,524288,SIMPLE,SIMPLE,24,16,0,108,0,17,20,100,0,False,channels_unrealized,5.2428799999999995,205237;205466,5,42.4550390244,42.3833608627,43.6326408386,42.53492,42.4731,43.7727,0.0897391373000005,0.0798809755999983,0.11796131159999845
a100,c0228,timers,2,1048576,SIMPLE,SIMPLE,24,22,0,108,0,17,20,100,0,False,channels_unrealized,10.485759999999999,205237;205466,5,48.3328008652,48.3123207092,49.5001602173,48.40976,48.39693,49.63292,0.08460929079999602,0.08437190889999613,0.12276881409999874
a100,c0228,timers,2,3497984,SIMPLE,SIMPLE,24,24,0,108,0,17,20,100,0,True,,34.97984,205237;205466,5,77.3632001877,77.3529577255,77.4758386612,77.44354,77.429,77.54654,0.08033981229999654,0.07604227449999712,0.08737906560000397
a100,c0229,timers,2,524288,SIMPLE,SIMPLE,24,16,0,108,0,17,20,100,1,False,channels_unrealized,5.2428799999999995,205237;205466,5,42.8032016754,42.7110385895,44.0934419632,42.88992,42.79341,44.25013,0.08671832459999962,0.08237141050000218,0.14067003110000087
a100,c0229,timers,2,1048576,SIMPLE,SIMPLE,24,22,0,108,0,17,20,100,1,False,channels_unrealized,10.485759999999999,205237;205466,5,48.9062404633,48.8755178452,48.916478157,48.99398,48.95961,48.99518,0.08409215479999688,0.08225000459999876,0.08893953669999632
a100,c0229,timers,2,3497984,SIMPLE,SIMPLE,24,24,0,108,0,17,20,100,1,True,,34.97984,205237;205466,5,78.5612821579,78.540802002,78.9708805084,78.63736,78.62744,79.10725,0.0869412398999998,0.0866379980000005,0.1248897704999905
a100,c0230,timers,4,524288,LL,LL,24,22,0,108,0,16,5,20,0,False,channels_unrealized,2.6214399999999998,205466,5,22.9888007045,22.9888007045,23.0911999941,23.3846,23.36805,23.46475,0.39044961609999973,0.3792492954999993,0.39579929549999804
a100,c0230,timers,4,1048576,LL,LL,24,24,0,108,0,16,5,20,0,True,,5.2428799999999995,205466,5,31.4368009567,31.2831997871,31.4880013466,31.82285,31.6756,32.2071,0.39240021290000016,0.3860490432999981,0.7190986533999961
a100,c0230,timers,4,3497984,LL,LL,24,24,0,108,0,16,5,20,0,True,,17.48992,205466,5,80.4863989353,80.4351985455,80.9984028339,81.2106,80.81085,81.71155,0.7131471661000006,0.3756514545000016,0.7242010646999972
a100,c0231,timers,4,524288,LL,LL,24,22,0,108,0,16,5,20,1,False,channels_unrealized,2.6214399999999998,205466,5,24.627199769,24.627199769,24.6784001589,25.07385,25.0082,25.08585,0.3954498410999996,0.38200069019999816,0.458650231
a100,c0231,timers,4,1048576,LL,LL,24,24,0,108,0,16,5,20,1,True,,5.2428799999999995,205466,5,31.9999992847,31.9999992847,32.1024000645,32.404,32.39245,32.43505,0.3924507152999972,0.3869487659000015,0.40400071530000403
a100,c0231,timers,4,3497984,LL,LL,24,24,0,108,0,16,5,20,1,True,,17.48992,205466,5,81.3567996025,81.0495972633,81.6640019417,81.7717,81.7642,82.37035,0.7221027366999948,0.7063480583000086,0.7970985606999932
a100,c0232,timers,4,524288,LL,LL,24,22,0,108,0,16,5,100,0,False,channels_unrealized,2.6214399999999998,205466,5,22.9068803787,22.9068803787,23.121919632,22.99555,22.98021,23.19323,0.07332962130000098,0.07324056899999931,0.07937086880000166
a100,c0232,timers,4,1048576,LL,LL,24,24,0,108,0,16,5,100,0,True,,5.2428799999999995,205466,5,31.334400177,31.2627196312,31.3548803329,31.43842,31.40436,31.49432,0.14164036880000097,0.08353966710000194,0.14472951109999954
a100,c0232,timers,4,3497984,LL,LL,24,24,0,108,0,16,5,100,0,True,,17.48992,205466,5,80.2303981781,79.9027204514,80.2816009521,80.36807,79.98334,80.37509,0.0864690478999961,0.08061954859999787,0.14469182189999685
a100,c0233,timers,4,524288,LL,LL,24,22,0,108,0,16,5,100,1,False,channels_unrealized,2.6214399999999998,205237;205466,5,25.2518391609,24.9548792839,25.4668807983,25.33014,25.03438,25.54346,0.07950071610000009,0.07830083909999885,0.08015994840000218
a100,c0233,timers,4,1048576,LL,LL,24,24,0,108,0,16,5,100,1,True,,5.2428799999999995,205237;205466,5,32.6963210106,32.5939202309,32.7168011665,32.82289,32.6736,32.85966,0.12656898939999905,0.08020083979999981,0.14285883350000006
a100,c0233,timers,4,3497984,LL,LL,24,24,0,108,0,16,5,100,1,True,,17.48992,205237;205466,5,80.7628822327,80.5580806732,80.8857631683,80.91322,80.6413,80.96933,0.08664088620000143,0.08356683169999712,0.1503377673000017
a100,c0234,timers,4,524288,LL,LL,24,22,0,108,0,16,20,20,0,False,channels_unrealized,2.6214399999999998,205237;205466,5,23.1935992837,23.1424003839,24.3200004101,23.588,23.50685,25.07035,0.3944007163000016,0.376749295499998,0.7503495899000008
a100,c0234,timers,4,1048576,LL,LL,24,24,0,108,0,16,20,20,0,True,,5.2428799999999995,205237;205466,5,31.3856005669,31.334400177,31.4368009567,31.80235,31.7292,31.8179,0.3947998229999996,0.3834002128999998,0.4322994331000025
a100,c0234,timers,4,3497984,LL,LL,24,24,0,108,0,16,20,20,0,True,,17.48992,205237;205466,5,80.3327977657,80.2304029465,80.588799715,80.97415,80.64555,81.0463,0.45750028500000894,0.41514705349999304,0.6413522343000011
a100,c0235,timers,4,524288,LL,LL,24,22,0,108,0,16,20,20,1,False,channels_unrealized,2.6214399999999998,205237;205466,5,23.8591998816,23.1935992837,24.2175996304,24.23725,23.5414,24.9441,0.4502000059000011,0.3780501184000009,0.6864005947000003
a100,c0235,timers,4,1048576,LL,LL,24,24,0,108,0,16,20,20,1,True,,5.2428799999999995,205237;205466,5,33.0751985312,32.8703999519,33.5871994495,33.4886,33.2541,33.9735,0.4131986272999981,0.3863005505000032,0.4134014687999965
a100,c0235,timers,4,3497984,LL,LL,24,24,0,108,0,16,20,20,1,True,,17.48992,205237;205466,5,80.8448016644,80.7936012745,80.8960020542,81.2677,81.2527,81.59585,0.45909872549999875,0.440749505200003,0.699847945800002
a100,c0236,timers,4,524288,LL,LL,24,22,0,108,0,16,20,100,0,False,channels_unrealized,2.6214399999999998,205237;205466,5,23.0502390862,23.0399990082,23.5520005226,23.20646,23.1268,23.63228,0.0802794774000013,0.07983944440000101,0.08680099180000056
a100,c0236,timers,4,1048576,LL,LL,24,24,0,108,0,16,20,100,0,True,,5.2428799999999995,205237;205466,5,31.4572811127,31.1705589294,31.631360054,31.59994,31.32852,31.70744,0.14265888730000142,0.07687921130000319,0.14509008989999828
a100,c0236,timers,4,3497984,LL,LL,24,24,0,108,0,16,20,100,0,True,,17.48992,205237;205466,5,80.097284317,79.9846410751,80.4659175873,80.17281,80.07241,80.54141,0.07682923679999476,0.07552568299999507,0.08776892490000421
a100,c0237,timers,4,524288,LL,LL,24,22,0,108,0,16,20,100,1,False,channels_unrealized,2.6214399999999998,205237;205466,5,24.5555210114,24.4940805435,24.7910404205,24.62889,24.57378,24.90873,0.07969945649999843,0.07672926759999754,0.08602953450000328
a100,c0237,timers,4,1048576,LL,LL,24,24,0,108,0,16,20,100,1,True,,5.2428799999999995,205237;205466,5,32.8908801079,32.8908801079,33.2492804527,33.04361,33.03139,33.33568,0.14050989209999898,0.08639954730000454,0.1438708278000007
a100,c0237,timers,4,3497984,LL,LL,24,24,0,108,0,16,20,100,1,True,,17.48992,205237;205466,5,80.6604766846,80.5375957489,80.7116794586,80.74541,80.62667,80.80051,0.08883054140000013,0.08493331540000781,0.08907425110000133
a100,c0238,timers,4,524288,LL128,LL128,24,16,0,108,0,20,5,20,0,False,channels_unrealized,2.6214399999999998,205237;205466,5,40.4480010271,39.6800011396,40.6527996063,41.1889,40.3443,41.4404,0.7362997265000004,0.6642988603999953,0.7408989728999984
a100,c0238,timers,4,1048576,LL128,LL128,24,22,0,108,0,20,5,20,0,False,channels_unrealized,5.2428799999999995,205237;205466,5,42.2399997711,42.1375989914,42.5983995199,42.65175,42.5741,43.01745,0.41905048009999746,0.41175022889999724,0.43650100860000407
a100,c0238,timers,4,3497984,LL128,LL128,24,24,0,108,0,20,5,20,0,True,,17.48992,205237;205466,5,66.3039982319,65.4335975647,68.8639998436,66.6941,65.862,69.26455,0.39010176810000985,0.38620138630000156,0.40055015640000136
a100,c0239,timers,4,524288,LL128,LL128,24,16,0,108,0,20,5,20,1,False,channels_unrealized,2.6214399999999998,205237;205466,5,40.755200386,40.7039999962,40.8064007759,41.13585,41.08325,41.16085,0.3806496139999993,0.37925000380000284,0.38229947530000175
a100,c0239,timers,4,1048576,LL128,LL128,24,22,0,108,0,20,5,20,1,False,channels_unrealized,5.2428799999999995,205237;205466,5,43.3663994074,43.1616008282,43.9808011055,43.74785,43.53695,44.5469,0.4054511211000005,0.3814505925999967,0.5660988945000014
a100,c0239,timers,4,3497984,LL128,LL128,24,24,0,108,0,20,5,20,1,True,,17.48992,205237;205466,5,66.9695973396,66.9695973396,67.0207977295,67.49565,67.432,67.5337,0.5260526603999978,0.4303526604000041,0.615297089799995
a100,c0240,timers,4,524288,LL128,LL128,24,16,0,108,0,20,5,100,0,False,channels_unrealized,2.6214399999999998,205237;205466,5,39.4342398643,39.4035196304,39.4854402542,39.54787,39.51099,39.59686,0.11141974579999925,0.07999072650000016,0.14435036960000502
a100,c0240,timers,4,1048576,LL128,LL128,24,22,0,108,0,20,5,100,0,False,channels_unrealized,5.2428799999999995,205237;205466,5,42.7827215195,42.6700782776,43.1001615524,42.95232,42.78881,43.18638,0.10285779969999709,0.08621844759999675,0.11873172239999974
a100,c0240,timers,4,3497984,LL128,LL128,24,24,0,108,0,20,5,100,0,True,,17.48992,205237;205466,5,65.5769586563,65.4950380325,65.6896018982,65.66913,65.63738,65.76942,0.0829110648000011,0.07981810180000082,0.09217134370000224
a100,c0241,timers,4,524288,LL128,LL128,24,16,0,108,0,20,5,100,1,False,channels_unrealized,2.6214399999999998,205237;205466,5,40.6630420685,40.6323194504,40.7142400742,40.75209,40.70429,40.78495,0.08101836639999505,0.07197054960000315,0.08732101750000254
a100,c0241,timers,4,1048576,LL128,LL128,24,22,0,108,0,20,5,100,1,False,channels_unrealized,5.2428799999999995,205237;205466,5,44.3904018402,44.2163181305,44.451842308,44.47085,44.29782,44.52866,0.08150186950000204,0.08044815979999953,0.08701843869999948
a100,c0241,timers,4,3497984,LL128,LL128,24,24,0,108,0,20,5,100,1,True,,17.48992,205237;205466,5,66.9491195679,66.9388818741,67.3075199127,67.07714,67.07635,67.45567,0.12802043210000136,0.11613167970000404,0.1374681258999999
a100,c0242,timers,4,524288,LL128,LL128,24,16,0,108,0,20,20,20,0,False,channels_unrealized,2.6214399999999998,205237;205466,5,39.3216013908,39.3216013908,40.0896012783,39.79775,39.68705,40.48605,0.36544860920000133,0.36159938890000376,0.396448721699997
a100,c0242,timers,4,1048576,LL128,LL128,24,22,0,108,0,20,20,20,0,False,channels_unrealized,5.2428799999999995,205237;205466,5,42.291200161,42.1375989914,42.5471991301,42.65525,42.54755,42.9488,0.4016008699000011,0.37109880810000107,0.4099510086000038
a100,c0242,timers,4,3497984,LL128,LL128,24,24,0,108,0,20,20,20,0,True,,17.48992,205237;205466,5,66.8160021305,66.2015974522,67.2767996788,67.55475,66.8168,68.05675,0.717597367099998,0.6077525477999899,0.7387478695000027
a100,c0243,timers,4,524288,LL128,LL128,24,16,0,108,0,20,20,20,1,False,channels_unrealized,2.6214399999999998,205237;205466,5,40.7039999962,40.6527996063,40.7039999962,41.13435,41.08375,41.3878,0.430350003800001,0.42465002990000045,0.7013010346999948
a100,c0243,timers,4,1048576,LL128,LL128,24,22,0,108,0,20,20,20,1,False,channels_unrealized,5.2428799999999995,205237;205466,5,43.8271999359,43.6224013567,44.6464002132,44.25935,44.0304,45.34395,0.41390054040000024,0.40799864329999735,0.4321500641
a100,c0243,timers,4,3497984,LL128,LL128,24,24,0,108,0,20,20,20,1,True,,17.48992,205237;205466,5,68.0447995663,67.3280000687,68.1984007359,68.74955,67.7411,68.95395,0.4130999312999961,0.41130071109999733,0.7047504336999992
a100,c0244,timers,4,524288,LL128,LL128,24,16,0,108,0,20,20,100,0,False,channels_unrealized,2.6214399999999998,205237;205466,5,39.3727993965,39.3215990067,39.5059204102,39.44486,39.44296,39.58743,0.08178099330000066,0.08150958979999956,0.08483888810000195
a100,c0244,timers,4,1048576,LL128,LL128,24,22,0,108,0,20,20,100,0,False,channels_unrealized,5.2428799999999995,205237;205466,5,42.6803207397,42.5267219543,42.7724790573,42.75534,42.60846,42.91946,0.13624938319999558,0.08173804569999987,0.14698094269999729
a100,c0244,timers,4,3497984,LL128,LL128,24,24,0,108,0,20,20,100,0,True,,17.48992,205237;205466,5,65.3619194031,65.3209590912,65.5359983444,65.4482,65.39652,65.67745,0.08051778990000003,0.07604847960000427,0.08628059689999645
a100,c0245,timers,4,524288,LL128,LL128,24,16,0,108,0,20,20,100,1,False,channels_unrealized,2.6214399999999998,205237;205466,5,40.6323194504,40.5606412888,40.6527996063,40.71672,40.71512,40.73335,0.08280054960000172,0.08055039370000117,0.09100976989999765
a100,c0245,timers,4,1048576,LL128,LL128,24,22,0,108,0,20,20,100,1,False,channels_unrealized,5.2428799999999995,205237;205466,5,44.2777585983,44.2367982864,44.3596792221,44.41444,44.37215,44.50662,0.13668140170000243,0.1353517135999951,0.14480819270000467
a100,c0245,timers,4,3497984,LL128,LL128,24,24,0,108,0,20,20,100,1,True,,17.48992,205237;205466,5,66.8569612503,66.8262386322,66.9900798798,66.94569,66.90491,67.07765,0.07867136779999839,0.0780376581000013,0.08757012019999877
a100,c0246,timers,4,524288,SIMPLE,SIMPLE,24,16,0,108,0,17,5,20,0,False,channels_unrealized,2.6214399999999998,205237;205466,5,69.7856009007,69.6832001209,69.9392020702,70.24845,70.1653,70.3366,0.40199987910000345,0.39739792980000743,0.718851048700003
a100,c0246,timers,4,1048576,SIMPLE,SIMPLE,24,22,0,108,0,17,5,20,0,False,channels_unrealized,5.2428799999999995,205237;205466,5,72.3456025124,72.1920013428,72.3456025124,72.7458,72.65655,72.7593,0.41429982679999,0.4136974875999897,0.41500266839999256
a100,c0246,timers,4,3497984,SIMPLE,SIMPLE,24,24,0,108,0,17,5,20,0,True,,17.48992,205237;205466,5,91.0848021507,90.7775998116,91.9552028179,91.86265,91.1863,92.6607,0.7054971821000038,0.40870018840000455,0.7778478493000023
a100,c0247,timers,4,524288,SIMPLE,SIMPLE,24,16,0,108,0,17,5,20,1,False,channels_unrealized,2.6214399999999998,205466,5,70.5536007881,70.1951980591,71.9871997833,71.3947,70.55455,72.8104,0.7337490471000052,0.4378975398999927,0.8232002167000019
a100,c0247,timers,4,1048576,SIMPLE,SIMPLE,24,22,0,108,0,17,5,20,1,False,channels_unrealized,5.2428799999999995,205466,5,72.8064000607,72.6527988911,73.3183979988,73.19165,73.09445,73.7011,0.4113486050000006,0.38524993929999596,0.41320149879999235
a100,c0247,timers,4,3497984,SIMPLE,SIMPLE,24,24,0,108,0,17,5,20,1,True,,17.48992,205466,5,92.7232027054,92.5184011459,93.6959981918,93.17015,92.89865,94.4792,0.44694729460000815,0.4238992438999958,0.7832018082000047
a100,c0248,timers,4,524288,SIMPLE,SIMPLE,24,16,0,108,0,17,5,100,0,False,channels_unrealized,2.6214399999999998,205237;205466,5,70.307841301,70.1644802094,70.3590393066,70.38933,70.30908,70.44935,0.08294910099999697,0.08148869900000477,0.09031069339999931
a100,c0248,timers,4,1048576,SIMPLE,SIMPLE,24,22,0,108,0,17,5,100,0,False,channels_unrealized,5.2428799999999995,205237;205466,5,72.9804801941,72.2739219666,72.9907178879,73.0685,72.42666,73.0733,0.09281980590000671,0.08555095460000928,0.1477183452999924
a100,c0248,timers,4,3497984,SIMPLE,SIMPLE,24,24,0,108,0,17,5,100,0,True,,17.48992,205237;205466,5,92.0371246338,90.8083152771,92.5081634521,92.11794,90.95588,92.58794,0.08846551329999386,0.08081536619999952,0.14756472290000033
a100,c0249,timers,4,524288,SIMPLE,SIMPLE,24,16,0,108,0,17,5,100,1,False,channels_unrealized,2.6214399999999998,205237;205466,5,70.6252813339,70.6150388718,70.9632015228,70.76256,70.69253,71.04209,0.08773215389999223,0.07888847719999603,0.13727866609998784
a100,c0249,timers,4,1048576,SIMPLE,SIMPLE,24,22,0,108,0,17,5,100,1,False,channels_unrealized,5.2428799999999995,205237;205466,5,73.2159996033,72.9907178879,73.4924793243,73.34904,73.14725,73.56847,0.13304039669999668,0.07599067569999818,0.14291120939999757
a100,c0249,timers,4,3497984,SIMPLE,SIMPLE,24,24,0,108,0,17,5,100,1,True,,17.48992,205237;205466,5,94.4025611877,94.2694377899,94.4947242737,94.4816,94.36216,94.56785,0.07984002690000125,0.07903881229999854,0.08286227600000018
a100,c0250,timers,4,524288,SIMPLE,SIMPLE,24,16,0,108,0,17,20,20,0,False,channels_unrealized,2.6214399999999998,205237;205466,5,71.2704002857,70.04160285,73.2159972191,72.0289,70.43535,73.5999,0.3937471499999958,0.3839027809000015,0.3953998790999975
a100,c0250,timers,4,1048576,SIMPLE,SIMPLE,24,22,0,108,0,17,20,20,0,False,channels_unrealized,5.2428799999999995,205237;205466,5,73.1648027897,72.3456025124,76.7488002777,73.8419,72.7488,77.14525,0.4031974875999964,0.3964497223000052,0.42399972229999605
a100,c0250,timers,4,3497984,SIMPLE,SIMPLE,24,24,0,108,0,17,20,20,0,True,,17.48992,205237;205466,5,91.0848021507,90.8800005913,91.5968000889,91.8306,91.5746,92.23235,0.6355499111,0.3929994086999926,0.6945994087000003
a100,c0251,timers,4,524288,SIMPLE,SIMPLE,24,16,0,108,0,17,20,20,1,False,channels_unrealized,2.6214399999999998,205237;205466,5,70.9631979465,70.04160285,72.6015985012,71.76485,70.72135,72.9857,0.3984498790999993,0.38410149879999267,0.6797471499999972
a100,c0251,timers,4,1048576,SIMPLE,SIMPLE,24,22,0,108,0,17,20,20,1,False,channels_unrealized,5.2428799999999995,205237;205466,5,73.7792015076,73.7792015076,74.2399990559,74.5167,74.45805,74.9756,0.6788484923999931,0.463001394300008,0.7356009440999998
a100,c0251,timers,4,3497984,SIMPLE,SIMPLE,24,24,0,108,0,17,20,20,1,True,,17.48992,205237;205466,5,92.7232027054,92.3647999763,99.3791997433,93.1391,92.75535,99.7884,0.4034475277000098,0.3995015831000046,0.4092002566999895
a100,c0252,timers,4,524288,SIMPLE,SIMPLE,24,16,0,108,0,17,20,100,0,False,channels_unrealized,2.6214399999999998,205237;205466,5,70.3897619247,70.1440000534,70.5535984039,70.46989,70.28903,70.6328,0.08079025850000221,0.08012807530000998,0.08184910100000309
a100,c0252,timers,4,1048576,SIMPLE,SIMPLE,24,22,0,108,0,17,20,100,0,False,channels_unrealized,5.2428799999999995,205237;205466,5,72.8780794144,72.8371191025,72.8985595703,72.99255,72.96269,73.04385,0.08461058559998946,0.0791487472999961,0.14529042970001171
a100,c0252,timers,4,3497984,SIMPLE,SIMPLE,24,24,0,108,0,17,20,100,0,True,,17.48992,205237;205466,5,92.2521591187,90.8185577393,92.272644043,92.32273,90.95098,92.35088,0.09206994570000404,0.07823595700000396,0.13242226069999674
a100,c0253,timers,4,524288,SIMPLE,SIMPLE,24,16,0,108,0,17,20,100,1,False,channels_unrealized,2.6214399999999998,205237;205466,5,70.7583999634,70.7276821136,70.8095979691,70.8405,70.81155,70.95311,0.0838678864000002,0.08210003660001064,0.08419144009999968
a100,c0253,timers,4,1048576,SIMPLE,SIMPLE,24,22,0,108,0,17,20,100,1,False,channels_unrealized,5.2428799999999995,205237;205466,5,73.7279987335,73.4822416306,74.1068792343,73.87717,73.56686,74.19206,0.08518076570000233,0.08461836940000467,0.08873114349999867
a100,c0253,timers,4,3497984,SIMPLE,SIMPLE,24,24,0,108,0,17,20,100,1,True,,17.48992,205237;205466,5,92.6412773132,92.4774360657,93.5014438629,92.80806,92.63114,93.58476,0.14695303159999185,0.08331613709999885,0.1537039342999975
