architecture,condition_id,family,width,bytes,requested_protocol,protocol,requested_channels,channels,requested_sms,granted_sms,requested_threads,warps,warmup,iterations,rotate,qualified_control,unqualified_reasons,physical_floor_us,captures,repetitions,event_us,event_us_q1,event_us_q3,wall_us,wall_us_q1,wall_us_q3,paired_gap_us,paired_gap_us_q1,paired_gap_us_q3
a100,c0000,channels,2,16384,LL,LL,1,1,0,108,0,16,20,100,0,True,,0.16383999999999999,205237,1,12.9740798473,12.9740798473,12.9740798473,13.05117,13.05117,13.05117,0.0770901527000003,0.0770901527000003,0.0770901527000003
a100,c0000,channels,2,16384,LL,LL,1,1,0,108,0,16,20,100,0,True,,0.16383999999999999,205466,4,12.395519614249999,11.806719601174999,12.984319925325,12.485475000000001,11.8773775,13.085205,0.07321978975000043,0.07189261467500074,0.08291476282500021
a100,c0000,channels,2,65536,LL,LL,1,1,0,108,0,16,20,100,0,True,,0.6553599999999999,205237,1,19.8143994808,19.8143994808,19.8143994808,19.89106,19.89106,19.89106,0.07666051920000072,0.07666051920000072,0.07666051920000072
a100,c0000,channels,2,65536,LL,LL,1,1,0,108,0,16,20,100,0,True,,0.6553599999999999,205466,4,19.8144000769,19.747840166125002,20.433919727825,19.884945000000002,19.8176625,20.5214725,0.07331015705000077,0.0715975262000006,0.08854281380000018
a100,c0000,channels,2,131072,LL,LL,1,1,0,108,0,16,20,100,0,True,,1.3107199999999999,205237,1,36.0038399696,36.0038399696,36.0038399696,36.07668,36.07668,36.07668,0.07284003040000187,0.07284003040000187,0.07284003040000187
a100,c0000,channels,2,131072,LL,LL,1,1,0,108,0,16,20,100,0,True,,1.3107199999999999,205466,4,36.04992032055,35.174400210425,36.129280328774996,36.124905,35.252497500000004,36.21696,0.07772478275000338,0.07560971745000522,0.09290734665000144
a100,c0000,channels,2,262144,LL,LL,1,1,0,108,0,16,20,100,0,True,,2.6214399999999998,205237,1,64.2560005188,64.2560005188,64.2560005188,64.32826,64.32826,64.32826,0.0722594812000068,0.0722594812000068,0.0722594812000068
a100,c0000,channels,2,262144,LL,LL,1,1,0,108,0,16,20,100,0,True,,2.6214399999999998,205466,4,61.0508799553,57.973759174325,64.084481000925,61.132585000000006,58.051525,64.1689575,0.07936951539999981,0.07876096332500104,0.08114583212500115
a100,c0000,channels,2,524288,LL,LL,1,1,0,108,0,16,20,100,0,True,,5.2428799999999995,205237,1,109.096956253,109.096956253,109.096956253,109.18106,109.18106,109.18106,0.08410374700000034,0.08410374700000034,0.08410374700000034
a100,c0000,channels,2,524288,LL,LL,1,1,0,108,0,16,20,100,0,True,,5.2428799999999995,205466,4,108.96895885500001,108.9151978495,111.843841076,109.04377,108.987175,111.9224025,0.07648038199999974,0.07364638749999841,0.0785614240000001
a100,c0000,channels,2,1048576,LL,LL,1,1,0,108,0,16,20,100,0,True,,10.485759999999999,205237,1,233.584632874,233.584632874,233.584632874,233.74058,233.74058,233.74058,0.15594712600000094,0.15594712600000094,0.15594712600000094
a100,c0000,channels,2,1048576,LL,LL,1,1,0,108,0,16,20,100,0,True,,10.485759999999999,205466,4,214.4255924225,210.839037895,221.806073189,214.50413,210.91958,221.8830225,0.07853757750001478,0.07395978625000765,0.08353162975001283
a100,c0000,channels,2,2097152,LL,LL,1,1,0,108,0,16,20,100,0,True,,20.971519999999998,205237,1,458.526725769,458.526725769,458.526725769,458.61045,458.61045,458.61045,0.08372423100001924,0.08372423100001924,0.08372423100001924
a100,c0000,channels,2,2097152,LL,LL,1,1,0,108,0,16,20,100,0,True,,20.971519999999998,205466,4,436.157436371,413.93151283275,458.329601288,436.23662,414.0101275,458.407935,0.07822571650001464,0.07689684325002588,0.07909362350000038
a100,c0000,channels,2,3145728,LL,LL,1,1,0,108,0,16,20,100,0,True,,31.45728,205237,1,618.987503052,618.987503052,618.987503052,619.06379,619.06379,619.06379,0.07628694800007452,0.07628694800007452,0.07628694800007452
a100,c0000,channels,2,3145728,LL,LL,1,1,0,108,0,16,20,100,0,True,,31.45728,205466,4,684.5337677,682.9824256895,685.107192993,684.61992,683.066675,685.207955,0.08615229999998064,0.0836713709999799,0.10133994649999067
a100,c0000,channels,2,4194304,LL,LL,1,1,0,108,0,16,20,100,0,True,,41.943039999999996,205237,1,822.814712524,822.814712524,822.814712524,822.88668,822.88668,822.88668,0.07196747599994069,0.07196747599994069,0.07196747599994069
a100,c0000,channels,2,4194304,LL,LL,1,1,0,108,0,16,20,100,0,True,,41.943039999999996,205466,4,884.56703186,854.00062561,906.1350440977501,884.644865,854.0780625,906.2137125,0.07783313999999564,0.07636288099999433,0.07974241125000958
a100,c0001,channels,2,32768,LL,LL,2,2,0,108,0,16,20,100,0,True,,0.32767999999999997,205237,3,14.3359994888,14.33087944985,14.346239566800001,14.40868,14.40673,14.422460000000001,0.07902058910000065,0.0758505501500002,0.07939047215000006
a100,c0001,channels,2,32768,LL,LL,2,2,0,108,0,16,20,100,0,True,,0.32767999999999997,205466,2,14.35647964475,14.351359605774999,14.361599683725,14.43433,14.427665,14.440995000000001,0.07785035525000072,0.07630539422500027,0.07939531627500118
a100,c0001,channels,2,131072,LL,LL,2,2,0,108,0,16,20,100,0,True,,1.3107199999999999,205237,3,23.4291195869,23.3318400383,23.4700798988,23.50332,23.40668,23.542099999999998,0.07420041309999803,0.07202010119999969,0.07483996169999863
a100,c0001,channels,2,131072,LL,LL,2,2,0,108,0,16,20,100,0,True,,1.3107199999999999,205466,2,23.73632073405,23.633920550375002,23.838720917725,23.83296,23.7243,23.94162,0.0966392659499995,0.090379449624999,0.102899082275
a100,c0001,channels,2,262144,LL,LL,2,2,0,108,0,16,20,100,0,True,,2.6214399999999998,205237,3,37.4783992767,37.35039949415,37.6780796051,37.55713,37.42657,37.784819999999996,0.07873072329999786,0.07617050585000129,0.10674039489999743
a100,c0001,channels,2,262144,LL,LL,2,2,0,108,0,16,20,100,0,True,,2.6214399999999998,205466,2,37.678079605099995,37.56799936295,37.78815984725,37.791624999999996,37.6712675,37.9119825,0.11354539490000093,0.10326813705000149,0.12382265275000037
a100,c0001,channels,2,524288,LL,LL,2,2,0,108,0,16,20,100,0,True,,5.2428799999999995,205237,3,65.5257606506,65.50015926360001,65.54624080655,65.6038,65.5781,65.626745,0.0780393494000009,0.07794073640000221,0.08050419345000392
a100,c0001,channels,2,524288,LL,LL,2,2,0,108,0,16,20,100,0,True,,5.2428799999999995,205466,2,65.64352035524999,65.620479583775,65.666561126725,65.719425,65.6971825,65.7416675,0.07590464475000402,0.07510637327500191,0.07670291622500613
a100,c0001,channels,2,1048576,LL,LL,2,2,0,108,0,16,20,100,0,True,,10.485759999999999,205237,3,122.470397949,122.3321580885,122.47551917999999,122.5422,122.40449,122.54701,0.0718020509999917,0.07149082000000107,0.07233191149999385
a100,c0001,channels,2,1048576,LL,LL,2,2,0,108,0,16,20,100,0,True,,10.485759999999999,205466,2,122.3987197875,122.36288070674999,122.43455886825001,122.47467,122.438,122.51134,0.075950212500004,0.07511929325000466,0.07678113175000334
a100,c0001,channels,2,2097152,LL,LL,2,2,0,108,0,16,20,100,0,True,,20.971519999999998,205237,3,235.612163544,235.56608200099998,235.6940841675,235.68388,235.67406,235.77104500000002,0.0822052090000227,0.0769608325000064,0.11322237550001546
a100,c0001,channels,2,2097152,LL,LL,2,2,0,108,0,16,20,100,0,True,,20.971519999999998,205466,2,235.6326389315,235.61728000674998,235.64799785625002,235.71152,235.695585,235.72745500000002,0.07888106850001009,0.07830499325001483,0.07945714375000534
a100,c0001,channels,2,3145728,LL,LL,2,2,0,108,0,16,20,100,0,True,,31.45728,205237,3,348.927993774,348.82558822600004,348.9382362365,349.01873,348.91282,349.045725,0.08372732200001565,0.07698931150000021,0.11422677400000225
a100,c0001,channels,2,3145728,LL,LL,2,2,0,108,0,16,20,100,0,True,,31.45728,205466,2,348.692474365,348.60031127900004,348.784637451,348.776095,348.68489750000003,348.86729249999996,0.0836206349999884,0.08265504899998177,0.08458622099999502
a100,c0001,channels,2,4194304,LL,LL,2,2,0,108,0,16,20,100,0,True,,41.943039999999996,205237,3,460.697593689,460.62591552749996,460.7231903075,460.77802,460.70594000000006,460.805435,0.08042631100005337,0.08002447250004252,0.08224469250004063
a100,c0001,channels,2,4194304,LL,LL,2,2,0,108,0,16,20,100,0,True,,41.943039999999996,205466,2,460.3903961185,460.30847549475004,460.47231674225,460.478195,460.3966575,460.5597325,0.08779888149999238,0.08741575775000854,0.08818200524997621
a100,c0002,channels,2,65536,LL,LL,4,4,0,108,0,16,20,100,0,True,,0.6553599999999999,205466,5,14.3974399567,14.2540800571,14.5203197002,14.46549,14.33334,14.60035,0.07925994290000027,0.07684998790000108,0.08003029980000065
a100,c0002,channels,2,262144,LL,LL,4,4,0,108,0,16,20,100,0,True,,2.6214399999999998,205466,5,23.69535923,23.6851191521,23.726079464,23.76582,23.76162,23.79749,0.07141053599999836,0.0704607700000004,0.07650084790000022
a100,c0002,channels,2,524288,LL,LL,4,4,0,108,0,16,20,100,0,True,,5.2428799999999995,205466,5,37.7548789978,37.7548789978,37.8470396996,37.82404,37.82313,37.92183,0.0693301445000003,0.06916100219999777,0.07479030039999657
a100,c0002,channels,2,1048576,LL,LL,4,4,0,108,0,16,20,100,0,True,,10.485759999999999,205466,5,66.048002243,65.7919979095,66.0889577866,66.12551,65.87713,66.17732,0.08123209050000924,0.07997158969999418,0.0851320904999966
a100,c0002,channels,2,2097152,LL,LL,4,4,0,108,0,16,20,100,0,True,,20.971519999999998,205466,5,122.982397079,122.95167923,123.013124466,123.06501,123.03455,123.13585,0.08261292100000617,0.07887646999999731,0.08287076999999954
a100,c0002,channels,2,3145728,LL,LL,4,4,0,108,0,16,20,100,0,True,,31.45728,205466,5,179.261436462,179.210243225,179.322872162,179.3846,179.28792,179.40195,0.07767677500001469,0.07639110799999571,0.07907783799998924
a100,c0002,channels,2,4194304,LL,LL,4,4,0,108,0,16,20,100,0,True,,41.943039999999996,205466,5,236.503047943,236.44159317,236.523513794,236.60997,236.51649,236.64853,0.08645620600000825,0.07742202399998632,0.12998638999999912
a100,c0003,channels,2,131072,LL,LL,8,8,0,108,0,16,20,100,0,True,,1.3107199999999999,205466,5,14.4384002686,14.4281601906,14.929920435,14.51539,14.50406,15.05854,0.07589980940000096,0.07423005540000105,0.07698973139999943
a100,c0003,channels,2,262144,LL,LL,8,8,0,108,0,16,20,100,0,True,,2.6214399999999998,205466,5,18.0838394165,18.0633604527,18.5036802292,18.15541,18.14478,18.63674,0.08141954730000123,0.07825040500000213,0.1287803616000005
a100,c0003,channels,2,524288,LL,LL,8,8,0,108,0,16,20,100,0,True,,5.2428799999999995,205466,5,25.9788799286,25.9583997726,26.0403203964,26.05204,26.04221,26.11396,0.0775006172000019,0.07363960360000021,0.08381022740000077
a100,c0003,channels,2,1048576,LL,LL,8,8,0,108,0,16,20,100,0,True,,10.485759999999999,205466,5,42.874879837,42.8441619873,42.9977607727,42.95091,42.92326,43.08278,0.08285816859999784,0.07909801270000116,0.08501922730000189
a100,c0003,channels,2,2097152,LL,LL,8,8,0,108,0,16,20,100,0,True,,20.971519999999998,205466,5,74.6803188324,74.6086406708,74.7929620743,74.75615,74.68702,74.86947,0.07692792570000506,0.07650792570001386,0.07837932920000412
a100,c0003,channels,2,3145728,LL,LL,8,8,0,108,0,16,20,100,0,True,,31.45728,205466,5,105.707521439,105.646076202,105.74848175,105.77706,105.71596,105.82958,0.07722762599999555,0.06988379799999223,0.08109825000001081
a100,c0003,channels,2,4194304,LL,LL,8,8,0,108,0,16,20,100,0,True,,41.943039999999996,205466,5,134.778881073,134.481916428,134.799356461,134.85014,134.56378,134.91234,0.07943799099999183,0.0788692719999915,0.08186357200000316
a100,c0004,channels,2,196608,LL,LL,12,12,0,108,0,16,20,100,0,True,,1.96608,205237,3,15.820800066,15.73888003825,15.825920105,15.89165,15.81505,15.90142,0.08014985600000024,0.0754998950000001,0.08081992274999994
a100,c0004,channels,2,196608,LL,LL,12,12,0,108,0,16,20,100,0,True,,1.96608,205466,2,15.7798397541,15.7747197151,15.7849597931,15.85487,15.847705000000001,15.862034999999999,0.07503024589999985,0.07298528490000011,0.07707520689999958
a100,c0004,channels,2,262144,LL,LL,12,11,0,108,0,16,20,100,0,False,channels_unrealized,2.6214399999999998,205237,3,17.8483200073,17.83295989035,17.87904024125,17.92126,17.908935,17.95257,0.07411952480000039,0.07352975875000034,0.07656487569999904
a100,c0004,channels,2,262144,LL,LL,12,11,0,108,0,16,20,100,0,False,channels_unrealized,2.6214399999999998,205466,2,18.0684798956,17.92767971755,18.20928007365,18.1764,18.019775000000003,18.333025,0.10792010440000155,0.09209528245000165,0.12374492635000145
a100,c0004,channels,2,524288,LL,LL,12,12,0,108,0,16,20,100,0,True,,5.2428799999999995,205237,3,25.5180811882,25.4873609543,25.559040308,25.60017,25.56465,25.639395,0.0786205721999984,0.07555492589999879,0.08035469199999845
a100,c0004,channels,2,524288,LL,LL,12,12,0,108,0,16,20,100,0,True,,5.2428799999999995,205466,2,25.54367899895,25.541118979475,25.546239018425,25.62266,25.618125,25.627195,0.07898100104999983,0.07700602052499939,0.08095598157500028
a100,c0004,channels,2,786432,LL,LL,12,12,0,108,0,16,20,100,0,True,,7.86432,205237,3,32.8908801079,32.645120620750006,32.91136026385,33.01877,32.74554500000001,33.04843,0.12788989210000068,0.10042437925000058,0.1370697361500035
a100,c0004,channels,2,786432,LL,LL,12,12,0,108,0,16,20,100,0,True,,7.86432,205466,2,32.4300801754,32.38912045955,32.47103989125,32.51325,32.467535,32.558965,0.08316982459999878,0.07841454044999807,0.08792510874999948
a100,c0004,channels,2,1048576,LL,LL,12,12,0,108,0,16,20,100,0,True,,10.485759999999999,205237,3,39.4239997864,39.40863966945,39.43935990335,39.49367,39.479935,39.512445,0.07292044750000315,0.07129533055000081,0.07471021359999952
a100,c0004,channels,2,1048576,LL,LL,12,12,0,108,0,16,20,100,0,True,,10.485759999999999,205466,2,39.34719920155,39.339519143074995,39.354879260025,39.429384999999996,39.4229475,39.4358225,0.08218579845000207,0.08094323997500119,0.08342835692500294
a100,c0004,channels,2,1572864,LL,LL,12,12,0,108,0,16,20,100,0,True,,15.72864,205237,3,52.6540803909,52.623360157,52.6694393158,52.73059,52.70113,52.741254999999995,0.07650960910000038,0.07181568420000062,0.07776984299999867
a100,c0004,channels,2,1572864,LL,LL,12,12,0,108,0,16,20,100,0,True,,15.72864,205466,2,52.64383792875,52.633597850775,52.654078006725,52.72387,52.7141,52.733639999999994,0.08003207124999889,0.07956199327499824,0.08050214922499954
a100,c0004,channels,2,2097152,LL,LL,12,12,0,108,0,16,20,100,0,True,,20.971519999999998,205237,3,65.5667209625,65.5360007286,65.58720111845,65.64969,65.61483000000001,65.669835,0.08229872560001184,0.07849411545000606,0.08263388155000939
a100,c0004,channels,2,2097152,LL,LL,12,12,0,108,0,16,20,100,0,True,,20.971519999999998,205466,2,65.50528049465001,65.495040416675,65.51552057262501,65.57645500000001,65.5660325,65.5868775,0.07117450535000103,0.0709920833250024,0.07135692737499966
a100,c0004,channels,2,3145728,LL,LL,12,12,0,108,0,16,20,100,0,True,,31.45728,205237,3,90.2451229095,90.2297592163,90.35264015195,90.31846,90.30970500000001,90.45573,0.08655447690000528,0.07994578370000482,0.10969854125000467
a100,c0004,channels,2,3145728,LL,LL,12,12,0,108,0,16,20,100,0,True,,31.45728,205466,2,90.22463798519999,90.20415782925,90.24511814115,90.30103500000001,90.28304750000001,90.3190225,0.07639701480000838,0.07390435885000812,0.07888967075000863
a100,c0004,channels,2,4194304,LL,LL,12,12,0,108,0,16,20,100,0,True,,41.943039999999996,205237,3,118.220796585,118.0415964125,118.266878128,118.30433,118.121085,118.34556,0.07544375999999886,0.07463704450000108,0.07948858749999488
a100,c0004,channels,2,4194304,LL,LL,12,12,0,108,0,16,20,100,0,True,,41.943039999999996,205466,2,118.2105636595,118.16960334775,118.25152397125,118.31124,118.258985,118.363495,0.10067634050000152,0.0893816522499975,0.11197102875000553
a100,c0005,channels,2,262144,LL,LL,16,16,0,108,0,16,20,100,0,True,,2.6214399999999998,205237,1,17.6742398739,17.6742398739,17.6742398739,17.75113,17.75113,17.75113,0.07689012610000034,0.07689012610000034,0.07689012610000034
a100,c0005,channels,2,262144,LL,LL,16,16,0,108,0,16,20,100,0,True,,2.6214399999999998,205466,4,17.80223965645,17.77151972055,17.830399870875002,17.900015,17.8681775,17.920655,0.080499786499999,0.07462243417499881,0.09501491734999945
a100,c0005,channels,2,524288,LL,LL,16,16,0,108,0,16,20,100,0,True,,5.2428799999999995,205237,1,25.6102395058,25.6102395058,25.6102395058,25.68813,25.68813,25.68813,0.07789049420000183,0.07789049420000183,0.07789049420000183
a100,c0005,channels,2,524288,LL,LL,16,16,0,108,0,16,20,100,0,True,,5.2428799999999995,205466,4,25.76896071435,25.7228803635,25.827840566625,25.850749999999998,25.80193,25.910339999999998,0.08178928565000021,0.07904963649999974,0.08249943337500021
a100,c0005,channels,2,1048576,LL,LL,16,16,0,108,0,16,20,100,0,True,,10.485759999999999,205237,1,41.6358423233,41.6358423233,41.6358423233,41.75992,41.75992,41.75992,0.12407767670000425,0.12407767670000425,0.12407767670000425
a100,c0005,channels,2,1048576,LL,LL,16,16,0,108,0,16,20,100,0,True,,10.485759999999999,205466,4,41.292800903300005,41.218559741975,41.400321722,41.368875,41.294285,41.4928075,0.07646364534999961,0.07611480667499748,0.09248577800000213
a100,c0005,channels,2,2097152,LL,LL,16,16,0,108,0,16,20,100,0,True,,20.971519999999998,205237,1,66.5395212173,66.5395212173,66.5395212173,70.91595,70.91595,70.91595,4.376428782699989,4.376428782699989,4.376428782699989
a100,c0005,channels,2,2097152,LL,LL,16,16,0,108,0,16,20,100,0,True,,20.971519999999998,205466,4,66.68800115585,66.593281030625,66.76735997202499,66.76664500000001,66.6730125,66.843895,0.07686052654999997,0.0760799972500017,0.07840318250000067
a100,c0005,channels,2,3145728,LL,LL,16,16,0,108,0,16,20,100,0,True,,31.45728,205237,1,92.6412773132,92.6412773132,92.6412773132,92.70868,92.70868,92.70868,0.06740268679999417,0.06740268679999417,0.06740268679999417
a100,c0005,channels,2,3145728,LL,LL,16,16,0,108,0,16,20,100,0,True,,31.45728,205466,4,92.1497583389,92.0422363281,92.28800058362499,92.23179999999999,92.1203075,92.37335,0.08071619325000512,0.07936433350000272,0.0827307869250049
a100,c0005,channels,2,4194304,LL,LL,16,16,0,108,0,16,20,100,0,True,,41.943039999999996,205237,1,120.227842331,120.227842331,120.227842331,120.30118,120.30118,120.30118,0.07333766899999716,0.07333766899999716,0.07333766899999716
a100,c0005,channels,2,4194304,LL,LL,16,16,0,108,0,16,20,100,0,True,,41.943039999999996,205466,4,120.5452775955,120.25855779675,120.6963181495,120.65796,120.353545,120.836335,0.13196089400000233,0.11928769125000827,0.1349948519999984
a100,c0006,channels,2,262144,LL,LL,20,16,0,108,0,16,20,100,0,False,channels_unrealized,2.6214399999999998,205237,2,17.8585600853,17.8073602915,17.9097598791,17.932335000000002,17.8837175,17.9809525,0.07377491469999953,0.07119262089999978,0.07635720849999927
a100,c0006,channels,2,262144,LL,LL,20,16,0,108,0,16,20,100,0,False,channels_unrealized,2.6214399999999998,205466,3,17.7868795395,17.7817595005,17.80735969545,17.86375,17.85899,17.88589,0.07759053850000086,0.0772304995000006,0.07889034355000035
a100,c0006,channels,2,327680,LL,LL,20,20,0,108,0,16,20,100,0,True,,3.2768,205237,2,18.949119448650002,18.910719454275,18.987519443025,19.02549,18.986215,19.064765,0.07637055135000104,0.07549554572500039,0.07724555697500168
a100,c0006,channels,2,327680,LL,LL,20,20,0,108,0,16,20,100,0,True,,3.2768,205466,3,18.9952003956,18.9542400837,19.020799994500003,19.07338,19.033555,19.09868,0.07817960439999894,0.07788000549999907,0.07931491629999954
a100,c0006,channels,2,524288,LL,LL,20,19,0,108,0,16,20,100,0,False,channels_unrealized,5.2428799999999995,205237,2,25.3849601746,25.32863974575,25.44128060345,25.465455,25.4086725,25.5222375,0.08049482540000064,0.08003275425000123,0.08095689655000005
a100,c0006,channels,2,524288,LL,LL,20,19,0,108,0,16,20,100,0,False,channels_unrealized,5.2428799999999995,205466,3,25.3030395508,25.287679433850002,25.343999862700002,25.37764,25.36336,25.418815000000002,0.07502982540000147,0.07481513729999989,0.07589525425000154
a100,c0006,channels,2,1048576,LL,LL,20,20,0,108,0,16,20,100,0,True,,10.485759999999999,205237,2,38.91199946405,38.860799670225,38.963199257875004,38.9969,38.948955,39.044845,0.08490053594999836,0.08164574212499787,0.08815532977499885
a100,c0006,channels,2,1048576,LL,LL,20,20,0,108,0,16,20,100,0,True,,10.485759999999999,205466,3,38.8812804222,38.8403201103,38.93247961995,38.95562,38.915345,39.00817000000001,0.0757102016000033,0.07502488970000343,0.07637569195000182
a100,c0006,channels,2,1310720,LL,LL,20,20,0,108,0,16,20,100,0,True,,13.1072,205237,2,44.90240097045,44.851200580575,44.953601360325,44.98034,44.930895,45.029785000000004,0.0779390295500022,0.0761836396750013,0.0796944194250031
a100,c0006,channels,2,1310720,LL,LL,20,20,0,108,0,16,20,100,0,True,,13.1072,205466,3,44.9638414383,44.94848012925,45.1225614548,45.03935,45.028525,45.232375000000005,0.08458117979999713,0.08004487074999744,0.11434985425000121
a100,c0006,channels,2,2097152,LL,LL,20,20,0,108,0,16,20,100,0,True,,20.971519999999998,205237,2,65.428481102,65.24160146715,65.61536073685,65.53723,65.334615,65.739845,0.10874889800000176,0.09301353285000147,0.12448426315000205
a100,c0006,channels,2,2097152,LL,LL,20,20,0,108,0,16,20,100,0,True,,20.971519999999998,205466,3,64.9215984344,64.91647958755,65.20319938655,65.00334,64.99779,65.31514999999999,0.08174156559999801,0.08131041244999437,0.11195061344999857
a100,c0006,channels,2,2621440,LL,LL,20,20,0,108,0,16,20,100,0,True,,26.2144,205237,2,75.5046391487,75.4406392574,75.56863904,75.577595,75.5152525,75.6399375,0.07295585130000859,0.07129846000000839,0.07461324260000879
a100,c0006,channels,2,2621440,LL,LL,20,20,0,108,0,16,20,100,0,True,,26.2144,205466,3,75.5609607697,75.49440145495001,75.66336154940001,75.66602,75.588515,75.790055,0.1050592303000002,0.09411354504999991,0.12669345060000126
a100,c0006,channels,2,3145728,LL,LL,20,20,0,108,0,16,20,100,0,True,,31.45728,205237,2,89.3644809723,89.26720142365,89.46176052095001,89.43723,89.341775,89.532685,0.07274902769999869,0.07092447904999943,0.07457357634999795
a100,c0006,channels,2,3145728,LL,LL,20,20,0,108,0,16,20,100,0,True,,31.45728,205466,3,89.4361591339,89.37471866605,89.45151805875,89.5091,89.45224999999999,89.52719,0.07840301640000291,0.07567194125000043,0.08026240910000126
a100,c0006,channels,2,4194304,LL,LL,20,20,0,108,0,16,20,100,0,True,,41.943039999999996,205237,2,114.65215683,114.47551727300001,114.828796387,114.730805,114.5523875,114.9092225,0.07864816999999391,0.07687022699999346,0.08042611299999436
a100,c0006,channels,2,4194304,LL,LL,20,20,0,108,0,16,20,100,0,True,,41.943039999999996,205466,3,114.513921738,114.45248126999999,114.6982431415,114.59016,114.5299,114.77061499999999,0.07623826200000394,0.07237185850000571,0.07741872999999799
a100,c0006,channels,2,5242880,LL,LL,20,20,0,108,0,16,20,100,0,True,,52.4288,205237,2,139.7503995895,139.71199750875002,139.78880167025,139.860965,139.8347425,139.88718749999998,0.11056541049998714,0.09838582974998644,0.12274499124998783
a100,c0006,channels,2,5242880,LL,LL,20,20,0,108,0,16,20,100,0,True,,52.4288,205466,3,139.653120041,139.591679573,139.668478966,139.72534,139.66447,139.74221999999997,0.07336089500000753,0.07279042700000105,0.07431150200000047
a100,c0007,channels,2,262144,LL,LL,22,22,0,108,0,16,20,100,0,True,,2.6214399999999998,205237,1,17.7766394615,17.7766394615,17.7766394615,17.85172,17.85172,17.85172,0.07508053849999996,0.07508053849999996,0.07508053849999996
a100,c0007,channels,2,262144,LL,LL,22,22,0,108,0,16,20,100,0,True,,2.6214399999999998,205466,4,17.781760096550002,17.720320224800002,17.832959890349997,17.862495,17.799644999999998,17.908735,0.07391991470000114,0.0691022920750024,0.07918260402499921
a100,c0007,channels,2,360448,LL,LL,22,22,0,108,0,16,20,100,0,True,,3.6044799999999997,205237,1,19.6505594254,19.6505594254,19.6505594254,19.72925,19.72925,19.72925,0.07869057459999951,0.07869057459999951,0.07869057459999951
a100,c0007,channels,2,360448,LL,LL,22,22,0,108,0,16,20,100,0,True,,3.6044799999999997,205466,4,19.8963201046,19.735040366625,20.0729596615,19.973315,19.8096225,20.165515,0.07769988415000029,0.07528712212499933,0.0925553385000013
a100,c0007,channels,2,524288,LL,LL,22,22,0,108,0,16,20,100,0,True,,5.2428799999999995,205237,1,24.1254401207,24.1254401207,24.1254401207,24.19475,24.19475,24.19475,0.06930987930000043,0.06930987930000043,0.06930987930000043
a100,c0007,channels,2,524288,LL,LL,22,22,0,108,0,16,20,100,0,True,,5.2428799999999995,205466,4,24.17664051055,24.1331201792,24.26368057725,24.258775,24.21597,24.3590175,0.08213448944999868,0.08047185302499926,0.09771489052499938
a100,c0007,channels,2,1048576,LL,LL,22,22,0,108,0,16,20,100,0,True,,10.485759999999999,205237,1,38.348801136,38.348801136,38.348801136,38.47989,38.47989,38.47989,0.13108886399999875,0.13108886399999875,0.13108886399999875
a100,c0007,channels,2,1048576,LL,LL,22,22,0,108,0,16,20,100,0,True,,10.485759999999999,205466,4,37.88800001145,37.816320061675,37.9084801674,37.965605,37.8940625,37.988102500000004,0.07774473214999844,0.0776725665249991,0.07983194799999893
a100,c0007,channels,2,1441792,LL,LL,22,22,0,108,0,16,20,100,0,True,,14.417919999999999,205237,1,48.1177616119,48.1177616119,48.1177616119,48.19663,48.19663,48.19663,0.0788683880999983,0.0788683880999983,0.0788683880999983
a100,c0007,channels,2,1441792,LL,LL,22,22,0,108,0,16,20,100,0,True,,14.417919999999999,205466,4,48.26112031935,48.1638395786,48.296960592275,48.33791,48.2356075,48.3798475,0.07894061629999882,0.07544393500000268,0.08136182977499651
a100,c0007,channels,2,2097152,LL,LL,22,22,0,108,0,16,20,100,0,True,,20.971519999999998,205237,1,64.5939207077,64.5939207077,64.5939207077,64.71829,64.71829,64.71829,0.1243692923000026,0.1243692923000026,0.1243692923000026
a100,c0007,channels,2,2097152,LL,LL,22,22,0,108,0,16,20,100,0,True,,20.971519999999998,205466,4,63.45216035845,63.216639757175,63.882240057000004,63.55896,63.294475,64.0021625,0.07869074965000067,0.07519258467499768,0.09445620925000142
a100,c0007,channels,2,2883584,LL,LL,22,22,0,108,0,16,20,100,0,True,,28.835839999999997,205237,1,81.2032032013,81.2032032013,81.2032032013,81.28454,81.28454,81.28454,0.08133679870000776,0.08133679870000776,0.08133679870000776
a100,c0007,channels,2,2883584,LL,LL,22,22,0,108,0,16,20,100,0,True,,28.835839999999997,205466,4,81.2032032013,81.08288288115,81.30560159685,81.27843,81.15548749999999,81.38654,0.07824181520000906,0.07561963535000515,0.08093840315000378
a100,c0007,channels,2,3145728,LL,LL,22,22,0,108,0,16,20,100,0,True,,31.45728,205237,1,88.8319969177,88.8319969177,88.8319969177,88.90784,88.90784,88.90784,0.07584308229999692,0.07584308229999692,0.07584308229999692
a100,c0007,channels,2,3145728,LL,LL,22,22,0,108,0,16,20,100,0,True,,31.45728,205466,4,88.76543998720001,88.494079113,88.985600471525,88.84682,88.5702075,89.0677475,0.07969470094999309,0.0760149266249961,0.0805751769999894
a100,c0007,channels,2,4194304,LL,LL,22,22,0,108,0,16,20,100,0,True,,41.943039999999996,205237,1,112.43519783,112.43519783,112.43519783,112.51366,112.51366,112.51366,0.07846216999999456,0.07846216999999456,0.07846216999999456
a100,c0007,channels,2,4194304,LL,LL,22,22,0,108,0,16,20,100,0,True,,41.943039999999996,205466,4,112.558078766,112.5299167635,112.578561306,112.63389000000001,112.6026025,112.6582375,0.07693531499999295,0.07380981749999549,0.07967619399999748
a100,c0007,channels,2,5767168,LL,LL,22,22,0,108,0,16,20,100,0,True,,57.671679999999995,205237,1,149.329919815,149.329919815,149.329919815,149.41341,149.41341,149.41341,0.08349018499998806,0.08349018499998806,0.08349018499998806
a100,c0007,channels,2,5767168,LL,LL,22,22,0,108,0,16,20,100,0,True,,57.671679999999995,205466,4,149.71904277800002,149.60640192,149.9187231065,149.82816,149.6862825,150.0440525,0.08306828100000985,0.08048068650000317,0.09868034600000897
a100,c0008,channels,2,262144,LL,LL,23,22,0,108,0,16,20,100,0,False,channels_unrealized,2.6214399999999998,205237,1,17.7766394615,17.7766394615,17.7766394615,17.85072,17.85072,17.85072,0.07408053849999874,0.07408053849999874,0.07408053849999874
a100,c0008,channels,2,262144,LL,LL,23,22,0,108,0,16,20,100,0,False,channels_unrealized,2.6214399999999998,205466,4,17.7817595005,17.743359506125,17.80223965645,17.855580000000003,17.8154475,17.877675,0.07358517634999906,0.0730401291499998,0.07424788512499969
a100,c0008,channels,2,376832,LL,LL,23,23,0,108,0,16,20,100,0,True,,3.76832,205237,1,19.9782395363,19.9782395363,19.9782395363,20.05358,20.05358,20.05358,0.07534046370000169,0.07534046370000169,0.07534046370000169
a100,c0008,channels,2,376832,LL,LL,23,23,0,108,0,16,20,100,0,True,,3.76832,205466,4,20.003840327250003,19.950080513925002,20.0524801016,20.080725,20.028572500000003,20.1254375,0.07550978969999989,0.07295739839999893,0.07711710302500041
a100,c0008,channels,2,524288,LL,LL,23,22,0,108,0,16,20,100,0,False,channels_unrealized,5.2428799999999995,205237,1,24.1664004326,24.1664004326,24.1664004326,24.24706,24.24706,24.24706,0.08065956740000146,0.08065956740000146,0.08065956740000146
a100,c0008,channels,2,524288,LL,LL,23,22,0,108,0,16,20,100,0,False,channels_unrealized,5.2428799999999995,205466,4,24.17152047155,24.107519984225,24.189440607999998,24.245150000000002,24.18253,24.2627575,0.07362952845000059,0.07141206742499939,0.07691484035000151
a100,c0008,channels,2,1048576,LL,LL,23,22,0,108,0,16,20,100,0,False,channels_unrealized,10.485759999999999,205237,1,37.9596805573,37.9596805573,37.9596805573,38.04316,38.04316,38.04316,0.0834794427000034,0.0834794427000034,0.0834794427000034
a100,c0008,channels,2,1048576,LL,LL,23,22,0,108,0,16,20,100,0,False,channels_unrealized,10.485759999999999,205466,4,37.85215973855,37.816320061725,37.885439991925,37.934495,37.89815,37.9656575,0.08216957614999743,0.07895006649999914,0.08293169454999827
a100,c0008,channels,2,1507328,LL,LL,23,23,0,108,0,16,20,100,0,True,,15.07328,205237,1,49.1417598724,49.1417598724,49.1417598724,49.21632,49.21632,49.21632,0.07456012760000164,0.07456012760000164,0.07456012760000164
a100,c0008,channels,2,1507328,LL,LL,23,23,0,108,0,16,20,100,0,True,,15.07328,205466,4,49.17759895325,49.1315186024,49.323520660375,49.257130000000004,49.2097175,49.4148325,0.07953104674999878,0.0781988976000001,0.09131183962499811
a100,c0008,channels,2,2097152,LL,LL,23,23,0,108,0,16,20,100,0,True,,20.971519999999998,205237,1,63.8259220123,63.8259220123,63.8259220123,63.90925,63.90925,63.90925,0.08332798770000238,0.08332798770000238,0.08332798770000238
a100,c0008,channels,2,2097152,LL,LL,23,23,0,108,0,16,20,100,0,True,,20.971519999999998,205466,4,63.672318458549995,63.626239299774994,63.741438388825,63.75104,63.6993625,63.825055,0.0787215414500011,0.07312320022500174,0.08361661117499963
a100,c0008,channels,2,3014656,LL,LL,23,23,0,108,0,16,20,100,0,True,,30.14656,205237,1,84.3878364563,84.3878364563,84.3878364563,84.46418,84.46418,84.46418,0.07634354370000551,0.07634354370000551,0.07634354370000551
a100,c0008,channels,2,3014656,LL,LL,23,23,0,108,0,16,20,100,0,True,,30.14656,205466,4,84.30079936979999,84.25215959549999,84.34688091275,84.38051999999999,84.3328475,84.4226775,0.07735240480000272,0.07547132965000358,0.07864493670000172
a100,c0008,channels,2,3145728,LL,LL,23,23,0,108,0,16,20,100,0,True,,31.45728,205237,1,89.0777587891,89.0777587891,89.0777587891,89.23399,89.23399,89.23399,0.15623121090000325,0.15623121090000325,0.15623121090000325
a100,c0008,channels,2,3145728,LL,LL,23,23,0,108,0,16,20,100,0,True,,31.45728,205466,4,88.66815567020001,88.560636043575,88.785917758975,88.77679499999999,88.63991250000001,88.9249725,0.10863932979999902,0.07927645642500636,0.13905474102499582
a100,c0008,channels,2,4194304,LL,LL,23,23,0,108,0,16,20,100,0,True,,41.943039999999996,205237,1,112.680959702,112.680959702,112.680959702,112.75435,112.75435,112.75435,0.07339029800000674,0.07339029800000674,0.07339029800000674
a100,c0008,channels,2,4194304,LL,LL,23,23,0,108,0,16,20,100,0,True,,41.943039999999996,205466,4,111.882243156,111.861763,112.0921635625,111.98234,111.97240000000001,112.1748525,0.08636134300000009,0.08108343649999483,0.09850700000000501
a100,c0008,channels,2,6029312,LL,LL,23,23,0,108,0,16,20,100,0,True,,60.29312,205237,1,156.006402969,156.006402969,156.006402969,156.08501,156.08501,156.08501,0.07860703100001842,0.07860703100001842,0.07860703100001842
a100,c0008,channels,2,6029312,LL,LL,23,23,0,108,0,16,20,100,0,True,,60.29312,205466,4,155.91936111450002,155.70175886175002,156.0499215125,155.99682,155.77773,156.1318675,0.0809590580000048,0.07907780224999783,0.08233949600001012
a100,c0009,channels,2,262144,LL,LL,24,22,0,108,0,16,20,100,0,False,channels_unrealized,2.6214399999999998,205237,2,17.86880016325,17.843199968325003,17.894400358174998,17.944555,17.919182499999998,17.9699275,0.07575483674999894,0.07552714182499987,0.07598253167499802
a100,c0009,channels,2,262144,LL,LL,24,22,0,108,0,16,20,100,0,False,channels_unrealized,2.6214399999999998,205466,3,17.8483200073,17.7663999796,18.07359993455,17.91776,17.83755,18.166635,0.0728600481000008,0.07115002040000107,0.09474509315000113
a100,c0009,channels,2,393216,LL,LL,24,24,0,108,0,16,20,100,0,True,,3.93216,205237,2,20.40320038795,20.390400290475,20.416000485425,20.476335,20.4648375,20.4878325,0.07313461205000138,0.07183201457500132,0.07443720952500144
a100,c0009,channels,2,393216,LL,LL,24,24,0,108,0,16,20,100,0,True,,3.93216,205466,3,20.2751994133,20.25471925735,20.5312001705,20.35656,20.330205,20.641055,0.08136058670000068,0.07548574265000063,0.10985482950000147
a100,c0009,channels,2,524288,LL,LL,24,22,0,108,0,16,20,100,0,False,channels_unrealized,5.2428799999999995,205237,2,24.212480783449998,24.189440608025,24.235520958875,24.293190000000003,24.270875,24.315505,0.08070921655000163,0.07998404112500168,0.08143439197500157
a100,c0009,channels,2,524288,LL,LL,24,22,0,108,0,16,20,100,0,False,channels_unrealized,5.2428799999999995,205466,3,23.9820790291,23.9769589901,24.03839945795,24.0628,24.056739999999998,24.11515,0.07884104889999932,0.07581058104999983,0.07978100989999959
a100,c0009,channels,2,1048576,LL,LL,24,24,0,108,0,16,20,100,0,True,,10.485759999999999,205237,2,37.954560518250005,37.931520342825,37.977600693675,38.032945,38.0081475,38.0577425,0.07838448174999968,0.07662715717500035,0.08014180632499901
a100,c0009,channels,2,1048576,LL,LL,24,24,0,108,0,16,20,100,0,True,,10.485759999999999,205466,3,37.7651190758,37.744640111950005,37.77023911475,37.84568,37.822230000000005,37.84573,0.07461885189999862,0.0725198490999972,0.07758988804999944
a100,c0009,channels,2,1572864,LL,LL,24,24,0,108,0,16,20,100,0,True,,15.72864,205237,2,50.83647966385,50.813440084475005,50.859519243224995,50.911474999999996,50.8865775,50.9363725,0.07499533614999976,0.07313741552499842,0.0768532567750011
a100,c0009,channels,2,1572864,LL,LL,24,24,0,108,0,16,20,100,0,True,,15.72864,205466,3,50.5855989456,50.5548787117,50.64192056655,50.6665,50.63494,50.72546,0.08090105440000173,0.08006128830000137,0.08353943344999948
a100,c0009,channels,2,2097152,LL,LL,24,24,0,108,0,16,20,100,0,True,,20.971519999999998,205237,2,62.11583852765,61.655038595175,62.576638460125004,62.252449999999996,61.761955,62.742945,0.1366114723499976,0.10691640482499665,0.16630653987499855
a100,c0009,channels,2,2097152,LL,LL,24,24,0,108,0,16,20,100,0,True,,20.971519999999998,205466,3,61.143040657,61.12767934795,61.25056028365,61.21374,61.200615,61.324805,0.07517196109999702,0.07293565204999908,0.07648102539999968
a100,c0009,channels,2,3145728,LL,LL,24,24,0,108,0,16,20,100,0,True,,31.45728,205237,2,87.618560791,87.5955200195,87.6416015625,87.721405,87.6858075,87.7570025,0.10284420899999702,0.09028748050000246,0.11540093749999158
a100,c0009,channels,2,3145728,LL,LL,24,24,0,108,0,16,20,100,0,True,,31.45728,205466,3,87.2243213654,87.1935987473,87.27551937105,87.29453,87.266175,87.3561,0.07494387079999854,0.07257625269999579,0.08294824704999826
a100,c0009,channels,2,4194304,LL,LL,24,24,0,108,0,16,20,100,0,True,,41.943039999999996,205237,2,111.72863960250001,111.57504081725,111.88223838775001,111.80855500000001,111.6574875,111.95962250000001,0.07991539750000243,0.07738411225000164,0.08244668275000322
a100,c0009,channels,2,4194304,LL,LL,24,24,0,108,0,16,20,100,0,True,,41.943039999999996,205466,3,111.359996796,111.35488033300001,111.5187168125,111.43828,111.43247,111.59859,0.07828320400000166,0.07758966699999803,0.07987318749999872
a100,c0009,channels,2,6291456,LL,LL,24,24,0,108,0,16,20,100,0,True,,62.91456,205237,2,160.7680034635,160.67072391475,160.86528301225,160.84712000000002,160.749055,160.945185,0.07911653650000972,0.07833108525001364,0.07990198775000579
a100,c0009,channels,2,6291456,LL,LL,24,24,0,108,0,16,20,100,0,True,,62.91456,205466,3,160.348167419,160.1843261715,160.41472435,160.42875,160.26113,160.52744,0.08058258100001581,0.07680382850001877,0.11271564999999839
a100,c0010,channels,2,262144,LL,LL,28,22,0,108,0,16,20,100,0,False,channels_unrealized,2.6214399999999998,205466,5,17.7561604977,17.7459204197,17.7766394615,17.84061,17.81655,17.85503,0.078390538499999,0.07335035999999917,0.08444950230000003
a100,c0010,channels,2,458752,LL,LL,28,28,0,108,0,16,20,100,0,True,,4.5875200000000005,205466,5,22.1081590652,22.1081590652,22.6304006577,22.19049,22.18838,22.75518,0.08233093480000164,0.08022093479999981,0.12477934229999832
a100,c0010,channels,2,524288,LL,LL,28,26,0,108,0,16,20,100,0,False,channels_unrealized,5.2428799999999995,205466,5,24.023039341,23.9820790291,24.0537595749,24.10458,24.05649,24.12422,0.07535952239999943,0.0744109709000007,0.08064917759999801
a100,c0010,channels,2,1048576,LL,LL,28,26,0,108,0,16,20,100,0,False,channels_unrealized,10.485759999999999,205466,5,36.8435192108,36.8332791328,36.8537592888,36.91638,36.90476,36.93422,0.07608957460000454,0.07286078919999994,0.0804607112000042
a100,c0010,channels,2,1835008,LL,LL,28,28,0,108,0,16,20,100,0,True,,18.350080000000002,205466,5,57.3747205734,57.3542404175,57.3849582672,57.45188,57.42894,57.45829,0.07715942660000508,0.07469958249999564,0.079750173299999
a100,c0010,channels,2,2097152,LL,LL,28,27,0,108,0,16,20,100,0,False,channels_unrealized,20.971519999999998,205466,5,62.4844789505,62.4537611008,62.5868797302,62.56295,62.53048,62.65892,0.07847104950000272,0.07671889919999586,0.0786512383999991
a100,c0010,channels,2,3145728,LL,LL,28,28,0,108,0,16,20,100,0,True,,31.45728,205466,5,88.0844783783,87.8079986572,88.115196228,88.2028,87.88778,88.24707,0.08289791199999286,0.07978134280000404,0.08760377199999425
a100,c0010,channels,2,3670016,LL,LL,28,28,0,108,0,16,20,100,0,True,,36.700160000000004,205466,5,101.079044342,100.966396332,101.09951973,101.15065,101.05366,101.24042,0.07672631500000193,0.0753971840000105,0.08726366799999141
a100,c0010,channels,2,4194304,LL,LL,28,28,0,108,0,16,20,100,0,True,,41.943039999999996,205466,5,115.445756912,115.189762115,115.476484299,115.51555,115.26096,115.56534,0.08244090499999857,0.07119788500000368,0.08350128200000029
a100,c0010,channels,2,7340032,LL,LL,28,28,0,108,0,16,20,100,0,True,,73.40032000000001,205466,5,190.689277649,190.658569336,190.894088745,190.77117,190.7392,190.9797,0.08189235100002179,0.0815980510000145,0.08561125500000344
a100,c0011,channels,2,262144,LL,LL,32,32,0,108,0,16,20,100,0,True,,2.6214399999999998,205237,2,16.93184018135,16.924160122875,16.939520239825,17.005395,16.996827500000002,17.013962499999998,0.07355481864999902,0.07266737712499882,0.07444226017499922
a100,c0011,channels,2,262144,LL,LL,32,32,0,108,0,16,20,100,0,True,,2.6214399999999998,205466,3,16.7936003208,16.78336024285,17.157120108599997,16.87174,16.86232,17.265695,0.07977983510000186,0.0789597571500007,0.10939496935000115
a100,c0011,channels,2,524288,LL,LL,32,32,0,108,0,16,20,100,0,True,,5.2428799999999995,205237,2,23.423999547949997,23.411199450475,23.436799645424998,23.494300000000003,23.480575,23.508025,0.07030045205000235,0.06937554952500236,0.07122535457500234
a100,c0011,channels,2,524288,LL,LL,32,32,0,108,0,16,20,100,0,True,,5.2428799999999995,205466,3,23.2857608795,23.255040645599998,23.56736063955,23.35865,23.332745000000003,23.667695000000002,0.08251958830000206,0.07770435440000156,0.10514959435000115
a100,c0011,channels,2,1048576,LL,LL,32,32,0,108,0,16,20,100,0,True,,10.485759999999999,205237,2,36.505599021950005,36.495358943975,36.515839099925,36.584495000000004,36.5733975,36.5955925,0.07889597804999937,0.07803855602499965,0.07975340007499909
a100,c0011,channels,2,1048576,LL,LL,32,32,0,108,0,16,20,100,0,True,,10.485759999999999,205466,3,36.2905597687,36.2905597687,36.3980793953,36.38245,36.37704,36.47999,0.08107023130000357,0.07650060470000497,0.08648023130000126
a100,c0011,channels,2,2097152,LL,LL,32,32,0,108,0,16,20,100,0,True,,20.971519999999998,205237,2,62.77631998065,62.650879621525,62.901760339775,62.882715,62.7411625,63.02426749999999,0.10639501934999629,0.09028287847499783,0.12250716022499475
a100,c0011,channels,2,2097152,LL,LL,32,32,0,108,0,16,20,100,0,True,,20.971519999999998,205466,3,62.3615980148,62.3615980148,62.4793601036,62.44121,62.44045,62.555525,0.07809198519999683,0.07540489639999848,0.07885198519999648
a100,c0011,channels,2,3145728,LL,LL,32,32,0,108,0,16,20,100,0,True,,31.45728,205237,2,86.39488220215,86.179842948925,86.609921455375,86.47847,86.267115,86.689825,0.08358779785000081,0.07990354462499738,0.08727205107500424
a100,c0011,channels,2,3145728,LL,LL,32,32,0,108,0,16,20,100,0,True,,31.45728,205466,3,86.1286354065,85.9647989273,86.3180780411,86.21183,86.04541,86.4,0.08064932430001193,0.07933843810000951,0.0819219589000113
a100,c0011,channels,2,4194304,LL,LL,32,32,0,108,0,16,20,100,0,True,,41.943039999999996,205237,2,110.62271595,110.591995716,110.653436184,110.727425,110.6845975,110.7702525,0.10470904999999675,0.09260178399999575,0.11681631599999776
a100,c0011,channels,2,4194304,LL,LL,32,32,0,108,0,16,20,100,0,True,,41.943039999999996,205466,3,110.571517944,110.4844808575,110.668797493,110.66058,110.56881,110.78742,0.08906205599998884,0.08432914249999612,0.11862250699999066
a100,c0011,channels,2,8388608,LL,LL,32,32,0,108,0,16,20,100,0,True,,83.88607999999999,205237,2,209.2544078825,209.19808864575,209.31072711925,209.338435,209.28376749999998,209.3931025,0.08402711749998559,0.08237538074998696,0.08567885424998423
a100,c0011,channels,2,8388608,LL,LL,32,32,0,108,0,16,20,100,0,True,,83.88607999999999,205466,3,209.172477722,209.0598392485,209.1929626465,209.25619,209.14288,209.27828,0.08371227800000725,0.08304075150000756,0.08531735350000247
a100,c0012,channels,2,16384,LL128,LL128,1,1,0,108,0,20,20,100,0,True,,0.16383999999999999,205237,2,25.3644800186,25.34399986265,25.38496017455,25.44051,25.420144999999998,25.460875,0.07602998139999961,0.07591482544999995,0.07614513734999928
a100,c0012,channels,2,16384,LL128,LL128,1,1,0,108,0,20,20,100,0,True,,0.16383999999999999,205466,3,25.3030395508,25.2979195118,25.3030395508,25.38034,25.371475,25.381545000000003,0.07730044919999912,0.07355548820000024,0.07850544919999969
a100,c0012,channels,2,65536,LL128,LL128,1,1,0,108,0,20,20,100,0,True,,0.6553599999999999,205237,2,29.9571192265,29.939199090050003,29.97503936295,30.038125,30.0212425,30.0550075,0.0810057734999976,0.07996813704999806,0.08204340994999715
a100,c0012,channels,2,65536,LL128,LL128,1,1,0,108,0,20,20,100,0,True,,0.6553599999999999,205466,3,29.9008011818,29.8956811428,29.9417603016,29.9751,29.97475,30.01979,0.08176057860000085,0.07767969840000077,0.0831497374000012
a100,c0012,channels,2,131072,LL128,LL128,1,1,0,108,0,20,20,100,0,True,,1.3107199999999999,205237,2,36.8844795227,36.863999366749994,36.90495967865,36.96223,36.942015,36.982445,0.0777504773000004,0.07748532135000019,0.0780156332500006
a100,c0012,channels,2,131072,LL128,LL128,1,1,0,108,0,20,20,100,0,True,,1.3107199999999999,205466,3,36.7820811272,36.7667210102,36.812800169,36.85687,36.844545,36.891985000000005,0.08085910679999841,0.07782398979999883,0.08221994800000232
a100,c0012,channels,2,262144,LL128,LL128,1,1,0,108,0,20,20,100,0,True,,2.6214399999999998,205237,2,49.3875217438,49.3875217438,49.3875217438,49.470445,49.4681175,49.4727725,0.0829232561999973,0.08059575619999748,0.08525075619999711
a100,c0012,channels,2,262144,LL128,LL128,1,1,0,108,0,20,20,100,0,True,,2.6214399999999998,205466,3,49.4284820557,49.3926405907,49.6076798439,49.50377,49.465735,49.71207,0.07528794430000119,0.07309440930000122,0.10439015609999913
a100,c0012,channels,2,524288,LL128,LL128,1,1,0,108,0,20,20,100,0,True,,5.2428799999999995,205237,2,71.9718408585,71.93344116215,72.01024055485,72.08155500000001,72.0264225,72.13668750000001,0.10971414149999958,0.09298133784999507,0.1264469451500041
a100,c0012,channels,2,524288,LL128,LL128,1,1,0,108,0,20,20,100,0,True,,5.2428799999999995,205466,3,71.8438386917,71.83359861375,71.84895992279999,71.92289,71.911165,71.932605,0.07905130829999507,0.07756638624999823,0.08364507719999636
a100,c0012,channels,2,1048576,LL128,LL128,1,1,0,108,0,20,20,100,0,True,,10.485759999999999,205237,2,117.23775863649999,116.64896011375,117.82655715925,117.32303999999999,116.727945,117.91813499999999,0.08528136350000182,0.0789848862500051,0.09157784074999853
a100,c0012,channels,2,1048576,LL128,LL128,1,1,0,108,0,20,20,100,0,True,,10.485759999999999,205466,3,118.220796585,118.1695985795,118.22591781599999,118.30052,118.246915,118.317555,0.07972341500000368,0.07731642049999721,0.09163718400000676
a100,c0012,channels,2,2097152,LL128,LL128,1,1,0,108,0,20,20,100,0,True,,20.971519999999998,205237,2,218.8083171845,218.74687671675,218.86975765225,218.8887,218.827475,218.949925,0.08038281550000193,0.08016734774999179,0.08059828325001206
a100,c0012,channels,2,2097152,LL128,LL128,1,1,0,108,0,20,20,100,0,True,,20.971519999999998,205466,3,218.869762421,218.82880210899998,218.9363193515,218.94459,218.90181,219.03632,0.07482757900001502,0.07300789100000316,0.10000064850001422
a100,c0012,channels,2,3145728,LL128,LL128,1,1,0,108,0,20,20,100,0,True,,31.45728,205237,2,317.4758434295,317.46816158275,317.48352527625,317.55642,317.550575,317.562265,0.08057657049999989,0.07873972375000449,0.08241341724999529
a100,c0012,channels,2,3145728,LL128,LL128,1,1,0,108,0,20,20,100,0,True,,31.45728,205466,3,317.36831665,317.363195419,317.419519424,317.46276,317.459755,317.504795,0.08843335000000252,0.0822705760000133,0.09655958100000817
a100,c0012,channels,2,4194304,LL128,LL128,1,1,0,108,0,20,20,100,0,True,,41.943039999999996,205237,2,418.5497665405,418.51392745975,418.58560562125,418.62586999999996,418.59074499999997,418.660995,0.07610345949998987,0.07538937874998908,0.07681754024999066
a100,c0012,channels,2,4194304,LL128,LL128,1,1,0,108,0,20,20,100,0,True,,41.943039999999996,205466,3,418.703346252,418.662395477,418.73407363850004,418.79366,418.75363,418.82462,0.09077897499997789,0.09054636149997464,0.09146713649997196
a100,c0013,channels,2,32768,LL128,LL128,2,2,0,108,0,20,20,100,0,True,,0.32767999999999997,205237,3,26.7878389359,26.7007994652,26.8543994427,26.8617,26.776635,26.955734999999997,0.07781000549999817,0.07583553479999772,0.10331002799999922
a100,c0013,channels,2,32768,LL128,LL128,2,2,0,108,0,20,20,100,0,True,,0.32767999999999997,205466,2,26.618880033499998,26.59583985805,26.64192020895,26.69768,26.67288,26.72248,0.0787999665000001,0.07704014195000042,0.08055979104999977
a100,c0013,channels,2,131072,LL128,LL128,2,2,0,108,0,20,20,100,0,True,,1.3107199999999999,205237,3,31.4982390404,31.3446390629,31.6415989399,31.57799,31.4267,31.749675,0.0843709146000009,0.08206093709999962,0.11038603759999965
a100,c0013,channels,2,131072,LL128,LL128,2,2,0,108,0,20,20,100,0,True,,1.3107199999999999,205466,2,31.35488033295,31.334400177025,31.375360488875,31.42655,31.406235,31.446865,0.07166966704999922,0.07150451112499923,0.07183482297499921
a100,c0013,channels,2,262144,LL128,LL128,2,2,0,108,0,20,20,100,0,True,,2.6214399999999998,205237,3,38.1132793427,38.056960105900004,38.2515192032,38.18714,38.133035,38.327510000000004,0.07812093630000305,0.07599079680000287,0.07820503359999975
a100,c0013,channels,2,262144,LL128,LL128,2,2,0,108,0,20,20,100,0,True,,2.6214399999999998,205466,2,38.4256005287,38.31040024755,38.54080080985,38.54067,38.40819,38.67315,0.1150694713,0.09778975244999977,0.13234919015000024
a100,c0013,channels,2,524288,LL128,LL128,2,2,0,108,0,20,20,100,0,True,,5.2428799999999995,205237,3,50.7084798813,50.69312095645,50.87743997575,50.78514,50.773615,50.952405,0.07666011869999778,0.07496502424999818,0.08049404355000078
a100,c0013,channels,2,524288,LL128,LL128,2,2,0,108,0,20,20,100,0,True,,5.2428799999999995,205466,2,50.83647966385,50.818558931375,50.854400396325005,50.91689,50.899205,50.934575,0.08041033614999904,0.08017460367499929,0.08064606862499879
a100,c0013,channels,2,1048576,LL128,LL128,2,2,0,108,0,20,20,100,0,True,,10.485759999999999,205237,3,73.3798408508,73.36960077284999,73.4566402435,73.46357,73.45335,73.53986499999999,0.08372914920001051,0.08322475650000172,0.0837492271500011
a100,c0013,channels,2,1048576,LL128,LL128,2,2,0,108,0,20,20,100,0,True,,10.485759999999999,205466,2,73.3542394638,73.3311986923,73.37728023529999,73.43209999999999,73.40941,73.45479,0.07786053619999933,0.07750976470000026,0.0782113076999984
a100,c0013,channels,2,2097152,LL128,LL128,2,2,0,108,0,20,20,100,0,True,,20.971519999999998,205237,3,119.818239212,119.7209596635,119.884800911,119.89841,119.79702,119.99079,0.08017078800000377,0.07606033649999944,0.1059890889999977
a100,c0013,channels,2,2097152,LL128,LL128,2,2,0,108,0,20,20,100,0,True,,20.971519999999998,205466,2,119.843840599,119.83103990549999,119.8566412925,119.93091000000001,119.91375000000001,119.94807,0.08706940100000793,0.08271009450000832,0.09142870750000753
a100,c0013,channels,2,3145728,LL128,LL128,2,2,0,108,0,20,20,100,0,True,,31.45728,205237,3,174.325752258,174.12607193,174.453754425,174.40211,174.205535,174.53797500000002,0.08256839800000648,0.07946307000000274,0.08732590300000709
a100,c0013,channels,2,3145728,LL128,LL128,2,2,0,108,0,20,20,100,0,True,,31.45728,205466,2,174.218235016,174.1900730135,174.24639701849998,174.29625499999997,174.26742249999998,174.3250875,0.07801998399999377,0.0773494864999904,0.07869048149999713
a100,c0013,channels,2,4194304,LL128,LL128,2,2,0,108,0,20,20,100,0,True,,41.943039999999996,205237,3,220.446720123,220.3596782685,220.5081558225,220.5404,220.44946,220.592945,0.08588358599999424,0.0808910319999967,0.08978173149999691
a100,c0013,channels,2,4194304,LL128,LL128,2,2,0,108,0,20,20,100,0,True,,41.943039999999996,205466,2,220.6873607635,220.61824321725,220.75647830975,220.79666500000002,220.7431625,220.8501675,0.10930423649999454,0.09368919024999656,0.12491928274999253
a100,c0014,channels,2,65536,LL128,LL128,4,4,0,108,0,20,20,100,0,True,,0.6553599999999999,205237,1,27.5660800934,27.5660800934,27.5660800934,27.70681,27.70681,27.70681,0.14072990660000073,0.14072990660000073,0.14072990660000073
a100,c0014,channels,2,65536,LL128,LL128,4,4,0,108,0,20,20,100,0,True,,0.6553599999999999,205466,4,26.95168018345,26.823679804825,27.051520943675,27.027665,26.8975375,27.12929,0.07529905335000109,0.07390179024999899,0.07703919805000226
a100,c0014,channels,2,262144,LL128,LL128,4,4,0,108,0,20,20,100,0,True,,2.6214399999999998,205237,1,31.7337608337,31.7337608337,31.7337608337,31.81875,31.81875,31.81875,0.08498916630000153,0.08498916630000153,0.08498916630000153
a100,c0014,channels,2,262144,LL128,LL128,4,4,0,108,0,20,20,100,0,True,,2.6214399999999998,205466,4,31.692800521850003,31.641600132,31.78496062755,31.766205,31.713482499999998,31.878542500000002,0.07340447814999784,0.07188236799999803,0.09358187244999971
a100,c0014,channels,2,524288,LL128,LL128,4,4,0,108,0,20,20,100,0,True,,5.2428799999999995,205237,1,38.656001091,38.656001091,38.656001091,38.74223,38.74223,38.74223,0.08622890899999902,0.08622890899999902,0.08622890899999902
a100,c0014,channels,2,524288,LL128,LL128,4,4,0,108,0,20,20,100,0,True,,5.2428799999999995,205466,4,38.7327992916,38.681599497775,38.807039856925,38.811589999999995,38.758939999999996,38.88876,0.07960959424999814,0.07815938807499911,0.08172014307499786
a100,c0014,channels,2,1048576,LL128,LL128,4,4,0,108,0,20,20,100,0,True,,10.485759999999999,205237,1,52.6233577728,52.6233577728,52.6233577728,52.70107,52.70107,52.70107,0.07771222720000281,0.07771222720000281,0.07771222720000281
a100,c0014,channels,2,1048576,LL128,LL128,4,4,0,108,0,20,20,100,0,True,,10.485759999999999,205466,4,52.49536037445,52.41855978965,52.5209617615,52.575835,52.4930025,52.606767500000004,0.08047462555000351,0.07444271035000405,0.08580573850000306
a100,c0014,channels,2,2097152,LL128,LL128,4,4,0,108,0,20,20,100,0,True,,20.971519999999998,205237,1,76.4415979385,76.4415979385,76.4415979385,76.52449,76.52449,76.52449,0.08289206150000439,0.08289206150000439,0.08289206150000439
a100,c0014,channels,2,2097152,LL128,LL128,4,4,0,108,0,20,20,100,0,True,,20.971519999999998,205466,4,76.6054415703,76.526081562075,76.738561391825,76.68337,76.600115,76.832705,0.0779284296999947,0.07403343792499584,0.09414360817499556
a100,c0014,channels,2,3145728,LL128,LL128,4,4,0,108,0,20,20,100,0,True,,31.45728,205237,1,102.338562012,102.338562012,102.338562012,102.42049,102.42049,102.42049,0.08192798800000389,0.08192798800000389,0.08192798800000389
a100,c0014,channels,2,3145728,LL128,LL128,4,4,0,108,0,20,20,100,0,True,,31.45728,205466,4,102.241282463,102.1926426885,102.31040000925,102.317345,102.265895,102.3875075,0.07510029450000388,0.07325231149999922,0.07614524825000757
a100,c0014,channels,2,4194304,LL128,LL128,4,4,0,108,0,20,20,100,0,True,,41.943039999999996,205237,1,126.535682678,126.535682678,126.535682678,126.61662,126.61662,126.61662,0.08093732199999693,0.08093732199999693,0.08093732199999693
a100,c0014,channels,2,4194304,LL128,LL128,4,4,0,108,0,20,20,100,0,True,,41.943039999999996,205466,4,126.750717163,126.68159723275001,126.7737579345,126.85060999999999,126.7638675,126.89857749999999,0.1071276974999904,0.08950512774999098,0.1248195654999904
a100,c0015,channels,2,131072,LL128,LL128,8,8,0,108,0,20,20,100,0,True,,1.3107199999999999,205466,5,27.0643210411,27.0643210411,27.1359992027,27.15236,27.13533,27.20997,0.07434032939999824,0.07397079729999945,0.08359958269999979
a100,c0015,channels,2,262144,LL128,LL128,8,8,0,108,0,20,20,100,0,True,,2.6214399999999998,205466,5,28.5696005821,28.5184001923,28.6617588997,28.64353,28.60286,28.73922,0.07746110029999898,0.07590043149999914,0.08103094439999836
a100,c0015,channels,2,524288,LL128,LL128,8,8,0,108,0,20,20,100,0,True,,5.2428799999999995,205466,5,33.5155200958,33.5052800179,33.5360002518,33.59408,33.58777,33.61281,0.0785599041999987,0.07729076190000228,0.08150967030000089
a100,c0015,channels,2,1048576,LL128,LL128,8,8,0,108,0,20,20,100,0,True,,10.485759999999999,205466,5,42.4652814865,42.3526382446,42.8441619873,42.54845,42.43393,42.97938,0.08316851350000576,0.08129175539999522,0.11443985109999488
a100,c0015,channels,2,2097152,LL128,LL128,8,8,0,108,0,20,20,100,0,True,,20.971519999999998,205466,5,59.2486381531,59.2076778412,59.2588806152,59.33181,59.28902,59.33982,0.0831718468999938,0.08134215879999829,0.0848404764000037
a100,c0015,channels,2,3145728,LL128,LL128,8,8,0,108,0,20,20,100,0,True,,31.45728,205466,5,76.7180776596,76.6566419601,76.7590379715,76.79258,76.73497,76.84007,0.08000835170000187,0.07832803990000059,0.08103202849999036
a100,c0015,channels,2,4194304,LL128,LL128,8,8,0,108,0,20,20,100,0,True,,41.943039999999996,205466,5,92.8870391846,92.6720046997,93.0508804321,92.96968,92.76067,93.20051,0.08866530030000774,0.08264081539999779,0.12110324460000754
a100,c0016,channels,2,196608,LL128,LL128,12,12,0,108,0,20,20,100,0,True,,1.96608,205466,5,27.4022388458,27.2793602943,27.4227190018,27.47909,27.35445,27.49602,0.07508970569999818,0.07399009550000102,0.07685115419999988
a100,c0016,channels,2,262144,LL128,LL128,12,8,0,108,0,20,20,100,0,False,channels_unrealized,2.6214399999999998,205466,5,28.600320816,28.4774398804,28.6515188217,28.675,28.54735,28.74102,0.06991011960000293,0.0698997748000032,0.07467918400000073
a100,c0016,channels,2,524288,LL128,LL128,12,11,0,108,0,20,20,100,0,False,channels_unrealized,5.2428799999999995,205466,5,31.7337608337,31.7132806778,31.7337608337,31.80233,31.79141,31.80482,0.07218033579999883,0.07105916629999953,0.0781293221999988
a100,c0016,channels,2,786432,LL128,LL128,12,12,0,108,0,20,20,100,0,True,,7.86432,205466,5,36.3724803925,36.3315200806,36.5567994118,36.44538,36.40519,36.63905,0.07773964049999904,0.07366991939999679,0.08225058819999731
a100,c0016,channels,2,1048576,LL128,LL128,12,11,0,108,0,20,20,100,0,False,channels_unrealized,10.485759999999999,205466,5,41.5334415436,41.4412784576,41.5436792374,41.60593,41.51475,41.62557,0.07626063960000096,0.07347154240000009,0.08189076260000405
a100,c0016,channels,2,1572864,LL128,LL128,12,12,0,108,0,20,20,100,0,True,,15.72864,205466,5,48.3635187149,48.1279993057,48.3737611771,48.4371,48.20335,48.45433,0.08056882289999834,0.07535069429999908,0.08214901179999856
a100,c0016,channels,2,2097152,LL128,LL128,12,12,0,108,0,20,20,100,0,True,,20.971519999999998,205466,5,56.1561584473,56.03328228,56.2073612213,56.28675,56.22813,56.45967,0.07938877870000027,0.07822983730000033,0.08109803189999809
a100,c0016,channels,2,3145728,LL128,LL128,12,12,0,108,0,20,20,100,0,True,,31.45728,205466,5,71.1065578461,71.0656023026,71.2601613998,71.18696,71.13847,71.35389,0.08040215389999616,0.07490816530000188,0.09372860020000928
a100,c0016,channels,2,4194304,LL128,LL128,12,12,0,108,0,20,20,100,0,True,,41.943039999999996,205466,5,86.9375991821,86.6918373108,86.9990444183,87.0155,86.78054,87.08353,0.08156053889999271,0.07790081790000158,0.08448558169999387
a100,c0017,channels,2,262144,LL128,LL128,16,16,0,108,0,20,20,100,0,True,,2.6214399999999998,205237,1,27.9654407501,27.9654407501,27.9654407501,28.03857,28.03857,28.03857,0.07312924989999914,0.07312924989999914,0.07312924989999914
a100,c0017,channels,2,262144,LL128,LL128,16,16,0,108,0,20,20,100,0,True,,2.6214399999999998,205466,4,27.985919713999998,27.88864016535,28.1599992514,28.064115,27.9693325,28.25268,0.08222495160000065,0.07867750185000144,0.09872524699999996
a100,c0017,channels,2,524288,LL128,LL128,16,16,0,108,0,20,20,100,0,True,,5.2428799999999995,205237,1,30.8531188965,30.8531188965,30.8531188965,30.93296,30.93296,30.93296,0.07984110350000151,0.07984110350000151,0.07984110350000151
a100,c0017,channels,2,524288,LL128,LL128,16,16,0,108,0,20,20,100,0,True,,5.2428799999999995,205466,4,30.7712006569,30.74560046195,30.853120684649998,30.845175,30.81998,30.929135000000002,0.07426936560000286,0.07063195485000229,0.0800569210500024
a100,c0017,channels,2,1048576,LL128,LL128,16,16,0,108,0,20,20,100,0,True,,10.485759999999999,205237,1,39.3318390846,39.3318390846,39.3318390846,39.41671,39.41671,39.41671,0.08487091540000335,0.08487091540000335,0.08487091540000335
a100,c0017,channels,2,1048576,LL128,LL128,16,16,0,108,0,20,20,100,0,True,,10.485759999999999,205466,4,39.14240002635,39.114239811924996,39.19359982015,39.22353,39.1977525,39.27143,0.07929581490000004,0.07789082615000176,0.0816178830249985
a100,c0017,channels,2,2097152,LL128,LL128,16,16,0,108,0,20,20,100,0,True,,20.971519999999998,205237,1,54.7942399979,54.7942399979,54.7942399979,54.87521,54.87521,54.87521,0.0809700021000026,0.0809700021000026,0.0809700021000026
a100,c0017,channels,2,2097152,LL128,LL128,16,16,0,108,0,20,20,100,0,True,,20.971519999999998,205466,4,54.922239780400005,54.868479967075004,55.08351922035,55.002354999999994,54.9477525,55.17729,0.08011521959999612,0.07853129472499454,0.09451201784999874
a100,c0017,channels,2,3145728,LL128,LL128,16,16,0,108,0,20,20,100,0,True,,31.45728,205237,1,72.1612787247,72.1612787247,72.1612787247,72.27438,72.27438,72.27438,0.11310127529999647,0.11310127529999647,0.11310127529999647
a100,c0017,channels,2,3145728,LL128,LL128,16,16,0,108,0,20,20,100,0,True,,31.45728,205466,4,72.31487989425,72.22527980805,72.3712003231,72.41739,72.343975,72.44517,0.0777994204500061,0.07478938972500515,0.09316479382500376
a100,c0017,channels,2,4194304,LL128,LL128,16,16,0,108,0,20,20,100,0,True,,41.943039999999996,205237,1,89.1084766388,89.1084766388,89.1084766388,89.1904,89.1904,89.1904,0.08192336119999766,0.08192336119999766,0.08192336119999766
a100,c0017,channels,2,4194304,LL128,LL128,16,16,0,108,0,20,20,100,0,True,,41.943039999999996,205466,4,89.3081617355,89.04191970822501,89.623041152925,89.41793,89.12689,89.7441075,0.08610602204999651,0.08417073380000062,0.09820366259999602
a100,c0018,channels,2,262144,LL128,LL128,20,16,0,108,0,20,20,100,0,False,channels_unrealized,2.6214399999999998,205237,1,27.8118395805,27.8118395805,27.8118395805,27.88407,27.88407,27.88407,0.07223041950000209,0.07223041950000209,0.07223041950000209
a100,c0018,channels,2,262144,LL128,LL128,20,16,0,108,0,20,20,100,0,False,channels_unrealized,2.6214399999999998,205466,4,28.07296037675,27.957760691675,28.2137596607,28.146275,28.03531,28.301499999999997,0.08010952274999994,0.07415185857500006,0.09793268854999937
a100,c0018,channels,2,327680,LL128,LL128,20,20,0,108,0,20,20,100,0,True,,3.2768,205237,1,28.4569597244,28.4569597244,28.4569597244,28.53743,28.53743,28.53743,0.08047027559999975,0.08047027559999975,0.08047027559999975
a100,c0018,channels,2,327680,LL128,LL128,20,20,0,108,0,20,20,100,0,True,,3.2768,205466,4,28.55936050415,28.5388803482,28.628480434425,28.638525,28.618985,28.70483,0.07667979124999924,0.07538691787499996,0.07858259489999853
a100,c0018,channels,2,524288,LL128,LL128,20,16,0,108,0,20,20,100,0,False,channels_unrealized,5.2428799999999995,205237,1,30.6175994873,30.6175994873,30.6175994873,30.6992,30.6992,30.6992,0.08160051269999968,0.08160051269999968,0.08160051269999968
a100,c0018,channels,2,524288,LL128,LL128,20,16,0,108,0,20,20,100,0,False,channels_unrealized,5.2428799999999995,205466,4,30.740480423,30.6944000721,30.7993602753,30.81392,30.766205,30.8756375,0.07343957700000026,0.0718049278999997,0.07627722470000187
a100,c0018,channels,2,1048576,LL128,LL128,20,16,0,108,0,20,20,100,0,False,channels_unrealized,10.485759999999999,205237,1,39.1270399094,39.1270399094,39.1270399094,39.2014,39.2014,39.2014,0.07436009060000259,0.07436009060000259,0.07436009060000259
a100,c0018,channels,2,1048576,LL128,LL128,20,16,0,108,0,20,20,100,0,False,channels_unrealized,10.485759999999999,205466,4,39.43423986435,39.21664059165,39.692799448925,39.54565,39.29645,39.834002500000004,0.10985416100000478,0.07980940835000361,0.13964707642500507
a100,c0018,channels,2,1310720,LL128,LL128,20,20,0,108,0,20,20,100,0,True,,13.1072,205237,1,41.9123220444,41.9123220444,41.9123220444,41.99749,41.99749,41.99749,0.08516795559999935,0.08516795559999935,0.08516795559999935
a100,c0018,channels,2,1310720,LL128,LL128,20,20,0,108,0,20,20,100,0,True,,13.1072,205466,4,42.086400985699996,41.97120070455,42.240000963225,42.1639,42.0526625,42.3305225,0.08115395280000115,0.07871079825000216,0.09692747247499867
a100,c0018,channels,2,2097152,LL128,LL128,20,19,0,108,0,20,20,100,0,False,channels_unrealized,20.971519999999998,205237,1,54.6201610565,54.6201610565,54.6201610565,54.69798,54.69798,54.69798,0.07781894349999874,0.07781894349999874,0.07781894349999874
a100,c0018,channels,2,2097152,LL128,LL128,20,19,0,108,0,20,20,100,0,False,channels_unrealized,20.971519999999998,205466,4,54.609918594350006,54.58687901495,54.6892786026,54.687754999999996,54.6606775,54.7690125,0.07570170105000074,0.07379848504999842,0.07759919280000105
a100,c0018,channels,2,2621440,LL128,LL128,20,20,0,108,0,20,20,100,0,True,,26.2144,205237,1,61.6550397873,61.6550397873,61.6550397873,61.812,61.812,61.812,0.1569602126999996,0.1569602126999996,0.1569602126999996
a100,c0018,channels,2,2621440,LL128,LL128,20,20,0,108,0,20,20,100,0,True,,26.2144,205466,4,61.22495889665,61.1788785458,61.27871870995,61.309569999999994,61.2611225,61.361549999999994,0.08302155469999661,0.07928883727499603,0.08419685832499901
a100,c0018,channels,2,3145728,LL128,LL128,20,20,0,108,0,20,20,100,0,True,,31.45728,205237,1,70.533118248,70.533118248,70.533118248,70.61458,70.61458,70.61458,0.08146175200000982,0.08146175200000982,0.08146175200000982
a100,c0018,channels,2,3145728,LL128,LL128,20,20,0,108,0,20,20,100,0,True,,31.45728,205466,4,70.70208072665,70.6227219105,70.720000267025,70.78339,70.7034875,70.800645,0.08159298079999644,0.0780631202500004,0.08363090967499787
a100,c0018,channels,2,4194304,LL128,LL128,20,20,0,108,0,20,20,100,0,True,,41.943039999999996,205237,1,83.4867191315,83.4867191315,83.4867191315,83.57257,83.57257,83.57257,0.08585086850000323,0.08585086850000323,0.08585086850000323
a100,c0018,channels,2,4194304,LL128,LL128,20,20,0,108,0,20,20,100,0,True,,41.943039999999996,205466,4,83.6607980728,83.583996295925,83.6915206909,83.739675,83.65917,83.7757975,0.07887692719999251,0.07517370407499868,0.08427680909998969
a100,c0018,channels,2,5242880,LL128,LL128,20,20,0,108,0,20,20,100,0,True,,52.4288,205237,1,98.6419200897,98.6419200897,98.6419200897,98.71576,98.71576,98.71576,0.07383991030000914,0.07383991030000914,0.07383991030000914
a100,c0018,channels,2,5242880,LL128,LL128,20,20,0,108,0,20,20,100,0,True,,52.4288,205466,4,98.85184288025,98.746881485,98.9568042755,98.936775,98.83350250000001,99.04167749999999,0.086368038949999,0.08532054717499449,0.08760961152500357
a100,c0019,channels,2,262144,LL128,LL128,22,16,0,108,0,20,20,100,0,False,channels_unrealized,2.6214399999999998,205237,1,27.8118395805,27.8118395805,27.8118395805,27.88738,27.88738,27.88738,0.07554041950000112,0.07554041950000112,0.07554041950000112
a100,c0019,channels,2,262144,LL128,LL128,22,16,0,108,0,20,20,100,0,False,channels_unrealized,2.6214399999999998,205466,4,28.001279830949997,27.9142403603,28.208639621725,28.079445,27.9917275,28.287395,0.07816516905000093,0.07748713970000143,0.0787553782749999
a100,c0019,channels,2,360448,LL128,LL128,22,22,0,108,0,20,20,100,0,True,,3.6044799999999997,205237,1,28.7231993675,28.7231993675,28.7231993675,28.80775,28.80775,28.80775,0.08455063249999739,0.08455063249999739,0.08455063249999739
a100,c0019,channels,2,360448,LL128,LL128,22,22,0,108,0,20,20,100,0,True,,3.6044799999999997,205466,4,29.224959611899997,28.99455964565,29.4707196951,29.3276,29.0744575,29.5976,0.10264038810000109,0.07989785435000218,0.12688030489999935
a100,c0019,channels,2,524288,LL128,LL128,22,16,0,108,0,20,20,100,0,False,channels_unrealized,5.2428799999999995,205237,1,30.740480423,30.740480423,30.740480423,30.81082,30.81082,30.81082,0.0703395769999986,0.0703395769999986,0.0703395769999986
a100,c0019,channels,2,524288,LL128,LL128,22,16,0,108,0,20,20,100,0,False,channels_unrealized,5.2428799999999995,205466,4,30.873599052400003,30.840319395050003,30.973439216575002,30.95028,30.916515,31.0499225,0.07595002839999943,0.07538690462500064,0.07656106454999811
a100,c0019,channels,2,1048576,LL128,LL128,22,22,0,108,0,20,20,100,0,True,,10.485759999999999,205237,1,37.4374389648,37.4374389648,37.4374389648,37.50753,37.50753,37.50753,0.07009103520000082,0.07009103520000082,0.07009103520000082
a100,c0019,channels,2,1048576,LL128,LL128,22,22,0,108,0,20,20,100,0,True,,10.485759999999999,205466,4,37.5500798225,37.524479627575005,37.580800056425005,37.628564999999995,37.60026,37.659925,0.07568056734999828,0.07491802834999994,0.07718267749999619
a100,c0019,channels,2,1441792,LL128,LL128,22,22,0,108,0,20,20,100,0,True,,14.417919999999999,205237,1,43.6223983765,43.6223983765,43.6223983765,43.70659,43.70659,43.70659,0.08419162349999709,0.08419162349999709,0.08419162349999709
a100,c0019,channels,2,1441792,LL128,LL128,22,22,0,108,0,20,20,100,0,True,,14.417919999999999,205466,4,43.77088069915,43.7555217743,43.78880023955,43.851205,43.830715,43.8711925,0.07760806974999923,0.07519322569999964,0.07967602935000073
a100,c0019,channels,2,2097152,LL128,LL128,22,22,0,108,0,20,20,100,0,True,,20.971519999999998,205237,1,53.8521623611,53.8521623611,53.8521623611,53.9333,53.9333,53.9333,0.08113763890000314,0.08113763890000314,0.08113763890000314
a100,c0019,channels,2,2097152,LL128,LL128,22,22,0,108,0,20,20,100,0,True,,20.971519999999998,205466,4,54.077439308150005,54.033919572825,54.105600118625006,54.155125,54.108582500000004,54.185987499999996,0.07768569185000018,0.07466292717500167,0.08038738137499735
a100,c0019,channels,2,2883584,LL128,LL128,22,22,0,108,0,20,20,100,0,True,,28.835839999999997,205237,1,64.5836782455,64.5836782455,64.5836782455,64.73192,64.73192,64.73192,0.1482417545000061,0.1482417545000061,0.1482417545000061
a100,c0019,channels,2,2883584,LL128,LL128,22,22,0,108,0,20,20,100,0,True,,28.835839999999997,205466,4,64.2816019058,64.153602123225,64.412161111825,64.35484,64.22824250000001,64.4863225,0.07506295475000258,0.07372794650000358,0.07689867899999925
a100,c0019,channels,2,3145728,LL128,LL128,22,22,0,108,0,20,20,100,0,True,,31.45728,205237,1,67.8604793549,67.8604793549,67.8604793549,67.94151,67.94151,67.94151,0.08103064510000024,0.08103064510000024,0.08103064510000024
a100,c0019,channels,2,3145728,LL128,LL128,22,22,0,108,0,20,20,100,0,True,,31.45728,205466,4,67.53792047499999,67.525120973575,67.573759555825,67.621445,67.6058175,67.65561,0.0809146809500021,0.07728121452499792,0.08265591202500389
a100,c0019,channels,2,4194304,LL128,LL128,22,22,0,108,0,20,20,100,0,True,,41.943039999999996,205237,1,82.9542446136,82.9542446136,82.9542446136,83.03201,83.03201,83.03201,0.07776538640000297,0.07776538640000297,0.07776538640000297
a100,c0019,channels,2,4194304,LL128,LL128,22,22,0,108,0,20,20,100,0,True,,41.943039999999996,205466,4,83.25632095335,82.9977583885,83.4892821312,83.35885,83.076505,83.6197225,0.10421859525000343,0.08043616009999965,0.13044036880000576
a100,c0019,channels,2,5767168,LL128,LL128,22,22,0,108,0,20,20,100,0,True,,57.671679999999995,205237,1,105.543680191,105.543680191,105.543680191,105.62719,105.62719,105.62719,0.08350980899999172,0.08350980899999172,0.08350980899999172
a100,c0019,channels,2,5767168,LL128,LL128,22,22,0,108,0,20,20,100,0,True,,57.671679999999995,205466,4,105.671682358,105.615363121,105.72800159475,105.75231500000001,105.695055,105.8120325,0.08342295399999955,0.08180060149999946,0.08471249474999709
a100,c0020,channels,2,262144,LL128,LL128,23,16,0,108,0,20,20,100,0,False,channels_unrealized,2.6214399999999998,205237,1,27.9552006721,27.9552006721,27.9552006721,28.03397,28.03397,28.03397,0.07876932790000168,0.07876932790000168,0.07876932790000168
a100,c0020,channels,2,262144,LL128,LL128,23,16,0,108,0,20,20,100,0,False,channels_unrealized,2.6214399999999998,205466,4,27.9398393631,27.816959619525,28.1420791149,28.018925,27.89311,28.236295,0.08200587084999889,0.07907061442499952,0.09421588509999879
a100,c0020,channels,2,376832,LL128,LL128,23,23,0,108,0,20,20,100,0,True,,3.76832,205237,1,28.9996790886,28.9996790886,28.9996790886,29.07728,29.07728,29.07728,0.07760091139999759,0.07760091139999759,0.07760091139999759
a100,c0020,channels,2,376832,LL128,LL128,23,23,0,108,0,20,20,100,0,True,,3.76832,205466,4,28.9945590496,28.9484792948,29.055999517425,29.074765,29.030155,29.1338775,0.07943507020000062,0.077877982575,0.08090482500000107
a100,c0020,channels,2,524288,LL128,LL128,23,16,0,108,0,20,20,100,0,False,channels_unrealized,5.2428799999999995,205237,1,30.8428788185,30.8428788185,30.8428788185,30.92495,30.92495,30.92495,0.08207118149999815,0.08207118149999815,0.08207118149999815
a100,c0020,channels,2,524288,LL128,LL128,23,16,0,108,0,20,20,100,0,False,channels_unrealized,5.2428799999999995,205466,4,30.71488022805,30.6969600916,30.801920294749998,30.78952,30.7692025,30.879075,0.07463977195000027,0.0722424083999984,0.07715470525000168
a100,c0020,channels,2,1048576,LL128,LL128,23,22,0,108,0,20,20,100,0,False,channels_unrealized,10.485759999999999,205237,1,37.5705599785,37.5705599785,37.5705599785,37.65683,37.65683,37.65683,0.08627002149999896,0.08627002149999896,0.08627002149999896
a100,c0020,channels,2,1048576,LL128,LL128,23,22,0,108,0,20,20,100,0,False,channels_unrealized,10.485759999999999,205466,4,37.41696000100001,37.314560413325005,37.5961595774,37.48899,37.392955,37.6789325,0.0805696646499996,0.07412475384999873,0.09558242107500092
a100,c0020,channels,2,1507328,LL128,LL128,23,23,0,108,0,20,20,100,0,True,,15.07328,205237,1,44.6771192551,44.6771192551,44.6771192551,44.75541,44.75541,44.75541,0.07829074489999499,0.07829074489999499,0.07829074489999499
a100,c0020,channels,2,1507328,LL128,LL128,23,23,0,108,0,20,20,100,0,True,,15.07328,205466,4,44.533760547650004,44.421122074125,44.784638881700005,44.61002,44.50309,44.8553175,0.07651473129999786,0.07233888404999789,0.08056293907499779
a100,c0020,channels,2,2097152,LL128,LL128,23,22,0,108,0,20,20,100,0,False,channels_unrealized,20.971519999999998,205237,1,54.5587205887,54.5587205887,54.5587205887,54.64308,54.64308,54.64308,0.08435941129999946,0.08435941129999946,0.08435941129999946
a100,c0020,channels,2,2097152,LL128,LL128,23,22,0,108,0,20,20,100,0,False,channels_unrealized,20.971519999999998,205466,4,53.9443206787,53.82912158965,54.064639806725,54.02127,53.909679999999994,54.13932,0.0780680122499966,0.07579888422499792,0.08055841034999567
a100,c0020,channels,2,3014656,LL128,LL128,23,23,0,108,0,20,20,100,0,True,,30.14656,205237,1,66.0275220871,66.0275220871,66.0275220871,66.11271,66.11271,66.11271,0.08518791290001104,0.08518791290001104,0.08518791290001104
a100,c0020,channels,2,3014656,LL128,LL128,23,23,0,108,0,20,20,100,0,True,,30.14656,205466,4,65.62815904620001,65.5513584614,65.7766401768,65.704755,65.62368000000001,65.8606975,0.08296986219999525,0.0786939264999944,0.08405884369999583
a100,c0020,channels,2,3145728,LL128,LL128,23,22,0,108,0,20,20,100,0,False,channels_unrealized,31.45728,205237,1,68.1369590759,68.1369590759,68.1369590759,68.27687,68.27687,68.27687,0.1399109241000076,0.1399109241000076,0.1399109241000076
a100,c0020,channels,2,3145728,LL128,LL128,23,22,0,108,0,20,20,100,0,False,channels_unrealized,31.45728,205466,4,67.58912086485,67.376639843,67.7888011932,67.66874,67.45437749999999,67.880065,0.07961913514999708,0.07773765699999302,0.09126380680000423
a100,c0020,channels,2,4194304,LL128,LL128,23,22,0,108,0,20,20,100,0,False,channels_unrealized,41.943039999999996,205237,1,83.5379219055,83.5379219055,83.5379219055,83.62187,83.62187,83.62187,0.08394809450000196,0.08394809450000196,0.08394809450000196
a100,c0020,channels,2,4194304,LL128,LL128,23,22,0,108,0,20,20,100,0,False,channels_unrealized,41.943039999999996,205466,4,82.9337644577,82.89280414585001,83.16928386685,83.01362499999999,82.9794325,83.26386,0.08990101009999307,0.08160812024999586,0.10963683484999365
a100,c0020,channels,2,6029312,LL128,LL128,23,23,0,108,0,20,20,100,0,True,,60.29312,205237,1,109.424638748,109.424638748,109.424638748,109.5086,109.5086,109.5086,0.0839612519999946,0.0839612519999946,0.0839612519999946
a100,c0020,channels,2,6029312,LL128,LL128,23,23,0,108,0,20,20,100,0,True,,60.29312,205466,4,109.1328001025,109.0073633195,109.235198498,109.21239,109.08212,109.3208675,0.08158929049999841,0.0767560734999968,0.0856690019999995
a100,c0021,channels,2,262144,LL128,LL128,24,16,0,108,0,20,20,100,0,False,channels_unrealized,2.6214399999999998,205237,1,27.9244804382,27.9244804382,27.9244804382,28.0006,28.0006,28.0006,0.07611956179999879,0.07611956179999879,0.07611956179999879
a100,c0021,channels,2,262144,LL128,LL128,24,16,0,108,0,20,20,100,0,False,channels_unrealized,2.6214399999999998,205466,4,28.08831930165,27.99103915695,28.1983995438,28.161305,28.0616325,28.28685,0.07298569835000102,0.07059334305000142,0.08845045619999947
a100,c0021,channels,2,393216,LL128,LL128,24,24,0,108,0,20,20,100,0,True,,3.93216,205237,1,29.6755194664,29.6755194664,29.6755194664,29.79215,29.79215,29.79215,0.11663053359999864,0.11663053359999864,0.11663053359999864
a100,c0021,channels,2,393216,LL128,LL128,24,24,0,108,0,20,20,100,0,True,,3.93216,205466,4,29.24032092095,29.224960804025002,29.335040450075002,29.314585,29.2995375,29.426645,0.07755923499999895,0.0749315595749982,0.09454484227499904
a100,c0021,channels,2,524288,LL128,LL128,24,16,0,108,0,20,20,100,0,False,channels_unrealized,5.2428799999999995,205237,1,30.8121609688,30.8121609688,30.8121609688,30.88216,30.88216,30.88216,0.06999903119999829,0.06999903119999829,0.06999903119999829
a100,c0021,channels,2,524288,LL128,LL128,24,16,0,108,0,20,20,100,0,False,channels_unrealized,5.2428799999999995,205466,4,30.873599052449997,30.81983923915,30.909439325325,30.945974999999997,30.894122499999998,30.982499999999998,0.07366047975000001,0.07241840857500037,0.07621005914999923
a100,c0021,channels,2,1048576,LL128,LL128,24,22,0,108,0,20,20,100,0,False,channels_unrealized,10.485759999999999,205237,1,37.5808000565,37.5808000565,37.5808000565,37.65502,37.65502,37.65502,0.0742199434999975,0.0742199434999975,0.0742199434999975
a100,c0021,channels,2,1048576,LL128,LL128,24,22,0,108,0,20,20,100,0,False,channels_unrealized,10.485759999999999,205466,4,37.519359588650005,37.442559599875,37.6729601622,37.595705,37.51858,37.7624225,0.07634541135000106,0.07448219834999747,0.09100053957500265
a100,c0021,channels,2,1572864,LL128,LL128,24,24,0,108,0,20,20,100,0,True,,15.72864,205237,1,45.4758405685,45.4758405685,45.4758405685,45.55475,45.55475,45.55475,0.0789094315000014,0.0789094315000014,0.0789094315000014
a100,c0021,channels,2,1572864,LL128,LL128,24,24,0,108,0,20,20,100,0,True,,15.72864,205466,4,45.32223939895,45.271039009075,45.370879173300004,45.395084999999995,45.3407025,45.450424999999996,0.07849091290000132,0.07530880277500529,0.07954582669999688
a100,c0021,channels,2,2097152,LL128,LL128,24,22,0,108,0,20,20,100,0,False,channels_unrealized,20.971519999999998,205237,1,54.2515182495,54.2515182495,54.2515182495,54.3426,54.3426,54.3426,0.09108175049999545,0.09108175049999545,0.09108175049999545
a100,c0021,channels,2,2097152,LL128,LL128,24,22,0,108,0,20,20,100,0,False,channels_unrealized,20.971519999999998,205466,4,53.882877826699996,53.85727882385,53.916158676175,53.961005,53.9424925,53.98929,0.08230848004999913,0.07692398685000157,0.08560231987499733
a100,c0021,channels,2,3145728,LL128,LL128,24,24,0,108,0,20,20,100,0,True,,31.45728,205237,1,67.5635194778,67.5635194778,67.5635194778,67.64755,67.64755,67.64755,0.08403052219999552,0.08403052219999552,0.08403052219999552
a100,c0021,channels,2,3145728,LL128,LL128,24,24,0,108,0,20,20,100,0,True,,31.45728,205466,4,67.44063854219999,67.353597879425,67.5942397118,67.52015,67.431805,67.6743775,0.07849215954999522,0.07775372389999191,0.07957188662500059
a100,c0021,channels,2,4194304,LL128,LL128,24,24,0,108,0,20,20,100,0,True,,41.943039999999996,205237,1,82.3603153229,82.3603153229,82.3603153229,82.4504,82.4504,82.4504,0.090084677100009,0.090084677100009,0.090084677100009
a100,c0021,channels,2,4194304,LL128,LL128,24,24,0,108,0,20,20,100,0,True,,41.943039999999996,205466,4,82.3500776291,82.211837768575,82.54463911055001,82.43401,82.29349,82.64615,0.08393237090000127,0.08165223142500722,0.10151088944999387
a100,c0021,channels,2,6291456,LL128,LL128,24,24,0,108,0,20,20,100,0,True,,62.91456,205237,1,112.865276337,112.865276337,112.865276337,112.95162,112.95162,112.95162,0.08634366300000806,0.08634366300000806,0.08634366300000806
a100,c0021,channels,2,6291456,LL128,LL128,24,24,0,108,0,20,20,100,0,True,,62.91456,205466,4,112.71167755100001,112.65791892975,112.7654385565,112.7948,112.738115,112.85157,0.0832876804999998,0.08082521249999886,0.08566753274999783
a100,c0022,channels,2,262144,LL128,LL128,28,16,0,108,0,20,20,100,0,False,channels_unrealized,2.6214399999999998,205237,2,28.257280588150003,28.075520396225002,28.439040780075,28.37341,28.171975,28.574845,0.11612941184999848,0.09645460377499848,0.13580421992499847
a100,c0022,channels,2,262144,LL128,LL128,28,16,0,108,0,20,20,100,0,False,channels_unrealized,2.6214399999999998,205466,3,28.0985593796,27.92447924615,28.11391949655,28.17152,28.00535,28.18655,0.07296062039999995,0.0726305034500001,0.0808707538500002
a100,c0022,channels,2,458752,LL128,LL128,28,28,0,108,0,20,20,100,0,True,,4.5875200000000005,205237,2,29.808640480050002,29.798400402075,29.818880558025,29.881515,29.8732975,29.8897325,0.07287451995000005,0.07085194197500133,0.07489709792499877
a100,c0022,channels,2,458752,LL128,LL128,28,28,0,108,0,20,20,100,0,True,,4.5875200000000005,205466,3,30.1977610588,30.0441610813,30.22336006165,30.27688,30.12033,30.304535,0.0791189411999973,0.07616891869999876,0.08117493834999934
a100,c0022,channels,2,524288,LL128,LL128,28,16,0,108,0,20,20,100,0,False,channels_unrealized,5.2428799999999995,205237,2,30.760960578899997,30.745600461949998,30.77632069585,30.830505,30.817102499999997,30.8439075,0.06954442109999981,0.0675868041499994,0.07150203805000022
a100,c0022,channels,2,524288,LL128,LL128,28,16,0,108,0,20,20,100,0,False,channels_unrealized,5.2428799999999995,205466,3,30.9247994423,30.786559581749998,30.929919481299997,30.99588,30.859565,31.00349,0.07493027880000014,0.07300541825000018,0.07549537925000038
a100,c0022,channels,2,1048576,LL128,LL128,28,22,0,108,0,20,20,100,0,False,channels_unrealized,10.485759999999999,205237,2,37.6422405243,37.6012802124,37.6832008362,37.725445,37.6862725,37.7646175,0.08320447570000056,0.0814166637999989,0.08499228760000221
a100,c0022,channels,2,1048576,LL128,LL128,28,22,0,108,0,20,20,100,0,False,channels_unrealized,10.485759999999999,205466,3,37.4783992767,37.39647984505,37.4783992767,37.55582,37.469655,37.56063,0.07742072329999417,0.07317515494999682,0.08223072329999681
a100,c0022,channels,2,1835008,LL128,LL128,28,28,0,108,0,20,20,100,0,True,,18.350080000000002,205237,2,48.95743846895,48.926718235025,48.988158702875,49.041615,49.0124325,49.0707975,0.08417653105000156,0.08263879712500177,0.08571426497500134
a100,c0022,channels,2,1835008,LL128,LL128,28,28,0,108,0,20,20,100,0,True,,18.350080000000002,205466,3,48.9983987808,48.936958313000005,49.223680496200004,49.07313,49.01426,49.334085,0.07987215480000032,0.07730168699999851,0.11297497159999992
a100,c0022,channels,2,2097152,LL128,LL128,28,26,0,108,0,20,20,100,0,False,channels_unrealized,20.971519999999998,205237,2,54.010879993450004,53.962239027025,54.059520959875,54.091705,54.0455675,54.1378425,0.08082500654999691,0.07832154012499792,0.0833284729749959
a100,c0022,channels,2,2097152,LL128,LL128,28,26,0,108,0,20,20,100,0,False,channels_unrealized,20.971519999999998,205466,3,54.1081619263,54.016001224549996,54.353921413449996,54.19761,54.10007,54.472089999999994,0.08944807369999808,0.08406877544999958,0.11816858654999862
a100,c0022,channels,2,3145728,LL128,LL128,28,28,0,108,0,20,20,100,0,True,,31.45728,205237,2,67.13343858715001,67.08735823627501,67.179518938025,67.21256,67.165695,67.25942500000001,0.07912141285000018,0.07833676372499809,0.07990606197500227
a100,c0022,channels,2,3145728,LL128,LL128,28,28,0,108,0,20,20,100,0,True,,31.45728,205466,3,66.9184017181,66.89792156215,67.08736181255,66.99508,66.981315,67.168875,0.08634809299999802,0.08151318744999969,0.0882283433999973
a100,c0022,channels,2,3670016,LL128,LL128,28,28,0,108,0,20,20,100,0,True,,36.700160000000004,205237,2,75.64799785615,75.568637847925,75.727357864375,75.72878,75.65161,75.80595,0.08078214385000138,0.07859213562500145,0.0829721520750013
a100,c0022,channels,2,3670016,LL128,LL128,28,28,0,108,0,20,20,100,0,True,,36.700160000000004,205466,3,75.8579206467,75.60703992845,75.91423988345,75.93944,75.68715,76.025405,0.08151935330000981,0.08011007155000271,0.11116511655000494
a100,c0022,channels,2,4194304,LL128,LL128,28,26,0,108,0,20,20,100,0,False,channels_unrealized,41.943039999999996,205237,2,82.01727867125,81.835517883275,82.19903945922499,82.13057,81.93304,82.3281,0.1132913287500088,0.09752211672500977,0.12906054077500784
a100,c0022,channels,2,4194304,LL128,LL128,28,26,0,108,0,20,20,100,0,False,channels_unrealized,41.943039999999996,205466,3,81.7356777191,81.6486406326,81.79199695585,81.80414,81.72473500000001,81.868915,0.08372645389999889,0.0760943674000032,0.08455013065000117
a100,c0022,channels,2,7340032,LL128,LL128,28,28,0,108,0,20,20,100,0,True,,73.40032000000001,205237,2,131.5788793565,131.57119989425,131.58655881875,131.653865,131.6442475,131.6634825,0.07498564349999981,0.07304760574999847,0.07692368125000115
a100,c0022,channels,2,7340032,LL128,LL128,28,28,0,108,0,20,20,100,0,True,,73.40032000000001,205466,3,131.246080399,131.225600243,131.3689613345,131.33345,131.31161,131.44897,0.0846499129999927,0.0786488214999963,0.08600975699999935
a100,c0023,channels,2,262144,LL128,LL128,32,16,0,108,0,20,20,100,0,False,channels_unrealized,2.6214399999999998,205466,5,28.1087994576,28.0985593796,28.2931208611,28.18205,28.17132,28.37562,0.08225080929999962,0.07325054240000028,0.08249913890000116
a100,c0023,channels,2,524288,LL128,LL128,32,32,0,108,0,20,20,100,0,True,,5.2428799999999995,205466,5,31.7235207558,31.3139200211,32.1228790283,31.80312,31.38932,32.19267,0.07587099259999874,0.07539997890000194,0.07959924420000064
a100,c0023,channels,2,1048576,LL128,LL128,32,32,0,108,0,20,20,100,0,True,,10.485759999999999,205466,5,37.9596805573,37.7446389198,38.0211210251,38.10488,38.03955,38.2222,0.07986944270000151,0.07478947570000116,0.08375897490000028
a100,c0023,channels,2,2097152,LL128,LL128,32,32,0,108,0,20,20,100,0,True,,20.971519999999998,205466,5,52.2854423523,52.2649621964,52.3980808258,52.36427,52.34123,52.47258,0.07626780360000396,0.07449917419999963,0.0788276476999954
a100,c0023,channels,2,3145728,LL128,LL128,32,32,0,108,0,20,20,100,0,True,,31.45728,205466,5,67.3587179184,66.9491195679,67.3587179184,67.43474,67.02895,67.43704,0.07854890560000172,0.07832208159999254,0.07983043209999607
a100,c0023,channels,2,4194304,LL128,LL128,32,32,0,108,0,20,20,100,0,True,,41.943039999999996,205466,5,81.4694404602,81.3977622986,81.7356777191,81.55456,81.4763,81.81948,0.0838022809000023,0.08055648680000616,0.08511953979999021
a100,c0023,channels,2,8388608,LL128,LL128,32,32,0,108,0,20,20,100,0,True,,83.88607999999999,205466,5,143.441915512,143.329277039,143.441915512,143.52346,143.40672,143.52736,0.08064928499999269,0.0774429610000027,0.08154448799999159
a100,c0024,channels,2,16384,SIMPLE,SIMPLE,1,1,0,108,0,17,20,100,0,True,,0.16383999999999999,205466,5,35.573759079,35.4611206055,36.1062407494,35.64724,35.53773,36.23327,0.0766093945000037,0.07348092099999803,0.12702925059999615
a100,c0024,channels,2,65536,SIMPLE,SIMPLE,1,1,0,108,0,17,20,100,0,True,,0.6553599999999999,205466,5,38.3692789078,38.3180809021,38.4204792976,38.44914,38.38692,38.49544,0.07603015659999812,0.07496070240000563,0.07986109219999804
a100,c0024,channels,2,131072,SIMPLE,SIMPLE,1,1,0,108,0,17,20,100,0,True,,1.3107199999999999,205466,5,45.9878396988,45.8854389191,46.2131214142,46.06803,45.96422,46.29868,0.0795016387999965,0.07878108090000069,0.08019030119999826
a100,c0024,channels,2,262144,SIMPLE,SIMPLE,1,1,0,108,0,17,20,100,0,True,,2.6214399999999998,205466,5,56.309762001,56.2688016891,56.4326381683,56.39033,56.34965,56.50356,0.0805679989999959,0.070921831699998,0.08084831089999511
a100,c0024,channels,2,524288,SIMPLE,SIMPLE,1,1,0,108,0,17,20,100,0,True,,5.2428799999999995,205466,5,77.0764780045,76.2265586853,77.2096014023,77.16079,76.30868,77.29124,0.0816385977000067,0.08007869899999775,0.08212131469998951
a100,c0024,channels,2,1048576,SIMPLE,SIMPLE,1,1,0,108,0,17,20,100,0,True,,10.485759999999999,205466,5,114.483203888,114.38079834,114.544639587,114.62643,114.46352,114.6265,0.08272166000000425,0.08179041299999312,0.0936144009999964
a100,c0024,channels,2,2097152,SIMPLE,SIMPLE,1,1,0,108,0,17,20,100,0,True,,20.971519999999998,205466,5,185.559043884,185.53855896,185.65120697,185.64269,185.61813,185.73927,0.08364611599998284,0.07957104000001891,0.0844975280000142
a100,c0024,channels,2,3145728,SIMPLE,SIMPLE,1,1,0,108,0,17,20,100,0,True,,31.45728,205466,5,255.487995148,254.525432587,255.600643158,255.57382,254.60806,255.68178,0.08262741299998311,0.08113684200000648,0.08363920499999722
a100,c0024,channels,2,4194304,SIMPLE,SIMPLE,1,1,0,108,0,17,20,100,0,True,,41.943039999999996,205466,5,324.884490967,324.80255127,324.997138977,324.96252,324.87896,325.07775,0.08061102299996037,0.07802903300000708,0.08552807400002393
a100,c0025,channels,2,32768,SIMPLE,SIMPLE,2,2,0,108,0,17,20,100,0,True,,0.32767999999999997,205237,2,38.010879755,37.652480006199994,38.3692795038,38.117105,37.7429325,38.4912775,0.10622524500000452,0.09045249380000442,0.12199799620000462
a100,c0025,channels,2,32768,SIMPLE,SIMPLE,2,2,0,108,0,17,20,100,0,True,,0.32767999999999997,205466,3,37.8265595436,37.6473593712,38.33855986595,37.9092,37.725894999999994,38.439674999999994,0.08264045640000006,0.07853562879999743,0.10111513404999783
a100,c0025,channels,2,131072,SIMPLE,SIMPLE,2,2,0,108,0,17,20,100,0,True,,1.3107199999999999,205237,2,40.6272006035,40.48128008845,40.77312111855,40.707854999999995,40.5616525,40.854057499999996,0.08065439649999817,0.08037241154999997,0.08093638144999638
a100,c0025,channels,2,131072,SIMPLE,SIMPLE,2,2,0,108,0,17,20,100,0,True,,1.3107199999999999,205466,3,40.7961606979,40.74496030805,40.82175970075,40.87202,40.823025,40.893805,0.07585930209999958,0.07204529925000003,0.07806469195000076
a100,c0025,channels,2,262144,SIMPLE,SIMPLE,2,2,0,108,0,17,20,100,0,True,,2.6214399999999998,205237,2,47.646720409349996,47.411199808075,47.882241010625,47.72228,47.482895,47.961665,0.07555959065000195,0.07169519192500218,0.07942398937500172
a100,c0025,channels,2,262144,SIMPLE,SIMPLE,2,2,0,108,0,17,20,100,0,True,,2.6214399999999998,205466,3,48.1587219238,48.087041378,48.435201644900005,48.24283,48.167985,48.547465,0.08410807619999616,0.08094362199999594,0.11226335509999785
a100,c0025,channels,2,524288,SIMPLE,SIMPLE,2,2,0,108,0,17,20,100,0,True,,5.2428799999999995,205237,2,58.07615995405,57.858558893175,58.293761014925,58.15966,57.94104,58.37828,0.0835000459499966,0.08248110682499643,0.08451898507499678
a100,c0025,channels,2,524288,SIMPLE,SIMPLE,2,2,0,108,0,17,20,100,0,True,,5.2428799999999995,205466,3,58.2041597366,58.1785607338,58.46015930175,58.28499,58.261245,58.53998,0.08083026340000288,0.07982069824999982,0.08268426620000113
a100,c0025,channels,2,1048576,SIMPLE,SIMPLE,2,2,0,108,0,17,20,100,0,True,,10.485759999999999,205237,2,79.2883181572,79.26271796225001,79.31391835215,79.37201999999999,79.348645,79.395395,0.08370184279999648,0.0814766478499962,0.08592703774999677
a100,c0025,channels,2,1048576,SIMPLE,SIMPLE,2,2,0,108,0,17,20,100,0,True,,10.485759999999999,205466,3,78.9606380463,78.9503979683,79.15519952775,79.03851,79.02989,79.26665,0.08111210970000116,0.07949203169999919,0.11307055025000068
a100,c0025,channels,2,2097152,SIMPLE,SIMPLE,2,2,0,108,0,17,20,100,0,True,,20.971519999999998,205237,2,116.469759941,116.418559551,116.520960331,116.54896,116.502065,116.595855,0.07920005900000149,0.07489466900000252,0.08350544900000045
a100,c0025,channels,2,2097152,SIMPLE,SIMPLE,2,2,0,108,0,17,20,100,0,True,,20.971519999999998,205466,3,116.684799194,116.59264087650001,116.725759506,116.76295,116.67318,116.80533,0.08099018200000785,0.07957049400000216,0.08195881150000162
a100,c0025,channels,2,3145728,SIMPLE,SIMPLE,2,2,0,108,0,17,20,100,0,True,,31.45728,205237,2,153.0726385115,152.93695688225,153.20832014075,153.170285,153.0449475,153.2956225,0.09764648850000412,0.08730235925000329,0.10799061775000496
a100,c0025,channels,2,3145728,SIMPLE,SIMPLE,2,2,0,108,0,17,20,100,0,True,,31.45728,205466,3,153.139200211,153.12384128600002,153.395199776,153.21254,153.205075,153.47328499999998,0.08283065899999542,0.07808522399999163,0.08597914899999637
a100,c0025,channels,2,4194304,SIMPLE,SIMPLE,2,2,0,108,0,17,20,100,0,True,,41.943039999999996,205237,2,187.92448043849998,187.79647827175,188.05248260525,188.011425,187.8819075,188.1409425,0.08694456150000462,0.08542922824999977,0.08845989475000948
a100,c0025,channels,2,4194304,SIMPLE,SIMPLE,2,2,0,108,0,17,20,100,0,True,,41.943039999999996,205466,3,188.078079224,187.9961586,188.231678009,188.16143,188.07967,188.31106499999999,0.08335077600000318,0.0793869910000069,0.08351139999999191
a100,c0026,channels,2,65536,SIMPLE,SIMPLE,4,4,0,108,0,17,20,100,0,True,,0.6553599999999999,205466,5,38.5023999214,38.4511995316,38.666241169,38.58581,38.52899,38.74551,0.07779046840000348,0.07541093630000262,0.07926883100000026
a100,c0026,channels,2,262144,SIMPLE,SIMPLE,4,4,0,108,0,17,20,100,0,True,,2.6214399999999998,205466,5,41.9430398941,41.7484807968,42.2195196152,42.01171,41.82285,42.29747,0.07795038479999761,0.07436920319999984,0.08787951509999914
a100,c0026,channels,2,524288,SIMPLE,SIMPLE,4,4,0,108,0,17,20,100,0,True,,5.2428799999999995,205466,5,49.3363189697,49.3158388138,49.7971200943,49.41278,49.39455,49.86625,0.07646103029999551,0.07403934779999588,0.07871118620000317
a100,c0026,channels,2,1048576,SIMPLE,SIMPLE,4,4,0,108,0,17,20,100,0,True,,10.485759999999999,205466,5,60.4262399673,60.4057598114,60.477437973,60.51349,60.48484,60.55376,0.07908018859999544,0.07680835020000387,0.08176149319999837
a100,c0026,channels,2,2097152,SIMPLE,SIMPLE,4,4,0,108,0,17,20,100,0,True,,20.971519999999998,205466,5,83.7017631531,83.650560379,83.7939167023,83.77855,83.72534,83.87263,0.07871329770000557,0.07678684689999216,0.07985525450000353
a100,c0026,channels,2,3145728,SIMPLE,SIMPLE,4,4,0,108,0,17,20,100,0,True,,31.45728,205466,5,104.939517975,104.919042587,104.960002899,105.03935,104.99897,105.06931,0.07992741299999295,0.0797542079999971,0.12979202500000042
a100,c0026,channels,2,4194304,SIMPLE,SIMPLE,4,4,0,108,0,17,20,100,0,True,,41.943039999999996,205466,5,126.597118378,126.044158936,126.627836227,126.68288,126.1198,126.70513,0.07729377299999385,0.0756410639999956,0.0857616219999926
a100,c0027,channels,2,131072,SIMPLE,SIMPLE,8,8,0,108,0,17,20,100,0,True,,1.3107199999999999,205466,5,39.1884803772,39.1680002213,39.4547200203,39.26101,39.24788,39.52731,0.0776095898000051,0.07258997969999825,0.07987887600000221
a100,c0027,channels,2,262144,SIMPLE,SIMPLE,8,8,0,108,0,17,20,100,0,True,,2.6214399999999998,205466,5,40.6323194504,40.5606412888,40.6527996063,40.7102,40.63636,40.72924,0.07644039369999689,0.07571871120000395,0.07740145230000195
a100,c0027,channels,2,524288,SIMPLE,SIMPLE,8,8,0,108,0,17,20,100,0,True,,5.2428799999999995,205466,5,43.6531209946,43.5916805267,43.7247991562,43.73343,43.6591,43.80627,0.08006049899999823,0.06741947329999931,0.08030900539999664
a100,c0027,channels,2,1048576,SIMPLE,SIMPLE,8,8,0,108,0,17,20,100,0,True,,10.485759999999999,205466,5,52.7564811707,52.4800014496,52.7769613266,52.88257,52.55434,52.91364,0.1260888293000022,0.08448814850000019,0.13072851750000325
a100,c0027,channels,2,2097152,SIMPLE,SIMPLE,8,8,0,108,0,17,20,100,0,True,,20.971519999999998,205466,5,68.0243206024,67.8092813492,68.0448007584,68.11034,67.89302,68.13037,0.08556924159999824,0.08373865080000087,0.08601939759999766
a100,c0027,channels,2,3145728,SIMPLE,SIMPLE,8,8,0,108,0,17,20,100,0,True,,31.45728,205466,5,83.8451194763,83.7529563904,83.9782428741,83.92272,83.82414,84.05719,0.07760052369999926,0.07118360959999848,0.07835024480000641
a100,c0027,channels,2,4194304,SIMPLE,SIMPLE,8,8,0,108,0,17,20,100,0,True,,41.943039999999996,205466,5,97.7100753784,97.556476593,97.9660797119,97.78847,97.62946,98.04997,0.08101633240001149,0.07839462159999755,0.08389028810000809
a100,c0028,channels,2,196608,SIMPLE,SIMPLE,12,12,0,108,0,17,20,100,0,True,,1.96608,205466,5,39.5264005661,39.4137597084,39.7004795074,39.60287,39.49164,39.7749,0.07621075939999855,0.07599924499999844,0.0764694339000016
a100,c0028,channels,2,262144,SIMPLE,SIMPLE,12,8,0,108,0,17,20,100,0,False,channels_unrealized,2.6214399999999998,205466,5,40.407037735,40.2841615677,40.478720665,40.49148,40.36394,40.553,0.07977843230000303,0.07753105039999753,0.0839387111999983
a100,c0028,channels,2,524288,SIMPLE,SIMPLE,12,11,0,108,0,17,20,100,0,False,channels_unrealized,5.2428799999999995,205466,5,42.874879837,42.8339195251,43.0079984665,42.96034,42.91635,43.09029,0.08243047490000066,0.08229153350000473,0.08546016300000048
a100,c0028,channels,2,786432,SIMPLE,SIMPLE,12,12,0,108,0,17,20,100,0,True,,7.86432,205466,5,46.2336015701,46.1823987961,46.3462400436,46.31,46.2593,46.41801,0.0763984299000029,0.07531889770000078,0.07690120390000033
a100,c0028,channels,2,1048576,SIMPLE,SIMPLE,12,11,0,108,0,17,20,100,0,False,channels_unrealized,10.485759999999999,205466,5,51.5174388885,51.4867210388,51.7427206039,51.60711,51.56934,51.81772,0.0774695850000029,0.07499939610000439,0.0826189611999979
a100,c0028,channels,2,1572864,SIMPLE,SIMPLE,12,12,0,108,0,17,20,100,0,True,,15.72864,205466,5,56.7091178894,56.4838409424,57.4873590469,56.78941,56.56237,57.64446,0.08029211059999852,0.07852905760000084,0.14524771119999969
a100,c0028,channels,2,2097152,SIMPLE,SIMPLE,12,12,0,108,0,17,20,100,0,True,,20.971519999999998,205466,5,63.7644815445,63.7337589264,64.5324802399,63.83329,63.81125,64.67061,0.07749107360000096,0.07160988309999539,0.07876939120000515
a100,c0028,channels,2,3145728,SIMPLE,SIMPLE,12,12,0,108,0,17,20,100,0,True,,31.45728,205466,5,78.0800008774,77.9161596298,78.0902385712,78.15281,77.9966,78.16534,0.07510142879999648,0.07358821990000308,0.0804403701999945
a100,c0028,channels,2,4194304,SIMPLE,SIMPLE,12,12,0,108,0,17,20,100,0,True,,41.943039999999996,205466,5,92.9279994965,92.7334403992,92.9382419586,93.01296,92.80927,93.01897,0.0806214721999936,0.07582960079999168,0.08072804139999334
a100,c0029,channels,2,262144,SIMPLE,SIMPLE,16,16,0,108,0,17,20,100,0,True,,2.6214399999999998,205237,3,40.089597702,40.00767827035,40.2073597908,40.16506,40.082445,40.28514,0.07546229799999793,0.0747667296500012,0.07778020920000017
a100,c0029,channels,2,262144,SIMPLE,SIMPLE,16,16,0,108,0,17,20,100,0,True,,2.6214399999999998,205466,2,40.719361305250004,40.394241809875,41.044480800625,40.814405,40.4745475,41.1542625,0.09504369475000018,0.08030569012499988,0.10978169937500049
a100,c0029,channels,2,524288,SIMPLE,SIMPLE,16,16,0,108,0,17,20,100,0,True,,5.2428799999999995,205237,3,43.8988780975,43.17183971405,43.9705586433,44.01928,43.272395,44.093925,0.12040190249999938,0.10055528594999785,0.12336635670000007
a100,c0029,channels,2,524288,SIMPLE,SIMPLE,16,16,0,108,0,17,20,100,0,True,,5.2428799999999995,205466,2,42.53695964815,42.501120567324996,42.572798728975,42.614475,42.5817075,42.647242500000004,0.07751535185000336,0.07444377102500255,0.08058693267500416
a100,c0029,channels,2,1048576,SIMPLE,SIMPLE,16,16,0,108,0,17,20,100,0,True,,10.485759999999999,205237,3,50.2886390686,49.8278403282,50.5139183998,50.36903,49.906885,50.623175,0.08039093140000375,0.07904467180000196,0.10925660020000194
a100,c0029,channels,2,1048576,SIMPLE,SIMPLE,16,16,0,108,0,17,20,100,0,True,,10.485759999999999,205466,2,49.43360090255,49.425920248024994,49.441281557075,49.512375,49.5055675,49.5191825,0.07877409745000108,0.07790094292500171,0.07964725197500044
a100,c0029,channels,2,2097152,SIMPLE,SIMPLE,16,16,0,108,0,17,20,100,0,True,,20.971519999999998,205237,3,61.8803215027,61.85472011565,61.9110417366,61.95649,61.93269,61.990495,0.07977127139999851,0.07796988435000074,0.08125465044999913
a100,c0029,channels,2,2097152,SIMPLE,SIMPLE,16,16,0,108,0,17,20,100,0,True,,20.971519999999998,205466,2,61.8854379654,61.8265581131,61.9443178177,61.962085,61.9021675,62.0220025,0.07664703460000055,0.07560938690000185,0.07768468229999925
a100,c0029,channels,2,3145728,SIMPLE,SIMPLE,16,16,0,108,0,17,20,100,0,True,,31.45728,205237,3,75.0694417953,75.05920171734999,75.3356814384,75.1476,75.135535,75.40941000000001,0.07450836059999233,0.07190363955000123,0.07633328264999761
a100,c0029,channels,2,3145728,SIMPLE,SIMPLE,16,16,0,108,0,17,20,100,0,True,,31.45728,205466,2,75.7196807861,75.56864023205,75.87072134015,75.82813,75.663915,75.992345,0.10844921390000195,0.09527476795000211,0.12162365985000179
a100,c0029,channels,2,4194304,SIMPLE,SIMPLE,16,16,0,108,0,17,20,100,0,True,,41.943039999999996,205237,3,89.026556015,88.96512031555,89.2006397247,89.10674,89.04321999999999,89.284325,0.08018398500000501,0.07809968445000237,0.08368527530000591
a100,c0029,channels,2,4194304,SIMPLE,SIMPLE,16,16,0,108,0,17,20,100,0,True,,41.943039999999996,205466,2,89.0214395523,88.9574408531,89.0854382515,89.10177,89.03822500000001,89.16531499999999,0.08033044770000686,0.07987674850000559,0.08078414690000812
a100,c0030,channels,2,262144,SIMPLE,SIMPLE,20,16,0,108,0,17,20,100,0,False,channels_unrealized,2.6214399999999998,205237,3,40.2841615677,40.0998413563,40.2892804146,40.36905,40.18309,40.370055,0.08160885510000071,0.0791347968000018,0.08324864370000284
a100,c0030,channels,2,262144,SIMPLE,SIMPLE,20,16,0,108,0,17,20,100,0,False,channels_unrealized,2.6214399999999998,205466,2,40.9600019455,40.67328214645,41.24672174455,41.067045,40.7697475,41.3643425,0.10704305450000007,0.09646535355000019,0.11762075544999995
a100,c0030,channels,2,327680,SIMPLE,SIMPLE,20,20,0,108,0,17,20,100,0,True,,3.2768,205237,3,40.3353595734,40.30976057055,40.340480804449996,40.41664,40.38814,40.421040000000005,0.07983796450000114,0.07765819840000177,0.08055919555000202
a100,c0030,channels,2,327680,SIMPLE,SIMPLE,20,20,0,108,0,17,20,100,0,True,,3.2768,205466,2,40.5503988266,40.54015874865,40.56063890455,40.624335,40.6151175,40.6335525,0.07393617339999992,0.0729135954500002,0.07495875134999963
a100,c0030,channels,2,524288,SIMPLE,SIMPLE,20,16,0,108,0,17,20,100,0,False,channels_unrealized,5.2428799999999995,205237,3,43.5814380646,43.576319217700004,43.6172795296,43.72682,43.717699999999994,43.757329999999996,0.13737962919999802,0.13604931729999947,0.14138078229999707
a100,c0030,channels,2,524288,SIMPLE,SIMPLE,20,16,0,108,0,17,20,100,0,False,channels_unrealized,5.2428799999999995,205466,2,42.84927845,42.739198207849995,42.959358692150005,42.933895,42.8237325,43.0440575,0.08461654999999979,0.08453429214999986,0.08469880784999972
a100,c0030,channels,2,1048576,SIMPLE,SIMPLE,20,16,0,108,0,17,20,100,0,False,channels_unrealized,10.485759999999999,205237,3,49.1007995605,49.05983924865,49.16224002835,49.17634,49.134405,49.238805,0.07554043950000278,0.07456575135000065,0.07656497165000431
a100,c0030,channels,2,1048576,SIMPLE,SIMPLE,20,16,0,108,0,17,20,100,0,False,channels_unrealized,10.485759999999999,205466,2,49.1571211815,49.15456175805,49.15968060495,49.230585000000005,49.2290575,49.2321125,0.07346381850000228,0.07243189505000203,0.07449574195000253
a100,c0030,channels,2,1310720,SIMPLE,SIMPLE,20,20,0,108,0,17,20,100,0,True,,13.1072,205237,3,52.1523189545,52.1369600296,52.2956800461,52.23053,52.211985,52.375805,0.07821104550000513,0.07502497040000478,0.0801249539000004
a100,c0030,channels,2,1310720,SIMPLE,SIMPLE,20,20,0,108,0,17,20,100,0,True,,13.1072,205466,2,52.3980784416,52.3622381687,52.433918714499995,52.477945,52.4427525,52.5131375,0.07986655839999912,0.07921878550000017,0.08051433129999808
a100,c0030,channels,2,2097152,SIMPLE,SIMPLE,20,19,0,108,0,17,20,100,0,False,channels_unrealized,20.971519999999998,205237,3,61.1737585068,61.15327835085,61.2044787407,61.25182,61.23509,61.280575,0.07806149320000344,0.07609625930000163,0.08181164915000139
a100,c0030,channels,2,2097152,SIMPLE,SIMPLE,20,19,0,108,0,17,20,100,0,False,channels_unrealized,20.971519999999998,205466,2,62.039039134999996,61.734398603449996,62.34367966655,62.140135,61.824977499999996,62.4552925,0.10109586499999779,0.0905788965499994,0.11161283344999617
a100,c0030,channels,2,2621440,SIMPLE,SIMPLE,20,20,0,108,0,17,20,100,0,True,,26.2144,205237,3,66.9491195679,66.897919178,66.96448087695,67.02585,66.976655,67.041435,0.07717781399999524,0.07695412305000104,0.07895951294999293
a100,c0030,channels,2,2621440,SIMPLE,SIMPLE,20,20,0,108,0,17,20,100,0,True,,26.2144,205466,2,67.17439889905,67.128318548175,67.22047924992499,67.24793,67.200365,67.29549499999999,0.07353110094999948,0.07204645182499902,0.07501575007499994
a100,c0030,channels,2,3145728,SIMPLE,SIMPLE,20,20,0,108,0,17,20,100,0,True,,31.45728,205237,3,73.9225578308,73.89183998105,74.04543876645,73.9912,73.968845,74.11853500000001,0.07755029789998957,0.07309623354999673,0.08145908329999685
a100,c0030,channels,2,3145728,SIMPLE,SIMPLE,20,20,0,108,0,17,20,100,0,True,,31.45728,205466,2,74.35264110565001,74.280960559825,74.424321651475,74.42897500000001,74.3551075,74.5028425,0.07633389435000026,0.07414694017499812,0.0785208485250024
a100,c0030,channels,2,4194304,SIMPLE,SIMPLE,20,20,0,108,0,17,20,100,0,True,,41.943039999999996,205237,3,87.9411220551,87.76704311374999,87.96671867375,88.02664,87.853015,88.04874000000001,0.08551794490000475,0.08202132625000758,0.0859718862500003
a100,c0030,channels,2,4194304,SIMPLE,SIMPLE,20,20,0,108,0,17,20,100,0,True,,41.943039999999996,205466,2,88.17152023315,87.953920364375,88.389120101925,88.24622500000001,88.0290775,88.4633725,0.07470476685000449,0.07425239807500361,0.07515713562500537
a100,c0030,channels,2,5242880,SIMPLE,SIMPLE,20,20,0,108,0,17,20,100,0,True,,52.4288,205237,3,101.857280731,101.811199188,101.92895889249999,101.9478,101.894555,102.01352,0.07860294600000373,0.07739765049999647,0.08456110750000079
a100,c0030,channels,2,5242880,SIMPLE,SIMPLE,20,20,0,108,0,17,20,100,0,True,,52.4288,205466,2,102.4051189425,102.16191768675,102.64832019824999,102.48508000000001,102.241735,102.728425,0.07996105750000737,0.07981731325000752,0.08010480175000723
a100,c0031,channels,2,262144,SIMPLE,SIMPLE,22,16,0,108,0,17,20,100,0,False,channels_unrealized,2.6214399999999998,205237,1,39.8131203651,39.8131203651,39.8131203651,39.8827,39.8827,39.8827,0.06957963490000196,0.06957963490000196,0.06957963490000196
a100,c0031,channels,2,262144,SIMPLE,SIMPLE,22,16,0,108,0,17,20,100,0,False,channels_unrealized,2.6214399999999998,205466,4,40.28928041455,40.174079537375,40.558081865275,40.364279999999994,40.252514999999995,40.6428425,0.07738003074999966,0.07407894435000095,0.09149759829999837
a100,c0031,channels,2,360448,SIMPLE,SIMPLE,22,22,0,108,0,17,20,100,0,True,,3.6044799999999997,205237,1,40.4479980469,40.4479980469,40.4479980469,40.52384,40.52384,40.52384,0.07584195310000297,0.07584195310000297,0.07584195310000297
a100,c0031,channels,2,360448,SIMPLE,SIMPLE,22,22,0,108,0,17,20,100,0,True,,3.6044799999999997,205466,4,40.504319667800004,40.471041202525,40.517119169225,40.585255000000004,40.5518175,40.5971025,0.08024517624999916,0.07895552712499843,0.08111394517499981
a100,c0031,channels,2,524288,SIMPLE,SIMPLE,22,16,0,108,0,17,20,100,0,False,channels_unrealized,5.2428799999999995,205237,1,42.4652814865,42.4652814865,42.4652814865,42.53683,42.53683,42.53683,0.07154851350000513,0.07154851350000513,0.07154851350000513
a100,c0031,channels,2,524288,SIMPLE,SIMPLE,22,16,0,108,0,17,20,100,0,False,channels_unrealized,5.2428799999999995,205466,4,42.53695964815,42.419201135624995,42.90815830235,42.615025,42.497749999999996,43.0058525,0.0780653518500003,0.07705912189999964,0.09918394012500009
a100,c0031,channels,2,1048576,SIMPLE,SIMPLE,22,22,0,108,0,17,20,100,0,True,,10.485759999999999,205237,1,48.4044790268,48.4044790268,48.4044790268,48.48259,48.48259,48.48259,0.07811097320000471,0.07811097320000471,0.07811097320000471
a100,c0031,channels,2,1048576,SIMPLE,SIMPLE,22,22,0,108,0,17,20,100,0,True,,10.485759999999999,205466,4,48.82943868635,48.599039316175,49.121278524375,48.90195,48.6711825,49.2089875,0.07251131364999708,0.0702080421499982,0.0896441172999971
a100,c0031,channels,2,1441792,SIMPLE,SIMPLE,22,22,0,108,0,17,20,100,0,True,,14.417919999999999,205237,1,54.753279686,54.753279686,54.753279686,54.83113,54.83113,54.83113,0.07785031400000264,0.07785031400000264,0.07785031400000264
a100,c0031,channels,2,1441792,SIMPLE,SIMPLE,22,22,0,108,0,17,20,100,0,True,,14.417919999999999,205466,4,53.9852786064,53.916158676125,54.056959152225,54.05934,53.987725,54.134915,0.07685109815000146,0.07435602842499911,0.07795584777500153
a100,c0031,channels,2,2097152,SIMPLE,SIMPLE,22,22,0,108,0,17,20,100,0,True,,20.971519999999998,205237,1,60.7436800003,60.7436800003,60.7436800003,60.82378,60.82378,60.82378,0.08009999969999626,0.08009999969999626,0.08009999969999626
a100,c0031,channels,2,2097152,SIMPLE,SIMPLE,22,22,0,108,0,17,20,100,0,True,,20.971519999999998,205466,4,60.7078409195,60.671999454525,60.787202119825004,60.786665,60.752277500000005,60.86609,0.08016445385000281,0.07912727400000286,0.08137902500000216
a100,c0031,channels,2,2883584,SIMPLE,SIMPLE,22,22,0,108,0,17,20,100,0,True,,28.835839999999997,205237,1,70.1644802094,70.1644802094,70.1644802094,70.23564,70.23564,70.23564,0.07115979060000654,0.07115979060000654,0.07115979060000654
a100,c0031,channels,2,2883584,SIMPLE,SIMPLE,22,22,0,108,0,17,20,100,0,True,,28.835839999999997,205466,4,70.1696014404,70.03648161884999,70.34368038175,70.24289999999999,70.114905,70.415885,0.07869008609999639,0.07519341189999906,0.08082611399999351
a100,c0031,channels,2,3145728,SIMPLE,SIMPLE,22,22,0,108,0,17,20,100,0,True,,31.45728,205237,1,73.9532804489,73.9532804489,73.9532804489,74.09528,74.09528,74.09528,0.14199955109999962,0.14199955109999962,0.14199955109999962
a100,c0031,channels,2,3145728,SIMPLE,SIMPLE,22,22,0,108,0,17,20,100,0,True,,31.45728,205466,4,73.0214381218,73.00351858137499,73.059839010275,73.09555,73.0791675,73.13415,0.07596588105000279,0.07472191720000154,0.07709199400000344
a100,c0031,channels,2,4194304,SIMPLE,SIMPLE,22,22,0,108,0,17,20,100,0,True,,41.943039999999996,205237,1,86.7737579346,86.7737579346,86.7737579346,86.85348,86.85348,86.85348,0.0797220654000057,0.0797220654000057,0.0797220654000057
a100,c0031,channels,2,4194304,SIMPLE,SIMPLE,22,22,0,108,0,17,20,100,0,True,,41.943039999999996,205466,4,86.72768116,86.689283847825,86.90175771715,86.80332999999999,86.76903999999999,86.98560499999999,0.0788970016499988,0.07555461977499789,0.09129697689999716
a100,c0031,channels,2,5767168,SIMPLE,SIMPLE,22,22,0,108,0,17,20,100,0,True,,57.671679999999995,205237,1,108.462076187,108.462076187,108.462076187,108.54922,108.54922,108.54922,0.0871438130000115,0.0871438130000115,0.0871438130000115
a100,c0031,channels,2,5767168,SIMPLE,SIMPLE,22,22,0,108,0,17,20,100,0,True,,57.671679999999995,205466,4,108.574719429,108.52352142325,108.62591743475,108.655925,108.5938275,108.7156425,0.07644557100000071,0.07192170025000522,0.08334944174999492
a100,c0032,channels,2,262144,SIMPLE,SIMPLE,23,16,0,108,0,17,20,100,0,False,channels_unrealized,2.6214399999999998,205466,5,39.854080677,39.8438405991,40.161280632,39.929,39.9269,40.23679,0.07550936799999874,0.07511136229999948,0.0756294008999987
a100,c0032,channels,2,376832,SIMPLE,SIMPLE,23,23,0,108,0,17,20,100,0,True,,3.76832,205466,5,40.6630420685,40.6220817566,40.7142400742,40.73966,40.707,40.79106,0.08179855529999713,0.07681992580000241,0.0849182434000042
a100,c0032,channels,2,524288,SIMPLE,SIMPLE,23,16,0,108,0,17,20,100,0,False,channels_unrealized,5.2428799999999995,205466,5,42.5676822662,42.3935985565,43.1206417084,42.64904,42.4736,43.19038,0.08008175540000195,0.08000144349999516,0.08135773379999733
a100,c0032,channels,2,1048576,SIMPLE,SIMPLE,23,22,0,108,0,17,20,100,0,False,channels_unrealized,10.485759999999999,205466,5,48.5171222687,48.4863996506,48.6809587479,48.59251,48.56564,48.75191,0.078950349400003,0.07538773129999754,0.07924034940000269
a100,c0032,channels,2,1507328,SIMPLE,SIMPLE,23,23,0,108,0,17,20,100,0,True,,15.07328,205466,5,54.8147201538,54.8044776917,54.8249578476,54.88583,54.88193,54.90167,0.07136211939999981,0.07110984619999527,0.07671215240000606
a100,c0032,channels,2,2097152,SIMPLE,SIMPLE,23,22,0,108,0,17,20,100,0,False,channels_unrealized,20.971519999999998,205466,5,61.1327981949,61.1020803452,61.9724798203,61.23839,61.19049,62.05546,0.08840965479999596,0.0829801796999945,0.10559180510000488
a100,c0032,channels,2,3014656,SIMPLE,SIMPLE,23,23,0,108,0,17,20,100,0,True,,30.14656,205466,5,71.7619180679,71.6595220566,71.8233585358,71.84104,71.73922,71.91147,0.07941794340000286,0.07912193210000851,0.07969794340000647
a100,c0032,channels,2,3145728,SIMPLE,SIMPLE,23,22,0,108,0,17,20,100,0,False,channels_unrealized,31.45728,205466,5,73.3286380768,73.3286380768,73.4105587006,73.40424,73.40273,73.49121,0.08030024079999976,0.07560192319999715,0.08065129939998883
a100,c0032,channels,2,4194304,SIMPLE,SIMPLE,23,22,0,108,0,17,20,100,0,False,channels_unrealized,41.943039999999996,205466,5,86.8044757843,86.753282547,87.0604801178,86.89446,86.83062,87.14626,0.08577988220000066,0.08337300110000001,0.08998421569999948
a100,c0032,channels,2,6029312,SIMPLE,SIMPLE,23,23,0,108,0,17,20,100,0,True,,60.29312,205466,5,111.462402344,111.452159882,111.636476517,111.54409,111.53467,111.7131,0.08168765599999972,0.07993258099999423,0.08251011800000185
a100,c0033,channels,2,262144,SIMPLE,SIMPLE,24,16,0,108,0,17,20,100,0,False,channels_unrealized,2.6214399999999998,205466,5,39.8848009109,39.854080677,39.9155211449,39.95395,39.93251,39.99802,0.07842932300000172,0.07611971280000063,0.08101815340000229
a100,c0033,channels,2,393216,SIMPLE,SIMPLE,24,24,0,108,0,17,20,100,0,True,,3.93216,205466,5,41.2262392044,41.1443185806,41.2876796722,41.29373,41.22759,41.36176,0.07804852230000137,0.07408032779999729,0.08327141939999905
a100,c0033,channels,2,524288,SIMPLE,SIMPLE,24,16,0,108,0,17,20,100,0,False,channels_unrealized,5.2428799999999995,205466,5,42.4345588684,42.4243211746,42.4448013306,42.51158,42.50276,42.51628,0.07702113159999868,0.07526820160000369,0.07843882539999925
a100,c0033,channels,2,1048576,SIMPLE,SIMPLE,24,22,0,108,0,17,20,100,0,False,channels_unrealized,10.485759999999999,205466,5,48.3635187149,48.343038559,48.5375976562,48.44642,48.41486,48.60653,0.07483913480000126,0.07182144099999732,0.08290128510000017
a100,c0033,channels,2,1572864,SIMPLE,SIMPLE,24,24,0,108,0,17,20,100,0,True,,15.72864,205466,5,55.6031990051,55.3881597519,55.6851196289,55.68017,55.46326,55.75953,0.07510024810000004,0.07441037110000082,0.0769709948999946
a100,c0033,channels,2,2097152,SIMPLE,SIMPLE,24,22,0,108,0,17,20,100,0,False,channels_unrealized,20.971519999999998,205466,5,60.8767986298,60.7231998444,61.0201597214,60.95444,60.80525,61.09612,0.07835015559999903,0.0776413701999985,0.11276800539999954
a100,c0033,channels,2,3145728,SIMPLE,SIMPLE,24,24,0,108,0,17,20,100,0,True,,31.45728,205466,5,73.0419206619,72.9702377319,73.0624008179,73.11829,73.04225,73.13934,0.07636933810000812,0.07201226809999639,0.07693918210000561
a100,c0033,channels,2,4194304,SIMPLE,SIMPLE,24,24,0,108,0,17,20,100,0,True,,41.943039999999996,205466,5,86.8863964081,86.7327976227,87.1116828918,86.9671,86.81461,87.19543,0.0818123772999968,0.08070359190000431,0.08374710820000075
a100,c0033,channels,2,6291456,SIMPLE,SIMPLE,24,24,0,108,0,17,20,100,0,True,,62.91456,205466,5,115.394563675,115.281915665,115.793924332,115.48078,115.36577,115.87885,0.08492566799999679,0.08385433499999806,0.08621632499999521
a100,c0034,channels,2,262144,SIMPLE,SIMPLE,28,16,0,108,0,17,20,100,0,False,channels_unrealized,2.6214399999999998,205466,5,40.110077858,39.9155211449,41.2160015106,40.21755,39.98581,41.35925,0.10747214200000599,0.078429712800002,0.14324848940000123
a100,c0034,channels,2,458752,SIMPLE,SIMPLE,28,28,0,108,0,17,20,100,0,True,,4.5875200000000005,205466,5,41.1136007309,41.0419178009,41.2467193604,41.18882,41.11338,41.32719,0.07668967100000401,0.07521926910000332,0.08047063960000145
a100,c0034,channels,2,524288,SIMPLE,SIMPLE,28,16,0,108,0,17,20,100,0,False,channels_unrealized,5.2428799999999995,205466,5,42.4652814865,42.4038410187,42.4959993362,42.54594,42.48101,42.58322,0.0872206637999966,0.08065851350000486,0.11080237920000258
a100,c0034,channels,2,1048576,SIMPLE,SIMPLE,28,22,0,108,0,17,20,100,0,False,channels_unrealized,10.485759999999999,205466,5,48.3328008652,48.3123207092,48.4454393387,48.41065,48.39673,48.56824,0.07784913479999744,0.07419162110000599,0.08440929079999648
a100,c0034,channels,2,1835008,SIMPLE,SIMPLE,28,28,0,108,0,17,20,100,0,True,,18.350080000000002,205466,5,58.5318422318,58.5318422318,58.6649608612,58.63926,58.60661,58.74338,0.07972069819999916,0.07841913880000106,0.08161144500000006
a100,c0034,channels,2,2097152,SIMPLE,SIMPLE,28,26,0,108,0,17,20,100,0,False,channels_unrealized,20.971519999999998,205466,5,62.6073598862,62.5561618805,62.6585578918,62.68869,62.66513,62.74159,0.08133011379999999,0.07846827550000057,0.08303210820000118
a100,c0034,channels,2,3145728,SIMPLE,SIMPLE,28,28,0,108,0,17,20,100,0,True,,31.45728,205466,5,72.3456001282,72.335357666,72.5299215317,72.42465,72.41855,72.60661,0.08319233400000314,0.07904987179999523,0.1272506516000078
a100,c0034,channels,2,3670016,SIMPLE,SIMPLE,28,28,0,108,0,17,20,100,0,True,,36.700160000000004,205466,5,78.8787221909,78.8275194168,78.9504003525,78.95094,78.90235,79.02137,0.07483058319999714,0.07221780909999609,0.08029964749999863
a100,c0034,channels,2,4194304,SIMPLE,SIMPLE,28,26,0,108,0,17,20,100,0,False,channels_unrealized,41.943039999999996,205466,5,86.1491203308,86.0979175568,86.3641643524,86.21905,86.17277,86.43307,0.07485244320000106,0.06992966919999333,0.11311568050000176
a100,c0034,channels,2,7340032,SIMPLE,SIMPLE,28,28,0,108,0,17,20,100,0,True,,73.40032000000001,205466,5,130.283517838,130.211839676,130.457601547,130.35477,130.30456,130.53341,0.07778032400000257,0.0758084530000076,0.08782567899999094
a100,c0035,channels,2,262144,SIMPLE,SIMPLE,32,16,0,108,0,17,20,100,0,False,channels_unrealized,2.6214399999999998,205237,1,39.9974393845,39.9974393845,39.9974393845,40.0851,40.0851,40.0851,0.08766061549999904,0.08766061549999904,0.08766061549999904
a100,c0035,channels,2,262144,SIMPLE,SIMPLE,32,16,0,108,0,17,20,100,0,False,channels_unrealized,2.6214399999999998,205466,4,39.9001598358,39.810560345625,39.951359033575,39.973685,39.8836125,40.0248575,0.07352516419999944,0.07111091617499987,0.07543970462500127
a100,c0035,channels,2,524288,SIMPLE,SIMPLE,32,32,0,108,0,17,20,100,0,True,,5.2428799999999995,205237,1,41.8508815765,41.8508815765,41.8508815765,41.91974,41.91974,41.91974,0.06885842349999649,0.06885842349999649,0.06885842349999649
a100,c0035,channels,2,524288,SIMPLE,SIMPLE,32,32,0,108,0,17,20,100,0,True,,5.2428799999999995,205466,4,41.7587184906,41.71775817875,42.23231911655,41.837225000000004,41.7972275,42.32481,0.08124182130000435,0.07870893145000224,0.09598658515000302
a100,c0035,channels,2,1048576,SIMPLE,SIMPLE,32,32,0,108,0,17,20,100,0,True,,10.485759999999999,205237,1,49.4489622116,49.4489622116,49.4489622116,49.52931,49.52931,49.52931,0.08034778840000456,0.08034778840000456,0.08034778840000456
a100,c0035,channels,2,1048576,SIMPLE,SIMPLE,32,32,0,108,0,17,20,100,0,True,,10.485759999999999,205466,4,48.48640203475,48.417280912375,48.778241872799995,48.556889999999996,48.492215,48.8476475,0.07376375704999916,0.07184808222499761,0.07576742440000217
a100,c0035,channels,2,2097152,SIMPLE,SIMPLE,32,32,0,108,0,17,20,100,0,True,,20.971519999999998,205237,1,61.8291187286,61.8291187286,61.8291187286,61.90437,61.90437,61.90437,0.0752512713999991,0.0752512713999991,0.0752512713999991
a100,c0035,channels,2,2097152,SIMPLE,SIMPLE,32,32,0,108,0,17,20,100,0,True,,20.971519999999998,205466,4,62.62271881105,62.300158739075,62.84031867985,62.72916,62.419689999999996,62.9389175,0.10644118895000076,0.07766600224999998,0.14046407882499956
a100,c0035,channels,2,3145728,SIMPLE,SIMPLE,32,32,0,108,0,17,20,100,0,True,,31.45728,205237,1,73.0624008179,73.0624008179,73.0624008179,73.14244,73.14244,73.14244,0.08003918209999483,0.08003918209999483,0.08003918209999483
a100,c0035,channels,2,3145728,SIMPLE,SIMPLE,32,32,0,108,0,17,20,100,0,True,,31.45728,205466,4,72.9446387291,72.785919904725,73.077758550625,73.02572,72.86215250000001,73.1623575,0.0784192765999947,0.07713337282499566,0.08103617752499659
a100,c0035,channels,2,4194304,SIMPLE,SIMPLE,32,32,0,108,0,17,20,100,0,True,,41.943039999999996,205237,1,86.2617588043,86.2617588043,86.2617588043,86.3924,86.3924,86.3924,0.13064119569999377,0.13064119569999377,0.13064119569999377
a100,c0035,channels,2,4194304,SIMPLE,SIMPLE,32,32,0,108,0,17,20,100,0,True,,41.943039999999996,205466,4,85.77023983005,85.47328233722499,86.056957244875,85.845595,85.54960249999999,86.1493475,0.07654305265000261,0.07572622142500052,0.09417207917500292
a100,c0035,channels,2,8388608,SIMPLE,SIMPLE,32,32,0,108,0,17,20,100,0,True,,83.88607999999999,205237,1,144.793596268,144.793596268,144.793596268,144.87186,144.87186,144.87186,0.07826373200001058,0.07826373200001058,0.07826373200001058
a100,c0035,channels,2,8388608,SIMPLE,SIMPLE,32,32,0,108,0,17,20,100,0,True,,83.88607999999999,205466,4,144.84480381,144.64512109724998,144.9548840525,144.925105,144.7288325,145.03199,0.08073113050001268,0.07844702250000779,0.0828002682500113
a100,c0036,channels,4,16384,LL,LL,1,1,0,108,0,16,20,100,0,True,,0.08191999999999999,205466,5,15.7388794422,14.7558403015,16.0358405113,15.81239,14.82268,16.10325,0.06814008829999985,0.06740948869999741,0.0735105578000006
a100,c0036,channels,4,65536,LL,LL,1,1,0,108,0,16,20,100,0,True,,0.32767999999999997,205466,5,28.6924791336,28.6719989777,28.7129592896,28.77048,28.75234,28.79122,0.07800086640000004,0.07785032059999963,0.0782607103999986
a100,c0036,channels,4,131072,LL,LL,1,1,0,108,0,16,20,100,0,True,,0.6553599999999999,205466,5,43.9091205597,39.9462389946,43.9193582535,43.98752,40.02308,43.99824,0.07839944030000368,0.07684100539999861,0.07888174650000224
a100,c0036,channels,4,262144,LL,LL,1,1,0,108,0,16,20,100,0,True,,1.3107199999999999,205466,5,76.2572813034,73.2672023773,80.1894378662,76.32937,73.34382,80.26508,0.07661762269999883,0.0756421338000024,0.079591365400006
a100,c0036,channels,4,524288,LL,LL,1,1,0,108,0,16,20,100,0,True,,2.6214399999999998,205466,5,152.1459198,138.035202026,152.360963821,152.23385,138.11793,152.43734,0.07825890899999877,0.07637617899999327,0.08272797399999376
a100,c0036,channels,4,1048576,LL,LL,1,1,0,108,0,16,20,100,0,True,,5.2428799999999995,205466,5,299.345912933,270.192642212,299.366397858,299.4464,270.26574,299.45793,0.08000214199995526,0.07309778799998412,0.08610210900002357
a100,c0036,channels,4,2097152,LL,LL,1,1,0,108,0,16,20,100,0,True,,10.485759999999999,205466,5,535.715827942,535.388145447,593.797111511,535.79024,535.46272,593.87491,0.07759133100000781,0.07457455299993399,0.07779848899997432
a100,c0036,channels,4,3145728,LL,LL,1,1,0,108,0,16,20,100,0,True,,15.72864,205466,5,885.503997803,884.715499878,885.893096924,885.5889,884.81538,886.01179,0.09988012200005869,0.08539758299991718,0.11451751000004151
a100,c0036,channels,4,4194304,LL,LL,1,1,0,108,0,16,20,100,0,True,,20.971519999999998,205466,5,1087.50846863,1084.71298218,1154.9798584,1087.5946,1084.81013,1155.06205,0.0861313699999755,0.08302060999994865,0.09542648000001464
a100,c0037,channels,4,32768,LL,LL,2,2,0,108,0,16,20,100,0,True,,0.16383999999999999,205237,2,17.274879813200002,17.1519997716,17.3977598548,17.349105,17.2257425,17.4724675,0.07422518679999968,0.07374272839999918,0.07470764520000017
a100,c0037,channels,4,32768,LL,LL,2,2,0,108,0,16,20,100,0,True,,0.16383999999999999,205466,3,17.4080002308,17.4080002308,17.53087997435,17.49133,17.487725,17.609155,0.07611976920000174,0.07467002565000058,0.07972476920000204
a100,c0037,channels,4,131072,LL,LL,2,2,0,108,0,16,20,100,0,True,,0.6553599999999999,205237,2,29.112319946299998,28.3955204487,29.829119443899998,29.185585,28.4675525,29.9036175,0.07326505370000014,0.0720320512999999,0.07449805610000038
a100,c0037,channels,4,131072,LL,LL,2,2,0,108,0,16,20,100,0,True,,0.6553599999999999,205466,3,30.5152010918,30.48960089685,30.597120523450002,30.58949,30.566945,30.673005,0.07748004489999971,0.07588447654999975,0.07893967149999881
a100,c0037,channels,4,262144,LL,LL,2,2,0,108,0,16,20,100,0,True,,1.3107199999999999,205237,2,45.51168203355,45.447682142275,45.575681924825005,45.588364999999996,45.5235125,45.6532175,0.07668296644999728,0.07583035772499791,0.07753557517499665
a100,c0037,channels,4,262144,LL,LL,2,2,0,108,0,16,20,100,0,True,,1.3107199999999999,205466,3,45.7420778275,45.690879821799996,45.75231790545,45.81735,45.768505,45.82477,0.07527217250000007,0.07245209454999824,0.07762517819999815
a100,c0037,channels,4,524288,LL,LL,2,2,0,108,0,16,20,100,0,True,,2.6214399999999998,205237,2,78.5305595398,76.67200088499999,80.3891181946,78.60799499999999,76.75111749999999,80.4648725,0.07743546020000025,0.07575430540000028,0.07911661500000022
a100,c0037,channels,4,524288,LL,LL,2,2,0,108,0,16,20,100,0,True,,2.6214399999999998,205466,3,82.9542446136,82.5907230377,83.0156803131,83.03855,82.66797,83.09534500000001,0.0750239874000016,0.07260626280000082,0.07966468690000283
a100,c0037,channels,4,1048576,LL,LL,2,2,0,108,0,16,20,100,0,True,,5.2428799999999995,205237,2,154.9823999405,154.58815813075,155.37664175024997,155.09519,154.68329,155.50709,0.1127900595000142,0.09513186925001094,0.13044824975001745
a100,c0037,channels,4,1048576,LL,LL,2,2,0,108,0,16,20,100,0,True,,5.2428799999999995,205466,3,155.791358948,155.714559555,155.8681583405,155.87173,155.81128,155.96638000000002,0.11306983800000125,0.09672044500000254,0.114571052499997
a100,c0037,channels,4,2097152,LL,LL,2,2,0,108,0,16,20,100,0,True,,10.485759999999999,205237,2,301.9315242765,301.69344425175,302.16960430125,302.01623,301.7742,302.25826,0.08470572350000793,0.08075574824999876,0.08865569875001711
a100,c0037,channels,4,2097152,LL,LL,2,2,0,108,0,16,20,100,0,True,,10.485759999999999,205466,3,302.305278778,301.9673633575,302.48448371899997,302.38219,302.044085,302.562235,0.07691122199997835,0.07672164249999014,0.07775128099999051
a100,c0037,channels,4,3145728,LL,LL,2,2,0,108,0,16,20,100,0,True,,15.72864,205237,2,449.87903595,449.4361495975,450.3219223025,449.96179,449.52144499999997,450.40213500000004,0.08275405000000546,0.08021269750000215,0.08529540250000878
a100,c0037,channels,4,3145728,LL,LL,2,2,0,108,0,16,20,100,0,True,,15.72864,205466,3,451.000328064,449.2748832705,451.00543975849996,451.07431,449.35269000000005,451.09042,0.08163152299999865,0.07780672950002554,0.08880503500000714
a100,c0037,channels,4,4194304,LL,LL,2,2,0,108,0,16,20,100,0,True,,20.971519999999998,205237,2,593.8227272035,591.5366458892499,596.10880851775,593.936185,591.6291575,596.2432125,0.11345779650002896,0.09251161075002301,0.13440398225003491
a100,c0037,channels,4,4194304,LL,LL,2,2,0,108,0,16,20,100,0,True,,20.971519999999998,205466,3,598.21056366,597.4784088135,598.2310485840001,598.294,597.56368,598.313735,0.08343633999993472,0.08268641600000137,0.08527118649993781
a100,c0038,channels,4,65536,LL,LL,4,4,0,108,0,16,20,100,0,True,,0.32767999999999997,205237,3,17.6537597179,17.633279562,17.7868801355,17.79872,17.74507,17.89456,0.07862059390000198,0.07451002040000176,0.11179043799999988
a100,c0038,channels,4,65536,LL,LL,4,4,0,108,0,16,20,100,0,True,,0.32767999999999997,205466,2,17.638400197000003,17.59488016365,17.681920230350002,17.715705,17.6706925,17.7607175,0.07730480299999876,0.07581233634999851,0.078797269649999
a100,c0038,channels,4,262144,LL,LL,4,4,0,108,0,16,20,100,0,True,,1.3107199999999999,205237,3,30.8326411247,30.78144073485,30.96064090725,30.9057,30.855649999999997,31.035204999999998,0.07535965499999975,0.07420926514999948,0.07571448260000047
a100,c0038,channels,4,262144,LL,LL,4,4,0,108,0,16,20,100,0,True,,1.3107199999999999,205466,2,31.0016000271,30.983679890650002,31.01952016355,31.08384,31.06671,31.100969999999997,0.08223997289999829,0.08144983644999826,0.08303010934999833
a100,c0038,channels,4,524288,LL,LL,4,4,0,108,0,16,20,100,0,True,,2.6214399999999998,205237,3,46.202878952,46.15679979325,46.2847995758,46.28185,46.23551,46.360905,0.07844936549999915,0.07584458294999763,0.0787102067499994
a100,c0038,channels,4,524288,LL,LL,4,4,0,108,0,16,20,100,0,True,,2.6214399999999998,205466,2,46.448640823350004,46.407680511475,46.489601135225,46.551114999999996,46.5255925,46.5766375,0.10247417664999858,0.08703636477499899,0.11791198852499818
a100,c0038,channels,4,1048576,LL,LL,4,4,0,108,0,16,20,100,0,True,,5.2428799999999995,205237,3,83.1590366364,83.1487989426,83.1846380234,83.23472,83.2285,83.2551,0.0756833635999925,0.07046197659999365,0.07970105739999411
a100,c0038,channels,4,1048576,LL,LL,4,4,0,108,0,16,20,100,0,True,,5.2428799999999995,205466,2,83.18975925449999,83.12832117085,83.25119733814999,83.26837,83.209405,83.327335,0.0786107455000078,0.0761376618500087,0.08108382915000689
a100,c0038,channels,4,2097152,LL,LL,4,4,0,108,0,16,20,100,0,True,,10.485759999999999,205237,3,156.610555649,156.54911994949998,156.641278267,156.69659,156.628895,156.72598,0.08336911500001065,0.0784424325000117,0.08470173300000283
a100,c0038,channels,4,2097152,LL,LL,4,4,0,108,0,16,20,100,0,True,,10.485759999999999,205466,2,156.605439186,156.6028809545,156.6079974175,156.7187,156.70372,156.73368,0.11326081400000021,0.09572258250000232,0.1307990454999981
a100,c0038,channels,4,3145728,LL,LL,4,4,0,108,0,16,20,100,0,True,,15.72864,205237,3,231.106567383,231.065607071,231.16800308249998,231.1873,231.14377000000002,231.248445,0.08015121799999747,0.07787222950000228,0.08044191749999641
a100,c0038,channels,4,3145728,LL,LL,4,4,0,108,0,16,20,100,0,True,,15.72864,205466,2,231.0860729215,231.07071399675,231.10143184625002,231.16511,231.14986,231.18036,0.07903707849999364,0.07892815374998463,0.07914600325000265
a100,c0038,channels,4,4194304,LL,LL,4,4,0,108,0,16,20,100,0,True,,20.971519999999998,205237,3,303.800315857,303.7235164645,303.92831802349997,303.95197,303.83683,304.07909,0.14988980999999058,0.1124313690000065,0.1507719765000104
a100,c0038,channels,4,4194304,LL,LL,4,4,0,108,0,16,20,100,0,True,,20.971519999999998,205466,2,303.8259220125,303.78752231625,303.86432170875,303.90527,303.86637,303.94417,0.07934798750000027,0.07884768375001272,0.07984829124998782
a100,c0039,channels,4,131072,LL,LL,8,8,0,108,0,16,20,100,0,True,,0.6553599999999999,205237,1,17.8585600853,17.8585600853,17.8585600853,17.93128,17.93128,17.93128,0.07271991470000216,0.07271991470000216,0.07271991470000216
a100,c0039,channels,4,131072,LL,LL,8,8,0,108,0,16,20,100,0,True,,0.6553599999999999,205466,4,17.8585600853,17.83039987085,17.94560015205,17.93468,17.9078275,18.03698,0.07721526559999958,0.07624286304999917,0.09365996495000051
a100,c0039,channels,4,262144,LL,LL,8,8,0,108,0,16,20,100,0,True,,1.3107199999999999,205237,1,22.7532792091,22.7532792091,22.7532792091,22.82582,22.82582,22.82582,0.07254079089999976,0.07254079089999976,0.07254079089999976
a100,c0039,channels,4,262144,LL,LL,8,8,0,108,0,16,20,100,0,True,,1.3107199999999999,205466,4,22.497279644000002,22.446079254125003,22.55872011185,22.602985,22.5142725,22.70295,0.10725051194999935,0.06973840182499824,0.14422988815000082
a100,c0039,channels,4,524288,LL,LL,8,8,0,108,0,16,20,100,0,True,,2.6214399999999998,205237,1,31.1603188515,31.1603188515,31.1603188515,31.23042,31.23042,31.23042,0.07010114849999738,0.07010114849999738,0.07010114849999738
a100,c0039,channels,4,524288,LL,LL,8,8,0,108,0,16,20,100,0,True,,2.6214399999999998,205466,4,31.1500799656,31.08608067035,31.293439269075,31.269655,31.160892500000003,31.4359225,0.07787966705000038,0.07481182965000155,0.10078786357499947
a100,c0039,channels,4,1048576,LL,LL,8,8,0,108,0,16,20,100,0,True,,5.2428799999999995,205237,1,47.2473621368,47.2473621368,47.2473621368,47.32847,47.32847,47.32847,0.0811078632000033,0.0811078632000033,0.0811078632000033
a100,c0039,channels,4,1048576,LL,LL,8,8,0,108,0,16,20,100,0,True,,5.2428799999999995,205466,4,46.714878082300004,46.61759853365,46.855678558375,46.78752,46.69209,46.92586,0.0714200628499988,0.07021478390000091,0.07323626922499749
a100,c0039,channels,4,2097152,LL,LL,8,8,0,108,0,16,20,100,0,True,,10.485759999999999,205237,1,84.8588752747,84.8588752747,84.8588752747,84.98188,84.98188,84.98188,0.12300472530000661,0.12300472530000661,0.12300472530000661
a100,c0039,channels,4,2097152,LL,LL,8,8,0,108,0,16,20,100,0,True,,10.485759999999999,205466,4,84.858880043,84.741122722625,84.927997589075,84.94094,84.819155,85.01168,0.07888905424999848,0.07635572617500586,0.0821880593749924
a100,c0039,channels,4,3145728,LL,LL,8,8,0,108,0,16,20,100,0,True,,15.72864,205237,1,122.388477325,122.388477325,122.388477325,122.46546,122.46546,122.46546,0.07698267499999645,0.07698267499999645,0.07698267499999645
a100,c0039,channels,4,3145728,LL,LL,8,8,0,108,0,16,20,100,0,True,,15.72864,205466,4,122.48064041149999,122.21951961549999,122.67008066175,122.559285,122.2973375,122.75009750000001,0.07899930950000567,0.07817260550000427,0.08001683825000327
a100,c0039,channels,4,4194304,LL,LL,8,8,0,108,0,16,20,100,0,True,,20.971519999999998,205237,1,158.996477127,158.996477127,158.996477127,159.07676,159.07676,159.07676,0.0802828730000158,0.0802828730000158,0.0802828730000158
a100,c0039,channels,4,4194304,LL,LL,8,8,0,108,0,16,20,100,0,True,,20.971519999999998,205466,4,159.6723222735,159.421441555,159.94624137899999,159.74896,159.49982,160.0228425,0.07850239850000662,0.0771221972500129,0.07972204074999922
a100,c0040,channels,4,196608,LL,LL,12,12,0,108,0,16,20,100,0,True,,0.98304,205466,5,17.9711997509,17.940479517,18.0428802967,18.05121,18.01744,18.11043,0.08001024910000254,0.07426048299999977,0.08028019360000016
a100,c0040,channels,4,262144,LL,LL,12,11,0,108,0,16,20,100,0,False,channels_unrealized,1.3107199999999999,205466,5,22.200319767,22.1286392212,22.5689601898,22.27906,22.27024,22.65329,0.07874023300000133,0.07477956419999998,0.08432981019999986
a100,c0040,channels,4,524288,LL,LL,12,12,0,108,0,16,20,100,0,True,,2.6214399999999998,205466,5,27.5251197815,27.4739193916,28.1292796135,27.59852,27.54732,28.20489,0.07418075229999843,0.07340060840000007,0.07470882710000026
a100,c0040,channels,4,786432,LL,LL,12,12,0,108,0,16,20,100,0,True,,3.93216,205466,5,31.4368009567,31.2627196312,32.0102405548,31.50586,31.33903,32.08197,0.07631036880000153,0.07172944519999902,0.08058894439999875
a100,c0040,channels,4,1048576,LL,LL,12,12,0,108,0,16,20,100,0,True,,5.2428799999999995,205466,5,39.8336005211,39.8233604431,40.7449579239,39.90977,39.89322,40.83084,0.07616947889999892,0.07596048050000093,0.07994939209999785
a100,c0040,channels,4,1572864,LL,LL,12,12,0,108,0,16,20,100,0,True,,7.86432,205466,5,48.4352016449,48.3532810211,48.6809587479,48.51535,48.44783,48.75382,0.08121975859999964,0.0801483551000004,0.08276056239999718
a100,c0040,channels,4,2097152,LL,LL,12,12,0,108,0,16,20,100,0,True,,10.485759999999999,205466,5,66.2630414963,66.2425613403,66.6931200027,66.33792,66.32188,66.77257,0.07698037510000688,0.07654098999999803,0.07931865969999308
a100,c0040,channels,4,3145728,LL,LL,12,12,0,108,0,16,20,100,0,True,,15.72864,205466,5,86.7327976227,86.6611194611,86.9888019562,86.81661,86.73707,87.14234,0.08173742000001027,0.07931393679999132,0.08381237729999214
a100,c0040,channels,4,4194304,LL,LL,12,12,0,108,0,16,20,100,0,True,,20.971519999999998,205466,5,115.978240967,115.855360031,116.234235764,116.1089,115.93726,116.39806,0.08213813000000414,0.0818999689999913,0.1306590330000006
a100,c0041,channels,4,262144,LL,LL,16,16,0,108,0,16,20,100,0,True,,1.3107199999999999,205237,2,18.2988804579,18.1760004163,18.421760499500003,18.380295,18.256677500000002,18.5039125,0.08141454209999921,0.08067708369999949,0.08215200049999893
a100,c0041,channels,4,262144,LL,LL,16,16,0,108,0,16,20,100,0,True,,1.3107199999999999,205466,3,18.247679472,18.216959834100003,18.3091199398,18.38666,18.327645,18.419575000000002,0.08238980380000172,0.08215969810000168,0.11068516589999966
a100,c0041,channels,4,524288,LL,LL,16,16,0,108,0,16,20,100,0,True,,2.6214399999999998,205237,2,23.7465596199,23.439359664900003,24.0537595749,23.82495,23.52021,24.12969,0.07839038009999832,0.07593042509999837,0.08085033509999828
a100,c0041,channels,4,524288,LL,LL,16,16,0,108,0,16,20,100,0,True,,2.6214399999999998,205466,3,23.4495997429,23.3420801163,23.6287999153,23.52316,23.429225000000002,23.70431,0.0774599122999966,0.07551008469999942,0.0890947112999978
a100,c0041,channels,4,1048576,LL,LL,16,16,0,108,0,16,20,100,0,True,,5.2428799999999995,205237,2,33.5616004467,33.533440232299995,33.5897606611,33.70039,33.66943,33.73135,0.13878955330000053,0.13598976769999993,0.14158933890000114
a100,c0041,channels,4,1048576,LL,LL,16,16,0,108,0,16,20,100,0,True,,5.2428799999999995,205466,3,33.6588811874,33.64864110945,34.0019202232,33.74648,33.727045000000004,34.08598,0.08052074100000084,0.07486485475000038,0.08405977680000021
a100,c0041,channels,4,2097152,LL,LL,16,16,0,108,0,16,20,100,0,True,,10.485759999999999,205237,2,55.86431980135,55.667200088525,56.061439514175,55.942285,55.7458575,56.138712500000004,0.07796519865000207,0.07727298582500275,0.07865741147500138
a100,c0041,channels,4,2097152,LL,LL,16,16,0,108,0,16,20,100,0,True,,10.485759999999999,205466,3,55.7055997849,55.5059194565,55.838720798500006,55.78416,55.584275000000005,55.920429999999996,0.07856021509999778,0.07835554349999896,0.08170920149999716
a100,c0041,channels,4,3145728,LL,LL,16,16,0,108,0,16,20,100,0,True,,15.72864,205237,2,79.6211194992,79.61855888365,79.62368011475,79.69593499999999,79.6943075,79.6975625,0.07481550079999977,0.0738823852500019,0.07574861634999763
a100,c0041,channels,4,3145728,LL,LL,16,16,0,108,0,16,20,100,0,True,,15.72864,205466,3,79.4726419449,79.4009613991,79.4726419449,79.61102,79.51478,79.61261999999999,0.13837805509999157,0.11381860089998952,0.13997805509999495
a100,c0041,channels,4,4194304,LL,LL,16,16,0,108,0,16,20,100,0,True,,20.971519999999998,205237,2,97.79712200165,97.722880840325,97.871363162975,97.87899999999999,97.804875,97.953125,0.0818779983499951,0.08176183702499173,0.08199415967499846
a100,c0041,channels,4,4194304,LL,LL,16,16,0,108,0,16,20,100,0,True,,20.971519999999998,205466,3,97.6691246033,97.64864444735,97.72032260895,97.75199,97.730955,97.805195,0.08286539670000082,0.08231055265000009,0.08487239104999844
a100,c0042,channels,4,262144,LL,LL,20,16,0,108,0,16,20,100,0,False,channels_unrealized,1.3107199999999999,205237,1,18.1247997284,18.1247997284,18.1247997284,18.1983,18.1983,18.1983,0.07350027160000039,0.07350027160000039,0.07350027160000039
a100,c0042,channels,4,262144,LL,LL,20,16,0,108,0,16,20,100,0,False,channels_unrealized,1.3107199999999999,205466,4,18.14015984535,18.127359747899998,18.158079981775,18.224185,18.212615,18.239265,0.08130992075000165,0.08080769367500107,0.08291734275000184
a100,c0042,channels,4,327680,LL,LL,20,20,0,108,0,16,20,100,0,True,,1.6384,205237,1,18.5241603851,18.5241603851,18.5241603851,18.59305,18.59305,18.59305,0.06888961490000156,0.06888961490000156,0.06888961490000156
a100,c0042,channels,4,327680,LL,LL,20,20,0,108,0,16,20,100,0,True,,1.6384,205466,4,18.80576014515,18.641919791675,18.915840387324998,18.887075,18.7196275,18.998514999999998,0.07744513295000033,0.0768700298249998,0.07964256927500024
a100,c0042,channels,4,524288,LL,LL,20,19,0,108,0,16,20,100,0,False,channels_unrealized,2.6214399999999998,205237,1,24.023039341,24.023039341,24.023039341,24.10158,24.10158,24.10158,0.07854065899999796,0.07854065899999796,0.07854065899999796
a100,c0042,channels,4,524288,LL,LL,20,19,0,108,0,16,20,100,0,False,channels_unrealized,2.6214399999999998,205466,4,23.464959859849998,23.331839442275,23.649280667275,23.579025,23.4029325,23.7883525,0.07813436045000088,0.0743570995750007,0.0998770111750007
a100,c0042,channels,4,1048576,LL,LL,20,20,0,108,0,16,20,100,0,True,,5.2428799999999995,205237,1,33.9865589142,33.9865589142,33.9865589142,34.06448,34.06448,34.06448,0.0779210857999999,0.0779210857999999,0.0779210857999999
a100,c0042,channels,4,1048576,LL,LL,20,20,0,108,0,16,20,100,0,True,,5.2428799999999995,205466,4,33.26464056965,33.244160413725,33.285120725599995,33.34059,33.3230875,33.360775000000004,0.07906462524999824,0.07736948882499917,0.08032706674999801
a100,c0042,channels,4,1310720,LL,LL,20,20,0,108,0,16,20,100,0,True,,6.5536,205237,1,37.3555207253,37.3555207253,37.3555207253,37.42517,37.42517,37.42517,0.06964927469999793,0.06964927469999793,0.06964927469999793
a100,c0042,channels,4,1310720,LL,LL,20,20,0,108,0,16,20,100,0,True,,6.5536,205466,4,37.621759176249995,37.41183936595,37.969919443125,37.70215,37.4861125,38.0530525,0.07657602469999958,0.07427313404999936,0.07931825782499935
a100,c0042,channels,4,2097152,LL,LL,20,20,0,108,0,16,20,100,0,True,,10.485759999999999,205237,1,53.3811187744,53.3811187744,53.3811187744,53.45548,53.45548,53.45548,0.07436122560000058,0.07436122560000058,0.07436122560000058
a100,c0042,channels,4,2097152,LL,LL,20,20,0,108,0,16,20,100,0,True,,10.485759999999999,205466,4,53.335039615650004,53.207038640975,53.5219216347,53.433035000000004,53.2816375,53.631299999999996,0.07605521194999909,0.07459885902499863,0.08743819289999877
a100,c0042,channels,4,2621440,LL,LL,20,20,0,108,0,16,20,100,0,True,,13.1072,205237,1,63.6108779907,63.6108779907,63.6108779907,63.68631,63.68631,63.68631,0.07543200930000182,0.07543200930000182,0.07543200930000182
a100,c0042,channels,4,2621440,LL,LL,20,20,0,108,0,16,20,100,0,True,,13.1072,205466,4,63.07327985765,63.004158735275,63.116800785075,63.14726,63.092985,63.1899725,0.07398014235000261,0.0731717149250013,0.08882626472500199
a100,c0042,channels,4,3145728,LL,LL,20,20,0,108,0,16,20,100,0,True,,15.72864,205237,1,78.8992023468,78.8992023468,78.8992023468,78.9831,78.9831,78.9831,0.08389765319999754,0.08389765319999754,0.08389765319999754
a100,c0042,channels,4,3145728,LL,LL,20,20,0,108,0,16,20,100,0,True,,15.72864,205466,4,78.2284808159,78.0979192257,78.37952136995,78.310055,78.178905,78.46035,0.08050954100000496,0.0793888096500055,0.08136095160000423
a100,c0042,channels,4,4194304,LL,LL,20,20,0,108,0,16,20,100,0,True,,20.971519999999998,205237,1,95.6518363953,95.6518363953,95.6518363953,95.7292,95.7292,95.7292,0.07736360470001102,0.07736360470001102,0.07736360470001102
a100,c0042,channels,4,4194304,LL,LL,20,20,0,108,0,16,20,100,0,True,,20.971519999999998,205466,4,95.1500797272,95.10655879975,95.275518894225,95.225195,95.1789875,95.36326749999999,0.07813150389999635,0.07544493135000252,0.0877486057749941
a100,c0042,channels,4,5242880,LL,LL,20,20,0,108,0,16,20,100,0,True,,26.2144,205237,1,115.476484299,115.476484299,115.476484299,115.63438,115.63438,115.63438,0.15789570099998684,0.15789570099998684,0.15789570099998684
a100,c0042,channels,4,5242880,LL,LL,20,20,0,108,0,16,20,100,0,True,,26.2144,205466,4,114.979839325,114.88511562350001,115.13344287875,115.05097,114.95585,115.22616,0.0752700680000018,0.07236367249999986,0.09522721825000247
a100,c0043,channels,4,262144,LL,LL,22,22,0,108,0,16,20,100,0,True,,1.3107199999999999,205237,1,17.940479517,17.940479517,17.940479517,18.02796,18.02796,18.02796,0.08748048300000022,0.08748048300000022,0.08748048300000022
a100,c0043,channels,4,262144,LL,LL,22,22,0,108,0,16,20,100,0,True,,1.3107199999999999,205466,4,18.4319996834,18.380799591524998,18.45759987835,18.506935,18.45679,18.5309325,0.07384011045000172,0.07291289722500238,0.07531492675000084
a100,c0043,channels,4,360448,LL,LL,22,22,0,108,0,16,20,100,0,True,,1.8022399999999998,205237,1,18.6060798168,18.6060798168,18.6060798168,18.67552,18.67552,18.67552,0.06944018319999756,0.06944018319999756,0.06944018319999756
a100,c0043,channels,4,360448,LL,LL,22,22,0,108,0,16,20,100,0,True,,1.8022399999999998,205466,4,18.66752028465,18.6112001538,18.956800401225,18.747455000000002,18.696199999999997,19.0326825,0.08115995009999821,0.07710733352499854,0.08499984619999967
a100,c0043,channels,4,524288,LL,LL,22,22,0,108,0,16,20,100,0,True,,2.6214399999999998,205237,1,23.7670397758,23.7670397758,23.7670397758,23.84728,23.84728,23.84728,0.08024022420000065,0.08024022420000065,0.08024022420000065
a100,c0043,channels,4,524288,LL,LL,22,22,0,108,0,16,20,100,0,True,,2.6214399999999998,205466,4,22.8710401058,22.8249597549,22.9196804762,22.983975,22.95404,22.995875,0.07686489419999987,0.07329755015000039,0.09590721874999986
a100,c0043,channels,4,1048576,LL,LL,22,22,0,108,0,16,20,100,0,True,,5.2428799999999995,205237,1,32.1331191063,32.1331191063,32.1331191063,32.21662,32.21662,32.21662,0.08350089369999836,0.08350089369999836,0.08350089369999836
a100,c0043,channels,4,1048576,LL,LL,22,22,0,108,0,16,20,100,0,True,,5.2428799999999995,205466,4,31.61599993705,31.554559469224998,31.951360106475,31.6876,31.6282175,32.0246225,0.07489556975000156,0.07201027737500176,0.07820565372500177
a100,c0043,channels,4,1441792,LL,LL,22,22,0,108,0,16,20,100,0,True,,7.208959999999999,205237,1,38.94272089,38.94272089,38.94272089,39.09409,39.09409,39.09409,0.15136911000000453,0.15136911000000453,0.15136911000000453
a100,c0043,channels,4,1441792,LL,LL,22,22,0,108,0,16,20,100,0,True,,7.208959999999999,205466,4,38.691838979699995,38.65599930285,38.76863896845,38.771964999999994,38.737925,38.845704999999995,0.08009529599999965,0.07706603154999847,0.0818949728499998
a100,c0043,channels,4,2097152,LL,LL,22,22,0,108,0,16,20,100,0,True,,10.485759999999999,205237,1,51.9475221634,51.9475221634,51.9475221634,52.02232,52.02232,52.02232,0.07479783659999839,0.07479783659999839,0.07479783659999839
a100,c0043,channels,4,2097152,LL,LL,22,22,0,108,0,16,20,100,0,True,,10.485759999999999,205466,4,52.264959812149996,52.175360918025,52.3443186283,52.34128,52.253232499999996,52.419605,0.07632018784999772,0.07528637169999897,0.077871581974998
a100,c0043,channels,4,2883584,LL,LL,22,22,0,108,0,16,20,100,0,True,,14.417919999999999,205237,1,66.3244819641,66.3244819641,66.3244819641,66.39975,66.39975,66.39975,0.07526803589999531,0.07526803589999531,0.07526803589999531
a100,c0043,channels,4,2883584,LL,LL,22,22,0,108,0,16,20,100,0,True,,14.417919999999999,205466,4,66.26816034320001,66.21952056885,66.35775923732501,66.34062499999999,66.29290499999999,66.43168,0.07422004669999893,0.07250673619999759,0.07655384752499828
a100,c0043,channels,4,3145728,LL,LL,22,22,0,108,0,16,20,100,0,True,,15.72864,205237,1,76.3187217712,76.3187217712,76.3187217712,76.41105,76.41105,76.41105,0.09232822879999958,0.09232822879999958,0.09232822879999958
a100,c0043,channels,4,3145728,LL,LL,22,22,0,108,0,16,20,100,0,True,,15.72864,205466,4,76.54911994935,76.38527870179999,76.65664076805001,76.629565,76.4703825,76.7477925,0.08345600279999843,0.07865493592499817,0.10061154637499925
a100,c0043,channels,4,4194304,LL,LL,22,22,0,108,0,16,20,100,0,True,,20.971519999999998,205237,1,91.9654369354,91.9654369354,91.9654369354,92.0451,92.0451,92.0451,0.07966306459999828,0.07966306459999828,0.07966306459999828
a100,c0043,channels,4,4194304,LL,LL,22,22,0,108,0,16,20,100,0,True,,20.971519999999998,205466,4,92.17535972595,91.97568178175,92.48767852785001,92.287115,92.0520575,92.63421,0.11054855865000235,0.07711087415000861,0.14458960084999362
a100,c0043,channels,4,5767168,LL,LL,22,22,0,108,0,16,20,100,0,True,,28.835839999999997,205237,1,120.340480804,120.340480804,120.340480804,120.42272,120.42272,120.42272,0.08223919600000329,0.08223919600000329,0.08223919600000329
a100,c0043,channels,4,5767168,LL,LL,22,22,0,108,0,16,20,100,0,True,,28.835839999999997,205466,4,119.930877686,119.9078392985,119.97183799775,120.01011,119.98376,120.05505000000001,0.08056846550000785,0.07811747650000456,0.08235137875000831
a100,c0044,channels,4,262144,LL,LL,23,22,0,108,0,16,20,100,0,False,channels_unrealized,1.3107199999999999,205237,1,18.247679472,18.247679472,18.247679472,18.39337,18.39337,18.39337,0.14569052799999938,0.14569052799999938,0.14569052799999938
a100,c0044,channels,4,262144,LL,LL,23,22,0,108,0,16,20,100,0,False,channels_unrealized,1.3107199999999999,205466,4,17.9097598791,17.871360182750003,18.037759661675,17.98463,17.9450775,18.1102975,0.07099511564999972,0.06790480937500032,0.07447534094999853
a100,c0044,channels,4,376832,LL,LL,23,23,0,108,0,16,20,100,0,True,,1.88416,205237,1,19.9372804165,19.9372804165,19.9372804165,20.01299,20.01299,20.01299,0.07570958350000012,0.07570958350000012,0.07570958350000012
a100,c0044,channels,4,376832,LL,LL,23,23,0,108,0,16,20,100,0,True,,1.88416,205466,4,19.0617597103,18.7084794044,19.417600035675,19.141115,18.789635,19.493445,0.07714528970000067,0.07584496432500032,0.07894559560000136
a100,c0044,channels,4,524288,LL,LL,23,22,0,108,0,16,20,100,0,False,channels_unrealized,2.6214399999999998,205237,1,23.0092811584,23.0092811584,23.0092811584,23.08591,23.08591,23.08591,0.07662884159999805,0.07662884159999805,0.07662884159999805
a100,c0044,channels,4,524288,LL,LL,23,22,0,108,0,16,20,100,0,False,channels_unrealized,2.6214399999999998,205466,4,23.28575968745,23.160320520425,23.39583933355,23.358040000000003,23.2311725,23.4730075,0.0761850950999996,0.0739706746750004,0.07795425389999888
a100,c0044,channels,4,1048576,LL,LL,23,22,0,108,0,16,20,100,0,False,channels_unrealized,5.2428799999999995,205237,1,31.9795203209,31.9795203209,31.9795203209,32.05572,32.05572,32.05572,0.07619967910000014,0.07619967910000014,0.07619967910000014
a100,c0044,channels,4,1048576,LL,LL,23,22,0,108,0,16,20,100,0,False,channels_unrealized,5.2428799999999995,205466,4,31.49312019345,31.41632080075,31.5212792158,31.59703,31.532425,31.612815,0.10355054725000024,0.08191547752500039,0.12536524662499993
a100,c0044,channels,4,1507328,LL,LL,23,23,0,108,0,16,20,100,0,True,,7.53664,205237,1,39.4854402542,39.4854402542,39.4854402542,39.5684,39.5684,39.5684,0.08295974579999665,0.08295974579999665,0.08295974579999665
a100,c0044,channels,4,1507328,LL,LL,23,23,0,108,0,16,20,100,0,True,,7.53664,205466,4,39.39839959145,39.347199797625,39.45984005930001,39.504729999999995,39.461495,39.54298,0.07642966779999583,0.07589490994999437,0.09163949237499835
a100,c0044,channels,4,2097152,LL,LL,23,23,0,108,0,16,20,100,0,True,,10.485759999999999,205237,1,51.3228797913,51.3228797913,51.3228797913,51.3952,51.3952,51.3952,0.0723202087000061,0.0723202087000061,0.0723202087000061
a100,c0044,channels,4,2097152,LL,LL,23,23,0,108,0,16,20,100,0,True,,10.485759999999999,205466,4,50.97984075545,50.954239368425,51.0003221035,51.062219999999996,51.037819999999996,51.080505,0.08237924455000112,0.08018289650000199,0.08358063157500162
a100,c0044,channels,4,3014656,LL,LL,23,23,0,108,0,16,20,100,0,True,,15.07328,205237,1,67.4918413162,67.4918413162,67.4918413162,67.58142,67.58142,67.58142,0.08957868379999923,0.08957868379999923,0.08957868379999923
a100,c0044,channels,4,3014656,LL,LL,23,23,0,108,0,16,20,100,0,True,,15.07328,205466,4,67.3689603806,67.361279726075,67.3689603806,67.44630000000001,67.4365275,67.4504625,0.0786759284500036,0.0765840829750033,0.08150211939999963
a100,c0044,channels,4,3145728,LL,LL,23,23,0,108,0,16,20,100,0,True,,15.72864,205237,1,76.1753606796,76.1753606796,76.1753606796,76.25315,76.25315,76.25315,0.07778932040000086,0.07778932040000086,0.07778932040000086
a100,c0044,channels,4,3145728,LL,LL,23,23,0,108,0,16,20,100,0,True,,15.72864,205466,4,76.1395192146,76.09855890272499,76.229120492925,76.23801499999999,76.2164975,76.2989825,0.08011385250000558,0.07498305852499954,0.09443561292500746
a100,c0044,channels,4,4194304,LL,LL,23,23,0,108,0,16,20,100,0,True,,20.971519999999998,205237,1,93.9212799072,93.9212799072,93.9212799072,94.00467,94.00467,94.00467,0.08339009280000198,0.08339009280000198,0.08339009280000198
a100,c0044,channels,4,4194304,LL,LL,23,23,0,108,0,16,20,100,0,True,,20.971519999999998,205466,4,93.8598442078,93.8188838959,93.8828825951,93.93178,93.8896275,93.95928,0.0746514160000018,0.07321079220000826,0.07664584059999768
a100,c0044,channels,4,6029312,LL,LL,23,23,0,108,0,16,20,100,0,True,,30.14656,205237,1,122.572803497,122.572803497,122.572803497,122.64811,122.64811,122.64811,0.0753065030000073,0.0753065030000073,0.0753065030000073
a100,c0044,channels,4,6029312,LL,LL,23,23,0,108,0,16,20,100,0,True,,30.14656,205466,4,122.4140787125,122.2988772395,122.536959648,122.49606,122.381835,122.616275,0.0794102124999938,0.0788517552499961,0.08085028224999746
a100,c0045,channels,4,262144,LL,LL,24,22,0,108,0,16,20,100,0,False,channels_unrealized,1.3107199999999999,205466,5,17.930239439,17.8688001633,18.2272005081,18.01394,17.94981,18.37073,0.08370056100000056,0.08100983669999806,0.1435294918999972
a100,c0045,channels,4,393216,LL,LL,24,24,0,108,0,16,20,100,0,True,,1.96608,205466,5,18.8313603401,18.7801599503,18.8518404961,18.91277,18.85917,18.9298,0.07901004969999903,0.07795950390000073,0.08140965989999671
a100,c0045,channels,4,524288,LL,LL,24,22,0,108,0,16,20,100,0,False,channels_unrealized,2.6214399999999998,205466,5,22.8966403008,22.8249597549,23.3574390411,22.9752,22.91128,23.43469,0.0785596991999995,0.07725095889999878,0.08436079089999993
a100,c0045,channels,4,1048576,LL,LL,24,24,0,108,0,16,20,100,0,True,,5.2428799999999995,205466,5,31.047680378,31.027200222,31.3036799431,31.11831,31.10107,31.377,0.07332005689999832,0.07227015899999856,0.07386977799999883
a100,c0045,channels,4,1572864,LL,LL,24,24,0,108,0,16,20,100,0,True,,7.86432,205466,5,40.2636814117,40.2227210999,40.2943992615,40.33929,40.30292,40.36624,0.07492827640000144,0.07490136229999678,0.07560858829999972
a100,c0045,channels,4,2097152,LL,LL,24,24,0,108,0,16,20,100,0,True,,10.485759999999999,205466,5,50.5753612518,50.5753612518,50.5855989456,50.65788,50.65498,50.73243,0.08251874820000182,0.07961874820000503,0.14683105440000332
a100,c0045,channels,4,3145728,LL,LL,24,24,0,108,0,16,20,100,0,True,,15.72864,205466,5,69.8572778702,69.8367977142,69.8572778702,69.93495,69.91632,69.94347,0.07952228579999598,0.07767212980000693,0.08090873199999749
a100,c0045,channels,4,4194304,LL,LL,24,24,0,108,0,16,20,100,0,True,,20.971519999999998,205466,5,90.9619235992,90.9516811371,90.992641449,91.03764,91.03454,91.13614,0.08429132509999704,0.08285886290001088,0.09403914179999617
a100,c0045,channels,4,6291456,LL,LL,24,24,0,108,0,16,20,100,0,True,,31.45728,205466,5,126.78144455,126.771202087,126.832637787,126.85862,126.85492,126.91012,0.08339822400000685,0.07748221300001035,0.0860637070000081
a100,c0046,channels,4,262144,LL,LL,28,22,0,108,0,16,20,100,0,False,channels_unrealized,1.3107199999999999,205237,1,18.1350398064,18.1350398064,18.1350398064,18.2024,18.2024,18.2024,0.06736019360000256,0.06736019360000256,0.06736019360000256
a100,c0046,channels,4,262144,LL,LL,28,22,0,108,0,16,20,100,0,False,channels_unrealized,1.3107199999999999,205466,4,18.25792014595,18.1248000264,18.370560109575,18.33501,18.20438,18.448027500000002,0.07802482630000007,0.07713482892500068,0.08084750734999968
a100,c0046,channels,4,458752,LL,LL,28,28,0,108,0,16,20,100,0,True,,2.2937600000000002,205237,1,19.7119998932,19.7119998932,19.7119998932,19.79898,19.79898,19.79898,0.08698010679999868,0.08698010679999868,0.08698010679999868
a100,c0046,channels,4,458752,LL,LL,28,28,0,108,0,16,20,100,0,True,,2.2937600000000002,205466,4,20.52608013155,20.4288005829,20.59519946575,20.60128,20.5016825,20.6741975,0.07546549225000021,0.07314754090000086,0.07899803424999963
a100,c0046,channels,4,524288,LL,LL,28,26,0,108,0,16,20,100,0,False,channels_unrealized,2.6214399999999998,205237,1,22.4051189423,22.4051189423,22.4051189423,22.48406,22.48406,22.48406,0.07894105769999982,0.07894105769999982,0.07894105769999982
a100,c0046,channels,4,524288,LL,LL,28,26,0,108,0,16,20,100,0,False,channels_unrealized,2.6214399999999998,205466,4,22.6508808136,22.60992050175,22.67904043195,22.76936,22.7243275,22.78208,0.08294010560000054,0.0799533770500025,0.10195410844999842
a100,c0046,channels,4,1048576,LL,LL,28,26,0,108,0,16,20,100,0,False,channels_unrealized,5.2428799999999995,205237,1,30.9555196762,30.9555196762,30.9555196762,31.08275,31.08275,31.08275,0.1272303237999992,0.1272303237999992,0.1272303237999992
a100,c0046,channels,4,1048576,LL,LL,28,26,0,108,0,16,20,100,0,False,channels_unrealized,5.2428799999999995,205466,4,30.83263993265,30.804480910325,31.04767918585,30.912155,30.88245,31.1290725,0.07973544679999911,0.07630952237499855,0.08327326089999953
a100,c0046,channels,4,1835008,LL,LL,28,28,0,108,0,16,20,100,0,True,,9.175040000000001,205237,1,47.9641580582,47.9641580582,47.9641580582,48.04414,48.04414,48.04414,0.07998194179999984,0.07998194179999984,0.07998194179999984
a100,c0046,channels,4,1835008,LL,LL,28,28,0,108,0,16,20,100,0,True,,9.175040000000001,205466,4,47.9129600525,47.88224220275,47.959038019199994,48.028014999999996,47.98065,48.071495,0.08142025940000153,0.07736148935000209,0.09986860060000247
a100,c0046,channels,4,2097152,LL,LL,28,27,0,108,0,16,20,100,0,False,channels_unrealized,10.485759999999999,205237,1,54.2515182495,54.2515182495,54.2515182495,54.33267,54.33267,54.33267,0.08115175049999834,0.08115175049999834,0.08115175049999834
a100,c0046,channels,4,2097152,LL,LL,28,27,0,108,0,16,20,100,0,False,channels_unrealized,10.485759999999999,205466,4,53.7292790413,53.667838573474995,53.783040046675,53.83907,53.78644,53.868655000000004,0.07905988359999938,0.07636177742499584,0.09712352732500307
a100,c0046,channels,4,3145728,LL,LL,28,28,0,108,0,16,20,100,0,True,,15.72864,205237,1,72.9497623444,72.9497623444,72.9497623444,73.01921,73.01921,73.01921,0.06944765560000121,0.06944765560000121,0.06944765560000121
a100,c0046,channels,4,3145728,LL,LL,28,28,0,108,0,16,20,100,0,True,,15.72864,205466,4,73.0265593529,73.0035209656,73.10079813005,73.103165,73.08235,73.1760825,0.0775907865999983,0.07626950944999678,0.07882903440000177
a100,c0046,channels,4,3670016,LL,LL,28,28,0,108,0,16,20,100,0,True,,18.350080000000002,205237,1,82.9951953888,82.9951953888,82.9951953888,83.07189,83.07189,83.07189,0.0766946111999971,0.0766946111999971,0.0766946111999971
a100,c0046,channels,4,3670016,LL,LL,28,28,0,108,0,16,20,100,0,True,,18.350080000000002,205466,4,82.83135890964999,82.798078060175,82.90303945545,82.90962,82.879665,82.97672750000001,0.07576669770000422,0.07473824890000103,0.07804234282500744
a100,c0046,channels,4,4194304,LL,LL,28,28,0,108,0,16,20,100,0,True,,20.971519999999998,205237,1,96.7782402039,96.7782402039,96.7782402039,96.85206,96.85206,96.85206,0.07381979609999689,0.07381979609999689,0.07381979609999689
a100,c0046,channels,4,4194304,LL,LL,28,28,0,108,0,16,20,100,0,True,,20.971519999999998,205466,4,96.54784202575,96.41472101215001,96.66816234584999,96.62688,96.48838749999999,96.77161000000001,0.08485436125000234,0.07677627532500608,0.10615425367499398
a100,c0046,channels,4,7340032,LL,LL,28,28,0,108,0,16,20,100,0,True,,36.700160000000004,205237,1,155.83231926,155.83231926,155.83231926,155.91976,155.91976,155.91976,0.08744074000000523,0.08744074000000523,0.08744074000000523
a100,c0046,channels,4,7340032,LL,LL,28,28,0,108,0,16,20,100,0,True,,36.700160000000004,205466,4,155.38176059749998,155.26655912425,155.6326413155,155.4717,155.35452750000002,155.72025,0.08608874600000149,0.08219239100000664,0.08953401275000061
a100,c0047,channels,4,262144,LL,LL,32,32,0,108,0,16,20,100,0,True,,1.3107199999999999,205237,2,17.4182403088,17.4182403088,17.4182403088,17.49083,17.488475,17.493184999999997,0.07258969119999747,0.07023469119999781,0.07494469119999714
a100,c0047,channels,4,262144,LL,LL,32,32,0,108,0,16,20,100,0,True,,1.3107199999999999,205466,3,17.3977601528,17.3926401138,17.42336034775,17.48682,17.47249,17.509215,0.0826494573000005,0.0766446912499994,0.085854652250001
a100,c0047,channels,4,524288,LL,LL,32,32,0,108,0,16,20,100,0,True,,2.6214399999999998,205237,2,21.1865592003,21.1865592003,21.1865592003,21.269914999999997,21.2683625,21.2714675,0.08335579969999962,0.08180329969999978,0.08490829969999947
a100,c0047,channels,4,524288,LL,LL,32,32,0,108,0,16,20,100,0,True,,2.6214399999999998,205466,3,21.1660790443,21.145600080450002,21.1814391613,21.24446,21.226125,21.25769,0.07838095569999837,0.07625083870000005,0.0805249195499993
a100,c0047,channels,4,1048576,LL,LL,32,32,0,108,0,16,20,100,0,True,,5.2428799999999995,205237,2,30.6483197212,30.62783956525,30.66879987715,30.723045,30.7003025,30.7457875,0.07472527879999902,0.07246293474999987,0.07698762284999816
a100,c0047,channels,4,1048576,LL,LL,32,32,0,108,0,16,20,100,0,True,,5.2428799999999995,205466,3,30.5459189415,30.52543997765,30.6227195263,30.62235,30.605665000000002,30.6998,0.07772988889999866,0.0770804737000006,0.08087443754999946
a100,c0047,channels,4,2097152,LL,LL,32,32,0,108,0,16,20,100,0,True,,10.485759999999999,205237,2,49.88415956495,49.876478910425,49.891840219475,49.992705,49.9871975,49.9982125,0.1085454350500008,0.09535728052500225,0.12173358957499936
a100,c0047,channels,4,2097152,LL,LL,32,32,0,108,0,16,20,100,0,True,,10.485759999999999,205466,3,49.8790407181,49.82272148135,49.88928079605,49.96114,49.907084999999995,49.967600000000004,0.08209928189999971,0.07831920395000225,0.08436351864999736
a100,c0047,channels,4,3145728,LL,LL,32,32,0,108,0,16,20,100,0,True,,15.72864,205237,2,69.1251206398,69.12256121635,69.12768006325001,69.210365,69.2077625,69.2129675,0.08524436020000081,0.08520128365000446,0.08528743674999717
a100,c0047,channels,4,3145728,LL,LL,32,32,0,108,0,16,20,100,0,True,,15.72864,205466,3,69.1711997986,69.11999940875,69.667840004,69.24603,69.196285,69.77625499999999,0.07774098110000693,0.07628559125000578,0.10987038585000164
a100,c0047,channels,4,4194304,LL,LL,32,32,0,108,0,16,20,100,0,True,,20.971519999999998,205237,2,88.13568115235,88.09472084047499,88.176641464225,88.21756500000001,88.1757075,88.2594225,0.08188384765000478,0.08098665952500284,0.08278103577500673
a100,c0047,channels,4,4194304,LL,LL,32,32,0,108,0,16,20,100,0,True,,20.971519999999998,205466,3,88.1561565399,88.13055992125,88.2278394699,88.23195,88.20684,88.30628999999999,0.07676669740000364,0.07628007875000264,0.07893714875000057
a100,c0047,channels,4,8388608,LL,LL,32,32,0,108,0,16,20,100,0,True,,41.943039999999996,205237,2,165.6115150455,165.58079719575,165.64223289525,165.71445999999997,165.69698,165.73193999999998,0.1029449544999892,0.08970710474998356,0.11618280424999483
a100,c0047,channels,4,8388608,LL,LL,32,32,0,108,0,16,20,100,0,True,,41.943039999999996,205466,3,165.39648056,165.3248023985,165.4118442535,165.50466,165.431005,165.528545,0.10422576299998809,0.09083890799999494,0.13008760149999432
a100,c0048,channels,4,16384,LL128,LL128,1,1,0,108,0,20,20,100,0,True,,0.08191999999999999,205466,5,34.4985604286,34.3244791031,34.6111989021,34.57948,34.40274,34.68408,0.0809195713999955,0.07826089689999804,0.0829994483999954
a100,c0048,channels,4,65536,LL128,LL128,1,1,0,108,0,20,20,100,0,True,,0.32767999999999997,205466,5,39.8233604431,39.5571208,39.8848009109,39.89454,39.63723,39.96125,0.07826069349999898,0.07644908910000225,0.08010920000000255
a100,c0048,channels,4,131072,LL128,LL128,1,1,0,108,0,20,20,100,0,True,,0.6553599999999999,205466,5,49.4284820557,49.3465614319,49.4591999054,49.50726,49.46468,49.53321,0.07877794430000051,0.07401009459999841,0.08991962679999688
a100,c0048,channels,4,262144,LL128,LL128,1,1,0,108,0,20,20,100,0,True,,1.3107199999999999,205466,5,66.5497589111,66.5087985992,66.6316795349,66.62657,66.5884,66.70563,0.07681108890000132,0.07395046509999759,0.07960140079998723
a100,c0048,channels,4,524288,LL128,LL128,1,1,0,108,0,20,20,100,0,True,,2.6214399999999998,205466,5,98.1606388092,97.4028778076,98.4166431427,98.23373,97.47536,98.49403,0.0730911907999996,0.07248219239998832,0.07703592160000028
a100,c0048,channels,4,1048576,LL128,LL128,1,1,0,108,0,20,20,100,0,True,,5.2428799999999995,205466,5,153.927679062,153.815040588,153.937921524,154.0216,153.89114,154.06709,0.08213387699998975,0.07609941200001913,0.0836784760000171
a100,c0048,channels,4,2097152,LL128,LL128,1,1,0,108,0,20,20,100,0,True,,10.485759999999999,205466,5,269.404163361,269.240322113,269.547519684,269.49196,269.34869,269.63103,0.08427891699994916,0.0835103160000017,0.08779663900003243
a100,c0048,channels,4,3145728,LL128,LL128,1,1,0,108,0,20,20,100,0,True,,15.72864,205466,5,406.886405945,406.732788086,406.896629333,406.97307,406.81266,407.00133,0.08210635500000762,0.07987191399996618,0.0842157419999694
a100,c0048,channels,4,4194304,LL128,LL128,1,1,0,108,0,20,20,100,0,True,,20.971519999999998,205466,5,522.608642578,520.519676208,522.915840149,522.69391,520.60335,522.9948,0.08367379200001324,0.07984869599999911,0.08526742200001536
a100,c0049,channels,4,32768,LL128,LL128,2,2,0,108,0,20,20,100,0,True,,0.16383999999999999,205237,1,35.7478404045,35.7478404045,35.7478404045,35.83481,35.83481,35.83481,0.08696959549999406,0.08696959549999406,0.08696959549999406
a100,c0049,channels,4,32768,LL128,LL128,2,2,0,108,0,20,20,100,0,True,,0.16383999999999999,205466,4,35.8502411842,35.827201008775,35.85536062715,35.92808,35.905735,35.9349675,0.08002916665000015,0.07803881579999938,0.08229239912500219
a100,c0049,channels,4,131072,LL128,LL128,2,2,0,108,0,20,20,100,0,True,,0.6553599999999999,205237,1,41.0419178009,41.0419178009,41.0419178009,41.11278,41.11278,41.11278,0.07086219909999869,0.07086219909999869,0.07086219909999869
a100,c0049,channels,4,131072,LL128,LL128,2,2,0,108,0,20,20,100,0,True,,0.6553599999999999,205466,4,41.17503881455,41.1289584637,41.213439702975,41.26593,41.21588,41.298395,0.07144173125000108,0.07114123265000316,0.08128614647499965
a100,c0049,channels,4,262144,LL128,LL128,2,2,0,108,0,20,20,100,0,True,,1.3107199999999999,205237,1,50.6572818756,50.6572818756,50.6572818756,50.80026,50.80026,50.80026,0.14297812440000257,0.14297812440000257,0.14297812440000257
a100,c0049,channels,4,262144,LL128,LL128,2,2,0,108,0,20,20,100,0,True,,1.3107199999999999,205466,4,50.63168048855,50.46528100965,50.736639499649996,50.730675000000005,50.552505,50.8423425,0.08363558654999892,0.07539878002499911,0.10216928577499829
a100,c0049,channels,4,524288,LL128,LL128,2,2,0,108,0,20,20,100,0,True,,2.6214399999999998,205237,1,67.7478408813,67.7478408813,67.7478408813,67.82379,67.82379,67.82379,0.07594911870000942,0.07594911870000942,0.07594911870000942
a100,c0049,channels,4,524288,LL128,LL128,2,2,0,108,0,20,20,100,0,True,,2.6214399999999998,205466,4,67.8707194328,67.80927896497501,67.90400028225,67.95443,67.88835,68.00184999999999,0.07858933609999497,0.07611383752499634,0.0956856841499949
a100,c0049,channels,4,1048576,LL128,LL128,2,2,0,108,0,20,20,100,0,True,,5.2428799999999995,205237,1,99.4508838654,99.4508838654,99.4508838654,99.53715,99.53715,99.53715,0.08626613459999533,0.08626613459999533,0.08626613459999533
a100,c0049,channels,4,1048576,LL128,LL128,2,2,0,108,0,20,20,100,0,True,,5.2428799999999995,205466,4,99.53279972075,99.24864053727501,99.63775873182499,99.60602,99.3228475,99.71235,0.0736905746500085,0.07165403990000385,0.07761448640000523
a100,c0049,channels,4,2097152,LL128,LL128,2,2,0,108,0,20,20,100,0,True,,10.485759999999999,205237,1,155.074558258,155.074558258,155.074558258,155.15559,155.15559,155.15559,0.0810317419999933,0.0810317419999933,0.0810317419999933
a100,c0049,channels,4,2097152,LL128,LL128,2,2,0,108,0,20,20,100,0,True,,10.485759999999999,205466,4,155.391998291,155.30751943575,155.4303979875,155.47100999999998,155.39503,155.53335249999998,0.11273371949999955,0.08319278399999774,0.14099430325000384
a100,c0049,channels,4,3145728,LL128,LL128,2,2,0,108,0,20,20,100,0,True,,15.72864,205237,1,215.9308815,215.9308815,215.9308815,216.01236,216.01236,216.01236,0.0814785000000029,0.0814785000000029,0.0814785000000029
a100,c0049,channels,4,3145728,LL128,LL128,2,2,0,108,0,20,20,100,0,True,,15.72864,205466,4,215.557126999,214.9068880085,216.12544536575,215.63395,214.985175,216.2014525,0.07738339499998403,0.07529600499998423,0.07955851474999065
a100,c0049,channels,4,4194304,LL128,LL128,2,2,0,108,0,20,20,100,0,True,,20.971519999999998,205237,1,270.776329041,270.776329041,270.776329041,270.85532,270.85532,270.85532,0.0789909590000093,0.0789909590000093,0.0789909590000093
a100,c0049,channels,4,4194304,LL128,LL128,2,2,0,108,0,20,20,100,0,True,,20.971519999999998,205466,4,271.431684494,271.3318443295,271.4854431155,271.51027,271.4072475,271.5697225,0.08360859199999027,0.08056176649999713,0.08414387449998628
a100,c0050,channels,4,65536,LL128,LL128,4,4,0,108,0,20,20,100,0,True,,0.32767999999999997,205237,1,36.5670394897,36.5670394897,36.5670394897,36.64356,36.64356,36.64356,0.07652051029999996,0.07652051029999996,0.07652051029999996
a100,c0050,channels,4,65536,LL128,LL128,4,4,0,108,0,20,20,100,0,True,,0.32767999999999997,205466,4,36.300799846649994,36.2239998579,36.3520002365,36.38236,36.3024275,36.488415,0.08411435115000288,0.08098183990000152,0.13641476350000303
a100,c0050,channels,4,262144,LL128,LL128,4,4,0,108,0,20,20,100,0,True,,1.3107199999999999,205237,1,42.0044803619,42.0044803619,42.0044803619,42.07975,42.07975,42.07975,0.07526963809999643,0.07526963809999643,0.07526963809999643
a100,c0050,channels,4,262144,LL128,LL128,4,4,0,108,0,20,20,100,0,True,,1.3107199999999999,205466,4,41.661438941949996,41.643520593649995,41.73311829565,41.734719999999996,41.718265,41.8075625,0.07548627549999765,0.0733415956249992,0.07805223252499793
a100,c0050,channels,4,524288,LL128,LL128,4,4,0,108,0,20,20,100,0,True,,2.6214399999999998,205237,1,51.0361623764,51.0361623764,51.0361623764,51.10404,51.10404,51.10404,0.0678776235999976,0.0678776235999976,0.0678776235999976
a100,c0050,channels,4,524288,LL128,LL128,4,4,0,108,0,20,20,100,0,True,,2.6214399999999998,205466,4,50.9388804436,50.826240778,51.0464000702,51.00986,50.901272500000005,51.115845,0.07152955640000158,0.06999492979999822,0.07503172200000385
a100,c0050,channels,4,1048576,LL128,LL128,4,4,0,108,0,20,20,100,0,True,,5.2428799999999995,205237,1,68.4441614151,68.4441614151,68.4441614151,68.51923,68.51923,68.51923,0.07506858489999502,0.07506858489999502,0.07506858489999502
a100,c0050,channels,4,1048576,LL128,LL128,4,4,0,108,0,20,20,100,0,True,,5.2428799999999995,205466,4,68.38272094729999,68.2828807831,68.4595215321,68.48130499999999,68.3926075,68.5371875,0.07942319500000394,0.07571374905000283,0.09251807805000567
a100,c0050,channels,4,2097152,LL128,LL128,4,4,0,108,0,20,20,100,0,True,,10.485759999999999,205237,1,100.433921814,100.433921814,100.433921814,100.62143,100.62143,100.62143,0.1875081860000023,0.1875081860000023,0.1875081860000023
a100,c0050,channels,4,2097152,LL128,LL128,4,4,0,108,0,20,20,100,0,True,,10.485759999999999,205466,4,100.20863533,100.13951539977501,100.22655725475,100.29565,100.2075825,100.329615,0.08120568095000635,0.07115196067500662,0.09416389575000039
a100,c0050,channels,4,3145728,LL128,LL128,4,4,0,108,0,20,20,100,0,True,,15.72864,205237,1,131.153917313,131.153917313,131.153917313,131.23356,131.23356,131.23356,0.07964268700001753,0.07964268700001753,0.07964268700001753
a100,c0050,channels,4,3145728,LL128,LL128,4,4,0,108,0,20,20,100,0,True,,15.72864,205466,4,131.11296176899998,131.04640245425,131.19488000874998,131.188465,131.11938750000002,131.27425250000002,0.07820538100000363,0.07564274675002025,0.0794169402499918
a100,c0050,channels,4,4194304,LL128,LL128,4,4,0,108,0,20,20,100,0,True,,20.971519999999998,205237,1,156.170244217,156.170244217,156.170244217,156.2452,156.2452,156.2452,0.07495578300000716,0.07495578300000716,0.07495578300000716
a100,c0050,channels,4,4194304,LL128,LL128,4,4,0,108,0,20,20,100,0,True,,20.971519999999998,205466,4,155.89375972750003,155.84512233750002,155.90911865225002,155.97356000000002,155.923515,155.99638,0.07980027249999466,0.07839266249999355,0.08726134774999394
a100,c0051,channels,4,131072,LL128,LL128,8,8,0,108,0,20,20,100,0,True,,0.6553599999999999,205466,5,36.792318821,36.6899204254,36.8127989769,36.86038,36.764,36.88904,0.07624102310000325,0.07407957460000603,0.07804058819999682
a100,c0051,channels,4,262144,LL128,LL128,8,8,0,108,0,20,20,100,0,True,,1.3107199999999999,205466,5,38.4614396095,38.348801136,38.5843205452,38.55044,38.4286,38.75443,0.0890003905000043,0.07979886400000424,0.16523922089999843
a100,c0051,channels,4,524288,LL128,LL128,8,8,0,108,0,20,20,100,0,True,,2.6214399999999998,205466,5,42.0761585236,41.9225597382,42.1888017654,42.14767,41.99539,42.2668,0.07596842350000088,0.07283026180000007,0.07799823460000255
a100,c0051,channels,4,1048576,LL128,LL128,8,8,0,108,0,20,20,100,0,True,,5.2428799999999995,205466,5,51.8451213837,51.6403198242,51.9372797012,51.9142,51.71502,52.01982,0.0777618912000051,0.07470017580000388,0.08254029880000502
a100,c0051,channels,4,2097152,LL128,LL128,8,8,0,108,0,20,20,100,0,True,,10.485759999999999,205466,5,69.6115207672,69.4988822937,69.8060798645,69.6916,69.58298,69.89118,0.08062228580000408,0.08007923279998863,0.08409770629999969
a100,c0051,channels,4,3145728,LL128,LL128,8,8,0,108,0,20,20,100,0,True,,15.72864,205466,5,86.435842514,86.4153575897,86.9990444183,86.51183,86.49759,87.07301,0.07598748600000249,0.07536078489999909,0.07767814269999462
a100,c0051,channels,4,4194304,LL128,LL128,8,8,0,108,0,20,20,100,0,True,,20.971519999999998,205466,5,102.891521454,102.676477432,103.32159996,102.9912,102.76317,103.39628,0.07628291300000001,0.07625465200000292,0.08669256800000369
a100,c0052,channels,4,196608,LL128,LL128,12,12,0,108,0,20,20,100,0,True,,0.98304,205237,1,36.9766402245,36.9766402245,36.9766402245,37.05215,37.05215,37.05215,0.07550977549999516,0.07550977549999516,0.07550977549999516
a100,c0052,channels,4,196608,LL128,LL128,12,12,0,108,0,20,20,100,0,True,,0.98304,205466,4,37.381120920200004,37.3427206278,37.427200675025006,37.45382,37.4127675,37.5234025,0.07819458659999867,0.07539906029999877,0.09634514367499847
a100,c0052,channels,4,262144,LL128,LL128,12,8,0,108,0,20,20,100,0,False,channels_unrealized,1.3107199999999999,205237,1,38.963201046,38.963201046,38.963201046,39.0477,39.0477,39.0477,0.08449895399999718,0.08449895399999718,0.08449895399999718
a100,c0052,channels,4,262144,LL128,LL128,12,8,0,108,0,20,20,100,0,False,channels_unrealized,1.3107199999999999,205466,4,38.61504077915,38.5587203503,38.668800592450005,38.7121,38.670795,38.7462125,0.08006922084999957,0.07741190754999572,0.09508464970000396
a100,c0052,channels,4,524288,LL128,LL128,12,11,0,108,0,20,20,100,0,False,channels_unrealized,2.6214399999999998,205237,1,40.5299186707,40.5299186707,40.5299186707,40.67554,40.67554,40.67554,0.14562132929999905,0.14562132929999905,0.14562132929999905
a100,c0052,channels,4,524288,LL128,LL128,12,11,0,108,0,20,20,100,0,False,channels_unrealized,2.6214399999999998,205466,4,40.504319667800004,40.394238233575,40.64512133595,40.585809999999995,40.4749675,40.7425175,0.0814903321999978,0.07916636722499781,0.09895906324999793
a100,c0052,channels,4,786432,LL128,LL128,12,12,0,108,0,20,20,100,0,True,,3.93216,205237,1,42.3833608627,42.3833608627,42.3833608627,42.46189,42.46189,42.46189,0.078529137299995,0.078529137299995,0.078529137299995
a100,c0052,channels,4,786432,LL128,LL128,12,12,0,108,0,20,20,100,0,True,,3.93216,205466,4,42.8083205223,42.687999010075,42.892801761625,42.88444,42.766915,42.9661475,0.07616502349999976,0.07362181352499952,0.0786854605749987
a100,c0052,channels,4,1048576,LL128,LL128,12,11,0,108,0,20,20,100,0,False,channels_unrealized,5.2428799999999995,205237,1,47.2883176804,47.2883176804,47.2883176804,47.36164,47.36164,47.36164,0.07332231960000257,0.07332231960000257,0.07332231960000257
a100,c0052,channels,4,1048576,LL128,LL128,12,11,0,108,0,20,20,100,0,False,channels_unrealized,5.2428799999999995,205466,4,47.2371196747,47.1603190899,47.28063941005,47.31724,47.236655,47.361605,0.07558118299999705,0.07378187650000001,0.0789804812499959
a100,c0052,channels,4,1572864,LL128,LL128,12,12,0,108,0,20,20,100,0,True,,7.86432,205237,1,53.8009595871,53.8009595871,53.8009595871,53.88141,53.88141,53.88141,0.08045041289999944,0.08045041289999944,0.08045041289999944
a100,c0052,channels,4,1572864,LL128,LL128,12,12,0,108,0,20,20,100,0,True,,7.86432,205466,4,53.125119209299996,52.892160415650004,53.416959047324994,53.202034999999995,52.9676575,53.495905,0.0781387019499995,0.07706651987499846,0.07859942840000045
a100,c0052,channels,4,2097152,LL128,LL128,12,12,0,108,0,20,20,100,0,True,,10.485759999999999,205237,1,64.1843223572,64.1843223572,64.1843223572,64.26253,64.26253,64.26253,0.07820764279999537,0.07820764279999537,0.07820764279999537
a100,c0052,channels,4,2097152,LL128,LL128,12,12,0,108,0,20,20,100,0,True,,10.485759999999999,205466,4,64.92160081865,64.6502411366,65.12383937835,65.01988,64.72215249999999,65.23740000000001,0.0761064260499964,0.07319862459999271,0.09010060514999907
a100,c0052,channels,4,3145728,LL128,LL128,12,12,0,108,0,20,20,100,0,True,,15.72864,205237,1,72.7142381668,72.7142381668,72.7142381668,72.79247,72.79247,72.79247,0.07823183319999316,0.07823183319999316,0.07823183319999316
a100,c0052,channels,4,3145728,LL128,LL128,12,12,0,108,0,20,20,100,0,True,,15.72864,205466,4,72.75519847870001,72.701438665425,72.903678417175,72.83439999999999,72.779045,72.9837575,0.07812099194999433,0.0769143166749906,0.07969057137500002
a100,c0052,channels,4,4194304,LL128,LL128,12,12,0,108,0,20,20,100,0,True,,20.971519999999998,205237,1,87.6543998718,87.6543998718,87.6543998718,87.73129,87.73129,87.73129,0.07689012820000585,0.07689012820000585,0.07689012820000585
a100,c0052,channels,4,4194304,LL128,LL128,12,12,0,108,0,20,20,100,0,True,,20.971519999999998,205466,4,87.5519990921,87.232003211975,87.7286362648,87.62937,87.31842750000001,87.7984675,0.0803983227499998,0.07368422439999733,0.08559871367500449
a100,c0053,channels,4,262144,LL128,LL128,16,16,0,108,0,20,20,100,0,True,,1.3107199999999999,205466,5,37.7343988419,37.6012802124,37.7446389198,37.80921,37.67726,37.88064,0.0759797875999979,0.07558986560000136,0.13600108019999624
a100,c0053,channels,4,524288,LL128,LL128,16,16,0,108,0,20,20,100,0,True,,2.6214399999999998,205466,5,39.4649600983,39.3420791626,39.4854402542,39.54145,39.46289,39.56009,0.08092114930000349,0.07648990170000047,0.08281920000000298
a100,c0053,channels,4,1048576,LL128,LL128,16,16,0,108,0,20,20,100,0,True,,5.2428799999999995,205466,5,43.9910411835,43.5302400589,44.2163181305,44.15104,43.60819,44.29081,0.07794994110000175,0.07449186950000097,0.0801119925000009
a100,c0053,channels,4,2097152,LL128,LL128,16,16,0,108,0,20,20,100,0,True,,10.485759999999999,205466,5,55.8080005646,55.644159317,56.1254405975,55.89398,55.71303,56.2105,0.08597943539999875,0.08505940250000066,0.08978942659999944
a100,c0053,channels,4,3145728,LL128,LL128,16,16,0,108,0,20,20,100,0,True,,15.72864,205466,5,68.8640022278,68.5977602005,69.5603179932,68.93592,68.68194,69.64309,0.08114076809999915,0.07675845309999829,0.08277200679999908
a100,c0053,channels,4,4194304,LL128,LL128,16,16,0,108,0,20,20,100,0,True,,20.971519999999998,205466,5,77.4860811234,77.4553585052,77.557759285,77.56707,77.53901,77.63811,0.08098887660000287,0.08035071499999447,0.08139964750000672
a100,c0054,channels,4,262144,LL128,LL128,20,16,0,108,0,20,20,100,0,False,channels_unrealized,1.3107199999999999,205237,1,37.8675198555,37.8675198555,37.8675198555,37.9551,37.9551,37.9551,0.08758014450000218,0.08758014450000218,0.08758014450000218
a100,c0054,channels,4,262144,LL128,LL128,20,16,0,108,0,20,20,100,0,False,channels_unrealized,1.3107199999999999,205466,4,37.7548801899,37.6115202904,37.8623998165,37.83466,37.68973,37.941714999999995,0.07754002149999906,0.07595550059999745,0.07932960389999977
a100,c0054,channels,4,327680,LL128,LL128,20,20,0,108,0,20,20,100,0,True,,1.6384,205237,1,37.8880000114,37.8880000114,37.8880000114,37.97203,37.97203,37.97203,0.084029988599994,0.084029988599994,0.084029988599994
a100,c0054,channels,4,327680,LL128,LL128,20,20,0,108,0,20,20,100,0,True,,1.6384,205466,4,38.1235194206,38.08767974375,38.138879537575,38.198715,38.161334999999994,38.21412,0.07517534544999904,0.07365525624999947,0.07522022847500054
a100,c0054,channels,4,524288,LL128,LL128,20,16,0,108,0,20,20,100,0,False,channels_unrealized,2.6214399999999998,205237,1,39.1065597534,39.1065597534,39.1065597534,39.18727,39.18727,39.18727,0.08071024659999892,0.08071024659999892,0.08071024659999892
a100,c0054,channels,4,524288,LL128,LL128,20,16,0,108,0,20,20,100,0,False,channels_unrealized,2.6214399999999998,205466,4,39.244800806,39.201280474624994,39.3395209312,39.368465,39.3197725,39.445687500000005,0.10024931095000156,0.08084715357500016,0.12039655755000389
a100,c0054,channels,4,1048576,LL128,LL128,20,16,0,108,0,20,20,100,0,False,channels_unrealized,5.2428799999999995,205237,1,43.489279747,43.489279747,43.489279747,43.56932,43.56932,43.56932,0.08004025299999995,0.08004025299999995,0.08004025299999995
a100,c0054,channels,4,1048576,LL128,LL128,20,16,0,108,0,20,20,100,0,False,channels_unrealized,5.2428799999999995,205466,4,43.898880481700004,43.760641813250004,44.124159812925,44.003005,43.839515,44.240235,0.07847830369999897,0.07760586517500201,0.09169629404999569
a100,c0054,channels,4,1310720,LL128,LL128,20,20,0,108,0,20,20,100,0,True,,6.5536,205237,1,44.2880010605,44.2880010605,44.2880010605,44.36005,44.36005,44.36005,0.07204893950000013,0.07204893950000013,0.07204893950000013
a100,c0054,channels,4,1310720,LL128,LL128,20,20,0,108,0,20,20,100,0,True,,6.5536,205466,4,45.199360847449995,44.78720068929999,45.6934416294,45.27781,44.8622075,45.7769475,0.08167790495000204,0.07896081350000372,0.08278062019999943
a100,c0054,channels,4,2097152,LL128,LL128,20,19,0,108,0,20,20,100,0,False,channels_unrealized,10.485759999999999,205237,1,52.1216011047,52.1216011047,52.1216011047,52.20627,52.20627,52.20627,0.08466889530000543,0.08466889530000543,0.08466889530000543
a100,c0054,channels,4,2097152,LL128,LL128,20,19,0,108,0,20,20,100,0,False,channels_unrealized,10.485759999999999,205466,4,52.700159549700004,52.505598068225,52.85632133485,52.78318,52.5873475,52.9382575,0.08240365689999862,0.0794217664249981,0.08364703710000043
a100,c0054,channels,4,2621440,LL128,LL128,20,20,0,108,0,20,20,100,0,True,,13.1072,205237,1,58.6137580872,58.6137580872,58.6137580872,58.7526,58.7526,58.7526,0.1388419128000038,0.1388419128000038,0.1388419128000038
a100,c0054,channels,4,2621440,LL128,LL128,20,20,0,108,0,20,20,100,0,True,,13.1072,205466,4,58.9670395851,58.705918788925004,59.566080570175,59.074209999999994,58.781375,59.691222499999995,0.07968503709999908,0.07654636702499928,0.09656639607499784
a100,c0054,channels,4,3145728,LL128,LL128,20,20,0,108,0,20,20,100,0,True,,15.72864,205237,1,69.5603179932,69.5603179932,69.5603179932,69.63518,69.63518,69.63518,0.07486200680000366,0.07486200680000366,0.07486200680000366
a100,c0054,channels,4,3145728,LL128,LL128,20,20,0,108,0,20,20,100,0,True,,15.72864,205466,4,67.37920045850001,67.294720411275,67.612160444225,67.458435,67.3748425,67.68925999999999,0.07923454149999287,0.07662787447499397,0.08059377002499701
a100,c0054,channels,4,4194304,LL128,LL128,20,20,0,108,0,20,20,100,0,True,,20.971519999999998,205237,1,75.9910392761,75.9910392761,75.9910392761,76.0734,76.0734,76.0734,0.0823607239000097,0.0823607239000097,0.0823607239000097
a100,c0054,channels,4,4194304,LL128,LL128,20,20,0,108,0,20,20,100,0,True,,20.971519999999998,205466,4,75.1308822632,75.10528206827499,75.31776189805,75.210375,75.17755749999999,75.4012975,0.07724846709999866,0.07227543172500006,0.08129133225000018
a100,c0054,channels,4,5242880,LL128,LL128,20,20,0,108,0,20,20,100,0,True,,26.2144,205237,1,87.1116828918,87.1116828918,87.1116828918,87.19023,87.19023,87.19023,0.07854710819999866,0.07854710819999866,0.07854710819999866
a100,c0054,channels,4,5242880,LL128,LL128,20,20,0,108,0,20,20,100,0,True,,26.2144,205466,4,86.5996789932,86.215677261325,86.9606399536,86.67639,86.2919725,87.0359875,0.0767074432499939,0.07410558734999029,0.07753363417500125
a100,c0055,channels,4,262144,LL128,LL128,22,16,0,108,0,20,20,100,0,False,channels_unrealized,1.3107199999999999,205237,1,37.5091195107,37.5091195107,37.5091195107,37.58076,37.58076,37.58076,0.07164048929999467,0.07164048929999467,0.07164048929999467
a100,c0055,channels,4,262144,LL128,LL128,22,16,0,108,0,20,20,100,0,False,channels_unrealized,1.3107199999999999,205466,4,37.59616017345,37.55519986155,37.621760368375,37.67825,37.636195,37.70107,0.07944021644999566,0.07568039189999531,0.08197476807499626
a100,c0055,channels,4,360448,LL128,LL128,22,22,0,108,0,20,20,100,0,True,,1.8022399999999998,205237,1,38.0927991867,38.0927991867,38.0927991867,38.1673,38.1673,38.1673,0.07450081329999847,0.07450081329999847,0.07450081329999847
a100,c0055,channels,4,360448,LL128,LL128,22,22,0,108,0,20,20,100,0,True,,1.8022399999999998,205466,4,38.0723202229,38.0262410641,38.16703975205,38.181075,38.09997,38.293215000000004,0.0747239583999999,0.07372893590000196,0.09214442924999844
a100,c0055,channels,4,524288,LL128,LL128,22,16,0,108,0,20,20,100,0,False,channels_unrealized,2.6214399999999998,205237,1,39.3318390846,39.3318390846,39.3318390846,39.40548,39.40548,39.40548,0.07364091539999862,0.07364091539999862,0.07364091539999862
a100,c0055,channels,4,524288,LL128,LL128,22,16,0,108,0,20,20,100,0,False,channels_unrealized,2.6214399999999998,205466,4,39.470080137249994,39.454720020325,39.49312031265,39.576565,39.5226375,39.6224025,0.07494474579999988,0.070412635624999,0.09524691445000144
a100,c0055,channels,4,1048576,LL128,LL128,22,22,0,108,0,20,20,100,0,True,,5.2428799999999995,205237,1,42.5369596481,42.5369596481,42.5369596481,42.61908,42.61908,42.61908,0.08212035189999511,0.08212035189999511,0.08212035189999511
a100,c0055,channels,4,1048576,LL128,LL128,22,22,0,108,0,20,20,100,0,True,,5.2428799999999995,205466,4,42.92096138,42.667521238350005,43.054081201525,42.993849999999995,42.7464475,43.123752499999995,0.07595307414999652,0.07273575262499676,0.07892626164999683
a100,c0055,channels,4,1441792,LL128,LL128,22,22,0,108,0,20,20,100,0,True,,7.208959999999999,205237,1,45.5475187302,45.5475187302,45.5475187302,45.6891,45.6891,45.6891,0.14158126980000674,0.14158126980000674,0.14158126980000674
a100,c0055,channels,4,1441792,LL128,LL128,22,22,0,108,0,20,20,100,0,True,,7.208959999999999,205466,4,45.409278869649995,44.7564804554,46.056958437,45.49012,44.8395625,46.1344625,0.07902528914999962,0.07750406300000101,0.08126620339999846
a100,c0055,channels,4,2097152,LL128,LL128,22,22,0,108,0,20,20,100,0,True,,10.485759999999999,205237,1,50.442237854,50.442237854,50.442237854,50.51782,50.51782,50.51782,0.07558214600000213,0.07558214600000213,0.07558214600000213
a100,c0055,channels,4,2097152,LL128,LL128,22,22,0,108,0,20,20,100,0,True,,10.485759999999999,205466,4,51.39967918395,51.189758777625,51.458560228325,51.481775,51.270089999999996,51.5403375,0.08036039765000069,0.07908661824999719,0.08128645740000273
a100,c0055,channels,4,2883584,LL128,LL128,22,22,0,108,0,20,20,100,0,True,,14.417919999999999,205237,1,60.0576019287,60.0576019287,60.0576019287,60.14056,60.14056,60.14056,0.08295807129999844,0.08295807129999844,0.08295807129999844
a100,c0055,channels,4,2883584,LL128,LL128,22,22,0,108,0,20,20,100,0,True,,14.417919999999999,205466,4,60.359680652600005,59.9142408371,60.858880281425,60.439095,59.9944475,60.93642,0.07860990525000133,0.07578943965000207,0.08115249967499949
a100,c0055,channels,4,3145728,LL128,LL128,22,22,0,108,0,20,20,100,0,True,,15.72864,205237,1,64.8396778107,64.8396778107,64.8396778107,64.91599,64.91599,64.91599,0.07631218929999761,0.07631218929999761,0.07631218929999761
a100,c0055,channels,4,3145728,LL128,LL128,22,22,0,108,0,20,20,100,0,True,,15.72864,205466,4,62.87872076035,62.740480899825,63.0246400833,62.9567,62.8178125,63.1020525,0.07752506439999962,0.07631239419999858,0.07797744742499901
a100,c0055,channels,4,4194304,LL128,LL128,22,22,0,108,0,20,20,100,0,True,,20.971519999999998,205237,1,74.7315216064,74.7315216064,74.7315216064,74.80414,74.80414,74.80414,0.07261839360000977,0.07261839360000977,0.07261839360000977
a100,c0055,channels,4,4194304,LL128,LL128,22,22,0,108,0,20,20,100,0,True,,20.971519999999998,205466,4,75.78624010089999,75.450880527525,76.131839752225,75.89345,75.575585,76.20605,0.07701975964999974,0.07421024777499952,0.09451433302499979
a100,c0055,channels,4,5767168,LL128,LL128,22,22,0,108,0,20,20,100,0,True,,28.835839999999997,205237,1,90.0915241241,90.0915241241,90.0915241241,90.16777,90.16777,90.16777,0.07624587589999976,0.07624587589999976,0.07624587589999976
a100,c0055,channels,4,5767168,LL128,LL128,22,22,0,108,0,20,20,100,0,True,,28.835839999999997,205466,4,90.8288002014,90.444800853725,91.146237850175,90.90454,90.5240575,91.2226775,0.07885464265000763,0.07616858400000481,0.08264255615000948
a100,c0056,channels,4,262144,LL128,LL128,23,16,0,108,0,20,20,100,0,False,channels_unrealized,1.3107199999999999,205237,1,37.7343988419,37.7343988419,37.7343988419,37.81342,37.81342,37.81342,0.07902115809999799,0.07902115809999799,0.07902115809999799
a100,c0056,channels,4,262144,LL128,LL128,23,16,0,108,0,20,20,100,0,False,channels_unrealized,1.3107199999999999,205466,4,37.52959966660001,37.470719814350005,37.621759772275,37.61137,37.552409999999995,37.7046975,0.08259527794999855,0.08149790612499608,0.08395495179999912
a100,c0056,channels,4,376832,LL128,LL128,23,23,0,108,0,20,20,100,0,True,,1.88416,205237,1,38.4511995316,38.4511995316,38.4511995316,38.52901,38.52901,38.52901,0.07781046840000272,0.07781046840000272,0.07781046840000272
a100,c0056,channels,4,376832,LL128,LL128,23,23,0,108,0,20,20,100,0,True,,1.88416,205466,4,38.0927991867,38.05439949035,38.11583936215,38.197900000000004,38.12559,38.2390275,0.0734548550999996,0.07178990235000349,0.0909427869499968
a100,c0056,channels,4,524288,LL128,LL128,23,16,0,108,0,20,20,100,0,False,channels_unrealized,2.6214399999999998,205237,1,39.5980811119,39.5980811119,39.5980811119,39.6707,39.6707,39.6707,0.07261888809999562,0.07261888809999562,0.07261888809999562
a100,c0056,channels,4,524288,LL128,LL128,23,16,0,108,0,20,20,100,0,False,channels_unrealized,2.6214399999999998,205466,4,39.43935990335,39.329279661200005,39.534080624575,39.514795,39.408114999999995,39.6074225,0.07543509664999704,0.07334187542499926,0.07883533879999582
a100,c0056,channels,4,1048576,LL128,LL128,23,22,0,108,0,20,20,100,0,False,channels_unrealized,5.2428799999999995,205237,1,42.874879837,42.874879837,42.874879837,42.95544,42.95544,42.95544,0.08056016300000124,0.08056016300000124,0.08056016300000124
a100,c0056,channels,4,1048576,LL128,LL128,23,22,0,108,0,20,20,100,0,False,channels_unrealized,5.2428799999999995,205466,4,42.7724814415,42.657281160349996,42.908161878575,42.841115,42.7301225,42.978005,0.07400357500000254,0.07015633140000332,0.07789814617500035
a100,c0056,channels,4,1507328,LL128,LL128,23,23,0,108,0,20,20,100,0,True,,7.53664,205237,1,45.8547210693,45.8547210693,45.8547210693,45.93287,45.93287,45.93287,0.07814893070000295,0.07814893070000295,0.07814893070000295
a100,c0056,channels,4,1507328,LL128,LL128,23,23,0,108,0,20,20,100,0,True,,7.53664,205466,4,45.747199058549995,45.53984045985,45.790718793875,45.822064999999995,45.6169425,45.880427499999996,0.07630421400000031,0.07398942542499931,0.09425959340000034
a100,c0056,channels,4,2097152,LL128,LL128,23,22,0,108,0,20,20,100,0,False,channels_unrealized,10.485759999999999,205237,1,51.107840538,51.107840538,51.107840538,51.19182,51.19182,51.19182,0.08397946200000206,0.08397946200000206,0.08397946200000206
a100,c0056,channels,4,2097152,LL128,LL128,23,22,0,108,0,20,20,100,0,False,channels_unrealized,10.485759999999999,205466,4,50.8928012848,50.74687957765,51.066881418225,50.971685,50.8296625,51.14086,0.07687186265000179,0.07576049812499974,0.0789891534500029
a100,c0056,channels,4,3014656,LL128,LL128,23,23,0,108,0,20,20,100,0,True,,15.07328,205237,1,60.7129621506,60.7129621506,60.7129621506,60.88592,60.88592,60.88592,0.17295784939999947,0.17295784939999947,0.17295784939999947
a100,c0056,channels,4,3014656,LL128,LL128,23,23,0,108,0,20,20,100,0,True,,15.07328,205466,4,60.76416015625,60.33920168875,61.49119853975,60.839870000000005,60.412665000000004,61.5687275,0.07506842820000159,0.0717514860749997,0.07859936987500404
a100,c0056,channels,4,3145728,LL128,LL128,23,22,0,108,0,20,20,100,0,False,channels_unrealized,15.72864,205237,1,62.5356817245,62.5356817245,62.5356817245,62.61525,62.61525,62.61525,0.07956827550000156,0.07956827550000156,0.07956827550000156
a100,c0056,channels,4,3145728,LL128,LL128,23,22,0,108,0,20,20,100,0,False,channels_unrealized,15.72864,205466,4,63.9436817169,63.669761419275,64.1203212738,64.01885,63.744994999999996,64.19847250000001,0.07663946914999897,0.07550343079999777,0.07935256217500175
a100,c0056,channels,4,4194304,LL128,LL128,23,22,0,108,0,20,20,100,0,False,channels_unrealized,20.971519999999998,205237,1,76.2265586853,76.2265586853,76.2265586853,76.30174,76.30174,76.30174,0.07518131469998934,0.07518131469998934,0.07518131469998934
a100,c0056,channels,4,4194304,LL128,LL128,23,22,0,108,0,20,20,100,0,False,channels_unrealized,20.971519999999998,205466,4,75.44320106505,75.18720030785,75.68128108975,75.52007499999999,75.2670575,75.77627249999999,0.0877697926499934,0.07810627077499177,0.10763818932499802
a100,c0056,channels,4,6029312,LL128,LL128,23,23,0,108,0,20,20,100,0,True,,30.14656,205237,1,92.4262428284,92.4262428284,92.4262428284,92.50449,92.50449,92.50449,0.0782471715999975,0.0782471715999975,0.0782471715999975
a100,c0056,channels,4,6029312,LL128,LL128,23,23,0,108,0,20,20,100,0,True,,30.14656,205466,4,92.42623806,92.04991817474999,92.753918170925,92.508835,92.133565,92.834835,0.08140695650000396,0.08091682907500797,0.08245684174999823
a100,c0057,channels,4,262144,LL128,LL128,24,16,0,108,0,20,20,100,0,False,channels_unrealized,1.3107199999999999,205237,2,37.959680557249996,37.841920852675,38.077440261825,38.080034999999995,37.9433775,38.2166925,0.12035444274999918,0.10145664732499782,0.13925223817500054
a100,c0057,channels,4,262144,LL128,LL128,24,16,0,108,0,20,20,100,0,False,channels_unrealized,1.3107199999999999,205466,3,37.6012802124,37.565439939499996,37.68831968305,37.67295,37.63913,37.763825,0.07571033340000355,0.07369006050000237,0.07752558985000135
a100,c0057,channels,4,393216,LL128,LL128,24,24,0,108,0,20,20,100,0,True,,1.96608,205237,2,38.4614396095,38.44095945354999,38.48191976545,38.541920000000005,38.52318,38.56066,0.08048039050000355,0.07874023455000234,0.08222054645000476
a100,c0057,channels,4,393216,LL128,LL128,24,24,0,108,0,20,20,100,0,True,,1.96608,205466,3,38.2156801224,38.1337594986,38.22080016135,38.29114,38.213589999999996,38.2963,0.07553979969999602,0.07549983864999632,0.07987046244999974
a100,c0057,channels,4,524288,LL128,LL128,24,16,0,108,0,20,20,100,0,False,channels_unrealized,2.6214399999999998,205237,2,39.649280309649996,39.582720398875,39.715840220425,39.72972,39.661539999999995,39.7979,0.08043969034999776,0.07881960112499797,0.08205977957499755
a100,c0057,channels,4,524288,LL128,LL128,24,16,0,108,0,20,20,100,0,False,channels_unrealized,2.6214399999999998,205466,3,39.5161604881,39.4188797474,39.58783984185,39.66177,39.53297499999999,39.702205,0.08312080440000358,0.08285089885000119,0.11436515815000092
a100,c0057,channels,4,1048576,LL128,LL128,24,22,0,108,0,20,20,100,0,False,channels_unrealized,5.2428799999999995,205237,2,42.52671957015,42.419198751425,42.634240388875,42.64825,42.520955,42.775544999999994,0.12153042984999729,0.10175624857499699,0.1413046111249976
a100,c0057,channels,4,1048576,LL128,LL128,24,22,0,108,0,20,20,100,0,False,channels_unrealized,5.2428799999999995,205466,3,43.3561611176,43.125760555300005,43.3766412735,43.42594,43.237275,43.444975,0.0697788823999943,0.06833372649999703,0.11151444469999561
a100,c0057,channels,4,1572864,LL128,LL128,24,24,0,108,0,20,20,100,0,True,,7.86432,205237,2,46.12096071245,45.905920267125005,46.336001157775,46.200145,45.9844525,46.415837499999995,0.07918428754999596,0.07853223287499667,0.07983634222499525
a100,c0057,channels,4,1572864,LL128,LL128,24,24,0,108,0,20,20,100,0,True,,7.86432,205466,3,45.7523202896,45.66015958785,45.81887960435,45.91122,45.773305,45.940380000000005,0.08410108090000534,0.07574609740000326,0.1215003956500027
a100,c0057,channels,4,2097152,LL128,LL128,24,22,0,108,0,20,20,100,0,False,channels_unrealized,10.485759999999999,205237,2,51.36384010315,51.297280788425,51.430399417875,51.44876,51.38416,51.51336,0.08491989684999979,0.0829605821249988,0.08687921157500078
a100,c0057,channels,4,2097152,LL128,LL128,24,22,0,108,0,20,20,100,0,False,channels_unrealized,10.485759999999999,205466,3,51.2614393234,50.79040050505,51.507198810549994,51.33428,50.86278,51.582165,0.07284067660000204,0.07237949495000251,0.07496618945000222
a100,c0057,channels,4,3145728,LL128,LL128,24,24,0,108,0,20,20,100,0,True,,15.72864,205237,2,62.013440132149995,61.982719898225,62.044160366075,62.096055,62.065847500000004,62.126262499999996,0.08261486785000116,0.08210213392499988,0.08312760177500245
a100,c0057,channels,4,3145728,LL128,LL128,24,24,0,108,0,20,20,100,0,True,,15.72864,205466,3,61.7676782608,61.70111894605,61.870079040549996,61.84906,61.784440000000004,61.95311,0.08468017970000119,0.08303095945000294,0.0849702741999998
a100,c0057,channels,4,4194304,LL128,LL128,24,24,0,108,0,20,20,100,0,True,,20.971519999999998,205237,2,75.03360033035,74.96960043907501,75.097600221625,75.12197,75.05639,75.18755,0.08836966964999249,0.08678956092499135,0.08994977837499363
a100,c0057,channels,4,4194304,LL128,LL128,24,24,0,108,0,20,20,100,0,True,,20.971519999999998,205466,3,74.9158382416,74.89023923875,76.05247974395,74.98991,74.963405,76.13261,0.07407175839999525,0.07316576124999585,0.08013025604999768
a100,c0057,channels,4,6291456,LL128,LL128,24,24,0,108,0,20,20,100,0,True,,31.45728,205237,2,95.9590435028,95.89760303495001,96.02048397064999,96.04181,95.97824,96.10538,0.08276649719999796,0.0806369650499974,0.08489602934999851
a100,c0057,channels,4,6291456,LL128,LL128,24,24,0,108,0,20,20,100,0,True,,31.45728,205466,3,96.1433601379,96.02047920225,96.34816169735001,96.23517,96.10637,96.429745,0.07997173340000074,0.07566423829999991,0.08589079774999675
a100,c0058,channels,4,262144,LL128,LL128,28,16,0,108,0,20,20,100,0,False,channels_unrealized,1.3107199999999999,205237,1,37.8265595436,37.8265595436,37.8265595436,37.89829,37.89829,37.89829,0.07173045640000453,0.07173045640000453,0.07173045640000453
a100,c0058,channels,4,262144,LL128,LL128,28,16,0,108,0,20,20,100,0,False,channels_unrealized,1.3107199999999999,205466,4,37.6524794102,37.5372797251,37.775359153775,37.76677,37.665125,37.8588225,0.08254062880000035,0.0799829031249999,0.09957575700000021
a100,c0058,channels,4,458752,LL128,LL128,28,28,0,108,0,20,20,100,0,True,,2.2937600000000002,205237,1,38.5945606232,38.5945606232,38.5945606232,38.67418,38.67418,38.67418,0.07961937679999664,0.07961937679999664,0.07961937679999664
a100,c0058,channels,4,458752,LL128,LL128,28,28,0,108,0,20,20,100,0,True,,2.2937600000000002,205466,4,38.497279882399994,38.417919278125,38.602240085575,38.57188,38.4905525,38.7290025,0.0767651565499996,0.07479826082499841,0.12676241442500213
a100,c0058,channels,4,524288,LL128,LL128,28,16,0,108,0,20,20,100,0,False,channels_unrealized,2.6214399999999998,205237,1,39.2192006111,39.2192006111,39.2192006111,39.3064,39.3064,39.3064,0.08719938889999668,0.08719938889999668,0.08719938889999668
a100,c0058,channels,4,524288,LL128,LL128,28,16,0,108,0,20,20,100,0,False,channels_unrealized,2.6214399999999998,205466,4,39.14240002635,38.970881104499995,39.42143917085,39.213565,39.043054999999995,39.4947375,0.0740350126499969,0.07137802247499891,0.07696424117499667
a100,c0058,channels,4,1048576,LL128,LL128,28,22,0,108,0,20,20,100,0,False,channels_unrealized,5.2428799999999995,205237,1,43.2844781876,43.2844781876,43.2844781876,43.35329,43.35329,43.35329,0.0688118123999999,0.0688118123999999,0.0688118123999999
a100,c0058,channels,4,1048576,LL128,LL128,28,22,0,108,0,20,20,100,0,False,channels_unrealized,5.2428799999999995,205466,4,42.757117748300004,42.424318790475,43.01567792895,42.86981,42.5007025,43.1472925,0.07829676739999769,0.07638370952499862,0.09721908674999824
a100,c0058,channels,4,1835008,LL128,LL128,28,28,0,108,0,20,20,100,0,True,,9.175040000000001,205237,1,46.9606399536,46.9606399536,46.9606399536,47.04813,47.04813,47.04813,0.08749004639999924,0.08749004639999924,0.08749004639999924
a100,c0058,channels,4,1835008,LL128,LL128,28,28,0,108,0,20,20,100,0,True,,9.175040000000001,205466,4,47.3190402985,46.896638870275,47.526401281375,47.395245,46.97316,47.6012125,0.07534413925000294,0.07363152447500099,0.07684026162500324
a100,c0058,channels,4,2097152,LL128,LL128,28,26,0,108,0,20,20,100,0,False,channels_unrealized,10.485759999999999,205237,1,50.1043176651,50.1043176651,50.1043176651,50.17917,50.17917,50.17917,0.07485233490000098,0.07485233490000098,0.07485233490000098
a100,c0058,channels,4,2097152,LL128,LL128,28,26,0,108,0,20,20,100,0,False,channels_unrealized,10.485759999999999,205466,4,50.816001892100005,50.086401700975,51.289601326,50.899495,50.164702500000004,51.372485000000005,0.07740340329999995,0.07281936972499992,0.08227539870000022
a100,c0058,channels,4,3145728,LL128,LL128,28,28,0,108,0,20,20,100,0,True,,15.72864,205237,1,58.9107179642,58.9107179642,58.9107179642,58.99517,58.99517,58.99517,0.08445203579999827,0.08445203579999827,0.08445203579999827
a100,c0058,channels,4,3145728,LL128,LL128,28,28,0,108,0,20,20,100,0,True,,15.72864,205466,4,59.8732805252,59.578880071625,60.05248069765,59.952855,59.660095,60.1269125,0.0746041343500039,0.07316472737500312,0.07751166290000278
a100,c0058,channels,4,3670016,LL128,LL128,28,28,0,108,0,20,20,100,0,True,,18.350080000000002,205237,1,66.8979215622,66.8979215622,66.8979215622,66.97346,66.97346,66.97346,0.07553843780000591,0.07553843780000591,0.07553843780000591
a100,c0058,channels,4,3670016,LL128,LL128,28,28,0,108,0,20,20,100,0,True,,18.350080000000002,205466,4,66.51391983035,66.15295886995,66.885120868725,66.62551500000001,66.2844125,66.9605875,0.0809995623500015,0.07546663127499897,0.10085802275000333
a100,c0058,channels,4,4194304,LL128,LL128,28,26,0,108,0,20,20,100,0,False,channels_unrealized,20.971519999999998,205237,1,76.5952014923,76.5952014923,76.5952014923,76.67977,76.67977,76.67977,0.08456850769999846,0.08456850769999846,0.08456850769999846
a100,c0058,channels,4,4194304,LL128,LL128,28,26,0,108,0,20,20,100,0,False,channels_unrealized,20.971519999999998,205466,4,76.27776145935,75.99872112277501,76.68224096295,76.35468,76.0756475,76.75876,0.07683894259999136,0.07584726349999116,0.07751855272499242
a100,c0058,channels,4,7340032,LL128,LL128,28,28,0,108,0,20,20,100,0,True,,36.700160000000004,205237,1,107.151355743,107.151355743,107.151355743,107.26876,107.26876,107.26876,0.11740425700000401,0.11740425700000401,0.11740425700000401
a100,c0058,channels,4,7340032,LL128,LL128,28,28,0,108,0,20,20,100,0,True,,36.700160000000004,205466,4,107.054080963,106.923518181,107.11296319925,107.15382,107.02923,107.1992575,0.08641325749999851,0.08536627949999698,0.09331406074999649
a100,c0059,channels,4,262144,LL128,LL128,32,16,0,108,0,20,20,100,0,False,channels_unrealized,1.3107199999999999,205237,2,37.7343988419,37.7343988419,37.7343988419,37.81026,37.810185000000004,37.810334999999995,0.07586115809999683,0.07578615809999789,0.07593615809999577
a100,c0059,channels,4,262144,LL128,LL128,32,16,0,108,0,20,20,100,0,False,channels_unrealized,1.3107199999999999,205466,3,37.7036809921,37.61152029035,37.765120267849994,37.77795,37.685525,37.87724,0.0742690078999999,0.07400470965000139,0.11211973214999915
a100,c0059,channels,4,524288,LL128,LL128,32,32,0,108,0,20,20,100,0,True,,2.6214399999999998,205237,2,38.6969602108,38.666240572949995,38.72767984865,38.803335000000004,38.7863025,38.8203675,0.10637478920000376,0.09268765135000478,0.12006192705000274
a100,c0059,channels,4,524288,LL128,LL128,32,32,0,108,0,20,20,100,0,True,,2.6214399999999998,205466,3,38.9836788177,38.881279230100006,39.2857599258,39.06112,38.959075,39.36596,0.07815035750000021,0.07779576989999981,0.08055466180000082
a100,c0059,channels,4,1048576,LL128,LL128,32,32,0,108,0,20,20,100,0,True,,5.2428799999999995,205237,2,41.6102385521,41.12127900125,42.09919810295,41.686989999999994,41.196844999999996,42.177135,0.07675144789999777,0.07556599874999925,0.07793689704999629
a100,c0059,channels,4,1048576,LL128,LL128,32,32,0,108,0,20,20,100,0,True,,5.2428799999999995,205466,3,42.1683216095,41.51808023455,42.255361080149996,42.25036,41.634635,42.338435000000004,0.08410944919999963,0.08307391985000123,0.11759029479999938
a100,c0059,channels,4,2097152,LL128,LL128,32,32,0,108,0,20,20,100,0,True,,10.485759999999999,205237,2,49.5820808411,49.489920139350005,49.67424154285,49.66412,49.57417,49.75407,0.08203915889999891,0.07982845714999875,0.08424986064999906
a100,c0059,channels,4,2097152,LL128,LL128,32,32,0,108,0,20,20,100,0,True,,10.485759999999999,205466,3,48.69120121,48.604161739350005,48.71680021285,48.76935,48.68027,48.794195,0.07664078430000387,0.07535425780000082,0.07739478715000203
a100,c0059,channels,4,3145728,LL128,LL128,32,32,0,108,0,20,20,100,0,True,,15.72864,205237,2,59.0796804428,58.9183998108,59.2409610748,59.16184,59.00391,59.31977,0.08215955720000068,0.0788089252000006,0.08551018920000075
a100,c0059,channels,4,3145728,LL128,LL128,32,32,0,108,0,20,20,100,0,True,,15.72864,205466,3,58.9311981201,58.80831956865,59.02848005295,59.0167,58.89171,59.111985000000004,0.0815080142000042,0.08139349850000244,0.08350494705000244
a100,c0059,channels,4,4194304,LL128,LL128,32,32,0,108,0,20,20,100,0,True,,20.971519999999998,205237,2,72.56063938145,72.47871875767501,72.642560005225,72.681855,72.58702249999999,72.77668750000001,0.1212156185499964,0.10830374232499196,0.13412749477500086
a100,c0059,channels,4,4194304,LL128,LL128,32,32,0,108,0,20,20,100,0,True,,20.971519999999998,205466,3,72.5094413757,72.34560012815001,72.6988816261,72.58907,72.428065,72.78024,0.08308812350000494,0.08135837390000233,0.08419462145000267
a100,c0059,channels,4,8388608,LL128,LL128,32,32,0,108,0,20,20,100,0,True,,41.943039999999996,205237,2,117.9648017885,117.90848255175,118.02112102525,118.04241999999999,117.983055,118.101785,0.07761821150000259,0.07457244824999876,0.08066397475000642
a100,c0059,channels,4,8388608,LL128,LL128,32,32,0,108,0,20,20,100,0,True,,41.943039999999996,205466,3,117.944316864,117.8572797775,118.4460783005,118.07066,117.963565,118.54604,0.08622730899999453,0.0799037860000027,0.10628522249999861
a100,c0060,channels,4,16384,SIMPLE,SIMPLE,1,1,0,108,0,17,20,100,0,True,,0.08191999999999999,205237,3,62.0851182938,61.67551994325,62.12607860565,62.16449,61.754435,62.206405000000004,0.07937170619999989,0.07891505674999877,0.08032639434999922
a100,c0060,channels,4,16384,SIMPLE,SIMPLE,1,1,0,108,0,17,20,100,0,True,,0.08191999999999999,205466,2,61.35807991025,61.342720985375,61.373438835125,61.431605000000005,61.4174525,61.4457575,0.0735250897499995,0.07231866487499872,0.07473151462500027
a100,c0060,channels,4,65536,SIMPLE,SIMPLE,1,1,0,108,0,17,20,100,0,True,,0.32767999999999997,205237,3,65.3414392471,65.21343946454999,65.4540801048,65.43758,65.298765,65.54334,0.08237903750000442,0.07844467774999941,0.08925989520000144
a100,c0060,channels,4,65536,SIMPLE,SIMPLE,1,1,0,108,0,17,20,100,0,True,,0.32767999999999997,205466,2,65.2083182335,65.054718256,65.36191821099999,65.318655,65.1460225,65.4912875,0.11033676650000501,0.09130424400000337,0.12936928900000666
a100,c0060,channels,4,131072,SIMPLE,SIMPLE,1,1,0,108,0,17,20,100,0,True,,0.6553599999999999,205237,3,70.8608007431,70.558719635,71.0553598404,70.93179,70.630665,71.12605,0.07098925690000613,0.07069015960000513,0.07194536499999771
a100,c0060,channels,4,131072,SIMPLE,SIMPLE,1,1,0,108,0,17,20,100,0,True,,0.6553599999999999,205466,2,71.0297584534,70.99135875705,71.06815814975,71.100005,71.0627825,71.1372275,0.0702465465999964,0.06906935024999328,0.07142374294999954
a100,c0060,channels,4,262144,SIMPLE,SIMPLE,1,1,0,108,0,17,20,100,0,True,,1.3107199999999999,205237,3,87.6748752594,83.7324786186,87.7875185013,87.76062,83.81267,87.867935,0.07508825680000086,0.07486313950000323,0.08041649870000356
a100,c0060,channels,4,262144,SIMPLE,SIMPLE,1,1,0,108,0,17,20,100,0,True,,1.3107199999999999,205466,2,86.3436794281,86.0006380081,86.68672084810001,86.424905,86.0835725,86.76623749999999,0.08122557189999213,0.07951665189999346,0.0829344918999908
a100,c0060,channels,4,524288,SIMPLE,SIMPLE,1,1,0,108,0,17,20,100,0,True,,2.6214399999999998,205237,3,116.357116699,116.27519607549999,116.444158554,116.46575,116.37089499999999,116.53826000000001,0.0827645480000001,0.08116706950000463,0.09569892449999884
a100,c0060,channels,4,524288,SIMPLE,SIMPLE,1,1,0,108,0,17,20,100,0,True,,2.6214399999999998,205466,2,115.3843212125,115.30240058875,115.46624183624999,115.46355,115.384445,115.542655,0.07922878749999995,0.07641316374999718,0.08204441125000272
a100,c0060,channels,4,1048576,SIMPLE,SIMPLE,1,1,0,108,0,17,20,100,0,True,,5.2428799999999995,205237,3,162.93888092,160.73728084549998,163.2153606415,163.01451,160.80934000000002,163.29116,0.0756290799999988,0.07205915450001044,0.07579935850000652
a100,c0060,channels,4,1048576,SIMPLE,SIMPLE,1,1,0,108,0,17,20,100,0,True,,5.2428799999999995,205466,2,162.6931190495,162.51903533975,162.86720275925,162.76541,162.59140000000002,162.93941999999998,0.07229095050000467,0.07221724074999969,0.07236466025000965
a100,c0060,channels,4,2097152,SIMPLE,SIMPLE,1,1,0,108,0,17,20,100,0,True,,10.485759999999999,205237,3,253.655033112,253.301753998,253.7369537355,253.73019,253.379275,253.84693,0.0798851159999856,0.07752100199998324,0.11234037849999368
a100,c0060,channels,4,2097152,SIMPLE,SIMPLE,1,1,0,108,0,17,20,100,0,True,,10.485759999999999,205466,2,251.7401599885,250.84415912625,252.63616085075,251.82349499999998,250.9274175,252.7195725,0.08333501149999734,0.08325837374999878,0.08341164924999589
a100,c0060,channels,4,3145728,SIMPLE,SIMPLE,1,1,0,108,0,17,20,100,0,True,,15.72864,205237,3,342.067184448,342.026233673,342.307834625,342.15259,342.10637499999996,342.38780499999996,0.0748771020000163,0.07470614999999725,0.08014132700000687
a100,c0060,channels,4,3145728,SIMPLE,SIMPLE,1,1,0,108,0,17,20,100,0,True,,15.72864,205466,2,341.324806213,340.5644798275,342.08513259849997,341.405225,340.6468125,342.1636375,0.08041878700001348,0.07850490150001121,0.08233267250001575
a100,c0060,channels,4,4194304,SIMPLE,SIMPLE,1,1,0,108,0,17,20,100,0,True,,20.971519999999998,205237,3,429.311981201,429.1737556455,429.317111969,429.39619,429.25609499999996,429.41985999999997,0.08046990999997661,0.07720858649997808,0.10600935450000293
a100,c0060,channels,4,4194304,SIMPLE,SIMPLE,1,1,0,108,0,17,20,100,0,True,,20.971519999999998,205466,2,429.588470459,429.3887901305,429.7881507875,429.70274,429.51776,429.88772,0.11426954099999875,0.0995692125000005,0.128969869499997
a100,c0061,channels,4,32768,SIMPLE,SIMPLE,2,2,0,108,0,17,20,100,0,True,,0.16383999999999999,205237,2,65.21856069565,65.213440656675,65.22368073462499,65.29636500000001,65.2880725,65.3046575,0.0778043043500034,0.07463184332500461,0.0809767653750022
a100,c0061,channels,4,32768,SIMPLE,SIMPLE,2,2,0,108,0,17,20,100,0,True,,0.16383999999999999,205466,3,65.0035190582,64.778239727,65.1315188408,65.07919,64.85249999999999,65.2109,0.07567094179999856,0.07426027300000015,0.07938115919999689
a100,c0061,channels,4,131072,SIMPLE,SIMPLE,2,2,0,108,0,17,20,100,0,True,,0.6553599999999999,205237,2,68.43391895295,68.423678874975,68.44415903092501,68.54784000000001,68.521265,68.574415,0.11392104704999895,0.09758612502500341,0.13025596907499448
a100,c0061,channels,4,131072,SIMPLE,SIMPLE,2,2,0,108,0,17,20,100,0,True,,0.6553599999999999,205466,3,68.4543991089,68.34687948230001,68.55167865755001,68.53205,68.426445,68.62944,0.07787179379999998,0.07776134244999611,0.07967596905000107
a100,c0061,channels,4,262144,SIMPLE,SIMPLE,2,2,0,108,0,17,20,100,0,True,,1.3107199999999999,205237,2,74.12735939025,74.009599685675,74.245119094825,74.203895,74.08390750000001,74.3238825,0.07653560975000318,0.07430781432499955,0.0787634051750068
a100,c0061,channels,4,262144,SIMPLE,SIMPLE,2,2,0,108,0,17,20,100,0,True,,1.3107199999999999,205466,3,73.8816022873,73.86112213135,73.9174413681,73.95942,73.93952999999999,74.00831,0.07899802459999705,0.07840786864999671,0.0914587878499944
a100,c0061,channels,4,524288,SIMPLE,SIMPLE,2,2,0,108,0,17,20,100,0,True,,2.6214399999999998,205237,2,90.26048183445,90.232322216075,90.288641452825,90.33936,90.311275,90.367445,0.0788781655499946,0.07880354717499216,0.07895278392499705
a100,c0061,channels,4,524288,SIMPLE,SIMPLE,2,2,0,108,0,17,20,100,0,True,,2.6214399999999998,205466,3,90.3168010712,90.2860784531,90.4243183136,90.40763,90.40111999999999,90.507475,0.07780892879999612,0.07664668639999661,0.11504154689999524
a100,c0061,channels,4,1048576,SIMPLE,SIMPLE,2,2,0,108,0,17,20,100,0,True,,5.2428799999999995,205237,2,118.74304294550001,118.67136239975,118.81472349125,118.85069,118.76291499999999,118.93846500000001,0.10764705449999923,0.09155260025000089,0.12374150874999756
a100,c0061,channels,4,1048576,SIMPLE,SIMPLE,2,2,0,108,0,17,20,100,0,True,,5.2428799999999995,205466,3,118.538236618,118.49215984349999,118.7071990965,118.61852,118.570685,118.7877,0.08028338200000462,0.07852515650000669,0.08050090350000261
a100,c0061,channels,4,2097152,SIMPLE,SIMPLE,2,2,0,108,0,17,20,100,0,True,,10.485759999999999,205237,2,165.82144737250002,165.62432765975,166.01856708525,165.900025,165.7040375,166.0960125,0.07857762749999608,0.07744541474999522,0.07970984024999694
a100,c0061,channels,4,2097152,SIMPLE,SIMPLE,2,2,0,108,0,17,20,100,0,True,,10.485759999999999,205466,3,165.74464798,165.7292842865,166.0006427765,165.82586,165.809075,166.08059,0.07868242699998973,0.07852591699999323,0.07994722349999961
a100,c0061,channels,4,3145728,SIMPLE,SIMPLE,2,2,0,108,0,17,20,100,0,True,,15.72864,205237,2,211.230716705,211.0207939145,211.4406394955,211.312605,211.10609749999998,211.5191125,0.08188829499999883,0.0784730044999975,0.08530358550000017
a100,c0061,channels,4,3145728,SIMPLE,SIMPLE,2,2,0,108,0,17,20,100,0,True,,15.72864,205466,3,211.6198349,211.4559936525,211.77343368549998,211.69731,211.533,211.86243,0.0774750999999867,0.07700634749998869,0.0889963144999939
a100,c0061,channels,4,4194304,SIMPLE,SIMPLE,2,2,0,108,0,17,20,100,0,True,,20.971519999999998,205237,2,256.056318283,255.854077339,256.25855922700003,256.134595,255.9321175,256.33707250000003,0.07827671699999428,0.0780401609999899,0.07851327299999866
a100,c0061,channels,4,4194304,SIMPLE,SIMPLE,2,2,0,108,0,17,20,100,0,True,,20.971519999999998,205466,3,256.552963257,256.2201595305,256.7628860475,256.65751,256.311985,256.85765000000004,0.0849811620000196,0.08204267900001128,0.09476395250001701
a100,c0062,channels,4,65536,SIMPLE,SIMPLE,4,4,0,108,0,17,20,100,0,True,,0.32767999999999997,205237,1,67.3587179184,67.3587179184,67.3587179184,67.43483,67.43483,67.43483,0.0761120816000016,0.0761120816000016,0.0761120816000016
a100,c0062,channels,4,65536,SIMPLE,SIMPLE,4,4,0,108,0,17,20,100,0,True,,0.32767999999999997,205466,4,67.1283197403,67.092480659475,67.19999909405,67.2113,67.17566,67.2838625,0.08298025969999401,0.08030679329999302,0.0867359531749976
a100,c0062,channels,4,262144,SIMPLE,SIMPLE,4,4,0,108,0,17,20,100,0,True,,1.3107199999999999,205237,1,71.3420820236,71.3420820236,71.3420820236,71.42254,71.42254,71.42254,0.08045797639999819,0.08045797639999819,0.08045797639999819
a100,c0062,channels,4,262144,SIMPLE,SIMPLE,4,4,0,108,0,17,20,100,0,True,,1.3107199999999999,205466,4,70.99904060365,70.914560556425,71.063039302825,71.07656,70.9931725,71.1401825,0.07751939634999161,0.07714319717499407,0.07861194357499457
a100,c0062,channels,4,524288,SIMPLE,SIMPLE,4,4,0,108,0,17,20,100,0,True,,2.6214399999999998,205237,1,76.8921613693,76.8921613693,76.8921613693,76.96514,76.96514,76.96514,0.07297863070000687,0.07297863070000687,0.07297863070000687
a100,c0062,channels,4,524288,SIMPLE,SIMPLE,4,4,0,108,0,17,20,100,0,True,,2.6214399999999998,205466,4,76.8716788292,76.715518236125,76.943359375025,76.951585,76.80485,77.02450250000001,0.08027546905000804,0.07835550807500624,0.0924886790250028
a100,c0062,channels,4,1048576,SIMPLE,SIMPLE,4,4,0,108,0,17,20,100,0,True,,5.2428799999999995,205237,1,91.8732833862,91.8732833862,91.8732833862,91.94936,91.94936,91.94936,0.07607661379999797,0.07607661379999797,0.07607661379999797
a100,c0062,channels,4,1048576,SIMPLE,SIMPLE,4,4,0,108,0,17,20,100,0,True,,5.2428799999999995,205466,4,91.99615955350001,91.768319606775,92.14208126065,92.074095,91.86276000000001,92.2203075,0.0798904465000021,0.0744378767500038,0.10018375582500028
a100,c0062,channels,4,2097152,SIMPLE,SIMPLE,4,4,0,108,0,17,20,100,0,True,,10.485759999999999,205237,1,120.514564514,120.514564514,120.514564514,120.66493,120.66493,120.66493,0.15036548599999833,0.15036548599999833,0.15036548599999833
a100,c0062,channels,4,2097152,SIMPLE,SIMPLE,4,4,0,108,0,17,20,100,0,True,,10.485759999999999,205466,4,120.62719821900001,120.56319951975,120.7219195365,120.735715,120.64399,120.84580249999999,0.08379654449999663,0.08057821849999414,0.09937498875000017
a100,c0062,channels,4,3145728,SIMPLE,SIMPLE,4,4,0,108,0,17,20,100,0,True,,15.72864,205237,1,150.118398666,150.118398666,150.118398666,150.19817,150.19817,150.19817,0.07977133400001435,0.07977133400001435,0.07977133400001435
a100,c0062,channels,4,3145728,SIMPLE,SIMPLE,4,4,0,108,0,17,20,100,0,True,,15.72864,205466,4,149.923839569,149.84703779225,149.975042343,150.03341,149.97312,150.0529475,0.08001265699998328,0.07542304674998235,0.09900654399999098
a100,c0062,channels,4,4194304,SIMPLE,SIMPLE,4,4,0,108,0,17,20,100,0,True,,20.971519999999998,205237,1,167.8540802,167.8540802,167.8540802,167.94224,167.94224,167.94224,0.08815979999999968,0.08815979999999968,0.08815979999999968
a100,c0062,channels,4,4194304,SIMPLE,SIMPLE,4,4,0,108,0,17,20,100,0,True,,20.971519999999998,205466,4,167.659521103,167.57247924825,167.75680541975,167.74066499999998,167.65184,167.83888,0.0794573704999948,0.07925493424998109,0.08049387125000607
a100,c0063,channels,4,131072,SIMPLE,SIMPLE,8,8,0,108,0,17,20,100,0,True,,0.6553599999999999,205237,2,68.61312150955,68.59008193017499,68.63616108892501,68.69407,68.66561999999999,68.72252,0.08094849044999819,0.07553806982500078,0.0863589110749956
a100,c0063,channels,4,131072,SIMPLE,SIMPLE,8,8,0,108,0,17,20,100,0,True,,0.6553599999999999,205466,3,68.8230419159,68.7411212921,68.84864091875,68.89685,68.817215,68.92425,0.07741007840000691,0.07560908125000054,0.0778947050499994
a100,c0063,channels,4,262144,SIMPLE,SIMPLE,8,8,0,108,0,17,20,100,0,True,,1.3107199999999999,205237,2,69.56031799319999,69.53983783724999,69.58079814915,69.64580000000001,69.62791,69.66369,0.08548200680000662,0.08289185085000383,0.0880721627500094
a100,c0063,channels,4,262144,SIMPLE,SIMPLE,8,8,0,108,0,17,20,100,0,True,,1.3107199999999999,205466,3,69.4886398315,69.36575889585,69.62176084514999,69.56026,69.44057000000001,69.69681,0.07800203979999765,0.07481110415000103,0.07824009049999603
a100,c0063,channels,4,524288,SIMPLE,SIMPLE,8,8,0,108,0,17,20,100,0,True,,2.6214399999999998,205237,2,72.61183977125,72.509440183625,72.714239358875,72.68871999999999,72.58515,72.79229,0.07688022874999234,0.0757098163749923,0.07805064112499238
a100,c0063,channels,4,524288,SIMPLE,SIMPLE,8,8,0,108,0,17,20,100,0,True,,2.6214399999999998,205466,3,72.7347183228,72.51456022265,72.78079986575,72.80341,72.58558,72.852195,0.07334787749999805,0.07101977734999565,0.07372323439999917
a100,c0063,channels,4,1048576,SIMPLE,SIMPLE,8,8,0,108,0,17,20,100,0,True,,5.2428799999999995,205237,2,79.65183973309999,79.42400097845,79.87967848775,79.730145,79.5040475,79.9562425,0.07830526690000283,0.07656401225000309,0.08004652155000258
a100,c0063,channels,4,1048576,SIMPLE,SIMPLE,8,8,0,108,0,17,20,100,0,True,,5.2428799999999995,205466,3,79.5340776443,79.2780780792,79.646718502,79.61332,79.35707500000001,79.72464500000001,0.0787514858999998,0.07768106310000178,0.07899692080000165
a100,c0063,channels,4,2097152,SIMPLE,SIMPLE,8,8,0,108,0,17,20,100,0,True,,10.485759999999999,205237,2,94.09023761750001,93.93919706345,94.24127817155001,94.17184,94.01858,94.32509999999999,0.08160238249999452,0.0793829365499974,0.08382182844999164
a100,c0063,channels,4,2097152,SIMPLE,SIMPLE,8,8,0,108,0,17,20,100,0,True,,10.485759999999999,205466,3,93.8291168213,93.75231742860001,93.91103744505,93.91399,93.86141,94.022255,0.13331196410000246,0.10909257139999795,0.1354369476500068
a100,c0063,channels,4,3145728,SIMPLE,SIMPLE,8,8,0,108,0,17,20,100,0,True,,15.72864,205237,2,107.8835201265,107.79903888724999,107.96800136575,107.96433999999999,107.882465,108.046215,0.08081987350000475,0.07821363425000527,0.08342611275000422
a100,c0063,channels,4,3145728,SIMPLE,SIMPLE,8,8,0,108,0,17,20,100,0,True,,15.72864,205466,3,107.499523163,107.448320389,107.6275205615,107.59127,107.536785,107.71721,0.08763203999998836,0.08640721249999217,0.08968943849998823
a100,c0063,channels,4,4194304,SIMPLE,SIMPLE,8,8,0,108,0,17,20,100,0,True,,20.971519999999998,205237,2,123.473916054,123.44319582,123.504636288,123.62749,123.59178499999999,123.663195,0.15357394599999452,0.14858917999999477,0.15855871199999427
a100,c0063,channels,4,4194304,SIMPLE,SIMPLE,8,8,0,108,0,17,20,100,0,True,,20.971519999999998,205466,3,123.197441101,123.187198639,123.49440097799999,123.33933,123.29607,123.60439,0.07808914500000697,0.07697148400000486,0.10998902200000771
a100,c0064,channels,4,196608,SIMPLE,SIMPLE,12,12,0,108,0,17,20,100,0,True,,0.98304,205237,1,68.4441614151,68.4441614151,68.4441614151,68.53305,68.53305,68.53305,0.08888858490000473,0.08888858490000473,0.08888858490000473
a100,c0064,channels,4,196608,SIMPLE,SIMPLE,12,12,0,108,0,17,20,100,0,True,,0.98304,205466,4,68.3775997162,68.270078897475,68.48512053492499,68.45847,68.3502775,68.56305,0.07706018935000714,0.07448346085000423,0.07983451230001037
a100,c0064,channels,4,262144,SIMPLE,SIMPLE,12,8,0,108,0,17,20,100,0,False,channels_unrealized,1.3107199999999999,205237,1,69.3657588959,69.3657588959,69.3657588959,69.4362,69.4362,69.4362,0.0704411040999986,0.0704411040999986,0.0704411040999986
a100,c0064,channels,4,262144,SIMPLE,SIMPLE,12,8,0,108,0,17,20,100,0,False,channels_unrealized,1.3107199999999999,205466,4,69.38111782075,69.2070388794,69.54239845277499,69.46216,69.30488,69.6225625,0.08104217924999801,0.07767383804999639,0.10033132977500259
a100,c0064,channels,4,524288,SIMPLE,SIMPLE,12,11,0,108,0,17,20,100,0,False,channels_unrealized,2.6214399999999998,205237,1,70.8095979691,70.8095979691,70.8095979691,70.89361,70.89361,70.89361,0.08401203089999854,0.08401203089999854,0.08401203089999854
a100,c0064,channels,4,524288,SIMPLE,SIMPLE,12,11,0,108,0,17,20,100,0,False,channels_unrealized,2.6214399999999998,205466,4,70.9427189827,70.78143835065,71.05791926387501,71.098445,70.92080750000001,71.18945500000001,0.11288150160000043,0.07486704742499839,0.1531933223500026
a100,c0064,channels,4,786432,SIMPLE,SIMPLE,12,12,0,108,0,17,20,100,0,True,,3.93216,205237,1,73.2159996033,73.2159996033,73.2159996033,73.29595,73.29595,73.29595,0.07995039669999926,0.07995039669999926,0.07995039669999926
a100,c0064,channels,4,786432,SIMPLE,SIMPLE,12,12,0,108,0,17,20,100,0,True,,3.93216,205466,4,72.8729605675,72.77824163437501,73.04703950884999,72.95497,72.85935,73.1337925,0.08322898115000044,0.08232791427499819,0.08675299115000357
a100,c0064,channels,4,1048576,SIMPLE,SIMPLE,12,11,0,108,0,17,20,100,0,False,channels_unrealized,5.2428799999999995,205237,1,76.0012817383,76.0012817383,76.0012817383,76.08361,76.08361,76.08361,0.08232826169999896,0.08232826169999896,0.08232826169999896
a100,c0064,channels,4,1048576,SIMPLE,SIMPLE,12,11,0,108,0,17,20,100,0,False,channels_unrealized,5.2428799999999995,205466,4,76.29311799999999,76.060158014275,76.515837907775,76.37242499999999,76.13732,76.5921075,0.07527203294999651,0.07021714164999437,0.07917946925000052
a100,c0064,channels,4,1572864,SIMPLE,SIMPLE,12,12,0,108,0,17,20,100,0,True,,7.86432,205237,1,79.8617601395,79.8617601395,79.8617601395,79.94126,79.94126,79.94126,0.07949986049999325,0.07949986049999325,0.07949986049999325
a100,c0064,channels,4,1572864,SIMPLE,SIMPLE,12,12,0,108,0,17,20,100,0,True,,7.86432,205466,4,79.34975862505,79.33695912365,79.55456018447501,79.43309500000001,79.4228775,79.63381749999999,0.0833363749500009,0.07925731552499826,0.08591837635000132
a100,c0064,channels,4,2097152,SIMPLE,SIMPLE,12,12,0,108,0,17,20,100,0,True,,10.485759999999999,205237,1,90.2963161469,90.2963161469,90.2963161469,90.38429,90.38429,90.38429,0.08797385309999584,0.08797385309999584,0.08797385309999584
a100,c0064,channels,4,2097152,SIMPLE,SIMPLE,12,12,0,108,0,17,20,100,0,True,,10.485759999999999,205466,4,89.1596794128,88.719360828375,89.495036602,89.23936,88.7967075,89.576695,0.07968058719999505,0.07734667162499775,0.08165839799999475
a100,c0064,channels,4,3145728,SIMPLE,SIMPLE,12,12,0,108,0,17,20,100,0,True,,15.72864,205237,1,95.1807975769,95.1807975769,95.1807975769,95.26231,95.26231,95.26231,0.08151242309999418,0.08151242309999418,0.08151242309999418
a100,c0064,channels,4,3145728,SIMPLE,SIMPLE,12,12,0,108,0,17,20,100,0,True,,15.72864,205466,4,94.7609567642,93.9929580688,95.4111981392,94.83797,94.08265,95.491185,0.07701323579999553,0.07098672579999743,0.09869206619999815
a100,c0064,channels,4,4194304,SIMPLE,SIMPLE,12,12,0,108,0,17,20,100,0,True,,20.971519999999998,205237,1,104.243202209,104.243202209,104.243202209,104.41405,104.41405,104.41405,0.17084779099999992,0.17084779099999992,0.17084779099999992
a100,c0064,channels,4,4194304,SIMPLE,SIMPLE,12,12,0,108,0,17,20,100,0,True,,20.971519999999998,205466,4,105.36448001849999,104.76287603349999,106.0044837,105.438515,104.8355675,106.0803,0.07491058849999632,0.07412614324999822,0.07525723024999564
a100,c0065,channels,4,262144,SIMPLE,SIMPLE,16,16,0,108,0,17,20,100,0,True,,1.3107199999999999,205466,5,69.1609621048,68.9561605453,69.2019176483,69.24061,69.04073,69.28891,0.08456945470000221,0.07964789519999727,0.08699235170000463
a100,c0065,channels,4,524288,SIMPLE,SIMPLE,16,16,0,108,0,17,20,100,0,True,,2.6214399999999998,205466,5,70.2054405212,70.1951980591,70.3385591507,70.29054,70.28072,70.40676,0.07895888790000072,0.07880038150000246,0.08509947879998947
a100,c0065,channels,4,1048576,SIMPLE,SIMPLE,16,16,0,108,0,17,20,100,0,True,,5.2428799999999995,205466,5,74.2195177078,73.9020776749,74.4038391113,74.29536,74.04969,74.47641,0.07921234920000586,0.07584229220000793,0.147612325099999
a100,c0065,channels,4,2097152,SIMPLE,SIMPLE,16,16,0,108,0,17,20,100,0,True,,10.485759999999999,205466,5,82.3295974731,81.0598373413,82.4115180969,82.4016,81.14297,82.49137,0.08096402039998907,0.0798519031000069,0.08313265870000919
a100,c0065,channels,4,3145728,SIMPLE,SIMPLE,16,16,0,108,0,17,20,100,0,True,,15.72864,205466,5,91.6275215149,91.4636802673,92.0473575592,91.70253,91.54964,92.12535,0.08229166990000181,0.07799244080000278,0.08595973269999035
a100,c0065,channels,4,4194304,SIMPLE,SIMPLE,16,16,0,108,0,17,20,100,0,True,,20.971519999999998,205466,5,97.0751953125,96.6758441925,97.2902393341,97.14964,96.75177,97.36896,0.0787206659000077,0.07592580749999911,0.08362465449999945
a100,c0066,channels,4,262144,SIMPLE,SIMPLE,20,16,0,108,0,17,20,100,0,False,channels_unrealized,1.3107199999999999,205466,5,69.0585613251,68.8435220718,69.1302394867,69.1321,68.92361,69.20705,0.07414789519999943,0.07392163789999984,0.07681051329998922
a100,c0066,channels,4,327680,SIMPLE,SIMPLE,20,20,0,108,0,17,20,100,0,True,,1.6384,205466,5,69.9084806442,69.376001358,70.1030397415,69.99296,69.50943,70.18703,0.08399025849999475,0.07601116120000029,0.08447935579999921
a100,c0066,channels,4,524288,SIMPLE,SIMPLE,20,16,0,108,0,17,20,100,0,False,channels_unrealized,2.6214399999999998,205466,5,70.4819202423,70.3283214569,70.6252813339,70.55895,70.4749,70.70564,0.08035866609999687,0.07923097229999598,0.1397516290000027
a100,c0066,channels,4,1048576,SIMPLE,SIMPLE,20,16,0,108,0,17,20,100,0,False,channels_unrealized,5.2428799999999995,205466,5,74.3936014175,74.0352010727,74.7212791443,74.47211,74.12413,74.79904,0.084570855700008,0.0785085825000067,0.08892892729998891
a100,c0066,channels,4,1310720,SIMPLE,SIMPLE,20,20,0,108,0,17,20,100,0,True,,6.5536,205466,5,74.9056005478,74.84416008,76.646399498,74.9864,74.92297,76.72865,0.07880992000001186,0.07018023189999667,0.08079945219999729
a100,c0066,channels,4,2097152,SIMPLE,SIMPLE,20,19,0,108,0,17,20,100,0,False,channels_unrealized,10.485759999999999,205466,5,80.9881591797,80.7628822327,81.0700798035,81.06992,80.84468,81.14918,0.08149029540000186,0.07910019650000777,0.08176082029999066
a100,c0066,channels,4,2621440,SIMPLE,SIMPLE,20,20,0,108,0,17,20,100,0,True,,13.1072,205466,5,84.4390392303,84.2854404449,84.6233558655,84.51907,84.36979,84.71043,0.08003076970000222,0.07932029299999499,0.08434955509999043
a100,c0066,channels,4,3145728,SIMPLE,SIMPLE,20,20,0,108,0,17,20,100,0,True,,15.72864,205466,5,90.7161617279,90.6444835663,91.5148830414,90.78216,90.72845,91.59152,0.08003216189999307,0.0766369586000053,0.08396643369999879
a100,c0066,channels,4,4194304,SIMPLE,SIMPLE,20,20,0,108,0,17,20,100,0,True,,20.971519999999998,205466,5,93.8803195953,93.5424041748,94.914560318,93.95196,93.62273,95.01071,0.0803258252000063,0.07264083069999572,0.08180078250001088
a100,c0066,channels,4,5242880,SIMPLE,SIMPLE,20,20,0,108,0,17,20,100,0,True,,26.2144,205466,5,99.6352005005,99.2460823059,99.8911952972,99.70905,99.32342,99.96967,0.07598362000000236,0.07384949949999964,0.07733769409999525
a100,c0067,channels,4,262144,SIMPLE,SIMPLE,22,16,0,108,0,17,20,100,0,False,channels_unrealized,1.3107199999999999,205237,2,68.84351968765,68.67967963217501,69.007359743125,68.91930500000001,68.7559925,69.0826175,0.07578531234999986,0.07525775687500058,0.07631286782499913
a100,c0067,channels,4,262144,SIMPLE,SIMPLE,22,16,0,108,0,17,20,100,0,False,channels_unrealized,1.3107199999999999,205466,3,69.2838382721,69.09951925280001,69.30943965910001,69.36015,69.177945,69.390155,0.08053976649999584,0.07842574720000073,0.08282936019999454
a100,c0067,channels,4,360448,SIMPLE,SIMPLE,22,22,0,108,0,17,20,100,0,True,,1.8022399999999998,205237,2,69.8572802544,69.7036802769,70.01088023189999,69.934765,69.7825675,70.0869625,0.07748474560000318,0.07608226810000218,0.07888722310000418
a100,c0067,channels,4,360448,SIMPLE,SIMPLE,22,22,0,108,0,17,20,100,0,True,,1.8022399999999998,205466,3,69.8470401764,69.60128068924999,69.98528003695,69.92253,69.67846,70.060145,0.07548982359999457,0.0748649630499969,0.0771793107499974
a100,c0067,channels,4,524288,SIMPLE,SIMPLE,22,16,0,108,0,17,20,100,0,False,channels_unrealized,2.6214399999999998,205237,2,70.23616075515,70.154241323475,70.318080186825,70.315995,70.2318325,70.4001575,0.07983424484999802,0.0775911765250008,0.08207731317499523
a100,c0067,channels,4,524288,SIMPLE,SIMPLE,22,16,0,108,0,17,20,100,0,False,channels_unrealized,2.6214399999999998,205466,3,70.0313615799,69.85728025435,70.49728155135,70.11391,69.93481,70.57519500000001,0.0732784771999917,0.07289477419999457,0.07791344865000127
a100,c0067,channels,4,1048576,SIMPLE,SIMPLE,22,22,0,108,0,17,20,100,0,True,,5.2428799999999995,205237,2,73.3900809288,73.1648004055,73.6153614521,73.46422,73.235705,73.692735,0.07413907119999408,0.07090459449999287,0.07737354789999529
a100,c0067,channels,4,1048576,SIMPLE,SIMPLE,22,22,0,108,0,17,20,100,0,True,,5.2428799999999995,205466,3,73.1852817535,72.9753613472,73.32352161405001,73.26658,73.056375,73.40474,0.08113852540000721,0.08093379225000064,0.08121838595000241
a100,c0067,channels,4,1441792,SIMPLE,SIMPLE,22,22,0,108,0,17,20,100,0,True,,7.208959999999999,205237,2,74.7622418404,74.48064208035,75.04384160045,74.875485,74.6112275,75.1397425,0.1132431596000032,0.0959008995500028,0.1305854196500036
a100,c0067,channels,4,1441792,SIMPLE,SIMPLE,22,22,0,108,0,17,20,100,0,True,,7.208959999999999,205466,3,75.2230405807,74.78271961210001,75.37152051925,75.30371,74.89587499999999,75.45515,0.08658954220000226,0.08362948074999821,0.11611544934999785
a100,c0067,channels,4,2097152,SIMPLE,SIMPLE,22,22,0,108,0,17,20,100,0,True,,10.485759999999999,205237,2,79.7593617439,79.63136076925,79.88736271855001,79.830895,79.7026175,79.95917250000001,0.07153325610000394,0.0712567307500045,0.07180978145000338
a100,c0067,channels,4,2097152,SIMPLE,SIMPLE,22,22,0,108,0,17,20,100,0,True,,10.485759999999999,205466,3,80.2303981781,80.20991802214999,80.40447711945001,80.31387,80.29128,80.48445,0.07925213380001139,0.07786303650000548,0.08136197785000121
a100,c0067,channels,4,2883584,SIMPLE,SIMPLE,22,22,0,108,0,17,20,100,0,True,,14.417919999999999,205237,2,85.29920101165001,85.08415937422501,85.514242649075,85.376835,85.16126750000001,85.59240249999999,0.07763398834999435,0.07710812577499482,0.07815985092499389
a100,c0067,channels,4,2883584,SIMPLE,SIMPLE,22,22,0,108,0,17,20,100,0,True,,14.417919999999999,205466,3,85.4937553406,84.77695941925,85.65247535705001,85.5693,84.850465,85.731615,0.07554465939999488,0.07350558074999469,0.07913964294999687
a100,c0067,channels,4,3145728,SIMPLE,SIMPLE,22,22,0,108,0,17,20,100,0,True,,15.72864,205237,2,91.13600254055001,90.711042880975,91.560962200125,91.251015,90.8438025,91.6582275,0.11501245944999283,0.09726529987499433,0.13275961902499134
a100,c0067,channels,4,3145728,SIMPLE,SIMPLE,22,22,0,108,0,17,20,100,0,True,,15.72864,205466,3,91.3817596436,90.3884792328,91.6735982895,91.47128,90.507675,91.76043999999999,0.08952035639998712,0.08684171049998923,0.11919576719999725
a100,c0067,channels,4,4194304,SIMPLE,SIMPLE,22,22,0,108,0,17,20,100,0,True,,20.971519999999998,205237,2,94.46400165554999,93.952000141125,94.976003169975,94.54292000000001,94.03198,95.05386,0.07891834445000256,0.07785683002500576,0.07997985887499937
a100,c0067,channels,4,4194304,SIMPLE,SIMPLE,22,22,0,108,0,17,20,100,0,True,,20.971519999999998,205466,3,94.6790409088,93.9315223694,94.9043226242,94.75942,94.01063,94.98165,0.07783617000001186,0.07605591520000843,0.07910763060000647
a100,c0067,channels,4,5767168,SIMPLE,SIMPLE,22,22,0,108,0,17,20,100,0,True,,28.835839999999997,205237,2,101.7190408705,101.69088125225,101.74720048875,101.80236,101.771875,101.832845,0.08331912950000486,0.08099374775000356,0.08564451125000616
a100,c0067,channels,4,5767168,SIMPLE,SIMPLE,22,22,0,108,0,17,20,100,0,True,,28.835839999999997,205466,3,100.771837234,100.56191921199999,101.0841608045,100.85838,100.68485,101.166625,0.08654276599999378,0.08246419549999473,0.1229307879999979
a100,c0068,channels,4,262144,SIMPLE,SIMPLE,23,16,0,108,0,17,20,100,0,False,channels_unrealized,1.3107199999999999,205237,1,69.027838707,69.027838707,69.027838707,69.19263,69.19263,69.19263,0.1647912929999933,0.1647912929999933,0.1647912929999933
a100,c0068,channels,4,262144,SIMPLE,SIMPLE,23,16,0,108,0,17,20,100,0,False,channels_unrealized,1.3107199999999999,205466,4,69.13023948665,68.9254379272,69.440001249275,69.20641,69.00115749999999,69.5163825,0.07617051335000014,0.07571957280000063,0.07638125072499946
a100,c0068,channels,4,376832,SIMPLE,SIMPLE,23,23,0,108,0,17,20,100,0,True,,1.88416,205237,1,69.7958421707,69.7958421707,69.7958421707,69.87344,69.87344,69.87344,0.0775978293000037,0.0775978293000037,0.0775978293000037
a100,c0068,channels,4,376832,SIMPLE,SIMPLE,23,23,0,108,0,17,20,100,0,True,,1.88416,205466,4,70.05183935164999,69.80607867239999,70.2976000309,70.134435,69.88465500000001,70.38099,0.07872068130000542,0.07714445742500686,0.08094687222500241
a100,c0068,channels,4,524288,SIMPLE,SIMPLE,23,16,0,108,0,17,20,100,0,False,channels_unrealized,2.6214399999999998,205237,1,71.1577606201,71.1577606201,71.1577606201,71.23987,71.23987,71.23987,0.08210937989998968,0.08210937989998968,0.08210937989998968
a100,c0068,channels,4,524288,SIMPLE,SIMPLE,23,16,0,108,0,17,20,100,0,False,channels_unrealized,2.6214399999999998,205466,4,70.7532811165,70.607361793525,70.822399854675,70.83229,70.688455,70.8979475,0.07625505310000591,0.07488473517500438,0.07900228622500549
a100,c0068,channels,4,1048576,SIMPLE,SIMPLE,23,22,0,108,0,17,20,100,0,False,channels_unrealized,5.2428799999999995,205237,1,73.5232019424,73.5232019424,73.5232019424,73.59491,73.59491,73.59491,0.07170805760000576,0.07170805760000576,0.07170805760000576
a100,c0068,channels,4,1048576,SIMPLE,SIMPLE,23,22,0,108,0,17,20,100,0,False,channels_unrealized,5.2428799999999995,205466,4,72.8268790245,72.75519967080001,72.921599149675,72.94225499999999,72.83227,73.05367,0.07835619294999674,0.07434780452500078,0.09777359244999317
a100,c0068,channels,4,1507328,SIMPLE,SIMPLE,23,23,0,108,0,17,20,100,0,True,,7.53664,205237,1,75.3664016724,75.3664016724,75.3664016724,75.44438,75.44438,75.44438,0.07797832759999324,0.07797832759999324,0.07797832759999324
a100,c0068,channels,4,1507328,SIMPLE,SIMPLE,23,23,0,108,0,17,20,100,0,True,,7.53664,205466,4,75.33056020735,75.10528087615,75.78879952427499,75.43957499999999,75.231595,75.866875,0.08173482120000841,0.07837582987500724,0.09873379825000583
a100,c0068,channels,4,2097152,SIMPLE,SIMPLE,23,22,0,108,0,17,20,100,0,False,channels_unrealized,10.485759999999999,205237,1,79.0528011322,79.0528011322,79.0528011322,79.1323,79.1323,79.1323,0.07949886779999815,0.07949886779999815,0.07949886779999815
a100,c0068,channels,4,2097152,SIMPLE,SIMPLE,23,22,0,108,0,17,20,100,0,False,channels_unrealized,10.485759999999999,205466,4,79.51871871944999,79.06559944150001,79.84383940695,79.600595,79.15796,79.929135,0.08356976609999833,0.07927136942499757,0.1000782676749985
a100,c0068,channels,4,3014656,SIMPLE,SIMPLE,23,23,0,108,0,17,20,100,0,True,,15.07328,205237,1,86.9683170319,86.9683170319,86.9683170319,87.04565,87.04565,87.04565,0.07733296809999501,0.07733296809999501,0.07733296809999501
a100,c0068,channels,4,3014656,SIMPLE,SIMPLE,23,23,0,108,0,17,20,100,0,True,,15.07328,205466,4,84.97663974759999,84.4799995422,85.5859208107,85.058065,84.56000499999999,85.6670675,0.08005924319999735,0.07893631930000211,0.08084981859999729
a100,c0068,channels,4,3145728,SIMPLE,SIMPLE,23,22,0,108,0,17,20,100,0,False,channels_unrealized,15.72864,205237,1,90.9516811371,90.9516811371,90.9516811371,91.02512,91.02512,91.02512,0.07343886290000512,0.07343886290000512,0.07343886290000512
a100,c0068,channels,4,3145728,SIMPLE,SIMPLE,23,22,0,108,0,17,20,100,0,False,channels_unrealized,15.72864,205466,4,91.34592056275,91.269121170025,91.402239799525,91.42049,91.3456175,91.47561999999999,0.07456943724999832,0.07338020047499327,0.07649632997500433
a100,c0068,channels,4,4194304,SIMPLE,SIMPLE,23,22,0,108,0,17,20,100,0,False,channels_unrealized,20.971519999999998,205237,1,92.9792022705,92.9792022705,92.9792022705,93.06175,93.06175,93.06175,0.082547729500007,0.082547729500007,0.082547729500007
a100,c0068,channels,4,4194304,SIMPLE,SIMPLE,23,22,0,108,0,17,20,100,0,False,channels_unrealized,20.971519999999998,205466,4,93.69087696075,93.253118991825,94.21567678455,93.77242000000001,93.3545175,94.298405,0.08185266140000635,0.0799467422250082,0.10448960355000025
a100,c0068,channels,4,6029312,SIMPLE,SIMPLE,23,23,0,108,0,17,20,100,0,True,,30.14656,205237,1,101.693439484,101.693439484,101.693439484,101.76694,101.76694,101.76694,0.07350051600000995,0.07350051600000995,0.07350051600000995
a100,c0068,channels,4,6029312,SIMPLE,SIMPLE,23,23,0,108,0,17,20,100,0,True,,30.14656,205466,4,101.14560127249999,100.86656093574999,101.6345620155,101.230655,100.9509625,101.7157425,0.08105874400000346,0.0772060020000005,0.08438106325000305
a100,c0069,channels,4,262144,SIMPLE,SIMPLE,24,16,0,108,0,17,20,100,0,False,channels_unrealized,1.3107199999999999,205237,2,69.34015989305,69.086719751375,69.593600034725,69.41752,69.165205,69.669835,0.07736010695000317,0.07623496527500251,0.07848524862500383
a100,c0069,channels,4,262144,SIMPLE,SIMPLE,24,16,0,108,0,17,20,100,0,False,channels_unrealized,1.3107199999999999,205466,3,68.9049577713,68.88447999955,68.9407992363,68.98452,68.96453,69.01919000000001,0.07956222869999863,0.07839076369999987,0.08005000045000088
a100,c0069,channels,4,393216,SIMPLE,SIMPLE,24,24,0,108,0,17,20,100,0,True,,1.96608,205237,2,69.71904039385001,69.598721265825,69.839359521875,69.797455,69.6787475,69.9161625,0.07841460614999818,0.07680297812499859,0.08002623417499777
a100,c0069,channels,4,393216,SIMPLE,SIMPLE,24,24,0,108,0,17,20,100,0,True,,1.96608,205466,3,70.3590393066,70.01600027079999,70.4870390892,70.44053,70.09907,70.56868,0.08179112820000967,0.08164091080000446,0.08321994660000342
a100,c0069,channels,4,524288,SIMPLE,SIMPLE,24,16,0,108,0,17,20,100,0,False,channels_unrealized,2.6214399999999998,205237,2,70.0723195076,69.9289596081,70.2156794071,70.14726999999999,70.005895,70.288645,0.07495049239999929,0.07296559290000104,0.07693539189999754
a100,c0069,channels,4,524288,SIMPLE,SIMPLE,24,16,0,108,0,17,20,100,0,False,channels_unrealized,2.6214399999999998,205466,3,70.236158371,70.17472028735,70.4614400864,70.30938,70.255425,70.57910000000001,0.08818779630000506,0.08070471265000378,0.125142997250002
a100,c0069,channels,4,1048576,SIMPLE,SIMPLE,24,22,0,108,0,17,20,100,0,False,channels_unrealized,5.2428799999999995,205237,2,73.65632057190001,73.4668803215,73.84576082230001,73.76910000000001,73.596245,73.94195500000001,0.11277942809999786,0.09619417769999927,0.12936467849999644
a100,c0069,channels,4,1048576,SIMPLE,SIMPLE,24,22,0,108,0,17,20,100,0,False,channels_unrealized,5.2428799999999995,205466,3,72.9804801941,72.91903972624999,73.011200428,73.05237,72.99331000000001,73.08804,0.07665074160000529,0.0742702737500025,0.07922003985000714
a100,c0069,channels,4,1572864,SIMPLE,SIMPLE,24,24,0,108,0,17,20,100,0,True,,7.86432,205237,2,75.86815834045001,75.054078102125,76.682238578775,75.94199499999999,75.1287525,76.75523749999999,0.07383665954999685,0.0729989212249933,0.07467439787500041
a100,c0069,channels,4,1572864,SIMPLE,SIMPLE,24,24,0,108,0,17,20,100,0,True,,7.86432,205466,3,75.9398412704,75.8425617218,76.2111997604,76.01728,75.91638499999999,76.31756,0.07743872960000431,0.07382327820000256,0.10636023960000074
a100,c0069,channels,4,2097152,SIMPLE,SIMPLE,24,22,0,108,0,17,20,100,0,False,channels_unrealized,10.485759999999999,205237,2,79.98464107515,79.933440685275,80.03584146502499,80.06179,80.01269500000001,80.110885,0.07714892485000746,0.07504353497500915,0.07925431472500577
a100,c0069,channels,4,2097152,SIMPLE,SIMPLE,24,22,0,108,0,17,20,100,0,False,channels_unrealized,10.485759999999999,205466,3,79.8719978333,79.0323185921,79.90783929825,79.94667,79.107655,79.98544,0.07600064910000981,0.07533640790000362,0.07826494294999975
a100,c0069,channels,4,3145728,SIMPLE,SIMPLE,24,24,0,108,0,17,20,100,0,True,,15.72864,205237,2,86.67136192325,86.251521110575,87.091202735925,86.7551,86.333985,87.176215,0.08373807675000222,0.0824638894250036,0.08501226407500084
a100,c0069,channels,4,3145728,SIMPLE,SIMPLE,24,24,0,108,0,17,20,100,0,True,,15.72864,205466,3,86.8352031708,86.69696331025,87.4137592316,86.91189,86.779485,87.494865,0.08552470760000119,0.0811057684000005,0.08694062895000343
a100,c0069,channels,4,4194304,SIMPLE,SIMPLE,24,24,0,108,0,17,20,100,0,True,,20.971519999999998,205237,2,94.70464229585,94.558722972875,94.850561618825,94.78393,94.63942,94.92844000000001,0.07928770415000486,0.07787838117500456,0.08069702712500515
a100,c0069,channels,4,4194304,SIMPLE,SIMPLE,24,24,0,108,0,17,20,100,0,True,,20.971519999999998,205466,3,92.5388813019,92.47744083405,93.61919879915001,92.60819,92.58123,93.696335,0.08496370359999617,0.07713620084999206,0.11161666870000175
a100,c0069,channels,4,6291456,SIMPLE,SIMPLE,24,24,0,108,0,17,20,100,0,True,,31.45728,205237,2,102.0518398285,101.93408012375,102.16959953325,102.16536500000001,102.0662925,102.2644375,0.11352517150000807,0.09483796675000988,0.13221237625000626
a100,c0069,channels,4,6291456,SIMPLE,SIMPLE,24,24,0,108,0,17,20,100,0,True,,31.45728,205466,3,102.144002914,102.0006418225,102.563843727,102.30267,102.120125,102.68225000000001,0.08029926899999396,0.07922236449999787,0.11948317750000115
a100,c0070,channels,4,262144,SIMPLE,SIMPLE,28,16,0,108,0,17,20,100,0,False,channels_unrealized,1.3107199999999999,205466,5,68.8640022278,68.6079978943,69.007358551,68.94358,68.68444,69.09223,0.08041995540000357,0.07957777219999684,0.08093820710000443
a100,c0070,channels,4,458752,SIMPLE,SIMPLE,28,28,0,108,0,17,20,100,0,True,,2.2937600000000002,205466,5,69.9801588058,69.8572778702,70.0313615799,70.05529,69.9375,70.111,0.07680072629999302,0.07513119419999725,0.07963842010001088
a100,c0070,channels,4,524288,SIMPLE,SIMPLE,28,16,0,108,0,17,20,100,0,False,channels_unrealized,2.6214399999999998,205466,5,70.7583999634,70.2975988388,70.9324789047,70.8434,70.3704,71.01074,0.07826109529999314,0.07490057039998987,0.08381816530000208
a100,c0070,channels,4,1048576,SIMPLE,SIMPLE,28,22,0,108,0,17,20,100,0,False,channels_unrealized,5.2428799999999995,205466,5,73.3593606949,72.335357666,73.8201618195,73.43309,72.41308,73.90592,0.07372930510000231,0.07187224399999081,0.07772233400000061
a100,c0070,channels,4,1835008,SIMPLE,SIMPLE,28,28,0,108,0,17,20,100,0,True,,9.175040000000001,205466,5,76.7488002777,76.4211177826,76.8307209015,76.82584,76.49862,76.92924,0.08003923030000237,0.07750221739999574,0.08920230740000079
a100,c0070,channels,4,2097152,SIMPLE,SIMPLE,28,26,0,108,0,17,20,100,0,False,channels_unrealized,10.485759999999999,205466,5,78.6636781693,78.2745599747,79.0323209763,78.73873,78.35789,79.10784,0.07881060729999945,0.07551902369999652,0.08333002530000044
a100,c0070,channels,4,3145728,SIMPLE,SIMPLE,28,28,0,108,0,17,20,100,0,True,,15.72864,205466,5,85.6985569,84.9715232849,85.8316802979,85.77465,85.05461,85.91768,0.08308671509999499,0.08019060489999674,0.08599970210001118
a100,c0070,channels,4,3670016,SIMPLE,SIMPLE,28,28,0,108,0,17,20,100,0,True,,18.350080000000002,205466,5,87.6441574097,87.1628761292,89.0367984772,87.72115,87.24553,89.11269,0.07819166990000781,0.07699259029999439,0.08265387080000153
a100,c0070,channels,4,4194304,SIMPLE,SIMPLE,28,26,0,108,0,17,20,100,0,False,channels_unrealized,20.971519999999998,205466,5,92.6003170013,92.4876785278,94.4128036499,92.74873,92.62726,94.49472,0.08191635010000198,0.07477531560000727,0.13958147220000683
a100,c0070,channels,4,7340032,SIMPLE,SIMPLE,28,28,0,108,0,17,20,100,0,True,,36.700160000000004,205466,5,107.028484344,106.731519699,107.612161636,107.10434,106.81757,107.69072,0.07855836400000271,0.07652739499999939,0.08605030100000022
a100,c0071,channels,4,262144,SIMPLE,SIMPLE,32,16,0,108,0,17,20,100,0,False,channels_unrealized,1.3107199999999999,205237,1,69.1404819489,69.1404819489,69.1404819489,69.28532,69.28532,69.28532,0.14483805109999537,0.14483805109999537,0.14483805109999537
a100,c0071,channels,4,262144,SIMPLE,SIMPLE,32,16,0,108,0,17,20,100,0,False,channels_unrealized,1.3107199999999999,205466,4,69.22751903535,69.150718450575,69.350399971,69.34257,69.224215,69.4917325,0.08450526289999516,0.07807373532499895,0.10620964134999511
a100,c0071,channels,4,524288,SIMPLE,SIMPLE,32,32,0,108,0,17,20,100,0,True,,2.6214399999999998,205237,1,71.423997879,71.423997879,71.423997879,71.49488,71.49488,71.49488,0.0708821209999968,0.0708821209999968,0.0708821209999968
a100,c0071,channels,4,524288,SIMPLE,SIMPLE,32,32,0,108,0,17,20,100,0,True,,2.6214399999999998,205466,4,70.17471790315,70.1004779339,70.34623861314999,70.25182,70.18114,70.418655,0.07640172345000451,0.0724163868500014,0.07996169270000308
a100,c0071,channels,4,1048576,SIMPLE,SIMPLE,32,32,0,108,0,17,20,100,0,True,,5.2428799999999995,205237,1,72.1920013428,72.1920013428,72.1920013428,72.27669,72.27669,72.27669,0.08468865720000451,0.08468865720000451,0.08468865720000451
a100,c0071,channels,4,1048576,SIMPLE,SIMPLE,32,32,0,108,0,17,20,100,0,True,,5.2428799999999995,205466,4,72.0332813263,71.6851210594,72.312320470825,72.10448500000001,71.77064250000001,72.38395,0.07182040115000632,0.071321165450005,0.08644653177500672
a100,c0071,channels,4,2097152,SIMPLE,SIMPLE,32,32,0,108,0,17,20,100,0,True,,10.485759999999999,205237,1,78.3769607544,78.3769607544,78.3769607544,78.46191,78.46191,78.46191,0.08494924560000072,0.08494924560000072,0.08494924560000072
a100,c0071,channels,4,2097152,SIMPLE,SIMPLE,32,32,0,108,0,17,20,100,0,True,,10.485759999999999,205466,4,78.3718395233,77.527040243125,78.96063923835,78.454825,77.6259525,79.04599250000001,0.08506594010000157,0.08345106529999669,0.10289491662500438
a100,c0071,channels,4,3145728,SIMPLE,SIMPLE,32,32,0,108,0,17,20,100,0,True,,15.72864,205237,1,84.0294361115,84.0294361115,84.0294361115,84.1122,84.1122,84.1122,0.08276388849999705,0.08276388849999705,0.08276388849999705
a100,c0071,channels,4,3145728,SIMPLE,SIMPLE,32,32,0,108,0,17,20,100,0,True,,15.72864,205466,4,83.8195180893,83.49183797835,84.23167943954999,83.91987,83.60787,84.3059875,0.08010991639999787,0.07430806045000082,0.0957900273499952
a100,c0071,channels,4,4194304,SIMPLE,SIMPLE,32,32,0,108,0,17,20,100,0,True,,20.971519999999998,205237,1,90.132484436,90.132484436,90.132484436,90.20265,90.20265,90.20265,0.07016556400000695,0.07016556400000695,0.07016556400000695
a100,c0071,channels,4,4194304,SIMPLE,SIMPLE,32,32,0,108,0,17,20,100,0,True,,20.971519999999998,205466,4,92.22144126895,91.397120952625,92.53632307055,92.30274,91.47155749999999,92.62271,0.0789582467499983,0.07443654737499728,0.0840464451499976
a100,c0071,channels,4,8388608,SIMPLE,SIMPLE,32,32,0,108,0,17,20,100,0,True,,41.943039999999996,205237,1,112.445440292,112.445440292,112.445440292,112.5252,112.5252,112.5252,0.07975970799999743,0.07975970799999743,0.07975970799999743
a100,c0071,channels,4,8388608,SIMPLE,SIMPLE,32,32,0,108,0,17,20,100,0,True,,41.943039999999996,205466,4,111.825919151,111.690237522,111.88736200299999,111.94305499999999,111.82475249999999,111.96850749999999,0.08121140899999801,0.07963799699999896,0.10009803799999517
a100,c0072,residual,2,3145728,AUTO,SIMPLE,0,8,0,108,0,17,20,100,0,True,,31.45728,205237,1,78.8787221909,78.8787221909,78.8787221909,78.94525,78.94525,78.94525,0.06652780909999478,0.06652780909999478,0.06652780909999478
a100,c0072,residual,2,3145728,AUTO,SIMPLE,0,8,0,108,0,17,20,100,0,True,,31.45728,205466,4,82.734079361,82.411520481125,83.51231813435,82.811035,82.4873375,83.589685,0.0760949087499938,0.07524210064999437,0.07708105362499751
a100,c0072,residual,2,3162112,AUTO,SIMPLE,0,8,0,108,0,17,20,100,0,True,,31.62112,205237,1,84.1625595093,84.1625595093,84.1625595093,84.27342,84.27342,84.27342,0.1108604907000057,0.1108604907000057,0.1108604907000057
a100,c0072,residual,2,3162112,AUTO,SIMPLE,0,8,0,108,0,17,20,100,0,True,,31.62112,205466,4,80.7936000824,79.0400016308,82.48575925825,80.87475,79.1144275,82.5696675,0.07480321869999784,0.07380333124999794,0.07818408079999628
a100,c0072,residual,2,3178496,AUTO,SIMPLE,0,8,0,108,0,17,20,100,0,True,,31.784959999999998,205237,1,79.134721756,79.134721756,79.134721756,79.20995,79.20995,79.20995,0.07522824400000161,0.07522824400000161,0.07522824400000161
a100,c0072,residual,2,3178496,AUTO,SIMPLE,0,8,0,108,0,17,20,100,0,True,,31.784959999999998,205466,4,82.2220802307,80.61440110205001,83.51487874985,82.29574500000001,80.6879175,83.591165,0.07579904339999644,0.07427252350000302,0.07766439869999076
a100,c0072,residual,2,3194880,AUTO,SIMPLE,0,8,0,108,0,17,20,100,0,True,,31.948800000000002,205237,1,78.9299201965,78.9299201965,78.9299201965,79.00848,79.00848,79.00848,0.07855980349999925,0.07855980349999925,0.07855980349999925
a100,c0072,residual,2,3194880,AUTO,SIMPLE,0,8,0,108,0,17,20,100,0,True,,31.948800000000002,205466,4,81.802239418,79.00159955022501,84.64639902112499,81.87668500000001,79.073585,84.72214,0.07444558200000273,0.0719854497749921,0.07574097887500741
a100,c0072,residual,2,3211264,AUTO,SIMPLE,0,8,0,108,0,17,20,100,0,True,,32.11264,205237,1,79.0220785141,79.0220785141,79.0220785141,79.10305,79.10305,79.10305,0.08097148589999392,0.08097148589999392,0.08097148589999392
a100,c0072,residual,2,3211264,AUTO,SIMPLE,0,8,0,108,0,17,20,100,0,True,,32.11264,205466,4,79.61087942124999,79.511038064975,80.885759592075,79.679345,79.57793,80.956975,0.06846557875000059,0.0668919350249979,0.0712154079250027
a100,c0072,residual,2,3227648,AUTO,SIMPLE,0,8,0,108,0,17,20,100,0,True,,32.27648,205237,1,79.65695858,79.65695858,79.65695858,79.73076,79.73076,79.73076,0.07380142000000944,0.07380142000000944,0.07380142000000944
a100,c0072,residual,2,3227648,AUTO,SIMPLE,0,8,0,108,0,17,20,100,0,True,,32.27648,205466,4,84.29056167600001,83.5968017578,84.897282123525,84.36643000000001,83.6762975,84.96987250000001,0.07656726534999336,0.07434889559999291,0.07843616442499624
a100,c0072,residual,2,3244032,AUTO,SIMPLE,0,8,0,108,0,17,20,100,0,True,,32.44032,205237,1,80.097284317,80.097284317,80.097284317,80.16819,80.16819,80.16819,0.07090568299999234,0.07090568299999234,0.07090568299999234
a100,c0072,residual,2,3244032,AUTO,SIMPLE,0,8,0,108,0,17,20,100,0,True,,32.44032,205466,4,84.2239999771,82.624001502975,85.0457572937,84.30246,82.6990125,85.128205,0.07846002289999632,0.07501099702499658,0.0824477062999982
a100,c0072,residual,2,3260416,AUTO,SIMPLE,0,8,0,108,0,17,20,100,0,True,,32.60416,205237,1,85.1251220703,85.1251220703,85.1251220703,85.20622,85.20622,85.20622,0.0810979297000074,0.0810979297000074,0.0810979297000074
a100,c0072,residual,2,3260416,AUTO,SIMPLE,0,8,0,108,0,17,20,100,0,True,,32.60416,205466,4,84.19839859005,82.805759906725,84.91519927977501,84.269905,82.8779225,84.992795,0.07277372715000041,0.07152893467499766,0.07949669602500009
a100,c0072,residual,2,3276800,AUTO,SIMPLE,0,8,0,108,0,17,20,100,0,True,,32.768,205237,1,85.4835224152,85.4835224152,85.4835224152,85.56291,85.56291,85.56291,0.07938758480000274,0.07938758480000274,0.07938758480000274
a100,c0072,residual,2,3276800,AUTO,SIMPLE,0,8,0,108,0,17,20,100,0,True,,32.768,205466,4,84.6899223328,83.01568269732499,85.736961364775,84.767905,83.0932,85.81633,0.07838239714999418,0.07791703262499894,0.07936863522499138
a100,c0072,residual,2,3293184,AUTO,SIMPLE,0,8,0,108,0,17,20,100,0,True,,32.93184,205237,1,80.0870418549,80.0870418549,80.0870418549,80.1652,80.1652,80.1652,0.07815814510000507,0.07815814510000507,0.07815814510000507
a100,c0072,residual,2,3293184,AUTO,SIMPLE,0,8,0,108,0,17,20,100,0,True,,32.93184,205466,4,81.90976142885,80.074239969275,84.334082603475,81.993405,80.15490750000001,84.42054,0.08364357115000587,0.08066753072500177,0.08645739652500595
a100,c0072,residual,2,3309568,AUTO,SIMPLE,0,8,0,108,0,17,20,100,0,True,,33.09568,205237,1,80.5887985229,80.5887985229,80.5887985229,80.66176,80.66176,80.66176,0.07296147709999445,0.07296147709999445,0.07296147709999445
a100,c0072,residual,2,3309568,AUTO,SIMPLE,0,8,0,108,0,17,20,100,0,True,,33.09568,205466,4,85.06879806514999,83.43295574185,85.882880687675,85.142125,83.50407,85.959975,0.07643633640000758,0.07447292865001032,0.07684504337500186
a100,c0072,residual,2,3325952,AUTO,SIMPLE,0,8,0,108,0,17,20,100,0,True,,33.259519999999995,205237,1,80.2918434143,80.2918434143,80.2918434143,80.36569,80.36569,80.36569,0.07384658569999658,0.07384658569999658,0.07384658569999658
a100,c0072,residual,2,3325952,AUTO,SIMPLE,0,8,0,108,0,17,20,100,0,True,,33.259519999999995,205466,4,84.3468809128,83.353600502025,84.940803051025,84.422235,83.423685,85.02034,0.07349324154999692,0.07008449797499594,0.07767610332499686
a100,c0072,residual,2,3342336,AUTO,SIMPLE,0,8,0,108,0,17,20,100,0,True,,33.42336,205237,1,85.8111953735,85.8111953735,85.8111953735,85.88393,85.88393,85.88393,0.07273462650000795,0.07273462650000795,0.07273462650000795
a100,c0072,residual,2,3342336,AUTO,SIMPLE,0,8,0,108,0,17,20,100,0,True,,33.42336,205466,4,83.52767944335,80.64512014387499,86.49471998215,83.60421,80.71737499999999,86.59114249999999,0.07653055664999897,0.07225485612499938,0.096422517849998
a100,c0072,residual,2,3358720,AUTO,SIMPLE,0,8,0,108,0,17,20,100,0,True,,33.5872,205237,1,81.3875198364,81.3875198364,81.3875198364,81.45929,81.45929,81.45929,0.071770163599993,0.071770163599993,0.071770163599993
a100,c0072,residual,2,3358720,AUTO,SIMPLE,0,8,0,108,0,17,20,100,0,True,,33.5872,205466,4,81.2697601318,80.975360870325,82.757120132425,81.34810999999999,81.0519125,82.8354325,0.07607490114999393,0.07489991699999266,0.07768911319999816
a100,c0072,residual,2,3375104,AUTO,SIMPLE,0,8,0,108,0,17,20,100,0,True,,33.751039999999996,205237,1,81.7152023315,81.7152023315,81.7152023315,81.78662,81.78662,81.78662,0.07141766850000408,0.07141766850000408,0.07141766850000408
a100,c0072,residual,2,3375104,AUTO,SIMPLE,0,8,0,108,0,17,20,100,0,True,,33.751039999999996,205466,4,85.78560352325,84.021761417375,86.86336278915,85.86282,84.098195,86.94237,0.07873021179999995,0.07794731767500807,0.07900721084999418
a100,c0072,residual,2,3391488,AUTO,SIMPLE,0,8,0,108,0,17,20,100,0,True,,33.914880000000004,205237,1,81.3772773743,81.3772773743,81.3772773743,81.44748,81.44748,81.44748,0.07020262570000568,0.07020262570000568,0.07020262570000568
a100,c0072,residual,2,3391488,AUTO,SIMPLE,0,8,0,108,0,17,20,100,0,True,,33.914880000000004,205466,4,86.68160438535,86.021122932425,87.055363655075,86.7572,86.0962475,87.1304675,0.07554317564999735,0.07376936219999308,0.07640661130000126
a100,c0072,residual,2,3407872,AUTO,SIMPLE,0,8,0,108,0,17,20,100,0,True,,34.07872,205237,1,81.9097614288,81.9097614288,81.9097614288,81.98341,81.98341,81.98341,0.07364857120001034,0.07364857120001034,0.07364857120001034
a100,c0072,residual,2,3407872,AUTO,SIMPLE,0,8,0,108,0,17,20,100,0,True,,34.07872,205466,4,86.21568202975,84.782083034525,86.748158931775,86.29019500000001,84.86046,86.8218225,0.07825852935000199,0.076148877549997,0.07963721525000622
a100,c0072,residual,2,3424256,AUTO,SIMPLE,0,8,0,108,0,17,20,100,0,True,,34.24256,205237,1,87.1116828918,87.1116828918,87.1116828918,87.19125,87.19125,87.19125,0.07956710819999557,0.07956710819999557,0.07956710819999557
a100,c0072,residual,2,3424256,AUTO,SIMPLE,0,8,0,108,0,17,20,100,0,True,,34.24256,205466,4,85.08416175845,84.08832311635001,85.941760540025,85.162515,84.16647,86.0222275,0.0805241848499989,0.07938148832500147,0.0814032985999944
a100,c0072,residual,2,3440640,AUTO,SIMPLE,0,8,0,108,0,17,20,100,0,True,,34.406400000000005,205237,1,82.2784042358,82.2784042358,82.2784042358,82.35492,82.35492,82.35492,0.0765157642000105,0.0765157642000105,0.0765157642000105
a100,c0072,residual,2,3440640,AUTO,SIMPLE,0,8,0,108,0,17,20,100,0,True,,34.406400000000005,205466,4,87.48543739315,87.068157196025,87.75167942042499,87.56385,87.145145,87.8325925,0.08041929139999837,0.07899448852499802,0.08091307957500149
a100,c0072,residual,2,3457024,AUTO,SIMPLE,0,8,0,108,0,17,20,100,0,True,,34.57024,205237,1,82.0019245148,82.0019245148,82.0019245148,82.06958,82.06958,82.06958,0.06765548520000664,0.06765548520000664,0.06765548520000664
a100,c0072,residual,2,3457024,AUTO,SIMPLE,0,8,0,108,0,17,20,100,0,True,,34.57024,205466,4,84.25471782685,82.6060771942,86.15935802460001,84.32720499999999,82.6847675,86.22916749999999,0.07652241914999536,0.07384472139999332,0.07869030579999858
a100,c0072,residual,2,3473408,AUTO,SIMPLE,0,8,0,108,0,17,20,100,0,True,,34.73408,205237,1,82.7187156677,82.7187156677,82.7187156677,82.79877,82.79877,82.79877,0.08005433230000847,0.08005433230000847,0.08005433230000847
a100,c0072,residual,2,3473408,AUTO,SIMPLE,0,8,0,108,0,17,20,100,0,True,,34.73408,205466,4,84.51072216035,82.595839500475,86.830081939675,84.58064999999999,82.6643275,86.9045575,0.07158439909999714,0.07014455897500227,0.07447556032499492
a100,c0072,residual,2,3489792,AUTO,SIMPLE,0,8,0,108,0,17,20,100,0,True,,34.89792,205237,1,86.5075206757,86.5075206757,86.5075206757,86.58978,86.58978,86.58978,0.08225932430001137,0.08225932430001137,0.08225932430001137
a100,c0072,residual,2,3489792,AUTO,SIMPLE,0,8,0,108,0,17,20,100,0,True,,34.89792,205466,4,84.63359832765,82.757120132425,87.032315731075,84.70894,82.82859,87.1130275,0.07833825595000121,0.07361974169999996,0.08155847839999808
a100,c0072,residual,2,3506176,AUTO,SIMPLE,0,8,0,108,0,17,20,100,0,True,,35.06176,205237,1,88.4633636475,88.4633636475,88.4633636475,88.54446,88.54446,88.54446,0.08109635249999769,0.08109635249999769,0.08109635249999769
a100,c0072,residual,2,3506176,AUTO,SIMPLE,0,8,0,108,0,17,20,100,0,True,,35.06176,205466,4,86.0467195511,83.55584144595,88.44287633895,86.124775,83.6352025,88.5347475,0.07805544890000249,0.07536942489999987,0.09586279020000532
a100,c0072,residual,2,3522560,AUTO,SIMPLE,0,8,0,108,0,17,20,100,0,True,,35.2256,205237,1,88.5043239594,88.5043239594,88.5043239594,88.58152,88.58152,88.58152,0.07719604060000052,0.07719604060000052,0.07719604060000052
a100,c0072,residual,2,3522560,AUTO,SIMPLE,0,8,0,108,0,17,20,100,0,True,,35.2256,205466,4,88.86271953585,88.2303977013,89.180161952975,88.93829500000001,88.3080525,89.25148,0.07191702575000392,0.07131804702500943,0.07399636029999712
a100,c0072,residual,2,3538944,AUTO,SIMPLE,0,8,0,108,0,17,20,100,0,True,,35.38944,205237,1,83.599357605,83.599357605,83.599357605,83.67176,83.67176,83.67176,0.07240239500001167,0.07240239500001167,0.07240239500001167
a100,c0072,residual,2,3538944,AUTO,SIMPLE,0,8,0,108,0,17,20,100,0,True,,35.38944,205466,4,83.5942411423,83.52768421175,83.86303901675,83.66859,83.6004825,83.9399375,0.07479457150000002,0.07036389109999774,0.079778594200004
a100,c0072,residual,2,3555328,AUTO,SIMPLE,0,8,0,108,0,17,20,100,0,True,,35.55328,205237,1,83.7529563904,83.7529563904,83.7529563904,83.82706,83.82706,83.82706,0.07410360960000162,0.07410360960000162,0.07410360960000162
a100,c0072,residual,2,3555328,AUTO,SIMPLE,0,8,0,108,0,17,20,100,0,True,,35.55328,205466,4,87.63903617860001,87.467517852775,88.289277553575,87.71634499999999,87.5502925,88.362295,0.07965772310000574,0.0755041056750052,0.08263688967500116
a100,c0072,residual,2,3571712,AUTO,SIMPLE,0,8,0,108,0,17,20,100,0,True,,35.71712,205237,1,84.1625595093,84.1625595093,84.1625595093,84.23846,84.23846,84.23846,0.0759004907000076,0.0759004907000076,0.0759004907000076
a100,c0072,residual,2,3571712,AUTO,SIMPLE,0,8,0,108,0,17,20,100,0,True,,35.71712,205466,4,86.78400039675,84.0524840355,89.35167789459999,86.8649,84.12755,89.4332975,0.0736766744999997,0.07078521227499834,0.07867742887500384
a100,c0072,residual,2,3588096,AUTO,SIMPLE,0,8,0,108,0,17,20,100,0,True,,35.88096,205237,1,84.3161582947,84.3161582947,84.3161582947,84.38523,84.38523,84.38523,0.06907170530000428,0.06907170530000428,0.06907170530000428
a100,c0072,residual,2,3588096,AUTO,SIMPLE,0,8,0,108,0,17,20,100,0,True,,35.88096,205466,4,88.7296009064,86.89664125445,89.6486401558,88.81536,86.968525,89.74237000000001,0.07394989870000046,0.07149347365000125,0.08231092120000483
a100,c0072,residual,2,3604480,AUTO,SIMPLE,0,8,0,108,0,17,20,100,0,True,,36.044799999999995,205237,1,84.6028804779,84.6028804779,84.6028804779,84.6803,84.6803,84.6803,0.07741952210000136,0.07741952210000136,0.07741952210000136
a100,c0072,residual,2,3604480,AUTO,SIMPLE,0,8,0,108,0,17,20,100,0,True,,36.044799999999995,205466,4,89.76384162905,88.24064016345,89.95328187942499,89.83563,88.31116499999999,90.0280525,0.07377943085000283,0.07251589644999967,0.07477062057500206
a100,c0072,residual,2,3620864,AUTO,SIMPLE,0,8,0,108,0,17,20,100,0,True,,36.20864,205237,1,86.2207984924,86.2207984924,86.2207984924,86.30163,86.30163,86.30163,0.0808315076000099,0.0808315076000099,0.0808315076000099
a100,c0072,residual,2,3620864,AUTO,SIMPLE,0,8,0,108,0,17,20,100,0,True,,36.20864,205466,4,89.56416130065,88.962562084225,90.12223958965001,89.651975,89.043525,90.2249275,0.08950695770000294,0.08265617412500603,0.10268791034999936
a100,c0072,residual,2,3637248,AUTO,SIMPLE,0,8,0,108,0,17,20,100,0,True,,36.37248,205237,1,85.0227165222,85.0227165222,85.0227165222,85.10342,85.10342,85.10342,0.0807034778000002,0.0807034778000002,0.0807034778000002
a100,c0072,residual,2,3637248,AUTO,SIMPLE,0,8,0,108,0,17,20,100,0,True,,36.37248,205466,4,87.10656166075,84.73088264462501,89.702398777,87.18733,84.80917000000001,89.7845325,0.07947467685000476,0.07828735537500009,0.08084006060000704
a100,c0072,residual,2,3653632,AUTO,SIMPLE,0,8,0,108,0,17,20,100,0,True,,36.536319999999996,205237,1,85.2787208557,85.2787208557,85.2787208557,85.35211,85.35211,85.35211,0.07338914429999477,0.07338914429999477,0.07338914429999477
a100,c0072,residual,2,3653632,AUTO,SIMPLE,0,8,0,108,0,17,20,100,0,True,,36.536319999999996,205466,4,90.649600029,89.23391819002501,90.85440158842499,90.74147500000001,89.3128925,90.9508825,0.07953962615000165,0.07663171220000464,0.08648816450000041
a100,c0072,residual,2,3670016,AUTO,SIMPLE,0,8,0,108,0,17,20,100,0,True,,36.700160000000004,205237,1,85.3708839417,85.3708839417,85.3708839417,85.45019,85.45019,85.45019,0.07930605830000559,0.07930605830000559,0.07930605830000559
a100,c0072,residual,2,3670016,AUTO,SIMPLE,0,8,0,108,0,17,20,100,0,True,,36.700160000000004,205466,4,85.4118394852,85.32479763032501,86.592001915,85.489995,85.4026475,86.66757249999999,0.0749289883499884,0.0726922224749913,0.07750170574998805
a100,c0073,residual,2,3145728,LL128,LL128,22,22,0,108,0,20,20,100,0,True,,31.45728,205237,2,65.94559907909999,65.2646386623,66.6265594959,66.02983,65.34606,66.7136,0.08423092089999784,0.08142133770000015,0.08704050409999553
a100,c0073,residual,2,3145728,LL128,LL128,22,22,0,108,0,20,20,100,0,True,,31.45728,205466,3,67.57376194,67.38944053649999,67.63008117675,67.65806,67.468445,67.7056,0.07371086700000262,0.07022522675000431,0.07900446350000578
a100,c0073,residual,2,3162112,LL128,LL128,22,22,0,108,0,20,20,100,0,True,,31.62112,205237,2,67.6812815666,67.64800190925,67.71456122395,67.755255,67.7225925,67.7879175,0.07397343340000617,0.07335627605000994,0.0745905907500024
a100,c0073,residual,2,3162112,LL128,LL128,22,22,0,108,0,20,20,100,0,True,,31.62112,205466,3,67.8399991989,67.82464027405001,68.08575868605,67.91616,67.90103500000001,68.19470000000001,0.07662865079998937,0.07639472594999575,0.10917523879999891
a100,c0073,residual,2,3178496,LL128,LL128,22,22,0,108,0,20,20,100,0,True,,31.784959999999998,205237,2,67.8399991989,67.76831865310001,67.9116797447,67.920525,67.8497175,67.9913325,0.08052580109999496,0.07965275529999616,0.08139884689999377
a100,c0073,residual,2,3178496,LL128,LL128,22,22,0,108,0,20,20,100,0,True,,31.784959999999998,205466,3,68.0038404465,67.8860807419,68.0806398392,68.07928,67.963705,68.16118499999999,0.0798089626999996,0.07762425809999485,0.0827298653999975
a100,c0073,residual,2,3194880,LL128,LL128,22,22,0,108,0,20,20,100,0,True,,31.948800000000002,205237,2,68.04480075835,67.978241443625,68.111360073075,68.12617,68.05929,68.19305,0.08136924165000181,0.08104855637500563,0.08168992692499799
a100,c0073,residual,2,3194880,LL128,LL128,22,22,0,108,0,20,20,100,0,True,,31.948800000000002,205466,3,68.1369590759,67.97312021255,68.17791938779999,68.21324,68.05177499999999,68.25532,0.07852030029999923,0.07740061220000172,0.07977447554999628
a100,c0073,residual,2,3211264,LL128,LL128,22,22,0,108,0,20,20,100,0,True,,32.11264,205237,2,68.19839954375,68.126718997925,68.270080089575,68.27711,68.2071,68.34712,0.0787104562500005,0.07703991042500391,0.0803810020749971
a100,c0073,residual,2,3211264,LL128,LL128,22,22,0,108,0,20,20,100,0,True,,32.11264,205466,3,68.3212804794,68.29567909240001,68.39296102520001,68.39518,68.374845,68.473585,0.08443229460000623,0.0791659076000002,0.0858903618000042
a100,c0073,residual,2,3227648,LL128,LL128,22,22,0,108,0,20,20,100,0,True,,32.27648,205237,2,68.45952034,68.34944009784999,68.56960058215,68.53531,68.43028,68.64034,0.0757896599999981,0.0707394178499996,0.08083990214999659
a100,c0073,residual,2,3227648,LL128,LL128,22,22,0,108,0,20,20,100,0,True,,32.27648,205466,3,68.73087883,68.6080002785,68.77183914185,68.80739,68.68594999999999,68.85207,0.07938827299999218,0.07794972149999779,0.08166940964999725
a100,c0073,residual,2,3244032,LL128,LL128,22,22,0,108,0,20,20,100,0,True,,32.44032,205237,2,68.6284804344,68.54143977165,68.71552109715,68.71035,68.621405,68.799295,0.08186956559999459,0.07996522834999453,0.08377390284999464
a100,c0073,residual,2,3244032,LL128,LL128,22,22,0,108,0,20,20,100,0,True,,32.44032,205466,3,68.7923192978,68.09087991715,68.87935876845,68.87052,68.16670500000001,68.960735,0.07820070219999309,0.07582508284999534,0.08137623154999574
a100,c0073,residual,2,3260416,LL128,LL128,22,20,0,108,0,20,20,100,0,False,channels_unrealized,32.60416,205237,2,70.93247890469999,70.91199874875,70.95295906065,71.01219,70.99278000000001,71.0316,0.07971109530000575,0.07864093935000582,0.08078125125000568
a100,c0073,residual,2,3260416,LL128,LL128,22,20,0,108,0,20,20,100,0,False,channels_unrealized,32.60416,205466,3,70.7379198074,70.35903930660001,70.9273600578,70.81456,70.434625,71.006025,0.07664019259999577,0.07558569339999366,0.07866494219999964
a100,c0073,residual,2,3276800,LL128,LL128,22,20,0,108,0,20,20,100,0,False,channels_unrealized,32.768,205237,2,71.0911989212,71.0425591469,71.1398386955,71.166485,71.1180675,71.2149025,0.07528607879999072,0.07506380449999028,0.07550835309999115
a100,c0073,residual,2,3276800,LL128,LL128,22,20,0,108,0,20,20,100,0,False,channels_unrealized,32.768,205466,3,71.0041618347,70.55872201919999,71.10144138335,71.08146,70.637105,71.18005500000001,0.07946779630000833,0.07838298080000783,0.07969843215000338
a100,c0073,residual,2,3293184,LL128,LL128,22,21,0,108,0,20,20,100,0,False,channels_unrealized,32.93184,205237,2,71.55200004574999,71.528959274275,71.575040817225,71.64906500000001,71.6142475,71.6838825,0.09706495425000128,0.08528822572500161,0.10884168277500095
a100,c0073,residual,2,3293184,LL128,LL128,22,21,0,108,0,20,20,100,0,False,channels_unrealized,32.93184,205466,3,71.147518158,70.96831798555,71.15263938905,71.22625,71.04209,71.229655,0.07529937989998814,0.07205578339998908,0.07701561094999221
a100,c0073,residual,2,3309568,LL128,LL128,22,21,0,108,0,20,20,100,0,False,channels_unrealized,33.09568,205237,2,70.73279857635,70.295038223275,71.170558929425,70.81486000000001,70.379675,71.250045,0.08206142365000346,0.07948607057500112,0.0846367767250058
a100,c0073,residual,2,3309568,LL128,LL128,22,21,0,108,0,20,20,100,0,False,channels_unrealized,33.09568,205466,3,71.3420820236,70.9376001358,71.49568080899999,71.41922,71.012985,71.57217,0.0758404056000046,0.07473607880000799,0.07648919100000029
a100,c0073,residual,2,3325952,LL128,LL128,22,21,0,108,0,20,20,100,0,False,channels_unrealized,33.259519999999995,205237,2,71.74656152725001,71.703041791925,71.790081262575,71.824155,71.7807475,71.8675625,0.07759347275000295,0.07748123742500113,0.07770570807500476
a100,c0073,residual,2,3325952,LL128,LL128,22,21,0,108,0,20,20,100,0,False,channels_unrealized,33.259519999999995,205466,3,71.6800022125,71.5008020401,71.792640686,71.75527,71.577875,71.866785,0.07526778749999607,0.07414431400000154,0.07707295990000063
a100,c0073,residual,2,3342336,LL128,LL128,22,21,0,108,0,20,20,100,0,False,channels_unrealized,33.42336,205237,2,70.3590416908,69.5705616474,71.1475217342,70.438185,69.6434275,71.2329425,0.07914330919999912,0.07286585259999967,0.08542076579999858
a100,c0073,residual,2,3342336,LL128,LL128,22,21,0,108,0,20,20,100,0,False,channels_unrealized,33.42336,205466,3,70.1542377472,69.47839975355001,70.9836792946,70.22101,69.55102,71.05657,0.07846824009999409,0.07262024645000054,0.07873869904999253
a100,c0073,residual,2,3358720,LL128,LL128,22,21,0,108,0,20,20,100,0,False,channels_unrealized,33.5872,205237,2,72.05888032915,72.03328013422501,72.08448052407499,72.14302,72.118675,72.167365,0.08413967084999996,0.08288447592500248,0.08539486577499744
a100,c0073,residual,2,3358720,LL128,LL128,22,21,0,108,0,20,20,100,0,False,channels_unrealized,33.5872,205466,3,71.0348796844,69.99552011485,71.5366387367,71.11102,70.06791,71.61459500000001,0.07614031560000001,0.07238988515000244,0.0779562633000026
a100,c0073,residual,2,3375104,LL128,LL128,22,21,0,108,0,20,20,100,0,False,channels_unrealized,33.751039999999996,205237,2,72.32511997225001,72.273919582375,72.376320362125,72.402015,72.3523725,72.4516575,0.07689502774999823,0.07533713787499607,0.0784529176250004
a100,c0073,residual,2,3375104,LL128,LL128,22,21,0,108,0,20,20,100,0,False,channels_unrealized,33.751039999999996,205466,3,72.4377584457,72.35071897505,72.4377584457,72.51783,72.431115,72.51888500000001,0.08072049559999073,0.08039602494999798,0.0814510249499989
a100,c0073,residual,2,3391488,LL128,LL128,22,21,0,108,0,20,20,100,0,False,channels_unrealized,33.914880000000004,205237,2,72.55552053455,72.527359724075,72.583681345025,72.634165,72.6024525,72.66587750000001,0.07864446545000447,0.07509277592500396,0.08219615497500499
a100,c0073,residual,2,3391488,LL128,LL128,22,21,0,108,0,20,20,100,0,False,channels_unrealized,33.914880000000004,205466,3,72.3251199722,71.90016031265,72.41215944289999,72.40462,71.97999999999999,72.48953,0.07950002779999465,0.07737055709999652,0.07983968734999536
a100,c0073,residual,2,3407872,LL128,LL128,22,21,0,108,0,20,20,100,0,False,channels_unrealized,34.07872,205237,2,71.15776062015,70.28223991397499,72.03328132632501,71.237425,70.3580525,72.1167975,0.07966437985000141,0.07581258602500185,0.08351617367500097
a100,c0073,residual,2,3407872,LL128,LL128,22,21,0,108,0,20,20,100,0,False,channels_unrealized,34.07872,205466,3,72.5606393814,72.1407985687,72.72959947585,72.63676,72.21870999999999,72.80639,0.07746042970001099,0.07679052415000598,0.07858133685000013
a100,c0073,residual,2,3424256,LL128,LL128,22,21,0,108,0,20,20,100,0,False,channels_unrealized,34.24256,205237,2,72.95488119125,72.931841611875,72.977920770625,73.03063,73.01074,73.05051999999999,0.07574880874999224,0.07259922937499397,0.0788983881249905
a100,c0073,residual,2,3424256,LL128,LL128,22,21,0,108,0,20,20,100,0,False,channels_unrealized,34.24256,205466,3,72.8985595703,72.35584020614999,72.91903972624999,72.97121,72.433175,72.995555,0.08038011780000431,0.07651527375000455,0.08119963789999929
a100,c0073,residual,2,3440640,LL128,LL128,22,21,0,108,0,20,20,100,0,False,channels_unrealized,34.406400000000005,205237,2,73.10847997665,73.085440397275,73.13151955602501,73.18343,73.16008500000001,73.206775,0.07495002334999867,0.07464460272500162,0.07525544397499573
a100,c0073,residual,2,3440640,LL128,LL128,22,21,0,108,0,20,20,100,0,False,channels_unrealized,34.406400000000005,205466,3,72.4991989136,71.2191987038,72.7603197098,72.58426,71.30254,72.84391500000001,0.08212949400000014,0.08187550000000243,0.08359529020000167
a100,c0073,residual,2,3457024,LL128,LL128,22,22,0,108,0,20,20,100,0,True,,34.57024,205237,2,73.3849596977,73.34655880925,73.42336058615,73.464365,73.4267425,73.5019875,0.0794053023000032,0.07862691385000176,0.08018369075000464
a100,c0073,residual,2,3457024,LL128,LL128,22,22,0,108,0,20,20,100,0,True,,34.57024,205466,3,72.8371191025,72.29951858519999,72.96000003815,72.9132,72.37912,73.035635,0.07608089750000602,0.07563496184999963,0.0796014148000026
a100,c0073,residual,2,3473408,LL128,LL128,22,22,0,108,0,20,20,100,0,True,,34.73408,205237,2,73.78432035450001,73.6128008366,73.9558398724,73.89299500000001,73.7096925,74.07629750000001,0.1086746455000025,0.096891663400001,0.120457627600004
a100,c0073,residual,2,3473408,LL128,LL128,22,22,0,108,0,20,20,100,0,True,,34.73408,205466,3,73.4105587006,73.0265593529,73.54367971420001,73.49682,73.109325,73.62777,0.08191927219999684,0.08059463349999874,0.084090285799995
a100,c0073,residual,2,3489792,LL128,LL128,22,22,0,108,0,20,20,100,0,True,,34.89792,205237,2,73.52319955825001,73.50783944127501,73.538559675225,73.603435,73.59166250000001,73.6152075,0.08023544174999842,0.07664782477499799,0.08382305872499884
a100,c0073,residual,2,3489792,LL128,LL128,22,22,0,108,0,20,20,100,0,True,,34.89792,205466,3,73.6665582657,73.61536026,73.67167949675,73.7465,73.69364999999999,73.75387,0.07994173429999307,0.07828973999999533,0.082190503249997
a100,c0073,residual,2,3506176,LL128,LL128,22,22,0,108,0,20,20,100,0,True,,35.06176,205237,2,73.6870408058,73.62560153005,73.74848008155,73.75999,73.696645,73.823335,0.07294919419999957,0.07104346995000199,0.07485491844999714
a100,c0073,residual,2,3506176,LL128,LL128,22,22,0,108,0,20,20,100,0,True,,35.06176,205466,3,73.7792015076,73.64096164705,73.86111974720001,73.85662,73.7189,73.942985,0.07845821349999937,0.07793835294999951,0.08238511334999998
a100,c0073,residual,2,3522560,LL128,LL128,22,22,0,108,0,20,20,100,0,True,,35.2256,205237,2,72.2585606575,71.50336146355,73.01375985145,72.32918,71.57262,73.08573999999999,0.07061934249999524,0.06925853644999336,0.07198014854999712
a100,c0073,residual,2,3522560,LL128,LL128,22,22,0,108,0,20,20,100,0,True,,35.2256,205466,3,72.9292821884,71.85408115384999,73.47712039945,73.00096,71.9314,73.55363,0.08134138950001102,0.07650960055001121,0.08215063510000675
a100,c0073,residual,2,3538944,LL128,LL128,22,22,0,108,0,20,20,100,0,True,,35.38944,205237,2,74.0608000755,74.00704026220001,74.1145598888,74.14147,74.08962,74.19332,0.08066992449999333,0.07876011119999404,0.08257973779999261
a100,c0073,residual,2,3538944,LL128,LL128,22,22,0,108,0,20,20,100,0,True,,35.38944,205466,3,74.1273593903,73.56927871705,74.3372797966,74.2064,73.64787000000001,74.44325,0.0790406097000016,0.07859128295000772,0.1059702033999983
a100,c0073,residual,2,3555328,LL128,LL128,22,22,0,108,0,20,20,100,0,True,,35.55328,205237,2,72.8115200996,72.13312029835001,73.48991990085,72.890005,72.21467249999999,73.5653375,0.07848490039999234,0.07541759914998991,0.08155220164999477
a100,c0073,residual,2,3555328,LL128,LL128,22,22,0,108,0,20,20,100,0,True,,35.55328,205466,3,74.4550418854,74.43456172945,74.48064088825,74.54495,74.51619,74.563385,0.07558010889999878,0.07446426770000159,0.08274411175000296
a100,c0073,residual,2,3571712,LL128,LL128,22,22,0,108,0,20,20,100,0,True,,35.71712,205237,2,74.40383911129999,74.38335895534999,74.42431926725,74.47692,74.454575,74.499265,0.07308088870000518,0.07121604465000786,0.07494573275000249
a100,c0073,residual,2,3571712,LL128,LL128,22,22,0,108,0,20,20,100,0,True,,35.71712,205466,3,74.6700811386,74.56768035889999,74.7110414505,74.74253,74.641685,74.782005,0.07244886140000517,0.07096354950000006,0.07400464110000371
a100,c0073,residual,2,3588096,LL128,LL128,22,22,0,108,0,20,20,100,0,True,,35.88096,205237,2,74.526720047,74.52160120010001,74.5318388939,74.61468500000001,74.6106275,74.6187425,0.08796495299999663,0.08690360609999459,0.08902629989999866
a100,c0073,residual,2,3588096,LL128,LL128,22,22,0,108,0,20,20,100,0,True,,35.88096,205466,3,74.7110414505,74.0300798416,74.78271961210001,74.7826,74.105545,74.857945,0.07889222629999892,0.075225387899998,0.07913199680000105
a100,c0073,residual,2,3604480,LL128,LL128,22,22,0,108,0,20,20,100,0,True,,36.044799999999995,205237,2,73.1852793694,72.44799971585,73.92255902295,73.25947,72.52044,73.9985,0.07419063060000042,0.07244028414999804,0.0759409770500028
a100,c0073,residual,2,3604480,LL128,LL128,22,22,0,108,0,20,20,100,0,True,,36.044799999999995,205466,3,74.7622394562,74.7264003754,74.85951900485,74.83641,74.808855,74.93384499999999,0.07448144650000188,0.07432599514999794,0.0826100759500008
a100,c0073,residual,2,3620864,LL128,LL128,22,21,0,108,0,20,20,100,0,False,channels_unrealized,36.20864,205237,2,75.5404806137,75.46880006789999,75.6121611595,75.620925,75.5496375,75.6922125,0.08044438630000172,0.08005134049999896,0.08083743210000449
a100,c0073,residual,2,3620864,LL128,LL128,22,21,0,108,0,20,20,100,0,False,channels_unrealized,36.20864,205466,3,75.5814409256,75.36128044130001,75.79136133195,75.65148,75.435865,75.89886000000001,0.07913004299999216,0.07458455869999625,0.11204415235000198
a100,c0073,residual,2,3637248,LL128,LL128,22,21,0,108,0,20,20,100,0,False,channels_unrealized,36.37248,205237,2,75.76063871385,75.74783921242499,75.77343821527501,75.842255,75.8313325,75.85317749999999,0.08161628614999472,0.07973928472499381,0.08349328757499563
a100,c0073,residual,2,3637248,LL128,LL128,22,21,0,108,0,20,20,100,0,False,channels_unrealized,36.37248,205466,3,75.6838417053,75.24352073669999,75.76064109800001,75.77332,75.331115,75.845355,0.08571023189999494,0.08282987059999414,0.08759426329999798
a100,c0073,residual,2,3653632,LL128,LL128,22,21,0,108,0,20,20,100,0,False,channels_unrealized,36.536319999999996,205237,2,75.97056150435,75.924481153475,76.016641855225,76.054865,76.0083275,76.1014025,0.08430349564999773,0.08384634652499656,0.0847606447749989
a100,c0073,residual,2,3653632,LL128,LL128,22,21,0,108,0,20,20,100,0,False,channels_unrealized,36.536319999999996,205466,3,75.9705591202,74.3014407158,76.06271982195,76.04103,74.376825,76.13977,0.0802976885999982,0.07538428420000542,0.08196358245000113
a100,c0073,residual,2,3670016,LL128,LL128,22,21,0,108,0,20,20,100,0,False,channels_unrealized,36.700160000000004,205237,2,76.1702418327,76.09600186345,76.24448180195,76.24959,76.171865,76.327315,0.07934816729999739,0.07586313654999799,0.08283319804999678
a100,c0073,residual,2,3670016,LL128,LL128,22,21,0,108,0,20,20,100,0,False,channels_unrealized,36.700160000000004,205466,3,76.0729598999,76.00640058515,76.27264022825,76.14894,76.085775,76.347625,0.07598010009999712,0.07498477175000318,0.07937441485000107
a100,c0074,residual,2,3145728,LL128,LL128,23,22,0,108,0,20,20,100,0,False,channels_unrealized,31.45728,205466,5,67.3894405365,67.3791980743,67.5635194778,67.46389,67.4626,67.64374,0.0802205221999941,0.0735403333000022,0.08103977540000074
a100,c0074,residual,2,3162112,LL128,LL128,23,22,0,108,0,20,20,100,0,False,channels_unrealized,31.62112,205466,5,67.6864004135,67.57376194,67.819519043,67.75796,67.65065,67.89512,0.07560095700000602,0.07155958650000116,0.0768880600000017
a100,c0074,residual,2,3178496,LL128,LL128,23,22,0,108,0,20,20,100,0,False,channels_unrealized,31.784959999999998,205466,5,67.9321622849,64.9420785904,67.9628801346,68.00523,65.02018,68.0331,0.07306771509999521,0.07107783810000967,0.07810140959999501
a100,c0074,residual,2,3194880,LL128,LL128,23,22,0,108,0,20,20,100,0,False,channels_unrealized,31.948800000000002,205466,5,68.0652809143,67.9526376724,68.095998764,68.1453,68.02507,68.17327,0.07894076809999717,0.07727123600000141,0.08001908570000182
a100,c0074,residual,2,3211264,LL128,LL128,23,22,0,108,0,20,20,100,0,False,channels_unrealized,32.11264,205466,5,68.2393598557,65.3926420212,68.2700777054,68.32014,65.47164,68.3468,0.07898213869999893,0.0777489145000061,0.07899797879998971
a100,c0074,residual,2,3227648,LL128,LL128,23,22,0,108,0,20,20,100,0,False,channels_unrealized,32.27648,205466,5,68.5158395767,68.5056018829,68.5260820389,68.58786,68.58716,68.59808,0.07424210569999445,0.07199796109999568,0.07723877380000488
a100,c0074,residual,2,3244032,LL128,LL128,23,22,0,108,0,20,20,100,0,False,channels_unrealized,32.44032,205466,5,65.8022403717,65.8022403717,68.5567998886,65.86982,65.86761,68.63775,0.06757962830000963,0.06680886380000572,0.07561209050000173
a100,c0074,residual,2,3260416,LL128,LL128,23,23,0,108,0,20,20,100,0,True,,32.60416,205466,5,68.9561605453,68.8947200775,69.0176010132,69.02881,68.97941,69.09093,0.07430808409999656,0.0733289868000071,0.07548883089999947
a100,c0074,residual,2,3276800,LL128,LL128,23,23,0,108,0,20,20,100,0,True,,32.768,205466,5,68.7923192978,66.2732791901,69.1814422607,68.872,66.34183,69.26437,0.07907158969999273,0.07519973360000165,0.0796807021999939
a100,c0074,residual,2,3293184,LL128,LL128,23,23,0,108,0,20,20,100,0,True,,32.93184,205466,5,69.3145608902,69.304318428,69.4067192078,69.39651,69.38619,69.5349,0.08187157199999717,0.08100004549999085,0.08194910980000714
a100,c0074,residual,2,3309568,LL128,LL128,23,23,0,108,0,20,20,100,0,True,,33.09568,205466,5,69.4988822937,69.4067192078,69.5193576813,69.57135,69.47836,69.5957,0.07537957760000324,0.07246770629998878,0.07634231870000008
a100,c0074,residual,2,3325952,LL128,LL128,23,23,0,108,0,20,20,100,0,True,,33.259519999999995,205466,5,69.5193576813,69.376001358,69.5398378372,69.60382,69.45283,69.61604,0.0768286420000095,0.07620216280000136,0.08446231870000531
a100,c0074,residual,2,3342336,LL128,LL128,23,23,0,108,0,20,20,100,0,True,,33.42336,205466,5,69.6524810791,66.7750406265,69.6627187729,69.73027,66.8495,69.73377,0.0744593735000052,0.06755122709999739,0.08128892090000761
a100,c0074,residual,2,3358720,LL128,LL128,23,23,0,108,0,20,20,100,0,True,,33.5872,205466,5,69.8572778702,69.7855997086,69.939198494,69.92614,69.86071,70.01081,0.07511029139999437,0.07161150600001065,0.07947869900000626
a100,c0074,residual,2,3375104,LL128,LL128,23,23,0,108,0,20,20,100,0,True,,33.751039999999996,205466,5,70.0006389618,69.9596786499,70.010881424,70.08434,70.04386,70.08765,0.08079904390000081,0.0767685759999921,0.08370103820000452
a100,c0074,residual,2,3391488,LL128,LL128,23,23,0,108,0,20,20,100,0,True,,33.914880000000004,205466,5,70.2566385269,67.7580785751,70.2975988388,70.33774,67.82689,70.38382,0.0811014730999915,0.07543778110000687,0.086221161200001
a100,c0074,residual,2,3407872,LL128,LL128,23,21,0,108,0,20,20,100,0,False,channels_unrealized,34.07872,205466,5,69.5705604553,69.4988822937,72.6425600052,69.64679,69.58007,72.71712,0.07978848599999822,0.07622954469999854,0.08065195620000054
a100,c0074,residual,2,3424256,LL128,LL128,23,21,0,108,0,20,20,100,0,False,channels_unrealized,34.24256,205466,5,72.8678417206,72.8064012527,73.0726385117,72.94456,72.88825,73.15426,0.0781483124000033,0.07671827939999787,0.08162148829998728
a100,c0074,residual,2,3440640,LL128,LL128,23,21,0,108,0,20,20,100,0,False,channels_unrealized,34.406400000000005,205466,5,73.1852817535,73.0419206619,73.3593606949,73.26037,73.1171,73.43161,0.07517933809999988,0.07508824649998758,0.07588859130000003
a100,c0074,residual,2,3457024,LL128,LL128,23,22,0,108,0,20,20,100,0,False,channels_unrealized,34.57024,205466,5,73.0931186676,73.00096035,73.1955194473,73.17641,73.08133,73.28251,0.08036964999999441,0.0724585760000025,0.08329133240000886
a100,c0074,residual,2,3473408,LL128,LL128,23,22,0,108,0,20,20,100,0,False,channels_unrealized,34.73408,205466,5,73.3695983887,73.318400383,73.4822416306,73.44181,73.39292,73.56094,0.07451961700000709,0.07432861540000602,0.07826055270000154
a100,c0074,residual,2,3489792,LL128,LL128,23,22,0,108,0,20,20,100,0,False,channels_unrealized,34.89792,205466,5,73.3900785446,70.5433607101,73.4208011627,73.46516,70.61987,73.50674,0.07508145539999589,0.07454173429999855,0.07650928990000239
a100,c0074,residual,2,3506176,LL128,LL128,23,22,0,108,0,20,20,100,0,False,channels_unrealized,35.06176,205466,5,73.6255979538,73.5948801041,73.6972808838,73.70352,73.68068,73.76584,0.07784896030000255,0.07254988069999513,0.0779220462000012
a100,c0074,residual,2,3522560,LL128,LL128,23,22,0,108,0,20,20,100,0,False,channels_unrealized,35.2256,205466,5,73.7689590454,72.5606393814,73.8611221313,73.8453,72.63216,73.92816,0.07634095459999912,0.07152061860000458,0.07666107759999363
a100,c0074,residual,2,3538944,LL128,LL128,23,22,0,108,0,20,20,100,0,False,channels_unrealized,35.38944,205466,5,74.1171216965,73.9737606049,74.3014383316,74.20249,74.05009,74.38544,0.08400166840000622,0.0763293951000037,0.08536830349999036
a100,c0074,residual,2,3555328,LL128,LL128,23,22,0,108,0,20,20,100,0,False,channels_unrealized,35.55328,205466,5,74.3526411057,74.2399978638,74.5062398911,74.43184,74.32111,74.58402,0.07919889429999216,0.07891092159999857,0.08111213620000512
a100,c0074,residual,2,3571712,LL128,LL128,23,22,0,108,0,20,20,100,0,False,channels_unrealized,35.71712,205466,5,74.4038391113,74.3936014175,74.5369577408,74.48794,74.4723,74.61788,0.07869858250001016,0.07441147950000015,0.08092225919999407
a100,c0074,residual,2,3588096,LL128,LL128,23,22,0,108,0,20,20,100,0,False,channels_unrealized,35.88096,205466,5,74.5369577408,71.516160965,74.5574378967,74.61739,71.58974,74.63382,0.07588180909999664,0.07357903500000873,0.07638210330000561
a100,c0074,residual,2,3604480,LL128,LL128,23,22,0,108,0,20,20,100,0,False,channels_unrealized,36.044799999999995,205466,5,74.7929620743,74.7724819183,74.8339176178,74.86706,74.84994,74.91095,0.07745808170000146,0.0770323822000023,0.0825376314999886
a100,c0074,residual,2,3620864,LL128,LL128,23,23,0,108,0,20,20,100,0,True,,36.20864,205466,5,74.7622394562,74.7315216064,75.2025604248,74.83341,74.80545,75.28487,0.07392839359999925,0.07117054379999388,0.08042770389999987
a100,c0074,residual,2,3637248,LL128,LL128,23,23,0,108,0,20,20,100,0,True,,36.37248,205466,5,75.4278421402,75.2435207367,75.5814409256,75.5077,75.32094,75.65018,0.07523907439998823,0.07271839359999888,0.07741926329998705
a100,c0074,residual,2,3653632,LL128,LL128,23,23,0,108,0,20,20,100,0,True,,36.536319999999996,205466,5,75.0694417953,74.8031997681,75.141119957,75.14329,74.87609,75.21654,0.07384820469999909,0.07289023190000421,0.07542004299999405
a100,c0074,residual,2,3670016,LL128,LL128,23,23,0,108,0,20,20,100,0,True,,36.700160000000004,205466,5,75.9193611145,75.7452821732,76.031999588,75.98943,75.82061,76.10094,0.07532782680000594,0.07006888549999246,0.07859801570000968
a100,c0075,residual,2,3145728,LL128,LL128,24,24,0,108,0,20,20,100,0,True,,31.45728,205237,2,67.7017593384,67.62239933014999,67.78111934665,67.81437500000001,67.7215975,67.90715250000001,0.11261566160001024,0.09919816985000907,0.12603315335001142
a100,c0075,residual,2,3145728,LL128,LL128,24,24,0,108,0,20,20,100,0,True,,31.45728,205466,3,67.3075199127,66.8262410164,67.44064092635,67.38403,66.90245999999999,67.519995,0.07651008729999376,0.07621898359999335,0.07935407364999492
a100,c0075,residual,2,3162112,LL128,LL128,24,22,0,108,0,20,20,100,0,False,channels_unrealized,31.62112,205237,2,67.60959863664999,67.566078901325,67.653118371975,67.687635,67.64385250000001,67.73141749999999,0.07803636335000164,0.07777359867500522,0.07829912802499805
a100,c0075,residual,2,3162112,LL128,LL128,24,22,0,108,0,20,20,100,0,False,channels_unrealized,31.62112,205466,3,67.8502416611,67.60447978975,68.0294418335,67.94231,67.68838500000001,68.11244,0.07574208159999785,0.07483503785000067,0.08390521025000197
a100,c0075,residual,2,3178496,LL128,LL128,24,22,0,108,0,20,20,100,0,False,channels_unrealized,31.784959999999998,205237,2,67.87584066394999,67.868160009425,67.88352131847499,67.95408499999999,67.9433925,67.9647775,0.07824433605000536,0.07523249057500436,0.08125618152500635
a100,c0075,residual,2,3178496,LL128,LL128,24,22,0,108,0,20,20,100,0,False,channels_unrealized,31.784959999999998,205466,3,68.0140781403,66.55488014225,68.23423862460001,68.09471,66.633895,68.34024,0.08063185970000575,0.07901485775000339,0.10600137539999821
a100,c0075,residual,2,3194880,LL128,LL128,24,22,0,108,0,20,20,100,0,False,channels_unrealized,31.948800000000002,205237,2,68.0089616776,67.97056198125,68.04736137395,68.08820499999999,68.0511875,68.12522249999999,0.07924332239999643,0.07786112604999929,0.08062551874999357
a100,c0075,residual,2,3194880,LL128,LL128,24,22,0,108,0,20,20,100,0,False,channels_unrealized,31.948800000000002,205466,3,67.8604793549,67.809278965,68.0089592934,67.93329,67.88209499999999,68.090395,0.07282142489999899,0.07281603500000244,0.08144109650000075
a100,c0075,residual,2,3211264,LL128,LL128,24,22,0,108,0,20,20,100,0,False,channels_unrealized,32.11264,205237,2,66.7494416237,65.99936127665,67.49952197075,66.83238,66.08113,67.58363,0.08293837629999956,0.08176872334999885,0.08410802925000027
a100,c0075,residual,2,3211264,LL128,LL128,24,22,0,108,0,20,20,100,0,False,channels_unrealized,32.11264,205466,3,68.3519983292,68.3366394043,68.43904018405,68.42937,68.41809,68.51733,0.07920796109999628,0.07828981595000073,0.08236874084999357
a100,c0075,residual,2,3227648,LL128,LL128,24,22,0,108,0,20,20,100,0,False,channels_unrealized,32.27648,205237,2,66.94911956785,66.257920265175,67.640318870525,67.02870999999999,66.334195,67.723225,0.07959043214999895,0.0762747348249988,0.08290612947499909
a100,c0075,residual,2,3227648,LL128,LL128,24,22,0,108,0,20,20,100,0,False,channels_unrealized,32.27648,205466,3,68.2496023178,67.0464015007,68.42880010605,68.31845,67.12098499999999,68.50410500000001,0.08031931639999357,0.07458349929999741,0.08104071105000088
a100,c0075,residual,2,3244032,LL128,LL128,24,22,0,108,0,20,20,100,0,False,channels_unrealized,32.44032,205237,2,68.5465598106,68.50560069080001,68.5875189304,68.62068,68.578675,68.662685,0.07412018939999854,0.07307430919999902,0.07516606959999805
a100,c0075,residual,2,3244032,LL128,LL128,24,22,0,108,0,20,20,100,0,False,channels_unrealized,32.44032,205466,3,68.5363197327,68.5209608078,68.77696037294999,68.62413,68.606,68.863135,0.0845389868000126,0.08340355195000626,0.08617462705000634
a100,c0075,residual,2,3260416,LL128,LL128,24,23,0,108,0,20,20,100,0,False,channels_unrealized,32.60416,205237,2,68.88447999955,68.812800645825,68.956159353275,68.967645,68.8983375,69.03695250000001,0.08316500045000197,0.0807931467250036,0.08553685417500034
a100,c0075,residual,2,3260416,LL128,LL128,24,23,0,108,0,20,20,100,0,False,channels_unrealized,32.60416,205466,3,69.1916799545,68.9254403114,69.35551881789999,69.26977,69.00442,69.433135,0.07809004549999088,0.07761618210000165,0.07897968859999338
a100,c0075,residual,2,3276800,LL128,LL128,24,23,0,108,0,20,20,100,0,False,channels_unrealized,32.768,205237,2,67.55840063095,66.880000829675,68.23680043222501,67.641395,66.96030250000001,68.3224875,0.0829943690499988,0.08030167032499946,0.08568706777499813
a100,c0075,residual,2,3276800,LL128,LL128,24,23,0,108,0,20,20,100,0,False,channels_unrealized,32.768,205466,3,69.0585613251,68.84351968765,69.22752141955,69.13783,68.92295999999999,69.30805,0.07961194979999675,0.07944031234999471,0.08070021789999515
a100,c0075,residual,2,3293184,LL128,LL128,24,23,0,108,0,20,20,100,0,False,channels_unrealized,32.93184,205237,2,67.84000158309999,67.0412814617,68.6387217045,67.91642,67.11946,68.71338,0.07641841690000462,0.07465829550000436,0.07817853830000487
a100,c0075,residual,2,3293184,LL128,LL128,24,23,0,108,0,20,20,100,0,False,channels_unrealized,32.93184,205466,3,69.0380811691,67.82464027405,69.3145608902,69.1159,67.89714000000001,69.389865,0.07278938870000218,0.06998500485000392,0.07530410980000113
a100,c0075,residual,2,3309568,LL128,LL128,24,23,0,108,0,20,20,100,0,False,channels_unrealized,33.09568,205237,2,67.9321599007,67.1795189381,68.6848008633,68.02693,67.278365,68.775495,0.0947700992999998,0.09069413670000515,0.09884606189999445
a100,c0075,residual,2,3309568,LL128,LL128,24,23,0,108,0,20,20,100,0,False,channels_unrealized,33.09568,205466,3,69.5603179932,69.4783997536,69.6729588509,69.64451,69.55803499999999,69.753215,0.07632029139999474,0.07569938869999504,0.0802561490999949
a100,c0075,residual,2,3325952,LL128,LL128,24,23,0,108,0,20,20,100,0,False,channels_unrealized,33.259519999999995,205237,2,69.50399875645,69.475839138075,69.532158374825,69.58018,69.54992,69.61044,0.07618124354999622,0.07408086192499752,0.07828162517499493
a100,c0075,residual,2,3325952,LL128,LL128,24,23,0,108,0,20,20,100,0,False,channels_unrealized,33.259519999999995,205466,3,69.2633581161,68.04991960525,69.47839975355,69.34764,68.13038499999999,69.560845,0.08060860900000932,0.0786287573000024,0.08244524645000695
a100,c0075,residual,2,3342336,LL128,LL128,24,23,0,108,0,20,20,100,0,False,channels_unrealized,33.42336,205237,2,68.27008008954999,67.563520669925,68.976639509175,68.34495000000001,67.64011500000001,69.049785,0.0748699104500048,0.07314549082500577,0.07659433007500382
a100,c0075,residual,2,3342336,LL128,LL128,24,23,0,108,0,20,20,100,0,False,channels_unrealized,33.42336,205466,3,69.8777580261,69.6063995361,70.0723195076,69.94708,69.68101999999999,70.17672,0.07991895389999115,0.07462046389999699,0.10969898239999765
a100,c0075,residual,2,3358720,LL128,LL128,24,23,0,108,0,20,20,100,0,False,channels_unrealized,33.5872,205237,2,68.57728004455001,67.799038887025,69.355521202075,68.66511,67.88155,69.44866999999999,0.0878299554499975,0.08251111297499492,0.09314879792500008
a100,c0075,residual,2,3358720,LL128,LL128,24,23,0,108,0,20,20,100,0,False,channels_unrealized,33.5872,205466,3,69.7241592407,69.55519914625,69.89311933515,69.80621,69.63328,69.97323499999999,0.0781805703999936,0.07614575929999745,0.08011566484999122
a100,c0075,residual,2,3375104,LL128,LL128,24,23,0,108,0,20,20,100,0,False,channels_unrealized,33.751039999999996,205237,2,67.28704214095,67.281922101975,67.292162179925,67.36209,67.355625,67.368555,0.07504785905000233,0.07370289802499741,0.07639282007500725
a100,c0075,residual,2,3375104,LL128,LL128,24,23,0,108,0,20,20,100,0,False,channels_unrealized,33.751039999999996,205466,3,70.2771186829,68.76159906390001,70.38463830949999,70.35466,68.84174999999999,70.46022500000001,0.07754131709999967,0.07558669050000333,0.08015093609999724
a100,c0075,residual,2,3391488,LL128,LL128,24,23,0,108,0,20,20,100,0,False,channels_unrealized,33.914880000000004,205237,2,67.73247957230001,67.61216044425,67.85279870035001,67.814675,67.69674749999999,67.9326025,0.08219542769999322,0.07980379964999074,0.0845870557499957
a100,c0075,residual,2,3391488,LL128,LL128,24,23,0,108,0,20,20,100,0,False,channels_unrealized,33.914880000000004,205466,3,69.6524810791,68.7155199051,69.91872072219999,69.73178,68.79291,69.99498,0.07548126889999196,0.07435045179999378,0.0773900948999966
a100,c0075,residual,2,3407872,LL128,LL128,24,24,0,108,0,20,20,100,0,True,,34.07872,205237,2,70.68160057065,70.673921108225,70.689280033075,70.76366,70.7596,70.76772,0.08205942935000365,0.0784399669250071,0.08567889177500021
a100,c0075,residual,2,3407872,LL128,LL128,24,24,0,108,0,20,20,100,0,True,,34.07872,205466,3,70.9529590607,69.2838406563,70.9785604477,71.03108,69.364115,71.052565,0.07812093930000685,0.07400455230000347,0.08027434369999753
a100,c0075,residual,2,3424256,LL128,LL128,24,24,0,108,0,20,20,100,0,True,,34.24256,205237,2,70.855679512,70.85311889645,70.85824012755,70.93459,70.93234000000001,70.93683999999999,0.07891048799999822,0.07859987244999544,0.079221103550001
a100,c0075,residual,2,3424256,LL128,LL128,24,24,0,108,0,20,20,100,0,True,,34.24256,205466,3,70.7583999634,69.52960014345,70.9836792946,70.83128,69.599805,71.05913000000001,0.07288003660001152,0.07020485655000641,0.07545070540000864
a100,c0075,residual,2,3440640,LL128,LL128,24,24,0,108,0,20,20,100,0,True,,34.406400000000005,205237,2,69.30943965910001,68.7641596794,69.8547196388,69.38920999999999,68.842455,69.935965,0.0797703408999979,0.07829532059999877,0.08124536119999703
a100,c0075,residual,2,3440640,LL128,LL128,24,24,0,108,0,20,20,100,0,True,,34.406400000000005,205466,3,70.9734392166,70.5536007881,71.39839887619999,71.0495,70.631205,71.50041999999999,0.07914764039999511,0.07760421189999533,0.10356455229999995
a100,c0075,residual,2,3457024,LL128,LL128,24,24,0,108,0,20,20,100,0,True,,34.57024,205237,2,71.2806391716,71.2447988987,71.31647944449999,71.361865,71.3245675,71.3991625,0.08122582840000803,0.07976860130001029,0.08268305550000576
a100,c0075,residual,2,3457024,LL128,LL128,24,24,0,108,0,20,20,100,0,True,,34.57024,205466,3,71.6287994385,71.4393591881,71.68511867525,71.70427,71.51991,71.759835,0.07547056149999776,0.07471632474999979,0.08055081189999669
a100,c0075,residual,2,3473408,LL128,LL128,24,24,0,108,0,20,20,100,0,True,,34.73408,205237,2,68.8281607628,68.81024003030001,68.8460814953,68.90954,68.89584,68.92324,0.08137923720000373,0.07715850470000518,0.08559996970000228
a100,c0075,residual,2,3473408,LL128,LL128,24,24,0,108,0,20,20,100,0,True,,34.73408,205466,3,71.8847990036,70.24639844895,71.97695970535,71.96376,70.32335,72.05799999999999,0.07896099639999932,0.0769515510500014,0.08104029465000195
a100,c0075,residual,2,3489792,LL128,LL128,24,24,0,108,0,20,20,100,0,True,,34.89792,205237,2,70.43583869935,69.731838703175,71.139838695525,70.53687,69.84321,71.23053,0.10103130064999988,0.09069130447499774,0.11137129682500202
a100,c0075,residual,2,3489792,LL128,LL128,24,24,0,108,0,20,20,100,0,True,,34.89792,205466,3,70.5945587158,69.98528003690001,71.10143899915,70.66989,70.05924999999999,71.17871,0.07533128419999002,0.07396996309999793,0.07727100084998995
a100,c0075,residual,2,3506176,LL128,LL128,24,24,0,108,0,20,20,100,0,True,,35.06176,205237,2,70.59456109999999,69.93408083915,71.25504136085,70.67694,70.01664500000001,71.33723499999999,0.08237890000000192,0.08219363915000244,0.0825641608500014
a100,c0075,residual,2,3506176,LL128,LL128,24,24,0,108,0,20,20,100,0,True,,35.06176,205466,3,71.720957756,71.26527786255,71.9923186302,71.79443,71.33621,72.06771,0.0734722440000013,0.07093213745000071,0.07539136980000194
a100,c0075,residual,2,3522560,LL128,LL128,24,24,0,108,0,20,20,100,0,True,,35.2256,205237,2,69.3913602829,69.3734407425,69.4092798233,69.46556,69.447075,69.484045,0.07419971710000084,0.07363425750000374,0.07476517669999794
a100,c0075,residual,2,3522560,LL128,LL128,24,24,0,108,0,20,20,100,0,True,,35.2256,205466,3,71.0246419907,70.11327981950001,71.82336091995,71.09912,70.18465,71.90471,0.0744780092999946,0.0713701804999971,0.0813490800499963
a100,c0075,residual,2,3538944,LL128,LL128,24,24,0,108,0,20,20,100,0,True,,35.38944,205237,2,71.01439952850001,70.27199983595,71.75679922105,71.10356,70.35855000000001,71.84857,0.08916047150000139,0.08655016404999927,0.09177077895000352
a100,c0075,residual,2,3538944,LL128,LL128,24,24,0,108,0,20,20,100,0,True,,35.38944,205466,3,72.7449607849,72.49920129775,72.7859210968,72.82363,72.5788,72.86606499999999,0.08052818939999895,0.07959870224999577,0.08107339034999939
a100,c0075,residual,2,3555328,LL128,LL128,24,22,0,108,0,20,20,100,0,False,channels_unrealized,35.55328,205237,2,74.1939210892,74.15552139285,74.23232078555,74.27408,74.23463,74.31353,0.08015891079999449,0.07910860714999046,0.08120921444999851
a100,c0075,residual,2,3555328,LL128,LL128,24,22,0,108,0,20,20,100,0,False,channels_unrealized,35.55328,205466,3,74.4857597351,74.2502403259,74.53696012495,74.56438,74.32803,74.61703,0.07862026489999607,0.07778967409999638,0.0800698750500004
a100,c0075,residual,2,3571712,LL128,LL128,24,22,0,108,0,20,20,100,0,False,channels_unrealized,35.71712,205237,2,74.50112104415,74.47808146477499,74.524160623525,74.584525,74.5584225,74.61062749999999,0.08340395585000238,0.08034103522500402,0.08646687647500073
a100,c0075,residual,2,3571712,LL128,LL128,24,22,0,108,0,20,20,100,0,False,channels_unrealized,35.71712,205466,3,74.1683197021,74.11200046535001,74.50111865995001,74.25458,74.194275,74.57950500000001,0.07828877140001111,0.07440057680000933,0.08227453465000423
a100,c0075,residual,2,3588096,LL128,LL128,24,22,0,108,0,20,20,100,0,False,channels_unrealized,35.88096,205237,2,74.9311995506,74.8006403446,75.0617587566,75.044115,74.8979325,75.1902975,0.11291544939999909,0.09729215540000169,0.1285387433999965
a100,c0075,residual,2,3588096,LL128,LL128,24,22,0,108,0,20,20,100,0,False,channels_unrealized,35.88096,205466,3,74.7520017624,74.50112104415,74.85952138900001,74.82691,74.579425,74.939115,0.08169967410000822,0.0783039558500036,0.08298932925000457
a100,c0075,residual,2,3604480,LL128,LL128,24,22,0,108,0,20,20,100,0,False,channels_unrealized,36.044799999999995,205237,2,73.2518386841,72.3993587494,74.1043186188,73.335915,72.4858775,74.1859525,0.0840763159000062,0.08163388120000548,0.08651875060000691
a100,c0075,residual,2,3604480,LL128,LL128,24,22,0,108,0,20,20,100,0,False,channels_unrealized,36.044799999999995,205466,3,74.9567985535,73.49247932435,75.07455825804999,75.02907,73.56739999999999,75.15202,0.0775699048000007,0.07492067565000582,0.0801109710999981
a100,c0075,residual,2,3620864,LL128,LL128,24,23,0,108,0,20,20,100,0,False,channels_unrealized,36.20864,205237,2,75.03360033035,75.01567959787499,75.051521062825,75.11265,75.09186,75.13344000000001,0.07904966965000426,0.07618040212500432,0.0819189371750042
a100,c0075,residual,2,3620864,LL128,LL128,24,23,0,108,0,20,20,100,0,False,channels_unrealized,36.20864,205466,3,74.7110414505,73.5743999481,75.00288009645,74.79142,73.65227,75.080585,0.07536155430000235,0.07519640595000254,0.07787005189999974
a100,c0075,residual,2,3637248,LL128,LL128,24,23,0,108,0,20,20,100,0,False,channels_unrealized,36.37248,205237,2,73.2876801491,72.71936059000001,73.8559997082,73.360915,72.79414249999999,73.9276875,0.07323485089999338,0.07168779179999518,0.07478190999999157
a100,c0075,residual,2,3637248,LL128,LL128,24,23,0,108,0,20,20,100,0,False,channels_unrealized,36.37248,205466,3,74.9158382416,73.72287988664999,75.2179193497,74.9929,73.79805,75.29399000000001,0.07507954220000101,0.0741790052500022,0.0760706503000037
a100,c0075,residual,2,3653632,LL128,LL128,24,23,0,108,0,20,20,100,0,False,channels_unrealized,36.536319999999996,205237,2,75.59168100355001,75.566080808625,75.617281198475,75.67958999999999,75.649405,75.709775,0.08790899644999683,0.08332419137499869,0.09249380152499498
a100,c0075,residual,2,3653632,LL128,LL128,24,23,0,108,0,20,20,100,0,False,channels_unrealized,36.536319999999996,205466,3,75.6019210815,74.15296077725,75.64288139339999,75.68776,74.231595,75.72712999999999,0.0826582946999963,0.0770439108500014,0.08424860659999922
a100,c0075,residual,2,3670016,LL128,LL128,24,23,0,108,0,20,20,100,0,False,channels_unrealized,36.700160000000004,205237,2,75.8425617218,75.77344179155,75.91168165205,75.919005,75.8524275,75.98558249999999,0.07644327819999575,0.07390084794999652,0.07898570844999497
a100,c0075,residual,2,3670016,LL128,LL128,24,23,0,108,0,20,20,100,0,False,channels_unrealized,36.700160000000004,205466,3,73.1033611298,73.04192066195,74.58304166795,73.18662,73.12104500000001,74.66368,0.07801779389998842,0.07650379989999578,0.08063833204999327
a100,c0076,residual,4,3145728,AUTO,LL128,0,24,0,108,0,20,20,100,0,True,,15.72864,205237,1,62.9759979248,62.9759979248,62.9759979248,63.05109,63.05109,63.05109,0.07509207520000416,0.07509207520000416,0.07509207520000416
a100,c0076,residual,4,3145728,AUTO,LL128,0,24,0,108,0,20,20,100,0,True,,15.72864,205466,4,62.51519918445,62.220799922975004,62.804479599025,62.589245000000005,62.2950575,62.87807,0.07358036420000147,0.07355895467500062,0.07382357197500156
a100,c0076,residual,4,3162112,AUTO,LL128,0,22,0,108,0,20,20,100,0,True,,15.81056,205237,1,64.1126394272,64.1126394272,64.1126394272,64.19039,64.19039,64.19039,0.07775057279999942,0.07775057279999942,0.07775057279999942
a100,c0076,residual,4,3162112,AUTO,LL128,0,22,0,108,0,20,20,100,0,True,,15.81056,205466,4,62.73535966875,62.37952113155,63.05023908615,62.81332,62.45964,63.1262725,0.07796033124999724,0.07603341385000029,0.08011886844999694
a100,c0076,residual,4,3178496,AUTO,LL128,0,22,0,108,0,20,20,100,0,True,,15.892479999999999,205237,1,62.8428792953,62.8428792953,62.8428792953,62.91422,62.91422,62.91422,0.07134070469999898,0.07134070469999898,0.07134070469999898
a100,c0076,residual,4,3178496,AUTO,LL128,0,22,0,108,0,20,20,100,0,True,,15.892479999999999,205466,4,63.487999439250004,62.97344088555,64.0767991543,63.56201,63.0485975,64.1518475,0.07498502700000031,0.07437115647499759,0.076808269925003
a100,c0076,residual,4,3194880,AUTO,LL128,0,22,0,108,0,20,20,100,0,True,,15.974400000000001,205237,1,63.6006402969,63.6006402969,63.6006402969,63.6773,63.6773,63.6773,0.07665970309999892,0.07665970309999892,0.07665970309999892
a100,c0076,residual,4,3194880,AUTO,LL128,0,22,0,108,0,20,20,100,0,True,,15.974400000000001,205466,4,63.2115197182,62.461441755325,63.377918005,63.28819,62.537817499999996,63.449855,0.0718416358999967,0.06913277582499866,0.07435131794999528
a100,c0076,residual,4,3211264,AUTO,LL128,0,22,0,108,0,20,20,100,0,True,,16.05632,205237,1,63.3856010437,63.3856010437,63.3856010437,63.46158,63.46158,63.46158,0.0759789562999984,0.0759789562999984,0.0759789562999984
a100,c0076,residual,4,3211264,AUTO,LL128,0,22,0,108,0,20,20,100,0,True,,16.05632,205466,4,62.99135923385,62.819839715949996,63.1551992893,63.062315,62.891707499999995,63.225880000000004,0.07095576614999999,0.0690856102250006,0.07346288452499827
a100,c0076,residual,4,3227648,AUTO,LL128,0,22,0,108,0,20,20,100,0,True,,16.13824,205237,1,63.9897584915,63.9897584915,63.9897584915,64.06504,64.06504,64.06504,0.07528150849999804,0.07528150849999804,0.07528150849999804
a100,c0076,residual,4,3227648,AUTO,LL128,0,22,0,108,0,20,20,100,0,True,,16.13824,205466,4,63.580157756800006,62.471678256975004,63.692798614525,63.65034,62.541830000000004,63.765209999999996,0.0726606057500021,0.07117220419999803,0.07386928685000527
a100,c0076,residual,4,3244032,AUTO,LL128,0,22,0,108,0,20,20,100,0,True,,16.22016,205237,1,64.1024017334,64.1024017334,64.1024017334,64.17997,64.17997,64.17997,0.0775682665999966,0.0775682665999966,0.0775682665999966
a100,c0076,residual,4,3244032,AUTO,LL128,0,22,0,108,0,20,20,100,0,True,,16.22016,205466,4,64.46591854095,63.89503955845,64.94719862935,64.54797500000001,63.973290000000006,65.03053,0.07859606915000228,0.07756751652500249,0.08055390577500177
a100,c0076,residual,4,3260416,AUTO,LL128,0,23,0,108,0,20,20,100,0,True,,16.30208,205237,1,64.6553611755,64.6553611755,64.6553611755,64.73213,64.73213,64.73213,0.07676882449999312,0.07676882449999312,0.07676882449999312
a100,c0076,residual,4,3260416,AUTO,LL128,0,23,0,108,0,20,20,100,0,True,,16.30208,205466,4,64.43520069120001,64.279041290275,64.578560590725,64.5103,64.3573075,64.652095,0.07509930879999871,0.07353440927499477,0.07826620972500109
a100,c0076,residual,4,3276800,AUTO,LL128,0,23,0,108,0,20,20,100,0,True,,16.384,205237,1,58.0915212631,58.0915212631,58.0915212631,58.17079,58.17079,58.17079,0.0792687368999978,0.0792687368999978,0.0792687368999978
a100,c0076,residual,4,3276800,AUTO,LL128,0,23,0,108,0,20,20,100,0,True,,16.384,205466,4,65.01375913620001,64.578559398625,65.09567976,65.09653,64.6602175,65.1752,0.07772455915000265,0.07406636787499998,0.08206566885000299
a100,c0076,residual,4,3293184,AUTO,LL128,0,23,0,108,0,20,20,100,0,True,,16.46592,205237,1,64.1638422012,64.1638422012,64.1638422012,64.22836,64.22836,64.22836,0.0645177987999972,0.0645177987999972,0.0645177987999972
a100,c0076,residual,4,3293184,AUTO,LL128,0,23,0,108,0,20,20,100,0,True,,16.46592,205466,4,64.7116804123,64.5043206215,64.89344000817499,64.792645,64.58703249999999,64.97286,0.08136997755000408,0.07929547835000861,0.08324178182499864
a100,c0076,residual,4,3309568,AUTO,LL128,0,23,0,108,0,20,20,100,0,True,,16.54784,205237,1,63.6825609207,63.6825609207,63.6825609207,63.75645,63.75645,63.75645,0.07388907930000244,0.07388907930000244,0.07388907930000244
a100,c0076,residual,4,3309568,AUTO,LL128,0,23,0,108,0,20,20,100,0,True,,16.54784,205466,4,64.2252802849,63.831040859249995,64.606720209125,64.30104,63.90933750000001,64.6815525,0.07750352904999858,0.07657610482499067,0.07829664075000764
a100,c0076,residual,4,3325952,AUTO,LL128,0,23,0,108,0,20,20,100,0,True,,16.629759999999997,205237,1,64.5324802399,64.5324802399,64.5324802399,64.6097,64.6097,64.6097,0.0772197601000073,0.0772197601000073,0.0772197601000073
a100,c0076,residual,4,3325952,AUTO,LL128,0,23,0,108,0,20,20,100,0,True,,16.629759999999997,205466,4,64.2150402069,63.649281263375,64.67071890827499,64.29509,63.7294225,64.74851,0.08004979309999882,0.0763331496249986,0.08159917872499989
a100,c0076,residual,4,3342336,AUTO,LL128,0,23,0,108,0,20,20,100,0,True,,16.71168,205237,1,65.0342416763,65.0342416763,65.0342416763,65.11978,65.11978,65.11978,0.08553832370000691,0.08553832370000691,0.08553832370000691
a100,c0076,residual,4,3342336,AUTO,LL128,0,23,0,108,0,20,20,100,0,True,,16.71168,205466,4,64.61951971055001,64.424958229075,64.76288080215,64.694155,64.5038375,64.8349275,0.07463528945000064,0.07204669785000206,0.07887927092500036
a100,c0076,residual,4,3358720,AUTO,LL128,0,23,0,108,0,20,20,100,0,True,,16.7936,205237,1,65.3209590912,65.3209590912,65.3209590912,65.40202,65.40202,65.40202,0.08106090879999783,0.08106090879999783,0.08106090879999783
a100,c0076,residual,4,3358720,AUTO,LL128,0,23,0,108,0,20,20,100,0,True,,16.7936,205466,4,64.3071985245,64.148478508,64.54783916475,64.385155,64.2304075,64.623065,0.07866581879999757,0.07593517854999732,0.08192899199999815
a100,c0076,residual,4,3375104,AUTO,LL128,0,23,0,108,0,20,20,100,0,True,,16.875519999999998,205237,1,64.767999649,64.767999649,64.767999649,64.84395,64.84395,64.84395,0.07595035100000302,0.07595035100000302,0.07595035100000302
a100,c0076,residual,4,3375104,AUTO,LL128,0,23,0,108,0,20,20,100,0,True,,16.875519999999998,205466,4,64.43519830700001,64.0435183048,64.7782385349,64.53595,64.1572975,64.8509,0.07474619659999604,0.07266146509999771,0.08777369879999952
a100,c0076,residual,4,3391488,AUTO,LL128,0,23,0,108,0,20,20,100,0,True,,16.957440000000002,205237,1,58.9107179642,58.9107179642,58.9107179642,58.98736,58.98736,58.98736,0.07664203579999906,0.07664203579999906,0.07664203579999906
a100,c0076,residual,4,3391488,AUTO,LL128,0,23,0,108,0,20,20,100,0,True,,16.957440000000002,205466,4,64.7936010361,64.532481431975,65.121279954925,64.866485,64.6054875,65.1966925,0.07561938675000235,0.07350676755000052,0.07764726840000158
a100,c0076,residual,4,3407872,AUTO,LL128,0,24,0,108,0,20,20,100,0,True,,17.03936,205237,1,64.5222377777,64.5222377777,64.5222377777,64.668,64.668,64.668,0.14576222230000724,0.14576222230000724,0.14576222230000724
a100,c0076,residual,4,3407872,AUTO,LL128,0,24,0,108,0,20,20,100,0,True,,17.03936,205466,4,64.9062395096,64.614399671575,65.154559612275,64.98271,64.69347250000001,65.2266075,0.07282996109999829,0.07208365097500291,0.07539653587499728
a100,c0076,residual,4,3424256,AUTO,LL128,0,24,0,108,0,20,20,100,0,True,,17.12128,205237,1,64.9318408966,64.9318408966,64.9318408966,65.01548,65.01548,65.01548,0.08363910340000302,0.08363910340000302,0.08363910340000302
a100,c0076,residual,4,3424256,AUTO,LL128,0,24,0,108,0,20,20,100,0,True,,17.12128,205466,4,65.29535770415,65.0239980221,65.60767769809999,65.3681,65.11622,65.67972,0.07274229585000569,0.07154732657500062,0.09271695322500406
a100,c0076,residual,4,3440640,AUTO,LL128,0,24,0,108,0,20,20,100,0,True,,17.203200000000002,205237,1,65.1366376877,65.1366376877,65.1366376877,65.21276,65.21276,65.21276,0.07612231230000077,0.07612231230000077,0.07612231230000077
a100,c0076,residual,4,3440640,AUTO,LL128,0,24,0,108,0,20,20,100,0,True,,17.203200000000002,205466,4,65.19295930865,65.047039985675,65.35679817202501,65.26461,65.12984750000001,65.433985,0.07711196745000137,0.07423160835000076,0.09122401005000214
a100,c0076,residual,4,3457024,AUTO,LL128,0,24,0,108,0,20,20,100,0,True,,17.28512,205237,1,58.5932779312,58.5932779312,58.5932779312,58.66673,58.66673,58.66673,0.07345206880000177,0.07345206880000177,0.07345206880000177
a100,c0076,residual,4,3457024,AUTO,LL128,0,24,0,108,0,20,20,100,0,True,,17.28512,205466,4,65.29536008835001,64.954879283875,65.674240589175,65.40793,65.08876749999999,65.74572749999999,0.07332383650000196,0.07148691082499425,0.09464214097500445
a100,c0076,residual,4,3473408,AUTO,LL128,0,24,0,108,0,20,20,100,0,True,,17.36704,205237,1,59.5455980301,59.5455980301,59.5455980301,59.62618,59.62618,59.62618,0.08058196989999544,0.08058196989999544,0.08058196989999544
a100,c0076,residual,4,3473408,AUTO,LL128,0,24,0,108,0,20,20,100,0,True,,17.36704,205466,4,64.9676799774,64.919039011,65.11104106900001,65.04022,64.9921575,65.18446999999999,0.07254002259999481,0.07092640849998944,0.07562101150000089
a100,c0076,residual,4,3489792,AUTO,LL128,0,24,0,108,0,20,20,100,0,True,,17.44896,205237,1,59.2384004593,59.2384004593,59.2384004593,59.30627,59.30627,59.30627,0.06786954069999496,0.06786954069999496,0.06786954069999496
a100,c0076,residual,4,3489792,AUTO,LL128,0,24,0,108,0,20,20,100,0,True,,17.44896,205466,4,65.8943986893,65.55391907695,66.22463941575,65.96600000000001,65.62425,66.30004,0.07388078140000687,0.07261039375000422,0.07540058425000495
a100,c0076,residual,4,3506176,AUTO,LL128,0,24,0,108,0,20,20,100,0,True,,17.53088,205237,1,66.7033576965,66.7033576965,66.7033576965,66.77908,66.77908,66.77908,0.07572230349998677,0.07572230349998677,0.07572230349998677
a100,c0076,residual,4,3506176,AUTO,LL128,0,24,0,108,0,20,20,100,0,True,,17.53088,205466,4,65.92511892315,65.51295876500001,66.227198839175,66.001875,65.5895575,66.30152749999999,0.07675607684999619,0.07292585939999441,0.07800153642499907
a100,c0076,residual,4,3522560,AUTO,LL128,0,24,0,108,0,20,20,100,0,True,,17.6128,205237,1,59.9756813049,59.9756813049,59.9756813049,60.03918,60.03918,60.03918,0.06349869510000161,0.06349869510000161,0.06349869510000161
a100,c0076,residual,4,3522560,AUTO,LL128,0,24,0,108,0,20,20,100,0,True,,17.6128,205466,4,66.01727962494999,65.35168051720001,66.30143880845,66.09309999999999,65.425435,66.37644750000001,0.07297489074999675,0.07040284432500243,0.0755148457249959
a100,c0076,residual,4,3538944,AUTO,LL128,0,24,0,108,0,20,20,100,0,True,,17.69472,205237,1,66.6316795349,66.6316795349,66.6316795349,66.71115,66.71115,66.71115,0.07947046510000177,0.07947046510000177,0.07947046510000177
a100,c0076,residual,4,3538944,AUTO,LL128,0,24,0,108,0,20,20,100,0,True,,17.69472,205466,4,66.86208009719999,66.6393601894,67.1974396706,66.939485,66.7148725,67.278065,0.08006057160000069,0.07827693720000184,0.08051637160000169
a100,c0076,residual,4,3555328,AUTO,LL128,0,22,0,108,0,20,20,100,0,True,,17.77664,205237,1,64.7782421112,64.7782421112,64.7782421112,64.85717,64.85717,64.85717,0.07892788879999557,0.07892788879999557,0.07892788879999557
a100,c0076,residual,4,3555328,AUTO,LL128,0,22,0,108,0,20,20,100,0,True,,17.77664,205466,4,71.03487968445,70.77631950375,71.237120628375,71.11278,70.85604000000001,71.3124875,0.07790031555000354,0.07536687162499689,0.07972049625000466
a100,c0076,residual,4,3571712,AUTO,LL128,0,22,0,108,0,20,20,100,0,True,,17.85856,205237,1,71.4035177231,71.4035177231,71.4035177231,71.48647,71.48647,71.48647,0.08295227690000218,0.08295227690000218,0.08295227690000218
a100,c0076,residual,4,3571712,AUTO,LL128,0,22,0,108,0,20,20,100,0,True,,17.85856,205466,4,71.12191915509999,70.858240127525,71.28319859505,71.20265,70.93902,71.3633075,0.08021643570000236,0.07968566642500718,0.08068870179999621
a100,c0076,residual,4,3588096,AUTO,LL128,0,22,0,108,0,20,20,100,0,True,,17.94048,205237,1,71.4137601852,71.4137601852,71.4137601852,71.48456,71.48456,71.48456,0.07079981479999731,0.07079981479999731,0.07079981479999731
a100,c0076,residual,4,3588096,AUTO,LL128,0,22,0,108,0,20,20,100,0,True,,17.94048,205466,4,71.3062405586,71.022080183025,71.61087989805,71.3788,71.096105,71.6840325,0.07354025405000186,0.07208072187500747,0.07607750969999572
a100,c0076,residual,4,3604480,AUTO,LL128,0,22,0,108,0,20,20,100,0,True,,18.022399999999998,205237,1,72.8166389465,72.8166389465,72.8166389465,72.89417,72.89417,72.89417,0.077531053499996,0.077531053499996,0.077531053499996
a100,c0076,residual,4,3604480,AUTO,LL128,0,22,0,108,0,20,20,100,0,True,,18.022399999999998,205466,4,71.29599809645,71.121917963025,71.741439104075,71.381155,71.2083225,71.8220975,0.0831619814999982,0.08065839592499557,0.0844096149249971
a100,c0076,residual,4,3620864,AUTO,LL128,0,23,0,108,0,20,20,100,0,True,,18.10432,205237,1,71.6287994385,71.6287994385,71.6287994385,71.70598,71.70598,71.70598,0.07718056150000052,0.07718056150000052,0.07718056150000052
a100,c0076,residual,4,3620864,AUTO,LL128,0,23,0,108,0,20,20,100,0,True,,18.10432,205466,4,71.75679922105,71.30624055865,72.066558599475,71.836175,71.38780750000001,72.14427500000001,0.07966415799999993,0.07800477957500007,0.08156694135000109
a100,c0076,residual,4,3637248,AUTO,LL128,0,23,0,108,0,20,20,100,0,True,,18.18624,205237,1,71.5059185028,71.5059185028,71.5059185028,71.57743,71.57743,71.57743,0.0715114972000066,0.0715114972000066,0.0715114972000066
a100,c0076,residual,4,3637248,AUTO,LL128,0,23,0,108,0,20,20,100,0,True,,18.18624,205466,4,71.8284797668,71.42655968662501,72.02047944064999,71.90621,71.50300999999999,72.100285,0.07932104584999422,0.0780916883249887,0.07975499705000288
a100,c0076,residual,4,3653632,AUTO,LL128,0,23,0,108,0,20,20,100,0,True,,18.268159999999998,205237,1,71.7516803741,71.7516803741,71.7516803741,71.82933,71.82933,71.82933,0.07764962589999413,0.07764962589999413,0.07764962589999413
a100,c0076,residual,4,3653632,AUTO,LL128,0,23,0,108,0,20,20,100,0,True,,18.268159999999998,205466,4,71.58783912655,71.298559904075,71.78495883937501,71.663685,71.36757,71.8644475,0.07043870669999563,0.06901009592500174,0.07408149387499208
a100,c0076,residual,4,3670016,AUTO,LL128,0,23,0,108,0,20,20,100,0,True,,18.350080000000002,205237,1,71.4342403412,71.4342403412,71.4342403412,71.51421,71.51421,71.51421,0.07996965880001028,0.07996965880001028,0.07996965880001028
a100,c0076,residual,4,3670016,AUTO,LL128,0,23,0,108,0,20,20,100,0,True,,18.350080000000002,205466,4,71.63392066955001,71.447039842625,72.0640015602,71.71274,71.5247975,72.1427975,0.07881933045000267,0.07509325422499913,0.08146034295000248
a100,c0077,residual,4,3145728,LL128,LL128,22,22,0,108,0,20,20,100,0,True,,15.72864,205466,5,63.1398391724,63.0169582367,64.0716791153,63.28843,63.09346,64.13827,0.07209235659999536,0.0700120993000013,0.07650176330000136
a100,c0077,residual,4,3162112,LL128,LL128,22,22,0,108,0,20,20,100,0,True,,15.81056,205466,5,63.1398391724,62.9452800751,63.6416006088,63.2158,63.02722,63.71447,0.07596082759999945,0.07286939120000113,0.08193992489999857
a100,c0077,residual,4,3178496,LL128,LL128,22,22,0,108,0,20,20,100,0,True,,15.892479999999999,205466,5,63.3548784256,63.0783987045,63.3753585815,63.43842,63.14898,63.44763,0.07529141850000087,0.07227141849999441,0.07695871029999779
a100,c0077,residual,4,3194880,LL128,LL128,22,22,0,108,0,20,20,100,0,True,,15.974400000000001,205466,5,63.3958387375,63.1398391724,63.8054418564,63.48101,63.2167,63.87798,0.0768608276000009,0.07253814359999922,0.08211198520000096
a100,c0077,residual,4,3211264,LL128,LL128,22,22,0,108,0,20,20,100,0,True,,16.05632,205466,5,64.0921592712,63.1296014786,64.1126394272,64.16404,63.21088,64.2023,0.08127852140000158,0.07188072879999652,0.08383866850000743
a100,c0077,residual,4,3227648,LL128,LL128,22,22,0,108,0,20,20,100,0,True,,16.13824,205466,5,63.7440013885,63.7235212326,63.9487981796,63.8897,63.79953,64.01444,0.07618780119999968,0.07600876739999762,0.131081508500003
a100,c0077,residual,4,3244032,LL128,LL128,22,22,0,108,0,20,20,100,0,True,,16.22016,205466,5,64.0409612656,63.580160141,64.4505596161,64.11653,63.66095,64.53274,0.07556873439999379,0.06820022800000913,0.08078985899999935
a100,c0077,residual,4,3260416,LL128,LL128,22,20,0,108,0,20,20,100,0,False,channels_unrealized,16.30208,205466,5,68.6899185181,68.5977602005,68.7411212921,68.75859,68.69066,68.80848,0.07295101409999916,0.06867148189999739,0.08550182679999807
a100,c0077,residual,4,3276800,LL128,LL128,22,20,0,108,0,20,20,100,0,False,channels_unrealized,16.384,205466,5,67.9116821289,65.7715177536,69.0483188629,67.9912,65.84166,69.12459,0.07627113709999378,0.07285916930000269,0.07871103820001224
a100,c0077,residual,4,3293184,LL128,LL128,22,21,0,108,0,20,20,100,0,False,channels_unrealized,16.46592,205466,5,69.0380811691,68.2291221619,69.2633581161,69.11788,68.31774,69.3346,0.07124188390000086,0.0698892898999901,0.07979883090000328
a100,c0077,residual,4,3309568,LL128,LL128,22,21,0,108,0,20,20,100,0,False,channels_unrealized,16.54784,205466,5,68.3929586411,68.3417606354,70.7379198074,68.47233,68.41392,70.81805,0.07382941280000921,0.0721593646000116,0.0793713589000049
a100,c0077,residual,4,3325952,LL128,LL128,22,21,0,108,0,20,20,100,0,False,channels_unrealized,16.629759999999997,205466,5,68.485121727,68.4236812592,69.3862390518,68.56011,68.49558,69.47376,0.07498827299998823,0.07466849490000982,0.08481773040000462
a100,c0077,residual,4,3342336,LL128,LL128,22,21,0,108,0,20,20,100,0,False,channels_unrealized,16.71168,205466,5,68.6796808243,67.8399991989,68.9152002335,68.76541,67.91556,68.99203,0.07682976649999773,0.07556080109999641,0.08409048029999155
a100,c0077,residual,4,3358720,LL128,LL128,22,21,0,108,0,20,20,100,0,False,channels_unrealized,16.7936,205466,5,70.0211191177,69.6627187729,70.4716777802,70.09377,69.74458,70.56115,0.0818612270999921,0.07265088230001027,0.08708913390000816
a100,c0077,residual,4,3375104,LL128,LL128,22,21,0,108,0,20,20,100,0,False,channels_unrealized,16.875519999999998,205466,5,69.621758461,69.079041481,69.672961235,69.6971,69.16497,69.74529,0.07517858490000151,0.07459873199999834,0.07534153900000717
a100,c0077,residual,4,3391488,LL128,LL128,22,21,0,108,0,20,20,100,0,False,channels_unrealized,16.957440000000002,205466,5,69.6627187729,68.8844823837,70.4307222366,69.74349,68.95926,70.51437,0.08077122709998719,0.07477761629999691,0.0836477633999948
a100,c0077,residual,4,3407872,LL128,LL128,22,21,0,108,0,20,20,100,0,False,channels_unrealized,17.03936,205466,5,69.5500802994,69.2633581161,69.7958421707,69.62857,69.3361,69.86542,0.07369117000000358,0.07274188390000802,0.07440795229999253
a100,c0077,residual,4,3424256,LL128,LL128,22,21,0,108,0,20,20,100,0,False,channels_unrealized,17.12128,205466,5,68.782081604,66.314239502,70.3590393066,68.86359,66.39253,70.42319,0.078290497999987,0.0781689562999972,0.0799377633999967
a100,c0077,residual,4,3440640,LL128,LL128,22,21,0,108,0,20,20,100,0,False,channels_unrealized,17.203200000000002,205466,5,69.7139215469,69.5807981491,70.0620794296,69.83576,69.73467,70.15056,0.08848057039999446,0.07456836300001157,0.12183845309999697
a100,c0077,residual,4,3457024,LL128,LL128,22,22,0,108,0,20,20,100,0,True,,17.28512,205466,5,70.1849603653,69.8572778702,70.6355190277,70.26148,69.93214,70.71526,0.07974097230000154,0.07651963470000567,0.08004976649999662
a100,c0077,residual,4,3473408,LL128,LL128,22,22,0,108,0,20,20,100,0,True,,17.36704,205466,5,69.8675203323,69.7446393967,70.2464008331,69.93707,69.81942,70.3212,0.07478060329999892,0.06954966770000226,0.07479916690000721
a100,c0077,residual,4,3489792,LL128,LL128,22,22,0,108,0,20,20,100,0,True,,17.44896,205466,5,70.7379198074,70.604801178,70.8608007431,70.80773,70.68891,70.93418,0.07337925689999736,0.07145156310001255,0.07420954709999705
a100,c0077,residual,4,3506176,LL128,LL128,22,22,0,108,0,20,20,100,0,True,,17.53088,205466,5,70.4307222366,69.7753620148,70.6252813339,70.51137,69.8561,70.70724,0.08064776339999469,0.07384075040000937,0.08073798520000253
a100,c0077,residual,4,3522560,LL128,LL128,22,22,0,108,0,20,20,100,0,True,,17.6128,205466,5,70.7891178131,70.3999996185,70.9324789047,70.86336,70.47509,71.01012,0.07509038149999014,0.07424218689999407,0.0753279764000041
a100,c0077,residual,4,3538944,LL128,LL128,22,22,0,108,0,20,20,100,0,True,,17.69472,205466,5,70.2975988388,69.939198494,70.3180789948,70.36578,70.02935,70.39573,0.07765100519999635,0.07656956879999655,0.08632829709999612
a100,c0077,residual,4,3555328,LL128,LL128,22,22,0,108,0,20,20,100,0,True,,17.77664,205466,5,70.1235198975,69.5500802994,70.2054405212,70.19857,69.61975,70.28122,0.07505010250000055,0.06966970060000222,0.07577947880000124
a100,c0077,residual,4,3571712,LL128,LL128,22,22,0,108,0,20,20,100,0,True,,17.85856,205466,5,70.0518417358,69.2428779602,70.512638092,70.12872,69.32819,70.59382,0.0811819079999907,0.07687826420000476,0.08414050449999877
a100,c0077,residual,4,3588096,LL128,LL128,22,22,0,108,0,20,20,100,0,True,,17.94048,205466,5,69.939198494,69.5705604553,70.4511976242,70.0155,69.6462,70.52049,0.07522006069999065,0.07518764280000312,0.07563954469999601
a100,c0077,residual,4,3604480,LL128,LL128,22,22,0,108,0,20,20,100,0,True,,18.022399999999998,205466,5,71.2908792496,69.672961235,71.9360017776,71.36923,69.7526,72.01066,0.07835075040000561,0.07815965000000347,0.07963876499999856
a100,c0077,residual,4,3620864,LL128,LL128,22,21,0,108,0,20,20,100,0,False,channels_unrealized,18.10432,205466,5,71.2089586258,70.881280899,71.8847990036,71.29457,70.95743,71.96246,0.07714933169999938,0.07614910099999861,0.0776609963999988
a100,c0077,residual,4,3637248,LL128,LL128,22,21,0,108,0,20,20,100,0,False,channels_unrealized,18.18624,205466,5,72.335357666,71.1372804642,72.407040596,72.42045,71.22273,72.48839,0.0813494039999938,0.07593117650000636,0.08509233400000937
a100,c0077,residual,4,3653632,LL128,LL128,22,21,0,108,0,20,20,100,0,False,channels_unrealized,18.268159999999998,205466,5,71.7107200623,71.423997879,72.7756786346,71.78673,71.51139,72.84687,0.07600993770000741,0.07119136539999715,0.08332949399999734
a100,c0077,residual,4,3670016,LL128,LL128,22,21,0,108,0,20,20,100,0,False,channels_unrealized,18.350080000000002,205466,5,71.8336009979,71.813120842,72.5401592255,71.91507,71.89033,72.60972,0.07720915800000228,0.07304030669999406,0.07743078579999008
a100,c0078,residual,4,3145728,LL128,LL128,23,22,0,108,0,20,20,100,0,False,channels_unrealized,15.72864,205466,5,62.6483201981,62.6380777359,63.2217597961,62.72577,62.71994,63.29304,0.07296873439999274,0.07128020389999534,0.07744980189999495
a100,c0078,residual,4,3162112,LL128,LL128,23,22,0,108,0,20,20,100,0,False,channels_unrealized,15.81056,205466,5,62.5561618805,62.5459194183,62.6892805099,62.63258,62.61895,62.75751,0.07598874330000172,0.07303058169999588,0.07641811949999777
a100,c0078,residual,4,3178496,LL128,LL128,23,22,0,108,0,20,20,100,0,False,channels_unrealized,15.892479999999999,205466,5,63.3036804199,62.6483201981,63.4675216675,63.38102,62.72174,63.53662,0.07362048519999576,0.07341980189999475,0.07733958010000208
a100,c0078,residual,4,3194880,LL128,LL128,23,22,0,108,0,20,20,100,0,False,channels_unrealized,15.974400000000001,205466,5,62.5868797302,62.2489595413,62.7814388275,62.66705,62.31547,62.85781,0.07637117250000358,0.0693502063000011,0.07915871029999977
a100,c0078,residual,4,3211264,LL128,LL128,23,22,0,108,0,20,20,100,0,False,channels_unrealized,16.05632,205466,5,62.9350423813,62.4742412567,63.7644815445,63.06822,62.55181,63.84562,0.0811384554999961,0.07994238070000392,0.08369795469999985
a100,c0078,residual,4,3227648,LL128,LL128,23,22,0,108,0,20,20,100,0,False,channels_unrealized,16.13824,205466,5,64.0000009537,63.6518383026,64.0409612656,64.07305,63.7289,64.11494,0.07542223109999924,0.07397873440000069,0.0770616974000049
a100,c0078,residual,4,3244032,LL128,LL128,23,22,0,108,0,20,20,100,0,False,channels_unrealized,16.22016,205466,5,64.3379211426,64.2150402069,64.4095993042,64.40269,64.29478,64.48565,0.07605069580000645,0.07029933409999956,0.07771988310000211
a100,c0078,residual,4,3260416,LL128,LL128,23,23,0,108,0,20,20,100,0,True,,16.30208,205466,5,63.4470415115,63.1910419464,63.7849617004,63.52841,63.2647,63.87016,0.08136848850000433,0.08117159849999211,0.08182814610000122
a100,c0078,residual,4,3276800,LL128,LL128,23,23,0,108,0,20,20,100,0,True,,16.384,205466,5,64.0307188034,62.986240387,64.1126394272,64.18878,63.05739,64.20632,0.07984200040000644,0.07114961299999578,0.09368057280001096
a100,c0078,residual,4,3293184,LL128,LL128,23,23,0,108,0,20,20,100,0,True,,16.46592,205466,5,63.5084819794,63.4777593613,63.6006402969,63.58552,63.55396,63.6817,0.07772767579999851,0.07703802059999987,0.08105970309999577
a100,c0078,residual,4,3309568,LL128,LL128,23,23,0,108,0,20,20,100,0,True,,16.54784,205466,5,64.3174409866,64.0102386475,64.4812822342,64.39788,64.09089,64.55599,0.08043901339999593,0.0782479305999999,0.08065135249999855
a100,c0078,residual,4,3325952,LL128,LL128,23,23,0,108,0,20,20,100,0,True,,16.629759999999997,205466,5,63.8566398621,63.7132787704,64.0102386475,63.92627,63.79332,64.15191,0.08004122959999904,0.07455820310000405,0.08032810180000638
a100,c0078,residual,4,3342336,LL128,LL128,23,23,0,108,0,20,20,100,0,True,,16.71168,205466,5,64.2150402069,64.0409612656,65.2799987793,64.29128,64.11703,65.34982,0.07623979310000095,0.07606873439999617,0.07646181150001041
a100,c0078,residual,4,3358720,LL128,LL128,23,23,0,108,0,20,20,100,0,True,,16.7936,205466,5,64.2457580566,64.0921592712,64.6451187134,64.31582,64.21944,64.72662,0.07798972719999142,0.07006194340000604,0.08150128660000178
a100,c0078,residual,4,3375104,LL128,LL128,23,23,0,108,0,20,20,100,0,True,,16.875519999999998,205466,5,64.491519928,64.1638422012,64.6451187134,64.5676,64.23787,64.72071,0.0755912866000017,0.0740277988000031,0.07608007199999633
a100,c0078,residual,4,3391488,LL128,LL128,23,23,0,108,0,20,20,100,0,True,,16.957440000000002,205466,5,63.9795207977,63.7747192383,64.5939207077,64.05552,63.84893,64.6659,0.07599920230000379,0.07421076170000163,0.07844234529999028
a100,c0078,residual,4,3407872,LL128,LL128,23,21,0,108,0,20,20,100,0,False,channels_unrealized,17.03936,205466,5,69.1200017929,69.079041481,69.6320009232,69.20424,69.14965,69.71242,0.08041907679999838,0.07290039030000628,0.08241873199999361
a100,c0078,residual,4,3424256,LL128,LL128,23,21,0,108,0,20,20,100,0,False,channels_unrealized,17.12128,205466,5,68.8332796097,68.5056018829,68.9971208572,68.90597,68.58946,69.06889,0.07420911219999482,0.07269039029999647,0.0818879193000015
a100,c0078,residual,4,3440640,LL128,LL128,23,21,0,108,0,20,20,100,0,False,channels_unrealized,17.203200000000002,205466,5,69.7344017029,69.5705604553,70.3385591507,69.81001,69.64539,70.41258,0.07560829710000405,0.07482954470000891,0.0815984860000043
a100,c0078,residual,4,3457024,LL128,LL128,23,22,0,108,0,20,20,100,0,False,channels_unrealized,17.28512,205466,5,69.6115207672,64.2047977448,69.672961235,69.68828,64.27203,69.74399,0.07102876499999411,0.06994070470000224,0.0752603156000049
a100,c0078,residual,4,3473408,LL128,LL128,23,22,0,108,0,20,20,100,0,False,channels_unrealized,17.36704,205466,5,70.5740785599,70.1440000534,70.7072019577,70.66417,70.22913,70.7893,0.08464184199999636,0.08209804230000373,0.08512994659999151
a100,c0078,residual,4,3489792,LL128,LL128,23,22,0,108,0,20,20,100,0,False,channels_unrealized,17.44896,205466,5,69.4067192078,69.396481514,70.533118248,69.4885,69.47337,70.61306,0.07994175200001052,0.07688848600000142,0.08178079220000711
a100,c0078,residual,4,3506176,LL128,LL128,23,22,0,108,0,20,20,100,0,False,channels_unrealized,17.53088,205466,5,70.3180789948,70.0006389618,70.6764793396,70.39183,70.07673,70.75424,0.07586814119999019,0.07466156310000827,0.07609103820000485
a100,c0078,residual,4,3522560,LL128,LL128,23,22,0,108,0,20,20,100,0,False,channels_unrealized,17.6128,205466,5,70.6969594955,70.6457614899,70.9324789047,70.7853,70.72908,71.00462,0.08244184200000859,0.07214109529999746,0.0833185100999998
a100,c0078,residual,4,3538944,LL128,LL128,23,22,0,108,0,20,20,100,0,False,channels_unrealized,17.69472,205466,5,69.6320009232,69.3862390518,70.7481622696,69.70992,69.46656,70.83409,0.07826865719999887,0.07791907680000065,0.08032094819999713
a100,c0078,residual,4,3555328,LL128,LL128,23,22,0,108,0,20,20,100,0,False,channels_unrealized,17.77664,205466,5,70.9324789047,70.8198404312,71.3932800293,71.01064,70.89952,71.46701,0.07816109529998982,0.07774001499999628,0.07853841130000205
a100,c0078,residual,4,3571712,LL128,LL128,23,22,0,108,0,20,20,100,0,False,channels_unrealized,17.85856,205466,5,71.0246419907,70.7276821136,71.3113594055,71.10261,70.80544,71.38926,0.07775788640000769,0.07683884610000291,0.07790059449999376
a100,c0078,residual,4,3588096,LL128,LL128,23,22,0,108,0,20,20,100,0,False,channels_unrealized,17.94048,205466,5,70.9939193726,68.485121727,71.2908792496,71.06553,68.56862,71.37704,0.07161062739999124,0.07014069580000637,0.08349827299998935
a100,c0078,residual,4,3604480,LL128,LL128,23,22,0,108,0,20,20,100,0,False,channels_unrealized,18.022399999999998,205466,5,71.444478035,70.6252813339,71.9052791595,71.53164,70.70364,71.98943,0.07835866609998732,0.07413787749999301,0.08415084050000132
a100,c0078,residual,4,3620864,LL128,LL128,23,23,0,108,0,20,20,100,0,True,,18.10432,205466,5,70.6457614899,70.6252813339,71.5263986588,70.71757,70.70104,71.60248,0.07575866610000048,0.07189024960000268,0.07608134119999477
a100,c0078,residual,4,3637248,LL128,LL128,23,23,0,108,0,20,20,100,0,True,,18.18624,205466,5,71.9564819336,71.4342403412,72.3865604401,72.0301,71.56651,72.45662,0.07601866849999794,0.07361806640000168,0.0815081563999911
a100,c0078,residual,4,3653632,LL128,LL128,23,23,0,108,0,20,20,100,0,True,,18.268159999999998,205466,5,71.4137601852,64.9932813644,71.8438386917,71.48584,65.0773,71.91287,0.07402066280000952,0.07207981479999148,0.07413831239999524
a100,c0078,residual,4,3670016,LL128,LL128,23,23,0,108,0,20,20,100,0,True,,18.350080000000002,205466,5,71.3420820236,70.9836816788,71.8438386917,71.41582,71.06835,71.91297,0.0737379763999968,0.07165025209999953,0.07816955990000451
a100,c0079,residual,4,3145728,LL128,LL128,24,24,0,108,0,20,20,100,0,True,,15.72864,205466,5,62.2796821594,62.1670389175,62.3104000092,62.36135,62.24763,62.38079,0.0789612713999972,0.07708930109999557,0.0805910824999998
a100,c0079,residual,4,3162112,LL128,LL128,24,22,0,108,0,20,20,100,0,False,channels_unrealized,15.81056,205466,5,62.986240387,62.9759979248,63.0579185486,63.05889,63.05539,63.13593,0.07556817660000092,0.07326874330000521,0.07801145140000187
a100,c0079,residual,4,3178496,LL128,LL128,24,22,0,108,0,20,20,100,0,False,channels_unrealized,15.892479999999999,205466,5,63.6518383026,62.2796821594,64.0614414215,63.72588,62.35854,64.13999,0.07885784060000134,0.07854857849999064,0.07994022799999811
a100,c0079,residual,4,3194880,LL128,LL128,24,22,0,108,0,20,20,100,0,False,channels_unrealized,15.974400000000001,205466,5,63.1398391724,62.9964780807,63.4470415115,63.21179,63.06941,63.51578,0.07271979310000631,0.07195082759999849,0.07293191929999665
a100,c0079,residual,4,3211264,LL128,LL128,24,22,0,108,0,20,20,100,0,False,channels_unrealized,16.05632,205466,5,63.2115221024,62.7097606659,63.6416006088,63.29585,62.78947,63.71917,0.07943936710000088,0.07756939120000084,0.07970933410000214
a100,c0079,residual,4,3227648,LL128,LL128,24,22,0,108,0,20,20,100,0,False,channels_unrealized,16.13824,205466,5,63.4163188934,62.2489595413,63.9590406418,63.48722,62.32138,64.02596,0.07131187739999234,0.07090110659999738,0.07242045869999458
a100,c0079,residual,4,3244032,LL128,LL128,24,22,0,108,0,20,20,100,0,False,channels_unrealized,16.22016,205466,5,63.7849617004,63.6620807648,63.8259220123,63.87086,63.74312,63.90542,0.08103923519999512,0.07949798770000172,0.08589829960000372
a100,c0079,residual,4,3260416,LL128,LL128,24,23,0,108,0,20,20,100,0,False,channels_unrealized,16.30208,205466,5,64.6041584015,64.1228818893,64.8191976547,64.67642,64.1983,64.89804,0.07884234529998935,0.07541811069999937,0.08076861149999814
a100,c0079,residual,4,3276800,LL128,LL128,24,23,0,108,0,20,20,100,0,False,channels_unrealized,16.384,205466,5,63.9795207977,63.7337589264,64.1535997391,64.05111,63.87867,64.23757,0.0743401290999941,0.07353194579999922,0.08397026090000281
a100,c0079,residual,4,3293184,LL128,LL128,24,23,0,108,0,20,20,100,0,False,channels_unrealized,16.46592,205466,5,64.3379211426,64.3174409866,64.7782421112,64.41331,64.40108,64.85365,0.07540788880000093,0.07538885740000012,0.08243922639999823
a100,c0079,residual,4,3309568,LL128,LL128,24,23,0,108,0,20,20,100,0,False,channels_unrealized,16.54784,205466,5,64.2867183685,63.7132787704,64.5836782455,64.37083,63.78369,64.65829,0.07789141849999481,0.07461175449999757,0.07954913640000427
a100,c0079,residual,4,3325952,LL128,LL128,24,23,0,108,0,20,20,100,0,False,channels_unrealized,16.629759999999997,205466,5,63.9180803299,63.7542390823,63.9692783356,63.9932,63.82498,64.03999,0.0751196701000012,0.07074091769999313,0.07625981720001107
a100,c0079,residual,4,3342336,LL128,LL128,24,23,0,108,0,20,20,100,0,False,channels_unrealized,16.71168,205466,5,64.6963214874,64.5631980896,65.0035190582,64.77711,64.64536,65.07899,0.0811686026000018,0.08078851259999453,0.08216191040000353
a100,c0079,residual,4,3358720,LL128,LL128,24,23,0,108,0,20,20,100,0,False,channels_unrealized,16.7936,205466,5,64.3276786804,64.2457580566,64.6246385574,64.4088,64.32934,64.69675,0.08112131960000113,0.0796413524999906,0.0835819434000058
a100,c0079,residual,4,3375104,LL128,LL128,24,23,0,108,0,20,20,100,0,False,channels_unrealized,16.875519999999998,205466,5,64.6655988693,64.6246385574,64.8601579666,64.73283,64.69516,64.94014,0.07574769989999197,0.07052144259999693,0.07998203340000032
a100,c0079,residual,4,3391488,LL128,LL128,24,23,0,108,0,20,20,100,0,False,channels_unrealized,16.957440000000002,205466,5,64.8806381226,64.4812822342,65.3516817093,64.95305,64.55709,65.42316,0.07580776580000759,0.07241187740000044,0.07640798770000146
a100,c0079,residual,4,3407872,LL128,LL128,24,24,0,108,0,20,20,100,0,True,,17.03936,205466,5,65.0342416763,64.9728012085,65.5052804947,65.10975,65.10815,65.57585,0.07550832370000649,0.07108841369999652,0.07720898040000179
a100,c0079,residual,4,3424256,LL128,LL128,24,24,0,108,0,20,20,100,0,True,,17.12128,205466,5,65.2083206177,65.1673603058,65.5462408066,65.2919,65.25062,65.62184,0.08269985020000092,0.08144878269999367,0.08325969419999524
a100,c0079,residual,4,3440640,LL128,LL128,24,24,0,108,0,20,20,100,0,True,,17.203200000000002,205466,5,65.2595186234,65.0956821442,65.4131221771,65.33788,65.17037,65.4974,0.0783613766000002,0.0746878558000077,0.07871966129999919
a100,c0079,residual,4,3457024,LL128,LL128,24,24,0,108,0,20,20,100,0,True,,17.28512,205466,5,65.2697610855,65.085439682,65.4745578766,65.3379,65.15113,65.5498,0.07524212340000247,0.06813891450001108,0.07777236939999455
a100,c0079,residual,4,3473408,LL128,LL128,24,24,0,108,0,20,20,100,0,True,,17.36704,205466,5,65.5872011185,65.4131221771,66.0070419312,65.66733,65.49078,66.08954,0.08012888150000208,0.07765782289999379,0.08119171260000257
a100,c0079,residual,4,3489792,LL128,LL128,24,24,0,108,0,20,20,100,0,True,,17.44896,205466,5,65.8841609955,65.6383991241,66.2118387222,65.96089,65.71572,66.28942,0.07732087589999992,0.07672900450000952,0.07758127780000734
a100,c0079,residual,4,3506176,LL128,LL128,24,24,0,108,0,20,20,100,0,True,,17.53088,205466,5,65.9353590012,65.6588792801,66.0275220871,66.00637,65.73275,66.10457,0.07276950530000192,0.07253034210000919,0.07387071990000038
a100,c0079,residual,4,3522560,LL128,LL128,24,24,0,108,0,20,20,100,0,True,,17.6128,205466,5,65.6588792801,65.6076812744,66.4780807495,65.8063,65.68586,66.55825,0.07817872560001149,0.07723999729999775,0.08016925050000623
a100,c0079,residual,4,3538944,LL128,LL128,24,24,0,108,0,20,20,100,0,True,,17.69472,205466,5,66.7238378525,66.365442276,67.6966381073,66.80301,66.44483,67.77098,0.07492221340000071,0.07434189269999081,0.07917214750000312
a100,c0079,residual,4,3555328,LL128,LL128,24,22,0,108,0,20,20,100,0,False,channels_unrealized,17.77664,205466,5,71.3216018677,70.3283214569,71.3318395615,71.39767,70.40877,71.40679,0.07606813230000853,0.07495043849999661,0.0804485431000046
a100,c0079,residual,4,3571712,LL128,LL128,24,22,0,108,0,20,20,100,0,False,channels_unrealized,17.85856,205466,5,71.6287994385,70.4716777802,72.0691204071,71.81197,70.54793,72.21966,0.07625221979999708,0.07566079220001143,0.15053959290000307
a100,c0079,residual,4,3588096,LL128,LL128,24,22,0,108,0,20,20,100,0,False,channels_unrealized,17.94048,205466,5,71.4752006531,70.584321022,71.8336009979,71.55167,70.66887,72.47676,0.07947814119999919,0.07646934689999796,0.08454897800000083
a100,c0079,residual,4,3604480,LL128,LL128,24,22,0,108,0,20,20,100,0,False,channels_unrealized,18.022399999999998,205466,5,71.7004823685,69.693441391,72.1510410309,71.7739,69.77044,72.22897,0.07699860900000033,0.07341763149999281,0.07792896910000024
a100,c0079,residual,4,3620864,LL128,LL128,24,23,0,108,0,20,20,100,0,False,channels_unrealized,18.10432,205466,5,71.3113594055,71.3011217117,71.720957756,71.38895,71.37853,71.79745,0.07740828829999202,0.07698982360000173,0.07759059449999484
a100,c0079,residual,4,3637248,LL128,LL128,24,23,0,108,0,20,20,100,0,False,channels_unrealized,18.18624,205466,5,71.495680809,71.3113594055,71.7823982239,71.57231,71.38175,71.86678,0.07839959289999854,0.07662919099999499,0.08025109529999952
a100,c0079,residual,4,3653632,LL128,LL128,24,23,0,108,0,20,20,100,0,False,channels_unrealized,18.268159999999998,205466,5,71.3523197174,69.918718338,71.8950414658,71.42703,69.98785,71.97249,0.07471028260000878,0.06913166199998955,0.07744853419998776
a100,c0079,residual,4,3670016,LL128,LL128,24,23,0,108,0,20,20,100,0,False,channels_unrealized,18.350080000000002,205466,5,71.741437912,71.3318395615,71.8643188477,71.81789,71.40649,71.93892,0.07645208800001058,0.07465043850000086,0.07689002780000465
a100,c0080,resources,2,262144,LL,LL,8,8,0,108,0,16,20,100,0,True,,2.6214399999999998,205466,5,18.1862401962,18.1555199623,18.6265599728,18.26262,18.22795,18.76919,0.07637980379999831,0.07243003769999845,0.14263002719999918
a100,c0080,resources,2,1048576,LL,LL,8,8,0,108,0,16,20,100,0,True,,10.485759999999999,205466,5,42.9158401489,42.9055976868,43.0796813965,42.9926,42.9909,43.16013,0.08210988399999763,0.08044860350000249,0.08530231320000325
a100,c0080,resources,2,4194304,LL,LL,8,8,0,108,0,16,20,100,0,True,,41.943039999999996,205466,5,134.676475525,134.563837051,134.748163223,134.75215,134.63702,134.87808,0.07840864800002123,0.07567447499999957,0.12807861500002105
a100,c0081,resources,2,262144,LL,LL,8,8,8,8,0,16,20,100,0,True,,2.6214399999999998,205466,5,18.5344004631,18.5241603851,18.8313603401,18.61079,18.59346,18.98631,0.08307984879999708,0.0763895369000025,0.12422942599999942
a100,c0081,resources,2,1048576,LL,LL,8,8,8,8,0,16,20,100,0,True,,10.485759999999999,205466,5,43.1001615524,42.9977607727,43.1103992462,43.17785,43.07195,43.19209,0.07768844759999638,0.07754829159999588,0.08123848049999793
a100,c0081,resources,2,4194304,LL,LL,8,8,8,8,0,16,20,100,0,True,,41.943039999999996,205466,5,136.345596313,136.345596313,136.448001862,136.47257,136.42887,136.53369,0.1156975480000142,0.08568813799999475,0.1269736870000031
a100,c0082,resources,2,262144,LL,LL,8,8,16,16,0,16,20,100,0,True,,2.6214399999999998,205237,2,19.0105599165,18.8953599334,19.1257598996,19.119970000000002,18.99062,19.24932,0.10941008350000025,0.09526006660000075,0.12356010039999976
a100,c0082,resources,2,262144,LL,LL,8,8,16,16,0,16,20,100,0,True,,2.6214399999999998,205466,3,18.7289595604,18.64703953265,18.9747196436,18.80306,18.7216,19.081645,0.07502049509999864,0.07456046734999866,0.10738538414999965
a100,c0082,resources,2,1048576,LL,LL,8,8,16,16,0,16,20,100,0,True,,10.485759999999999,205237,2,44.0217614174,44.016641378399996,44.026881456400005,44.105655,44.098687500000004,44.1126225,0.08389358260000179,0.08204612160000302,0.08574104360000057
a100,c0082,resources,2,1048576,LL,LL,8,8,16,16,0,16,20,100,0,True,,10.485759999999999,205466,3,44.1753578186,43.96031856535,44.33919906615,44.26375,44.047185,44.442195,0.08839218140000327,0.08686643465000188,0.1029959338500035
a100,c0082,resources,2,4194304,LL,LL,8,8,16,16,0,16,20,100,0,True,,41.943039999999996,205237,2,135.77216148349999,135.73632240275,135.80800056425,135.88711,135.82947,135.94475,0.11494851649999305,0.09314759724999533,0.13674943574999077
a100,c0082,resources,2,4194304,LL,LL,8,8,16,16,0,16,20,100,0,True,,41.943039999999996,205466,3,135.567359924,135.541758537,135.567359924,135.656,135.62428,135.67758500000002,0.08864007600001855,0.08252146300000618,0.1102250760000203
a100,c0083,resources,2,262144,LL,LL,8,8,32,32,0,16,20,100,0,True,,2.6214399999999998,205237,3,18.7391996384,18.734079599399998,18.87744009495,18.80947,18.802705000000003,18.979950000000002,0.07027036160000222,0.068625400600002,0.10250990505000068
a100,c0083,resources,2,262144,LL,LL,8,8,32,32,0,16,20,100,0,True,,2.6214399999999998,205466,2,18.88256013395,18.785280287275,18.979839980624998,18.98787,18.87733,19.09841,0.10530986605000159,0.09204971272500106,0.11857001937500211
a100,c0083,resources,2,1048576,LL,LL,8,8,32,32,0,16,20,100,0,True,,10.485759999999999,205237,3,44.4108819962,44.0934419632,44.5184016228,44.53348,44.194325,44.64845,0.1225980038000003,0.1008830367999991,0.1300483772000014
a100,c0083,resources,2,1048576,LL,LL,8,8,32,32,0,16,20,100,0,True,,10.485759999999999,205466,2,44.206080436700006,43.99104118345,44.421119689950004,44.313045,44.0819975,44.5440925,0.10696456329999648,0.09095631654999536,0.1229728100499976
a100,c0083,resources,2,4194304,LL,LL,8,8,32,32,0,16,20,100,0,True,,41.943039999999996,205237,3,135.608320236,135.5263996125,135.654401779,135.68756,135.60915999999997,135.73575,0.08345667800000456,0.08134822099999894,0.08486884449999366
a100,c0083,resources,2,4194304,LL,LL,8,8,32,32,0,16,20,100,0,True,,41.943039999999996,205466,2,135.608320236,135.592961311,135.62367916099998,135.69066,135.67343,135.70789000000002,0.08233976400001097,0.08046868900001414,0.08421083900000781
a100,c0084,resources,2,262144,LL,LL,24,22,0,108,0,16,20,100,0,False,channels_unrealized,2.6214399999999998,205237,3,17.8483200073,17.817599773399998,17.86880016325,17.91946,17.892505,17.945909999999998,0.0786704604999997,0.07490522660000032,0.08087507064999855
a100,c0084,resources,2,262144,LL,LL,24,22,0,108,0,16,20,100,0,False,channels_unrealized,2.6214399999999998,205466,2,18.10943961145,17.948159575475,18.270719647425,18.228555,18.049657500000002,18.407452499999998,0.11911538855000003,0.10149792452500073,0.13673285257499934
a100,c0084,resources,2,1048576,LL,LL,24,24,0,108,0,16,20,100,0,True,,10.485759999999999,205237,3,38.6048007011,38.159360885599995,38.6457598209,38.73921,38.264849999999996,38.78605,0.1344092989000032,0.10548911440000097,0.14029017910000263
a100,c0084,resources,2,1048576,LL,LL,24,24,0,108,0,16,20,100,0,True,,10.485759999999999,205466,2,37.8828799725,37.8444796801,37.9212802649,37.966415,37.9267875,38.0060425,0.08353502750000175,0.08230781990000047,0.08476223510000302
a100,c0084,resources,2,4194304,LL,LL,24,24,0,108,0,16,20,100,0,True,,41.943039999999996,205237,3,111.390724182,111.390724182,111.59552097299999,111.47636,111.47191000000001,111.70727,0.08563581800000009,0.08118581800000158,0.11174902700000189
a100,c0084,resources,2,4194304,LL,LL,24,24,0,108,0,16,20,100,0,True,,41.943039999999996,205466,2,111.3804769515,111.33439779275,111.42655611025,111.49456,111.435525,111.553595,0.1140830484999995,0.10112720724999846,0.12703888975000055
a100,c0085,resources,2,262144,LL,LL,24,22,8,8,0,16,20,100,0,False,channels_unrealized,2.6214399999999998,205466,5,29.9519991875,29.9110388756,30.412800312,30.03011,29.99814,30.5445,0.08710112440000017,0.0800891300999993,0.13169968799999765
a100,c0085,resources,2,1048576,LL,LL,24,24,8,8,0,16,20,100,0,True,,10.485759999999999,205466,5,52.5721597672,52.2854423523,52.5824022293,52.6445,52.35606,52.66396,0.0815577707000017,0.07234023280000201,0.08730827149999953
a100,c0085,resources,2,4194304,LL,LL,24,24,8,8,0,16,20,100,0,True,,41.943039999999996,205466,5,144.076795578,143.923196793,144.209918976,144.19272,144.00618,144.30326,0.08609890699997891,0.08309856200000354,0.11592442200000619
a100,c0086,resources,2,262144,LL,LL,24,22,16,16,0,16,20,100,0,False,channels_unrealized,2.6214399999999998,205237,1,23.0195188522,23.0195188522,23.0195188522,23.09363,23.09363,23.09363,0.07411114780000005,0.07411114780000005,0.07411114780000005
a100,c0086,resources,2,262144,LL,LL,24,22,16,16,0,16,20,100,0,False,channels_unrealized,2.6214399999999998,205466,4,23.2652795315,23.027199506775,23.518720269225,23.372770000000003,23.0978125,23.662205,0.10572404250000034,0.07471699607500071,0.13761430192500068
a100,c0086,resources,2,1048576,LL,LL,24,24,16,16,0,16,20,100,0,True,,10.485759999999999,205237,1,43.7555217743,43.7555217743,43.7555217743,43.88233,43.88233,43.88233,0.12680822570000316,0.12680822570000316,0.12680822570000316
a100,c0086,resources,2,1048576,LL,LL,24,24,16,16,0,16,20,100,0,True,,10.485759999999999,205466,4,43.2383990288,43.2153606415,43.253757953675,43.325495000000004,43.2999975,43.339372499999996,0.08559696834999997,0.08238835422500124,0.08636404774999917
a100,c0086,resources,2,4194304,LL,LL,24,24,16,16,0,16,20,100,0,True,,41.943039999999996,205237,1,123.156480789,123.156480789,123.156480789,123.23113,123.23113,123.23113,0.07464921099999344,0.07464921099999344,0.07464921099999344
a100,c0086,resources,2,4194304,LL,LL,24,24,16,16,0,16,20,100,0,True,,41.943039999999996,205466,4,123.40735912299999,123.3484792705,123.4867191315,123.540775,123.4579875,123.6182025,0.10281933400000298,0.08366205949999639,0.1267329955000065
a100,c0087,resources,2,262144,LL,LL,24,22,32,32,0,16,20,100,0,False,channels_unrealized,2.6214399999999998,205237,2,17.873919606199998,17.82527953385,17.922559678549998,17.950265,17.9021475,17.9983825,0.07634539380000227,0.07582282145000274,0.0768679661500018
a100,c0087,resources,2,262144,LL,LL,24,22,32,32,0,16,20,100,0,False,channels_unrealized,2.6214399999999998,205466,3,18.0428802967,17.95584023,18.0428802967,18.12095,18.03333,18.125355,0.07806970329999885,0.0774897699999979,0.08247470329999906
a100,c0087,resources,2,1048576,LL,LL,24,24,32,32,0,16,20,100,0,True,,10.485759999999999,205237,2,38.722560405699994,38.479360342,38.965760469399996,38.83293,38.573404999999994,39.092455,0.11036959429999982,0.09404465799999961,0.12669453060000002
a100,c0087,resources,2,1048576,LL,LL,24,24,32,32,0,16,20,100,0,True,,10.485759999999999,205466,3,38.7993597984,38.40000033375,38.8454401493,38.93387,38.504895000000005,38.98001,0.13451020160000127,0.10489466625000077,0.13456985070000016
a100,c0087,resources,2,4194304,LL,LL,24,24,32,32,0,16,20,100,0,True,,41.943039999999996,205237,2,113.71520042399999,113.62815856899999,113.802242279,113.814775,113.71839250000001,113.9111575,0.09957457600000907,0.09023393100000732,0.10891522100001083
a100,c0087,resources,2,4194304,LL,LL,24,24,32,32,0,16,20,100,0,True,,41.943039999999996,205466,3,112.988157272,112.773118019,113.2134389875,113.06362,112.862135,113.291965,0.08158929699999362,0.07852601249999935,0.0920802655000017
a100,c0088,resources,2,262144,LL,LL,32,32,0,108,0,16,20,100,0,True,,2.6214399999999998,205237,1,16.9164800644,16.9164800644,16.9164800644,16.99817,16.99817,16.99817,0.08168993559999649,0.08168993559999649,0.08168993559999649
a100,c0088,resources,2,262144,LL,LL,32,32,0,108,0,16,20,100,0,True,,2.6214399999999998,205466,4,17.203199863450003,16.901119947450002,17.543679773825,17.328265000000002,16.979422500000002,17.705965,0.11017491389999812,0.0783025525499994,0.14739500352499757
a100,c0088,resources,2,1048576,LL,LL,32,32,0,108,0,16,20,100,0,True,,10.485759999999999,205237,1,37.3657608032,37.3657608032,37.3657608032,37.50613,37.50613,37.50613,0.14036919680000182,0.14036919680000182,0.14036919680000182
a100,c0088,resources,2,1048576,LL,LL,32,32,0,108,0,16,20,100,0,True,,10.485759999999999,205466,4,36.505600214,36.462081074725,36.666879653900004,36.759635,36.586502499999995,36.9760975,0.1054699479999961,0.07834286257499556,0.20673157079999704
a100,c0088,resources,2,4194304,LL,LL,32,32,0,108,0,16,20,100,0,True,,41.943039999999996,205237,1,110.520324707,110.520324707,110.520324707,110.60439,110.60439,110.60439,0.08406529299999477,0.08406529299999477,0.08406529299999477
a100,c0088,resources,2,4194304,LL,LL,32,32,0,108,0,16,20,100,0,True,,41.943039999999996,205466,4,110.5817604065,110.499842167,110.673918724,110.66724500000001,110.5875375,110.770725,0.0899397495000045,0.08549301274999976,0.10346375225000415
a100,c0089,resources,2,262144,LL,LL,32,32,8,8,0,16,20,100,0,True,,2.6214399999999998,205466,5,32.7577590942,32.1331191063,32.7782392502,32.88321,32.21364,32.90885,0.12545090580000107,0.08454944520000396,0.13061074979999887
a100,c0089,resources,2,1048576,LL,LL,32,32,8,8,0,16,20,100,0,True,,10.485759999999999,205466,5,54.0467214584,53.9852809906,54.2105579376,54.12898,54.06986,54.34549,0.08457900939999519,0.08225854159999813,0.13493206239999722
a100,c0089,resources,2,4194304,LL,LL,32,32,8,8,0,16,20,100,0,True,,41.943039999999996,205466,5,142.88895607,142.817277908,142.909440994,142.97441,142.90033,142.99384,0.08305209200000263,0.0799838970000053,0.08439900600001238
a100,c0090,resources,2,262144,LL,LL,32,32,16,16,0,16,20,100,0,True,,2.6214399999999998,205237,1,21.299200058,21.299200058,21.299200058,21.37462,21.37462,21.37462,0.0754199419999999,0.0754199419999999,0.0754199419999999
a100,c0090,resources,2,262144,LL,LL,32,32,16,16,0,16,20,100,0,True,,2.6214399999999998,205466,4,21.34016036985,21.268480420099998,21.455360651,21.41795,21.34769,21.549855,0.08023937370000134,0.07798470812500113,0.09816896432500144
a100,c0090,resources,2,1048576,LL,LL,32,32,16,16,0,16,20,100,0,True,,10.485759999999999,205237,1,40.7244777679,40.7244777679,40.7244777679,40.8087,40.8087,40.8087,0.08422223210000368,0.08422223210000368,0.08422223210000368
a100,c0090,resources,2,1048576,LL,LL,32,32,16,16,0,16,20,100,0,True,,10.485759999999999,205466,4,41.05216026305,40.90368151665,41.25951886175,41.15732,40.978905,41.3982275,0.10716997084999846,0.0772337172499995,0.13870863824999802
a100,c0090,resources,2,4194304,LL,LL,32,32,16,16,0,16,20,100,0,True,,41.943039999999996,205237,1,115.916795731,115.916795731,115.916795731,116.06251,116.06251,116.06251,0.14571426900000972,0.14571426900000972,0.14571426900000972
a100,c0090,resources,2,4194304,LL,LL,32,32,16,16,0,16,20,100,0,True,,41.943039999999996,205466,4,115.5020809175,115.425281525,115.59423923475,115.58704,115.5159725,115.6884675,0.08879378700000018,0.08308205874999786,0.10567188599999966
a100,c0091,resources,2,262144,LL,LL,32,32,32,32,0,16,20,100,0,True,,2.6214399999999998,205237,1,17.2441601753,17.2441601753,17.2441601753,17.31599,17.31599,17.31599,0.07182982469999999,0.07182982469999999,0.07182982469999999
a100,c0091,resources,2,262144,LL,LL,32,32,32,32,0,16,20,100,0,True,,2.6214399999999998,205466,4,17.23392009735,17.200640141975,17.374720275374997,17.310885,17.2752925,17.471015,0.07970965750000047,0.0773971128750004,0.09629472462500033
a100,c0091,resources,2,1048576,LL,LL,32,32,32,32,0,16,20,100,0,True,,10.485759999999999,205237,1,37.5910401344,37.5910401344,37.5910401344,37.73787,37.73787,37.73787,0.14682986560000444,0.14682986560000444,0.14682986560000444
a100,c0091,resources,2,1048576,LL,LL,32,32,32,32,0,16,20,100,0,True,,10.485759999999999,205466,4,37.2992002964,36.85631990435,37.6704007387,37.416755,36.9389325,37.8252925,0.12234460309999662,0.08783761215000041,0.1544566442999944
a100,c0091,resources,2,4194304,LL,LL,32,32,32,32,0,16,20,100,0,True,,41.943039999999996,205237,1,111.001596451,111.001596451,111.001596451,111.09223,111.09223,111.09223,0.0906335490000032,0.0906335490000032,0.0906335490000032
a100,c0091,resources,2,4194304,LL,LL,32,32,32,32,0,16,20,100,0,True,,41.943039999999996,205466,4,111.06304168700001,111.0502386095,111.078402996,111.15374,111.1327,111.1807925,0.08558185000000407,0.0799905410000008,0.09974389050000454
a100,c0092,resources,2,262144,LL128,LL128,8,8,0,108,0,20,20,100,0,True,,2.6214399999999998,205237,1,28.4774398804,28.4774398804,28.4774398804,28.56498,28.56498,28.56498,0.08754011959999985,0.08754011959999985,0.08754011959999985
a100,c0092,resources,2,262144,LL128,LL128,8,8,0,108,0,20,20,100,0,True,,2.6214399999999998,205466,4,28.55936050415,28.472319841374997,28.689920902275002,28.634410000000003,28.5519025,28.7794175,0.08467488570000015,0.07518926192499986,0.10351538427500095
a100,c0092,resources,2,1048576,LL128,LL128,8,8,0,108,0,20,20,100,0,True,,10.485759999999999,205237,1,42.9055976868,42.9055976868,42.9055976868,43.04511,43.04511,43.04511,0.1395123132000009,0.1395123132000009,0.1395123132000009
a100,c0092,resources,2,1048576,LL128,LL128,8,8,0,108,0,20,20,100,0,True,,10.485759999999999,205466,4,42.239999771149996,42.1555197239,42.42944002155,42.310784999999996,42.223864999999996,42.5253025,0.0792943876499983,0.07413249492499929,0.09858441842499843
a100,c0092,resources,2,4194304,LL128,LL128,8,8,0,108,0,20,20,100,0,True,,41.943039999999996,205237,1,92.7539157867,92.7539157867,92.7539157867,92.8281,92.8281,92.8281,0.07418421330000058,0.07418421330000058,0.07418421330000058
a100,c0092,resources,2,4194304,LL128,LL128,8,8,0,108,0,20,20,100,0,True,,41.943039999999996,205466,4,92.9996776581,92.907516956325,93.107199668925,93.11149499999999,92.9924425,93.2448,0.11181734190000014,0.08492554367500205,0.13760033107499936
a100,c0093,resources,2,262144,LL128,LL128,8,8,8,8,0,20,20,100,0,True,,2.6214399999999998,205466,5,29.1123199463,28.9894390106,29.1942405701,29.2434,29.10943,29.32535,0.12675919600000185,0.11999098939999797,0.13108005369999987
a100,c0093,resources,2,1048576,LL128,LL128,8,8,8,8,0,20,20,100,0,True,,10.485759999999999,205466,5,42.9465579987,42.7929592133,43.0489587784,43.03418,42.87507,43.13871,0.08762200129999798,0.0821107866999995,0.08975122160000382
a100,c0093,resources,2,4194304,LL128,LL128,8,8,8,8,0,20,20,100,0,True,,41.943039999999996,205466,5,93.6243152618,93.3478355408,93.685760498,93.70399,93.42936,93.76601,0.08152445919999707,0.08024950200000092,0.08260672790000001
a100,c0094,resources,2,262144,LL128,LL128,8,8,16,16,0,20,20,100,0,True,,2.6214399999999998,205237,2,29.3785595894,29.25055980685,29.50655937195,29.48355,29.34383,29.623269999999998,0.10499041059999925,0.09327019314999951,0.11671062804999899
a100,c0094,resources,2,262144,LL128,LL128,8,8,16,16,0,20,20,100,0,True,,2.6214399999999998,205466,3,29.1328001022,29.12256002425,29.4092798233,29.21022,29.19895,29.51626,0.0774198977999987,0.07638997574999884,0.10698017669999871
a100,c0094,resources,2,1048576,LL128,LL128,8,8,16,16,0,20,20,100,0,True,,10.485759999999999,205237,2,43.05919885635,42.982398271575,43.135999441125,43.171095,43.0794975,43.2626925,0.11189614365000011,0.09709922842500163,0.1266930588749986
a100,c0094,resources,2,1048576,LL128,LL128,8,8,16,16,0,20,20,100,0,True,,10.485759999999999,205466,3,42.9670381546,42.941439151750004,42.972159385699996,43.04902,43.023615,43.052025,0.08198184540000142,0.07986561430000094,0.08217584824999946
a100,c0094,resources,2,4194304,LL128,LL128,8,8,16,16,0,20,20,100,0,True,,41.943039999999996,205237,2,93.6550426483,93.63456249235,93.67552280425001,93.7332,93.712085,93.75431499999999,0.07815735169999272,0.07752250764999147,0.07879219574999397
a100,c0094,resources,2,4194304,LL128,LL128,8,8,16,16,0,20,20,100,0,True,,41.943039999999996,205466,3,93.8393592834,93.67551803584999,93.8803195953,93.97642,93.78099,94.00892999999999,0.12016009279999196,0.09702165224999959,0.12861040469999807
a100,c0095,resources,2,262144,LL128,LL128,8,8,32,32,0,20,20,100,0,True,,2.6214399999999998,205237,2,29.40415978435,29.283840060275,29.524479508425,29.513910000000003,29.37735,29.650470000000002,0.10975021565000098,0.0935099397250001,0.12599049157500186
a100,c0095,resources,2,262144,LL128,LL128,8,8,32,32,0,20,20,100,0,True,,2.6214399999999998,205466,3,29.9110388756,29.6447992325,29.962239265450002,30.06237,29.758535000000002,30.11467,0.15133112440000218,0.11373576750000147,0.15243073455000022
a100,c0095,resources,2,1048576,LL128,LL128,8,8,32,32,0,20,20,100,0,True,,10.485759999999999,205237,2,43.2793593407,43.1129586697,43.4457600117,43.394935000000004,43.2121575,43.5777125,0.11557565929999924,0.09919883030000065,0.13195248829999784
a100,c0095,resources,2,1048576,LL128,LL128,8,8,32,32,0,20,20,100,0,True,,10.485759999999999,205466,3,42.9568004608,42.87487983705,43.315200805649994,43.0386,42.958895,43.42514,0.08623078669999984,0.08401516295000278,0.11215481810000227
a100,c0095,resources,2,4194304,LL128,LL128,8,8,32,32,0,20,20,100,0,True,,41.943039999999996,205237,2,93.57311725615,93.506557941425,93.639676570875,93.653855,93.5876525,93.7200575,0.08073774385000121,0.08038092912500261,0.08109455857499981
a100,c0095,resources,2,4194304,LL128,LL128,8,8,32,32,0,20,20,100,0,True,,41.943039999999996,205466,3,93.7881565094,93.75743865965,93.83935928345,93.87352,93.84191,93.92517000000001,0.08536349060000248,0.08447134034999948,0.08581071655000017
a100,c0096,resources,2,262144,LL128,LL128,24,16,0,108,0,20,20,100,0,False,channels_unrealized,2.6214399999999998,205237,1,28.5696005821,28.5696005821,28.5696005821,28.70636,28.70636,28.70636,0.13675941789999868,0.13675941789999868,0.13675941789999868
a100,c0096,resources,2,262144,LL128,LL128,24,16,0,108,0,20,20,100,0,False,channels_unrealized,2.6214399999999998,205466,4,28.0524790287,27.991039156925,28.09855937955,28.13485,28.0698775,28.1855225,0.08449001314999904,0.08229269682500018,0.08562780854999819
a100,c0096,resources,2,1048576,LL128,LL128,24,22,0,108,0,20,20,100,0,False,channels_unrealized,10.485759999999999,205237,1,37.4783992767,37.4783992767,37.4783992767,37.56575,37.56575,37.56575,0.08735072329999838,0.08735072329999838,0.08735072329999838
a100,c0096,resources,2,1048576,LL128,LL128,24,22,0,108,0,20,20,100,0,False,channels_unrealized,10.485759999999999,205466,4,37.6012802124,37.593600153924996,37.7497601509,37.670245,37.660575,37.8328575,0.07259490455000162,0.07060496302500141,0.08309734910000266
a100,c0096,resources,2,4194304,LL128,LL128,24,24,0,108,0,20,20,100,0,True,,41.943039999999996,205237,1,82.2067165375,82.2067165375,82.2067165375,82.28629,82.28629,82.28629,0.07957346249999375,0.07957346249999375,0.07957346249999375
a100,c0096,resources,2,4194304,LL128,LL128,24,24,0,108,0,20,20,100,0,True,,41.943039999999996,205466,4,82.60096073155,82.48320102695,82.726399898575,82.71058500000001,82.618,82.821735,0.13139534360000482,0.1170620106250091,0.1348431390000009
a100,c0097,resources,2,262144,LL128,LL128,24,16,8,8,0,20,20,100,0,False,channels_unrealized,2.6214399999999998,205237,1,47.5443220139,47.5443220139,47.5443220139,47.62165,47.62165,47.62165,0.07732798610000202,0.07732798610000202,0.07732798610000202
a100,c0097,resources,2,262144,LL128,LL128,24,16,8,8,0,20,20,100,0,False,channels_unrealized,2.6214399999999998,205466,4,47.534081935900005,47.518721818925,47.55456209185,47.611464999999995,47.59646,47.636385,0.08292783019999916,0.07905052509999777,0.08605533022500111
a100,c0097,resources,2,1048576,LL128,LL128,24,22,8,8,0,20,20,100,0,False,channels_unrealized,10.485759999999999,205237,1,77.6499223709,77.6499223709,77.6499223709,77.73091,77.73091,77.73091,0.0809876290999938,0.0809876290999938,0.0809876290999938
a100,c0097,resources,2,1048576,LL128,LL128,24,22,8,8,0,20,20,100,0,False,channels_unrealized,10.485759999999999,205466,4,78.0134391785,77.96992063525,78.09279918672499,78.118585,78.04807500000001,78.21204,0.08428396665000548,0.0781543647499987,0.09837895842500899
a100,c0097,resources,2,4194304,LL128,LL128,24,24,8,8,0,20,20,100,0,True,,41.943039999999996,205237,1,130.467844009,130.467844009,130.467844009,130.5679,130.5679,130.5679,0.10005599100000495,0.10005599100000495,0.10005599100000495
a100,c0097,resources,2,4194304,LL128,LL128,24,24,8,8,0,20,20,100,0,True,,41.943039999999996,205466,4,130.6879997255,130.63935995125001,130.78271865825002,130.82332,130.7674625,130.9081325,0.12474648949999789,0.11224187124999929,0.1307007342499915
a100,c0098,resources,2,262144,LL128,LL128,24,16,16,16,0,20,20,100,0,False,channels_unrealized,2.6214399999999998,205237,1,27.9449605942,27.9449605942,27.9449605942,28.03066,28.03066,28.03066,0.0856994057999998,0.0856994057999998,0.0856994057999998
a100,c0098,resources,2,262144,LL128,LL128,24,16,16,16,0,20,20,100,0,False,channels_unrealized,2.6214399999999998,205466,4,27.970559596999998,27.819519639,28.175359368324997,28.045325,27.8945625,28.263095,0.07575090979999999,0.07487305070000083,0.08889094877499915
a100,c0098,resources,2,1048576,LL128,LL128,24,22,16,16,0,20,20,100,0,False,channels_unrealized,10.485759999999999,205237,1,57.0572805405,57.0572805405,57.0572805405,57.1448,57.1448,57.1448,0.08751945949999396,0.08751945949999396,0.08751945949999396
a100,c0098,resources,2,1048576,LL128,LL128,24,22,16,16,0,20,20,100,0,False,channels_unrealized,10.485759999999999,205466,4,57.5078392029,57.3900794983,57.551360130325,57.643305,57.5158075,57.684087500000004,0.1336242541499999,0.12027503384999783,0.13633879457500164
a100,c0098,resources,2,4194304,LL128,LL128,24,24,16,16,0,20,20,100,0,True,,41.943039999999996,205237,1,102.15423584,102.15423584,102.15423584,102.27515,102.27515,102.27515,0.1209141599999981,0.1209141599999981,0.1209141599999981
a100,c0098,resources,2,4194304,LL128,LL128,24,24,16,16,0,20,20,100,0,True,,41.943039999999996,205466,4,102.3487997055,102.2592020035,102.405116558,102.43397,102.35233500000001,102.4818375,0.08419699350000087,0.07951332400000055,0.08936731350000215
a100,c0099,resources,2,262144,LL128,LL128,24,16,32,32,0,20,20,100,0,False,channels_unrealized,2.6214399999999998,205237,3,28.0780792236,27.975679636000002,28.22143912315,28.15761,28.054605,28.330835,0.07953077639999862,0.07892536399999805,0.10939587684999807
a100,c0099,resources,2,262144,LL128,LL128,24,16,32,32,0,20,20,100,0,False,channels_unrealized,2.6214399999999998,205466,2,28.1907200813,28.0422401428,28.3392000198,28.299825,28.1374375,28.4622125,0.10910491869999994,0.09519735719999911,0.12301248020000077
a100,c0099,resources,2,1048576,LL128,LL128,24,22,32,32,0,20,20,100,0,False,channels_unrealized,10.485759999999999,205237,3,38.5740804672,38.19007992745,38.609920740099994,38.70604,38.300160000000005,38.745715000000004,0.1319595328000034,0.11008007255000152,0.1357942599000026
a100,c0099,resources,2,1048576,LL128,LL128,24,22,32,32,0,20,20,100,0,False,channels_unrealized,10.485759999999999,205466,2,37.8316795826,37.78303921225,37.880319952949996,37.908045,37.8587725,37.9573175,0.07636541740000169,0.07573328774999943,0.07699754705000394
a100,c0099,resources,2,4194304,LL128,LL128,24,24,32,32,0,20,20,100,0,True,,41.943039999999996,205237,3,83.6198425293,83.56863975525,83.94239902494999,83.6982,83.65372500000001,84.020175,0.07835747069999854,0.07777597505000244,0.08508524474999746
a100,c0099,resources,2,4194304,LL128,LL128,24,24,32,32,0,20,20,100,0,True,,41.943039999999996,205466,2,84.30079936985,84.175360202825,84.42623853687499,84.40892,84.273435,84.544405,0.10812063015000462,0.09807479717500556,0.11816646312500367
a100,c0100,resources,2,262144,LL128,LL128,32,16,0,108,0,20,20,100,0,False,channels_unrealized,2.6214399999999998,205237,2,28.0780804157,28.042240738849998,28.11392009255,28.157850000000003,28.122305,28.193395000000002,0.0797695843000028,0.07947490745000252,0.08006426115000309
a100,c0100,resources,2,262144,LL128,LL128,32,16,0,108,0,20,20,100,0,False,channels_unrealized,2.6214399999999998,205466,3,28.0780792236,28.0063998699,28.1190395355,28.15509,28.08791,28.197425000000003,0.07976015259999869,0.07838546450000017,0.08288481820000015
a100,c0100,resources,2,1048576,LL128,LL128,32,32,0,108,0,20,20,100,0,True,,10.485759999999999,205237,2,38.563840389250004,38.548480272275,38.579200506225,38.69386,38.681615,38.706105,0.13001961075000068,0.12690449377499924,0.13313472772500212
a100,c0100,resources,2,1048576,LL128,LL128,32,32,0,108,0,20,20,100,0,True,,10.485759999999999,205466,3,38.2259202003,38.1695997715,38.36928009985,38.35916,38.2731,38.510360000000006,0.1332397997000001,0.10350022850000329,0.14107990015000027
a100,c0100,resources,2,4194304,LL128,LL128,32,32,0,108,0,20,20,100,0,True,,41.943039999999996,205237,2,81.6588783264,81.50271892545,81.81503772735,81.73781500000001,81.5780625,81.89756750000001,0.07893667360000478,0.07534357455000773,0.08252977265000183
a100,c0100,resources,2,4194304,LL128,LL128,32,32,0,108,0,20,20,100,0,True,,41.943039999999996,205466,3,81.9916820526,81.86367988584999,82.1043205261,82.06815,81.94747000000001,82.211885,0.09111228090000623,0.08379011415000548,0.1148866406500062
a100,c0101,resources,2,262144,LL128,LL128,32,16,8,8,0,20,20,100,0,False,channels_unrealized,2.6214399999999998,205466,5,47.5443220139,47.5135993958,47.5443220139,47.62724,47.59769,47.63275,0.08409060420000003,0.08291798610000001,0.08842798610000102
a100,c0101,resources,2,1048576,LL128,LL128,32,32,8,8,0,20,20,100,0,True,,10.485759999999999,205466,5,94.9452781677,94.8428821564,95.1705646515,95.06212,94.91332,95.30869,0.1168418322999969,0.08681065060000037,0.13812534849999736
a100,c0101,resources,2,4194304,LL128,LL128,32,32,8,8,0,20,20,100,0,True,,41.943039999999996,205466,5,146.094083786,145.82783699,146.216964722,146.20863,145.9285,146.2887,0.07747742899999821,0.07711301000000503,0.11454621400000065
a100,c0102,resources,2,262144,LL128,LL128,32,16,16,16,0,20,20,100,0,False,channels_unrealized,2.6214399999999998,205237,2,27.893760204350002,27.883520126375,27.904000282325,27.9774,27.96961,27.98519,0.08363979564999902,0.0811897176749996,0.08608987362499843
a100,c0102,resources,2,262144,LL128,LL128,32,16,16,16,0,20,20,100,0,False,channels_unrealized,2.6214399999999998,205466,3,28.5593605042,28.497920036350003,28.61567974095,28.69934,28.63597,28.75575,0.1399794957999987,0.13804996364999944,0.14007025904999892
a100,c0102,resources,2,1048576,LL128,LL128,32,32,16,16,0,20,20,100,0,True,,10.485759999999999,205237,2,54.261758327449996,54.236158132525,54.287358522375,54.344155,54.3195325,54.3687775,0.08239667255000072,0.08141897762500072,0.08337436747500071
a100,c0102,resources,2,1048576,LL128,LL128,32,32,16,16,0,20,20,100,0,True,,10.485759999999999,205466,3,54.3232011795,54.3180799484,54.34368133545,54.41924,54.40616,54.433815,0.08422850860000608,0.08217489565000236,0.09013366455000238
a100,c0102,resources,2,4194304,LL128,LL128,32,32,16,16,0,20,20,100,0,True,,41.943039999999996,205237,2,98.222079277,98.16064119335,98.28351736065,98.36753999999999,98.30349,98.43159,0.14546072299999935,0.14284880665000088,0.14807263934999781
a100,c0102,resources,2,4194304,LL128,LL128,32,32,16,16,0,20,20,100,0,True,,41.943039999999996,205466,3,98.0582427979,98.03776264195,98.2784032822,98.13924,98.1181,98.365275,0.08099720210000783,0.0803373580500022,0.08687171780000114
a100,c0103,resources,2,262144,LL128,LL128,32,16,32,32,0,20,20,100,0,False,channels_unrealized,2.6214399999999998,205237,1,28.0371189117,28.0371189117,28.0371189117,28.11923,28.11923,28.11923,0.08211108830000313,0.08211108830000313,0.08211108830000313
a100,c0103,resources,2,262144,LL128,LL128,32,16,32,32,0,20,20,100,0,False,channels_unrealized,2.6214399999999998,205466,4,27.837439775500002,27.747839689275,28.042240142849998,27.92279,27.826729999999998,28.142265000000002,0.08564922735000025,0.07918931357499925,0.10002485715000109
a100,c0103,resources,2,1048576,LL128,LL128,32,32,32,32,0,20,20,100,0,True,,10.485759999999999,205237,1,37.7343988419,37.7343988419,37.7343988419,37.81332,37.81332,37.81332,0.07892115809999467,0.07892115809999467,0.07892115809999467
a100,c0103,resources,2,1048576,LL128,LL128,32,32,32,32,0,20,20,100,0,True,,10.485759999999999,205466,4,38.138880729700006,37.903360128425,38.392320871375006,38.24916,37.9922075,38.5217875,0.10751448774999872,0.08884737157499778,0.12670184607499912
a100,c0103,resources,2,4194304,LL128,LL128,32,32,32,32,0,20,20,100,0,True,,41.943039999999996,205237,1,83.5481643677,83.5481643677,83.5481643677,83.67715,83.67715,83.67715,0.12898563230000093,0.12898563230000093,0.12898563230000093
a100,c0103,resources,2,4194304,LL128,LL128,32,32,32,32,0,20,20,100,0,True,,41.943039999999996,205466,4,83.29216003415,83.17696332930001,83.417596817,83.36940999999999,83.24928,83.51433499999999,0.08371135284999554,0.07877805769999213,0.09673818299999937
a100,c0104,resources,2,262144,SIMPLE,SIMPLE,8,8,0,108,0,17,20,100,0,True,,2.6214399999999998,205466,5,41.5027189255,40.5811214447,41.5641593933,41.63469,40.66252,41.68538,0.11875041779999407,0.08139855529999807,0.12122060669999968
a100,c0104,resources,2,1048576,SIMPLE,SIMPLE,8,8,0,108,0,17,20,100,0,True,,10.485759999999999,205466,5,52.019200325,51.8656015396,52.019200325,52.09345,51.94216,52.10067,0.07955924009999649,0.07655846040000114,0.08146967500000102
a100,c0104,resources,2,4194304,SIMPLE,SIMPLE,8,8,0,108,0,17,20,100,0,True,,41.943039999999996,205466,5,97.7612781525,97.7100753784,97.9456043243,97.84438,97.79628,98.08024,0.08620462159998965,0.0831018475000036,0.10945997620000014
a100,c0105,resources,2,262144,SIMPLE,SIMPLE,8,8,8,8,0,17,20,100,0,True,,2.6214399999999998,205237,2,40.68351984025,40.437759161025,40.929280519475,40.78686,40.530815,41.042905,0.10334015974999744,0.09305583897499758,0.1136244805249973
a100,c0105,resources,2,262144,SIMPLE,SIMPLE,8,8,8,8,0,17,20,100,0,True,,2.6214399999999998,205466,3,41.2057590485,40.632319450400004,41.379840374,41.32808,40.732935,41.512789999999995,0.12232095150000077,0.10061554960000052,0.1329496259999985
a100,c0105,resources,2,1048576,SIMPLE,SIMPLE,8,8,8,8,0,17,20,100,0,True,,10.485759999999999,205237,2,52.41856098175,52.080640792824994,52.756481170675,52.530550000000005,52.17664,52.884460000000004,0.11198901825000362,0.09599920717500332,0.12797882932500393
a100,c0105,resources,2,1048576,SIMPLE,SIMPLE,8,8,8,8,0,17,20,100,0,True,,10.485759999999999,205466,3,52.019200325,51.901440620399995,52.4288010597,52.09245,51.977475,52.52438,0.07881908419999917,0.07603437959999937,0.09836364490000093
a100,c0105,resources,2,4194304,SIMPLE,SIMPLE,8,8,8,8,0,17,20,100,0,True,,41.943039999999996,205237,2,97.73568153385,97.61536121372501,97.856001853975,97.80927,97.68600500000001,97.932535,0.07358846614999948,0.07064378627499934,0.07653314602499961
a100,c0105,resources,2,4194304,SIMPLE,SIMPLE,8,8,8,8,0,17,20,100,0,True,,41.943039999999996,205466,3,97.9251194,97.80735969540001,98.13503742214999,98.00679,97.886955,98.216445,0.081144555700007,0.07933228245000379,0.08140757785000119
a100,c0106,resources,2,262144,SIMPLE,SIMPLE,8,8,16,16,0,17,20,100,0,True,,2.6214399999999998,205237,2,41.35423898695,41.320959329575004,41.387518644325,41.431349999999995,41.39781,41.46489,0.07711101304999701,0.0768506704249976,0.07737135567499642
a100,c0106,resources,2,262144,SIMPLE,SIMPLE,8,8,16,16,0,17,20,100,0,True,,2.6214399999999998,205466,3,42.5164794922,41.9123196602,42.60351896285,42.66126,42.024784999999994,42.74312,0.13442156649999504,0.10728586914999738,0.1396010371499976
a100,c0106,resources,2,1048576,SIMPLE,SIMPLE,8,8,16,16,0,17,20,100,0,True,,10.485759999999999,205237,2,53.678081035649996,53.652480840725,53.703681230575,53.8005,53.774525,53.826475,0.12241896435000044,0.12204415927500101,0.12279376942499987
a100,c0106,resources,2,1048576,SIMPLE,SIMPLE,8,8,16,16,0,17,20,100,0,True,,10.485759999999999,205466,3,52.5004816055,52.48512029645,52.53120183945,52.57488,52.561955,52.61085,0.07927101260000313,0.0768347035500021,0.0820844696000016
a100,c0106,resources,2,4194304,SIMPLE,SIMPLE,8,8,16,16,0,17,20,100,0,True,,41.943039999999996,205237,2,98.51904392245001,98.488323688525,98.549764156375,98.60726500000001,98.5768125,98.63771750000001,0.08822107755000275,0.08795334362500284,0.08848881147500265
a100,c0106,resources,2,4194304,SIMPLE,SIMPLE,8,8,16,16,0,17,20,100,0,True,,41.943039999999996,205466,3,98.3244800568,98.22207927705,98.51903915405,98.40185,98.302355,98.616315,0.08318150270000046,0.08027572294999885,0.100181625700003
a100,c0107,resources,2,262144,SIMPLE,SIMPLE,8,8,32,32,0,17,20,100,0,True,,2.6214399999999998,205237,1,42.3526382446,42.3526382446,42.3526382446,42.49325,42.49325,42.49325,0.14061175540000193,0.14061175540000193,0.14061175540000193
a100,c0107,resources,2,262144,SIMPLE,SIMPLE,8,8,32,32,0,17,20,100,0,True,,2.6214399999999998,205466,4,41.4463996887,41.372160911550004,41.794558763475,41.524770000000004,41.4510325,41.8875175,0.08523470400000122,0.07983577090000082,0.09885894677499962
a100,c0107,resources,2,1048576,SIMPLE,SIMPLE,8,8,32,32,0,17,20,100,0,True,,10.485759999999999,205237,1,52.4902391434,52.4902391434,52.4902391434,52.56507,52.56507,52.56507,0.074830856600002,0.074830856600002,0.074830856600002
a100,c0107,resources,2,1048576,SIMPLE,SIMPLE,8,8,32,32,0,17,20,100,0,True,,10.485759999999999,205466,4,53.0892801285,52.695038318625,53.486081361800004,53.19713,52.7790725,53.61907,0.10949502744999862,0.08567933732499888,0.13298863819999873
a100,c0107,resources,2,4194304,SIMPLE,SIMPLE,8,8,32,32,0,17,20,100,0,True,,41.943039999999996,205237,1,98.7340831757,98.7340831757,98.7340831757,98.81707,98.81707,98.81707,0.08298682430000781,0.08298682430000781,0.08298682430000781
a100,c0107,resources,2,4194304,SIMPLE,SIMPLE,8,8,32,32,0,17,20,100,0,True,,41.943039999999996,205466,4,98.72383594515,98.631677627575,98.775036335,98.80067,98.708235,98.8671525,0.07972037809999932,0.0776939768749969,0.0938658837999995
a100,c0108,resources,2,262144,SIMPLE,SIMPLE,24,16,0,108,0,17,20,100,0,False,channels_unrealized,2.6214399999999998,205466,5,41.2467193604,41.1647987366,41.3593578339,41.38089,41.29884,41.487,0.13404126340000033,0.1276421661000029,0.13417063960000064
a100,c0108,resources,2,1048576,SIMPLE,SIMPLE,24,22,0,108,0,17,20,100,0,False,channels_unrealized,10.485759999999999,205466,5,48.2099199295,48.1996822357,48.3020782471,48.29773,48.27981,48.38781,0.08573175290000279,0.08012776429999491,0.087810070499998
a100,c0108,resources,2,4194304,SIMPLE,SIMPLE,24,24,0,108,0,17,20,100,0,True,,41.943039999999996,205466,5,86.6816043854,86.5894412994,86.8659210205,86.75429,86.65701,86.94105,0.07512897950000763,0.07268561460000456,0.07730116269999598
a100,c0109,resources,2,262144,SIMPLE,SIMPLE,24,16,8,8,0,17,20,100,0,False,channels_unrealized,2.6214399999999998,205237,1,71.6902399063,71.6902399063,71.6902399063,71.82732,71.82732,71.82732,0.13708009370000696,0.13708009370000696,0.13708009370000696
a100,c0109,resources,2,262144,SIMPLE,SIMPLE,24,16,8,8,0,17,20,100,0,False,channels_unrealized,2.6214399999999998,205466,4,70.85055828095,70.80959916115,70.899199247375,70.930975,70.89264750000001,70.97663750000001,0.07998964675000053,0.07743825262500792,0.08262126654999591
a100,c0109,resources,2,1048576,SIMPLE,SIMPLE,24,22,8,8,0,17,20,100,0,False,channels_unrealized,10.485759999999999,205237,1,110.458879471,110.458879471,110.458879471,110.54258,110.54258,110.54258,0.08370052899999791,0.08370052899999791,0.08370052899999791
a100,c0109,resources,2,1048576,SIMPLE,SIMPLE,24,22,8,8,0,17,20,100,0,False,channels_unrealized,10.485759999999999,205466,4,110.5971193315,110.3948783875,110.8172822,110.71298999999999,110.47733,110.95769250000001,0.103775200500003,0.0824516124999981,0.12831483200000804
a100,c0109,resources,2,4194304,SIMPLE,SIMPLE,24,24,8,8,0,17,20,100,0,True,,41.943039999999996,205237,1,154.726400375,154.726400375,154.726400375,154.82047,154.82047,154.82047,0.09406962500000304,0.09406962500000304,0.09406962500000304
a100,c0109,resources,2,4194304,SIMPLE,SIMPLE,24,24,8,8,0,17,20,100,0,True,,41.943039999999996,205466,4,154.567680359,154.25536155675,154.86720085175,154.68151,154.3856625,154.95935250000002,0.11211345950000862,0.09215164825000954,0.12858476175000533
a100,c0110,resources,2,262144,SIMPLE,SIMPLE,24,16,16,16,0,17,20,100,0,False,channels_unrealized,2.6214399999999998,205466,5,40.1408004761,40.1305580139,40.2739191055,40.22907,40.20414,40.35912,0.08520089449999801,0.08112932299999898,0.08826952390000287
a100,c0110,resources,2,1048576,SIMPLE,SIMPLE,24,22,16,16,0,17,20,100,0,False,channels_unrealized,10.485759999999999,205466,5,80.1177597046,79.9232006073,80.5171203613,80.20255,80.00578,80.66325,0.08638095210000074,0.08479029539999772,0.12856393920000642
a100,c0110,resources,2,4194304,SIMPLE,SIMPLE,24,24,16,16,0,17,20,100,0,True,,41.943039999999996,205466,5,116.572160721,116.439037323,116.869115829,116.64814,116.52079,116.99311,0.08187115100000142,0.08175267700001143,0.12399417100000676
a100,c0111,resources,2,262144,SIMPLE,SIMPLE,24,16,32,32,0,17,20,100,0,False,channels_unrealized,2.6214399999999998,205237,1,41.2364816666,41.2364816666,41.2364816666,41.37589,41.37589,41.37589,0.1394083333999987,0.1394083333999987,0.1394083333999987
a100,c0111,resources,2,262144,SIMPLE,SIMPLE,24,16,32,32,0,17,20,100,0,False,channels_unrealized,2.6214399999999998,205466,4,39.9820804596,39.915519356749996,40.335361957525,40.059195,39.9941225,40.42415,0.0787853590999994,0.0777677339000018,0.09129427052499572
a100,c0111,resources,2,1048576,SIMPLE,SIMPLE,24,22,32,32,0,17,20,100,0,False,channels_unrealized,10.485759999999999,205237,1,48.8345623016,48.8345623016,48.8345623016,48.91832,48.91832,48.91832,0.08375769839999947,0.08375769839999947,0.08375769839999947
a100,c0111,resources,2,1048576,SIMPLE,SIMPLE,24,22,32,32,0,17,20,100,0,False,channels_unrealized,10.485759999999999,205466,4,49.51040029525,48.90367865565,50.1836812496,49.630915,48.9808825,50.340104999999994,0.10571107524999945,0.08004878285000139,0.1387751823999963
a100,c0111,resources,2,4194304,SIMPLE,SIMPLE,24,24,32,32,0,17,20,100,0,True,,41.943039999999996,205237,1,86.7635154724,86.7635154724,86.7635154724,86.84286,86.84286,86.84286,0.07934452759999999,0.07934452759999999,0.07934452759999999
a100,c0111,resources,2,4194304,SIMPLE,SIMPLE,24,24,32,32,0,17,20,100,0,True,,41.943039999999996,205466,4,87.13216304775,87.05024242397499,87.1577620506,87.22551,87.13408749999999,87.265655,0.08310925845000128,0.07954330140000465,0.10195703022499814
a100,c0112,resources,2,262144,SIMPLE,SIMPLE,32,16,0,108,0,17,20,100,0,False,channels_unrealized,2.6214399999999998,205237,1,39.7311997414,39.7311997414,39.7311997414,39.80596,39.80596,39.80596,0.07476025860000135,0.07476025860000135,0.07476025860000135
a100,c0112,resources,2,262144,SIMPLE,SIMPLE,32,16,0,108,0,17,20,100,0,False,channels_unrealized,2.6214399999999998,205466,4,39.874560833000004,39.831040501625,40.25856137275,39.951985,39.907605000000004,40.35103,0.07742416700000021,0.07564164752499813,0.0933914781000027
a100,c0112,resources,2,1048576,SIMPLE,SIMPLE,32,32,0,108,0,17,20,100,0,True,,10.485759999999999,205237,1,48.8038396835,48.8038396835,48.8038396835,48.88587,48.88587,48.88587,0.08203031649999559,0.08203031649999559,0.08203031649999559
a100,c0112,resources,2,1048576,SIMPLE,SIMPLE,32,32,0,108,0,17,20,100,0,True,,10.485759999999999,205466,4,49.2032003403,48.4710419178,49.963519573250004,49.310795,48.548137499999996,50.10423,0.11266973769999922,0.08217066020000097,0.14071042674999745
a100,c0112,resources,2,4194304,SIMPLE,SIMPLE,32,32,0,108,0,17,20,100,0,True,,41.943039999999996,205237,1,86.435842514,86.435842514,86.435842514,86.56443,86.56443,86.56443,0.1285874860000007,0.1285874860000007,0.1285874860000007
a100,c0112,resources,2,4194304,SIMPLE,SIMPLE,32,32,0,108,0,17,20,100,0,True,,41.943039999999996,205466,4,85.69855690005,85.54751634600001,85.936639308925,85.78191,85.62514,86.0423375,0.08383233674999957,0.07810289079999677,0.10569819107500322
a100,c0113,resources,2,262144,SIMPLE,SIMPLE,32,16,8,8,0,17,20,100,0,False,channels_unrealized,2.6214399999999998,205237,2,70.96832036974999,70.904320478475,71.03232026102499,71.046305,70.9784775,71.11413250000001,0.07798463025000757,0.07415702152500714,0.081812238975008
a100,c0113,resources,2,262144,SIMPLE,SIMPLE,32,16,8,8,0,17,20,100,0,False,channels_unrealized,2.6214399999999998,205466,3,71.7721605301,71.3164806366,71.9206404686,71.90656,71.41982,72.05033499999999,0.12498959289999334,0.09863442489999841,0.12969453139999843
a100,c0113,resources,2,1048576,SIMPLE,SIMPLE,32,32,8,8,0,17,20,100,0,True,,10.485759999999999,205237,2,141.265916824,141.2633562085,141.2684774395,141.42102,141.415965,141.426075,0.15510317599999723,0.1526087914999934,0.15759756050000107
a100,c0113,resources,2,1048576,SIMPLE,SIMPLE,32,32,8,8,0,17,20,100,0,True,,10.485759999999999,205466,3,140.718078613,140.5849599835,140.91775894149998,140.80341,140.66825,140.99613,0.0812486459999775,0.07632968799998707,0.08329001650000123
a100,c0113,resources,2,4194304,SIMPLE,SIMPLE,32,32,8,8,0,17,20,100,0,True,,41.943039999999996,205237,2,183.572473526,183.35743427300002,183.787512779,183.656675,183.4423525,183.8709975,0.08420147399998257,0.08348472099998361,0.08491822699998153
a100,c0113,resources,2,4194304,SIMPLE,SIMPLE,32,32,8,8,0,17,20,100,0,True,,41.943039999999996,205466,3,182.149124146,182.0876789095,182.5945663455,182.2328,182.17579,182.707415,0.09254632699997956,0.08811109049999288,0.11728389099998537
a100,c0114,resources,2,262144,SIMPLE,SIMPLE,32,16,16,16,0,17,20,100,0,False,channels_unrealized,2.6214399999999998,205237,2,40.043519735299995,39.94880020615,40.13823926445,40.126785,40.0311025,40.2224675,0.08326526470000317,0.08230229385000243,0.08422823555000392
a100,c0114,resources,2,262144,SIMPLE,SIMPLE,32,16,16,16,0,17,20,100,0,False,channels_unrealized,2.6214399999999998,205466,3,40.9907197952,40.4326403141,41.09312057495,41.12911,40.538925,41.241175,0.13839020479999675,0.1062846859000004,0.14805442504999888
a100,c0114,resources,2,1048576,SIMPLE,SIMPLE,32,32,16,16,0,17,20,100,0,True,,10.485759999999999,205237,2,78.66879940035,78.54336023332499,78.794238567375,78.77416500000001,78.6323675,78.9159625,0.10536559965000691,0.08900726667500791,0.12172393262500592
a100,c0114,resources,2,1048576,SIMPLE,SIMPLE,32,32,16,16,0,17,20,100,0,True,,10.485759999999999,205466,3,78.0902385712,78.0390381813,78.3103990555,78.16823,78.122195,78.38951,0.08023046019999924,0.07911094449999467,0.08427633440000193
a100,c0114,resources,2,4194304,SIMPLE,SIMPLE,32,32,16,16,0,17,20,100,0,True,,41.943039999999996,205237,2,112.3327970505,112.24575757975,112.41983652125,112.449215,112.3464425,112.5519875,0.11641794949998996,0.10068492024998932,0.1321509787499906
a100,c0114,resources,2,4194304,SIMPLE,SIMPLE,32,32,16,16,0,17,20,100,0,True,,41.943039999999996,205466,3,112.209920883,112.0614385605,112.4352025985,112.28392,112.13838999999999,112.53780499999999,0.0799037619999865,0.07695143949999306,0.10555472399999388
a100,c0115,resources,2,262144,SIMPLE,SIMPLE,32,16,32,32,0,17,20,100,0,False,channels_unrealized,2.6214399999999998,205237,2,39.874560832949996,39.869440793975,39.879680871925,39.949434999999994,39.944427499999996,39.9544425,0.07487416704999816,0.07476162807499875,0.07498670602499757
a100,c0115,resources,2,262144,SIMPLE,SIMPLE,32,16,32,32,0,17,20,100,0,False,channels_unrealized,2.6214399999999998,205466,3,39.8233604431,39.81312036515,39.884799718850005,39.90014,39.886465,39.96116,0.07594100539999715,0.07292535910000097,0.0763602811499986
a100,c0115,resources,2,1048576,SIMPLE,SIMPLE,32,32,32,32,0,17,20,100,0,True,,10.485759999999999,205237,2,49.85343933105,49.845759868625,49.861118793475,49.98975,49.98301,49.99649,0.13631066894999933,0.135371206524999,0.13725013137499964
a100,c0115,resources,2,1048576,SIMPLE,SIMPLE,32,32,32,32,0,17,20,100,0,True,,10.485759999999999,205466,3,49.7254419327,49.2646408081,49.8739218712,49.85664,49.371354999999994,50.00427,0.12949819029999787,0.1058642533999965,0.1303481287999979
a100,c0115,resources,2,4194304,SIMPLE,SIMPLE,32,32,32,32,0,17,20,100,0,True,,41.943039999999996,205237,2,85.98015785215,85.895676612825,86.064639091475,86.06703,85.983845,86.150215,0.08687214785000208,0.08557590852500141,0.08816838717500275
a100,c0115,resources,2,4194304,SIMPLE,SIMPLE,32,32,32,32,0,17,20,100,0,True,,41.943039999999996,205466,3,85.9545612335,85.92895984649999,86.1798429489,86.0325,86.00694999999999,86.28619,0.07804154049999568,0.0779901534999965,0.10639843809999405
a100,c0116,resources,4,262144,LL,LL,8,8,0,108,0,16,20,100,0,True,,1.3107199999999999,205466,5,22.5587201118,22.2310400009,22.6099205017,22.62643,22.3544,22.69336,0.08343949829999886,0.07501114779999796,0.12335999909999984
a100,c0116,resources,4,1048576,LL,LL,8,8,0,108,0,16,20,100,0,True,,5.2428799999999995,205466,5,46.520318985,46.4588785172,46.571521759,46.60116,46.53724,46.64946,0.07836148279999833,0.07793824099999824,0.08084101499999718
a100,c0116,resources,4,4194304,LL,LL,8,8,0,108,0,16,20,100,0,True,,20.971519999999998,205466,5,160.194568634,160.163841248,160.337924957,160.26054,160.25352,160.42725,0.08967875199999753,0.0893250429999739,0.11723464499999636
a100,c0117,resources,4,262144,LL,LL,8,8,8,8,0,16,20,100,0,True,,1.3107199999999999,205237,1,22.8351998329,22.8351998329,22.8351998329,22.98473,22.98473,22.98473,0.1495301671,0.1495301671,0.1495301671
a100,c0117,resources,4,262144,LL,LL,8,8,8,8,0,16,20,100,0,True,,1.3107199999999999,205466,4,22.512639761000003,22.4179196358,22.65088021755,22.62428,22.549885,22.7262775,0.07980457629999904,0.07541238294999886,0.10011460099999869
a100,c0117,resources,4,1048576,LL,LL,8,8,8,8,0,16,20,100,0,True,,5.2428799999999995,205237,1,47.7900791168,47.7900791168,47.7900791168,47.8642,47.8642,47.8642,0.07412088319999555,0.07412088319999555,0.07412088319999555
a100,c0117,resources,4,1048576,LL,LL,8,8,8,8,0,16,20,100,0,True,,5.2428799999999995,205466,4,47.5750398636,47.418881654725,47.733758688,47.658355,47.50081,47.8178775,0.08331513639999955,0.08156336887500082,0.08448378839999826
a100,c0117,resources,4,4194304,LL,LL,8,8,8,8,0,16,20,100,0,True,,20.971519999999998,205237,1,160.010242462,160.010242462,160.010242462,160.0826,160.0826,160.0826,0.07235753800000566,0.07235753800000566,0.07235753800000566
a100,c0117,resources,4,4194304,LL,LL,8,8,8,8,0,16,20,100,0,True,,20.971519999999998,205466,4,160.2918338775,160.207355022,160.33279418975002,160.43104,160.32477,160.4799075,0.12874296100000038,0.11741497799999223,0.13665014875000736
a100,c0118,resources,4,262144,LL,LL,8,8,16,16,0,16,20,100,0,True,,1.3107199999999999,205237,2,22.789119482049998,22.653439641025,22.924799323075,22.915190000000003,22.760695000000002,23.069685,0.12607051795000146,0.10725535897500116,0.14488567692500176
a100,c0118,resources,4,262144,LL,LL,8,8,16,16,0,16,20,100,0,True,,1.3107199999999999,205466,3,22.9785609245,22.97344088555,23.0246400833,23.10405,23.080755,23.12444,0.0788990754999972,0.0765049166999976,0.1073141144499985
a100,c0118,resources,4,1048576,LL,LL,8,8,16,16,0,16,20,100,0,True,,5.2428799999999995,205237,2,48.102400302899994,47.930880785,48.273919820799996,48.18321,48.01208,48.35434,0.08080969710000119,0.08042017920000077,0.0811992150000016
a100,c0118,resources,4,1048576,LL,LL,8,8,16,16,0,16,20,100,0,True,,5.2428799999999995,205466,3,48.1382417679,48.056321144099996,48.153600692750004,48.29472,48.172235,48.30529,0.14690038239999836,0.11112493104999999,0.15168930724999896
a100,c0118,resources,4,4194304,LL,LL,8,8,16,16,0,16,20,100,0,True,,20.971519999999998,205237,2,163.31263542149998,163.27935695624998,163.34591388675,163.42548499999998,163.4025675,163.4484025,0.1128495785000041,0.10248861325000291,0.12321054375000529
a100,c0118,resources,4,4194304,LL,LL,8,8,16,16,0,16,20,100,0,True,,20.971519999999998,205466,3,162.908153534,162.5139141085,163.2614326475,162.9926,162.60079000000002,163.34602999999998,0.08474823899999251,0.08459735249999767,0.08702677799999492
a100,c0119,resources,4,262144,LL,LL,8,8,32,32,0,16,20,100,0,True,,1.3107199999999999,205466,5,22.9888010025,22.7020788193,23.0809593201,23.12409,22.79225,23.22729,0.13528899749999823,0.09017118070000052,0.14108926439999792
a100,c0119,resources,4,1048576,LL,LL,8,8,32,32,0,16,20,100,0,True,,5.2428799999999995,205466,5,48.3737611771,47.8515195847,48.3737611771,48.45704,47.93362,48.46446,0.08210041529999756,0.08023956970000512,0.08327882289999877
a100,c0119,resources,4,4194304,LL,LL,8,8,32,32,0,16,20,100,0,True,,20.971519999999998,205466,5,163.28704834,163.256320953,163.297271729,163.36633,163.33425,163.37292,0.07928165999999237,0.07792904699999781,0.12127356400000622
a100,c0120,resources,4,262144,LL,LL,24,22,0,108,0,16,20,100,0,False,channels_unrealized,1.3107199999999999,205237,3,18.2681596279,18.20159971715,18.5087996721,18.3541,18.31918,18.590955,0.08594037209999783,0.08215532789999891,0.11758028284999966
a100,c0120,resources,4,262144,LL,LL,24,22,0,108,0,16,20,100,0,False,channels_unrealized,1.3107199999999999,205466,2,18.1964802742,18.18112015725,18.21184039115,18.308355,18.2732125,18.3434975,0.11187472579999991,0.09209234275,0.13165710884999982
a100,c0120,resources,4,1048576,LL,LL,24,24,0,108,0,16,20,100,0,True,,5.2428799999999995,205237,3,31.4368009567,31.43168091775,31.45216107365,31.58611,31.567875,31.58736,0.15180904329999834,0.11696392634999953,0.15567908224999982
a100,c0120,resources,4,1048576,LL,LL,24,24,0,108,0,16,20,100,0,True,,5.2428799999999995,205466,2,31.595519781100002,31.38303935525,31.808000206950002,31.69793,31.494785,31.901075,0.10241021889999935,0.09307479304999777,0.11174564475000093
a100,c0120,resources,4,4194304,LL,LL,24,24,0,108,0,16,20,100,0,True,,20.971519999999998,205237,3,90.9721565247,90.95167636875,90.9977579117,91.05098,91.03344,91.07567499999999,0.07882347529999834,0.07791708829999777,0.08176363124999853
a100,c0120,resources,4,4194304,LL,LL,24,24,0,108,0,16,20,100,0,True,,20.971519999999998,205466,2,91.217918396,91.15647792815,91.27935886385,91.29335,91.231425,91.35527499999999,0.07543160399999493,0.07494707184999427,0.0759161361499956
a100,c0121,resources,4,262144,LL,LL,24,22,8,8,0,16,20,100,0,False,channels_unrealized,1.3107199999999999,205466,5,39.8336005211,39.7721600533,39.8438405991,39.91467,39.91336,39.91688,0.08401997969999542,0.0832794788999962,0.08533092740000114
a100,c0121,resources,4,1048576,LL,LL,24,24,8,8,0,16,20,100,0,True,,5.2428799999999995,205466,5,67.819519043,67.6556777954,68.0243206024,67.95844,67.79033,68.09741,0.0810210799999993,0.0781703661999984,0.13465220460000182
a100,c0121,resources,4,4194304,LL,LL,24,24,8,8,0,16,20,100,0,True,,20.971519999999998,205466,5,181.719036102,181.370887756,182.077445984,181.78835,181.52915,182.14775,0.08406028699999979,0.07030401599999436,0.15826224399998523
a100,c0122,resources,4,262144,LL,LL,24,22,16,16,0,16,20,100,0,False,channels_unrealized,1.3107199999999999,205466,5,29.0201592445,28.8563203812,29.0713596344,29.10251,28.93039,29.1474,0.07604036560000083,0.0740696187999994,0.08235075549999848
a100,c0122,resources,4,1048576,LL,LL,24,24,16,16,0,16,20,100,0,True,,5.2428799999999995,205466,5,47.6774406433,47.6671981812,47.8515195847,47.7656,47.758,48.00416,0.09080181880000282,0.08815935669999675,0.14881003749999877
a100,c0122,resources,4,4194304,LL,LL,24,24,16,16,0,16,20,100,0,True,,20.971519999999998,205466,5,128.655357361,128.634881973,129.884157181,128.77111,128.75167,130.04265,0.13622802699998715,0.09791622100001973,0.15674219499999253
a100,c0123,resources,4,262144,LL,LL,24,22,32,32,0,16,20,100,0,False,channels_unrealized,1.3107199999999999,205237,1,18.6982405186,18.6982405186,18.6982405186,18.79455,18.79455,18.79455,0.09630948140000228,0.09630948140000228,0.09630948140000228
a100,c0123,resources,4,262144,LL,LL,24,22,32,32,0,16,20,100,0,False,channels_unrealized,1.3107199999999999,205466,4,18.2067203522,18.109440207524997,18.263040483,18.356355,18.24053,18.412212500000003,0.14571985399999932,0.12745975092499862,0.1488872647500008
a100,c0123,resources,4,1048576,LL,LL,24,24,32,32,0,16,20,100,0,True,,5.2428799999999995,205237,1,32.3891210556,32.3891210556,32.3891210556,32.53544,32.53544,32.53544,0.14631894440000082,0.14631894440000082,0.14631894440000082
a100,c0123,resources,4,1048576,LL,LL,24,24,32,32,0,16,20,100,0,True,,5.2428799999999995,205466,4,32.07168102265,32.02816069125,32.09472060205,32.153095,32.111995,32.1747625,0.08316013045000048,0.08178805104999753,0.08383430875000197
a100,c0123,resources,4,4194304,LL,LL,24,24,32,32,0,16,20,100,0,True,,20.971519999999998,205237,1,96.0204792023,96.0204792023,96.0204792023,96.11115,96.11115,96.11115,0.09067079769999964,0.09067079769999964,0.09067079769999964
a100,c0123,resources,4,4194304,LL,LL,24,24,32,32,0,16,20,100,0,True,,20.971519999999998,205466,4,95.42143821715,95.326716899875,95.5852794647,95.537575,95.40338750000001,95.725015,0.08440192230000321,0.07827517732500411,0.10639609755000379
a100,c0124,resources,4,262144,LL,LL,32,32,0,108,0,16,20,100,0,True,,1.3107199999999999,205237,2,17.5308799744,17.51039981845,17.551360130349998,17.64783,17.614915,17.680745,0.11695002560000134,0.10451518155000095,0.12938486965000173
a100,c0124,resources,4,262144,LL,LL,32,32,0,108,0,16,20,100,0,True,,1.3107199999999999,205466,3,17.5103998184,17.5052797794,17.6076799631,17.59163,17.58496,17.684455,0.0781302595999982,0.07522507589999883,0.07968022059999846
a100,c0124,resources,4,1048576,LL,LL,32,32,0,108,0,16,20,100,0,True,,5.2428799999999995,205237,2,31.2319993973,30.8940792084,31.5699195862,31.311675,30.9741225,31.6492275,0.0796756026999983,0.07930791379999835,0.08004329159999823
a100,c0124,resources,4,1048576,LL,LL,32,32,0,108,0,16,20,100,0,True,,5.2428799999999995,205466,3,30.8633589745,30.7763195038,30.87871909145,31.0121,30.89122,31.024525,0.14287079160000005,0.11196537924999994,0.14580590855000075
a100,c0124,resources,4,4194304,LL,LL,32,32,0,108,0,16,20,100,0,True,,20.971519999999998,205237,2,88.43775749205,88.373756408675,88.501758575425,90.027965,89.8634175,90.1925125,1.590207507949998,1.3616589245749964,1.8187560913249996
a100,c0124,resources,4,4194304,LL,LL,32,32,0,108,0,16,20,100,0,True,,20.971519999999998,205466,3,88.4121608734,88.32511901855,88.5401582718,88.49454,88.40422000000001,88.64388,0.0823791266000029,0.07910098145000433,0.10372172820000714
a100,c0125,resources,4,262144,LL,LL,32,32,8,8,0,16,20,100,0,True,,1.3107199999999999,205237,2,48.59904050825,48.573440313325,48.624640703175004,48.744344999999996,48.721872499999996,48.7668175,0.1453044917499966,0.14217679682499806,0.14843218667499514
a100,c0125,resources,4,262144,LL,LL,32,32,8,8,0,16,20,100,0,True,,1.3107199999999999,205466,3,48.9267206192,48.79872083665,49.2748808861,49.0081,48.919635,49.356224999999995,0.0813793808000014,0.0813441138999984,0.12091416335000105
a100,c0125,resources,4,1048576,LL,LL,32,32,8,8,0,16,20,100,0,True,,5.2428799999999995,205237,2,71.24992132185,71.147521734225,71.352320909475,71.33480499999999,71.2345325,71.43507749999999,0.08488367814999975,0.08275659052499762,0.08701076577500189
a100,c0125,resources,4,1048576,LL,LL,32,32,8,8,0,16,20,100,0,True,,5.2428799999999995,205466,3,71.127038002,71.1219191551,71.4291191101,71.28586,71.276135,71.54982,0.14960969179999495,0.11609473679999383,0.15421584489999418
a100,c0125,resources,4,4194304,LL,LL,32,32,8,8,0,16,20,100,0,True,,20.971519999999998,205237,2,169.932794571,169.7075128555,170.1580762865,170.022955,169.7958625,170.2500475,0.09016042899999377,0.08834964449999205,0.09197121349999549
a100,c0125,resources,4,4194304,LL,LL,32,32,8,8,0,16,20,100,0,True,,20.971519999999998,205466,3,168.785915375,168.5401535035,168.9651203155,168.87814,168.62976500000002,169.05569,0.0889147439999931,0.08795655599999463,0.09056968449999658
a100,c0126,resources,4,262144,LL,LL,32,32,16,16,0,16,20,100,0,True,,1.3107199999999999,205237,1,28.1292796135,28.1292796135,28.1292796135,28.22013,28.22013,28.22013,0.09085038650000143,0.09085038650000143,0.09085038650000143
a100,c0126,resources,4,262144,LL,LL,32,32,16,16,0,16,20,100,0,True,,1.3107199999999999,205466,4,28.5440003872,28.48511993885,28.623360395425,28.623894999999997,28.586622499999997,28.7251625,0.12093523659999939,0.08098224924999808,0.1633630402750006
a100,c0126,resources,4,1048576,LL,LL,32,32,16,16,0,16,20,100,0,True,,5.2428799999999995,205237,1,39.9257588387,39.9257588387,39.9257588387,40.07969,40.07969,40.07969,0.15393116130000095,0.15393116130000095,0.15393116130000095
a100,c0126,resources,4,1048576,LL,LL,32,32,16,16,0,16,20,100,0,True,,5.2428799999999995,205466,4,39.70047950745,39.6492791176,39.76704001425,39.81021,39.78068,39.8422475,0.08402525864999788,0.07566568747499502,0.10523744677499991
a100,c0126,resources,4,4194304,LL,LL,32,32,16,16,0,16,20,100,0,True,,20.971519999999998,205237,1,99.2358398438,99.2358398438,99.2358398438,99.30971,99.30971,99.30971,0.0738701562000017,0.0738701562000017,0.0738701562000017
a100,c0126,resources,4,4194304,LL,LL,32,32,16,16,0,16,20,100,0,True,,20.971519999999998,205466,4,99.57376003265,99.550721645375,99.59935903545,99.652805,99.63288750000001,99.693415,0.08372404815000323,0.07982631422500219,0.10107458575000194
a100,c0127,resources,4,262144,LL,LL,32,32,32,32,0,16,20,100,0,True,,1.3107199999999999,205237,1,17.7356803417,17.7356803417,17.7356803417,17.87217,17.87217,17.87217,0.13648965830000037,0.13648965830000037,0.13648965830000037
a100,c0127,resources,4,262144,LL,LL,32,32,32,32,0,16,20,100,0,True,,1.3107199999999999,205466,4,17.45407998565,17.40032017235,17.559039890775,17.53135,17.475994999999998,17.637507499999998,0.0764748307000005,0.07584510055000049,0.07750215267499971
a100,c0127,resources,4,1048576,LL,LL,32,32,32,32,0,16,20,100,0,True,,5.2428799999999995,205237,1,31.6108798981,31.6108798981,31.6108798981,31.69742,31.69742,31.69742,0.0865401019000025,0.0865401019000025,0.0865401019000025
a100,c0127,resources,4,1048576,LL,LL,32,32,32,32,0,16,20,100,0,True,,5.2428799999999995,205466,4,31.334400177,31.3036799431,31.493120193475,31.47965,31.44944,31.619795,0.14524982299999856,0.12667480652499918,0.1457600568999986
a100,c0127,resources,4,4194304,LL,LL,32,32,32,32,0,16,20,100,0,True,,20.971519999999998,205237,1,89.0060806274,89.0060806274,89.0060806274,89.08258,89.08258,89.08258,0.07649937259999717,0.07649937259999717,0.07649937259999717
a100,c0127,resources,4,4194304,LL,LL,32,32,32,32,0,16,20,100,0,True,,20.971519999999998,205466,4,88.89343738555,88.744959831225,89.026556015,88.970015,88.82333249999999,89.12106,0.08356046420000496,0.07742579972500607,0.10243370379999917
a100,c0128,resources,4,262144,LL128,LL128,8,8,0,108,0,20,20,100,0,True,,1.3107199999999999,205237,1,38.4716796875,38.4716796875,38.4716796875,38.55756,38.55756,38.55756,0.08588031250000228,0.08588031250000228,0.08588031250000228
a100,c0128,resources,4,262144,LL128,LL128,8,8,0,108,0,20,20,100,0,True,,1.3107199999999999,205466,4,38.36416006085,38.272000551199994,38.458879589999995,38.475745,38.4038575,38.536109999999994,0.08341990015000178,0.08018982519999973,0.10073249460000433
a100,c0128,resources,4,1048576,LL128,LL128,8,8,0,108,0,20,20,100,0,True,,5.2428799999999995,205237,1,51.5686416626,51.5686416626,51.5686416626,51.63879,51.63879,51.63879,0.07014833739999915,0.07014833739999915,0.07014833739999915
a100,c0128,resources,4,1048576,LL128,LL128,8,8,0,108,0,20,20,100,0,True,,5.2428799999999995,205466,4,51.7222380638,51.686397790925,51.765758991225,51.828,51.762192500000005,51.892425,0.08016054915000126,0.0757947090750033,0.1010646217250013
a100,c0128,resources,4,4194304,LL128,LL128,8,8,0,108,0,20,20,100,0,True,,20.971519999999998,205237,1,102.973442078,102.973442078,102.973442078,103.17638,103.17638,103.17638,0.2029379219999896,0.2029379219999896,0.2029379219999896
a100,c0128,resources,4,4194304,LL128,LL128,8,8,0,108,0,20,20,100,0,True,,20.971519999999998,205466,4,102.7584028245,102.61248350150001,103.480319977,102.843365,102.701795,103.59178,0.08496217550000296,0.07606105425000464,0.12471046724999724
a100,c0129,resources,4,262144,LL128,LL128,8,8,8,8,0,20,20,100,0,True,,1.3107199999999999,205237,1,38.1030392647,38.1030392647,38.1030392647,38.23814,38.23814,38.23814,0.1351007353,0.1351007353,0.1351007353
a100,c0129,resources,4,262144,LL128,LL128,8,8,8,8,0,20,20,100,0,True,,1.3107199999999999,205466,4,38.195199966450005,38.164479732525,38.259199857725,38.27917,38.246555,38.3428425,0.08249556290000015,0.08047832757500117,0.08376511152499866
a100,c0129,resources,4,1048576,LL128,LL128,8,8,8,8,0,20,20,100,0,True,,5.2428799999999995,205237,1,52.2547197342,52.2547197342,52.2547197342,52.33221,52.33221,52.33221,0.07749026580000162,0.07749026580000162,0.07749026580000162
a100,c0129,resources,4,1048576,LL128,LL128,8,8,8,8,0,20,20,100,0,True,,5.2428799999999995,205466,4,52.15232133865,52.052481174425,52.2419214249,52.232569999999996,52.1308725,52.336394999999996,0.08024866135000153,0.07839132557500328,0.09447357509999854
a100,c0129,resources,4,4194304,LL128,LL128,8,8,8,8,0,20,20,100,0,True,,20.971519999999998,205237,1,104.222717285,104.222717285,104.222717285,104.30435,104.30435,104.30435,0.0816327149999978,0.0816327149999978,0.0816327149999978
a100,c0129,resources,4,4194304,LL128,LL128,8,8,8,8,0,20,20,100,0,True,,20.971519999999998,205466,4,105.1750373845,104.98303890275,105.3004765515,105.30055,105.0795025,105.4464025,0.1170962284999959,0.09646359725000053,0.13750956149999283
a100,c0130,resources,4,262144,LL128,LL128,8,8,16,16,0,20,20,100,0,True,,1.3107199999999999,205237,1,39.6287989616,39.6287989616,39.6287989616,39.70695,39.70695,39.70695,0.07815103840000148,0.07815103840000148,0.07815103840000148
a100,c0130,resources,4,262144,LL128,LL128,8,8,16,16,0,20,20,100,0,True,,1.3107199999999999,205466,4,39.4649600983,39.4624000788,39.485440254225,39.542145000000005,39.5372175,39.563432500000005,0.07718490170000436,0.07481742120000234,0.07799224577500397
a100,c0130,resources,4,1048576,LL128,LL128,8,8,16,16,0,20,20,100,0,True,,5.2428799999999995,205237,1,52.8281593323,52.8281593323,52.8281593323,52.97124,52.97124,52.97124,0.14308066770000494,0.14308066770000494,0.14308066770000494
a100,c0130,resources,4,1048576,LL128,LL128,8,8,16,16,0,20,20,100,0,True,,5.2428799999999995,205466,4,52.57727861405,52.54912018775,52.648957967775004,52.658035,52.625775000000004,52.747335,0.08075638595000001,0.07665481225000015,0.09837703222499883
a100,c0130,resources,4,4194304,LL128,LL128,8,8,16,16,0,20,20,100,0,True,,20.971519999999998,205237,1,104.75520134,104.75520134,104.75520134,104.84546,104.84546,104.84546,0.09025866000000349,0.09025866000000349,0.09025866000000349
a100,c0130,resources,4,4194304,LL128,LL128,8,8,16,16,0,20,20,100,0,True,,20.971519999999998,205466,4,104.023041725,103.67232084275,104.345602989,104.11601999999999,103.758075,104.452975,0.09297827500000011,0.08575415725000113,0.10737201099999893
a100,c0131,resources,4,262144,LL128,LL128,8,8,32,32,0,20,20,100,0,True,,1.3107199999999999,205237,1,39.2806410789,39.2806410789,39.2806410789,39.42633,39.42633,39.42633,0.1456889211000032,0.1456889211000032,0.1456889211000032
a100,c0131,resources,4,262144,LL128,LL128,8,8,32,32,0,20,20,100,0,True,,1.3107199999999999,205466,4,39.6031999588,39.57248091695,39.662079215074996,39.690039999999996,39.66108,39.75822,0.0868400412000021,0.07909069570000504,0.10564917227499748
a100,c0131,resources,4,1048576,LL128,LL128,8,8,32,32,0,20,20,100,0,True,,5.2428799999999995,205237,1,52.3878383636,52.3878383636,52.3878383636,52.47108,52.47108,52.47108,0.08324163640000393,0.08324163640000393,0.08324163640000393
a100,c0131,resources,4,1048576,LL128,LL128,8,8,32,32,0,20,20,100,0,True,,5.2428799999999995,205466,4,52.83840179445,52.800000906,52.8947210312,52.94404,52.90113,52.99028,0.07659988800000406,0.07040886007500369,0.09724088517500107
a100,c0131,resources,4,4194304,LL128,LL128,8,8,32,32,0,20,20,100,0,True,,20.971519999999998,205237,1,104.355840683,104.355840683,104.355840683,104.4421,104.4421,104.4421,0.08625931699999967,0.08625931699999967,0.08625931699999967
a100,c0131,resources,4,4194304,LL128,LL128,8,8,32,32,0,20,20,100,0,True,,20.971519999999998,205466,4,104.325118065,104.25087690375,104.43776130674999,104.430425,104.33384000000001,104.5766075,0.107684021499999,0.08534018274999866,0.13884619325000003
a100,c0132,resources,4,262144,LL128,LL128,24,16,0,108,0,20,20,100,0,False,channels_unrealized,1.3107199999999999,205237,1,37.7036809921,37.7036809921,37.7036809921,37.79027,37.79027,37.79027,0.08658900790000246,0.08658900790000246,0.08658900790000246
a100,c0132,resources,4,262144,LL128,LL128,24,16,0,108,0,20,20,100,0,False,channels_unrealized,1.3107199999999999,205466,4,37.662720680199996,37.619200348825004,37.775360941875,37.958545,37.766752499999996,38.4855075,0.11150410834999747,0.0835516638499989,0.5898268339999966
a100,c0132,resources,4,1048576,LL128,LL128,24,22,0,108,0,20,20,100,0,False,channels_unrealized,5.2428799999999995,205237,1,42.1478414536,42.1478414536,42.1478414536,42.23254,42.23254,42.23254,0.08469854639999852,0.08469854639999852,0.08469854639999852
a100,c0132,resources,4,1048576,LL128,LL128,24,22,0,108,0,20,20,100,0,False,channels_unrealized,5.2428799999999995,205466,4,42.787840366400005,42.291198968925,43.25376152995,42.862350000000006,42.36189,43.331852500000004,0.07450963360000173,0.07069103107500219,0.07809097005000076
a100,c0132,resources,4,4194304,LL128,LL128,24,24,0,108,0,20,20,100,0,True,,20.971519999999998,205237,1,75.2230405807,75.2230405807,75.2230405807,75.36843,75.36843,75.36843,0.1453894193000025,0.1453894193000025,0.1453894193000025
a100,c0132,resources,4,4194304,LL128,LL128,24,24,0,108,0,20,20,100,0,True,,20.971519999999998,205466,4,75.18719911574999,75.051519870775,75.40735960005,75.30201,75.13834750000001,75.5486575,0.11481088425000507,0.08682762922500231,0.14129789995000408
a100,c0133,resources,4,262144,LL128,LL128,24,16,8,8,0,20,20,100,0,False,channels_unrealized,1.3107199999999999,205466,5,66.2016010284,66.1299180984,66.4268779755,66.35445,66.21338,66.49783,0.08346190160000333,0.07095202449998794,0.08353108890000271
a100,c0133,resources,4,1048576,LL128,LL128,24,22,8,8,0,20,20,100,0,False,channels_unrealized,5.2428799999999995,205466,5,105.861120224,105.80991745,105.922555923,105.95822,105.93658,105.99247,0.07545977600000242,0.07234856099999831,0.13686407699999847
a100,c0133,resources,4,4194304,LL128,LL128,24,24,8,8,0,20,20,100,0,True,,20.971519999999998,205466,5,176.199684143,176.076793671,176.261119843,176.33863,176.16179,176.35145,0.0952128039999991,0.0849963290000062,0.14338074799999845
a100,c0134,resources,4,262144,LL128,LL128,24,16,16,16,0,20,20,100,0,False,channels_unrealized,1.3107199999999999,205237,1,38.0006408691,38.0006408691,38.0006408691,38.15488,38.15488,38.15488,0.1542391308999953,0.1542391308999953,0.1542391308999953
a100,c0134,resources,4,262144,LL128,LL128,24,16,16,16,0,20,20,100,0,False,channels_unrealized,1.3107199999999999,205466,4,37.62687921525,37.457919120825004,37.86239922045,37.707665,37.53631,37.9414625,0.0772708072499988,0.07317088825000084,0.08076829297499799
a100,c0134,resources,4,1048576,LL128,LL128,24,22,16,16,0,20,20,100,0,False,channels_unrealized,5.2428799999999995,205237,1,74.3321609497,74.3321609497,74.3321609497,74.41381,74.41381,74.41381,0.08164905030000114,0.08164905030000114,0.08164905030000114
a100,c0134,resources,4,1048576,LL128,LL128,24,22,16,16,0,20,20,100,0,False,channels_unrealized,5.2428799999999995,205466,4,74.4089603424,74.339839220025,74.48832154274999,74.51689,74.4106375,74.63752,0.11002381635000802,0.07289243872500606,0.1491984572500087
a100,c0134,resources,4,4194304,LL128,LL128,24,24,16,16,0,20,20,100,0,True,,20.971519999999998,205237,1,124.190721512,124.190721512,124.190721512,124.27115,124.27115,124.27115,0.08042848800000968,0.08042848800000968,0.08042848800000968
a100,c0134,resources,4,4194304,LL128,LL128,24,24,16,16,0,20,20,100,0,True,,20.971519999999998,205466,4,124.16512012499999,123.73759984975,124.55680131925,124.27875,123.817285,124.7061,0.11511758550000195,0.08117286074999797,0.1492986807500074
a100,c0135,resources,4,262144,LL128,LL128,24,16,32,32,0,20,20,100,0,False,channels_unrealized,1.3107199999999999,205237,2,37.8316795826,37.7983993292,37.864959836,37.946775,37.9257875,37.967762500000006,0.11509541740000273,0.10280266400000393,0.12738817080000153
a100,c0135,resources,4,262144,LL128,LL128,24,16,32,32,0,20,20,100,0,False,channels_unrealized,1.3107199999999999,205466,3,37.7241611481,37.632000446350006,37.7600002289,37.7991,37.717335000000006,37.83767,0.08040069030000296,0.07766977110000184,0.08806547285000121
a100,c0135,resources,4,1048576,LL128,LL128,24,22,32,32,0,20,20,100,0,False,channels_unrealized,5.2428799999999995,205237,2,42.4038410187,42.11712121965,42.69056081775,42.51719,42.213605,42.820775000000005,0.11334898130000326,0.09648378035000427,0.13021418225000225
a100,c0135,resources,4,1048576,LL128,LL128,24,22,32,32,0,20,20,100,0,False,channels_unrealized,5.2428799999999995,205466,3,42.1478414536,41.9788813591,42.27072000505,42.22502,42.07328,42.386430000000004,0.11161873540000045,0.09439864089999972,0.1329300894499994
a100,c0135,resources,4,4194304,LL128,LL128,24,24,32,32,0,20,20,100,0,True,,20.971519999999998,205237,2,75.08480072025,74.846720695525,75.32288074497501,75.172315,74.93633750000001,75.4082925,0.08751427975000325,0.08541175502500309,0.08961680447500342
a100,c0135,resources,4,4194304,LL128,LL128,24,24,32,32,0,20,20,100,0,True,,20.971519999999998,205466,3,74.84416008,74.74688053135,75.19743919375,74.92337,74.82313,75.29564,0.07920992000001092,0.07624946865001192,0.09820080625000571
a100,c0136,resources,4,262144,LL128,LL128,32,16,0,108,0,20,20,100,0,False,channels_unrealized,1.3107199999999999,205466,5,37.8777599335,37.7651190758,37.8777599335,37.95459,37.85501,37.9548,0.07900916380000211,0.07704006649999684,0.08989092419999878
a100,c0136,resources,4,1048576,LL128,LL128,32,32,0,108,0,20,20,100,0,True,,5.2428799999999995,205466,5,41.3491201401,41.2671995163,41.9430398941,41.48942,41.35374,42.12022,0.08654048369999856,0.07708976099999632,0.14029985990000426
a100,c0136,resources,4,4194304,LL128,LL128,32,32,0,108,0,20,20,100,0,True,,20.971519999999998,205466,5,72.2944021225,72.2022390366,72.3046398163,72.37759,72.31915,72.43127,0.08318787749999501,0.08125096339999516,0.12663018370000145
a100,c0137,resources,4,262144,LL128,LL128,32,16,8,8,0,20,20,100,0,False,channels_unrealized,1.3107199999999999,205237,2,66.13503932955001,66.111998558075,66.158080101025,66.21228500000001,66.1908425,66.2337275,0.0772456704499973,0.07564739897500061,0.078843941924994
a100,c0137,resources,4,262144,LL128,LL128,32,16,8,8,0,20,20,100,0,False,channels_unrealized,1.3107199999999999,205466,3,65.976319313,65.92000007625,66.23231887815001,66.1174,66.02992499999999,66.34138,0.07876916049998783,0.07790535859999181,0.1099249237499933
a100,c0137,resources,4,1048576,LL128,LL128,32,32,8,8,0,20,20,100,0,True,,5.2428799999999995,205237,2,132.285437584,132.20095872899998,132.369916439,132.395295,132.2961525,132.4944375,0.1098574160000112,0.09519377100001236,0.12452106100001004
a100,c0137,resources,4,1048576,LL128,LL128,32,32,8,8,0,20,20,100,0,True,,5.2428799999999995,205466,3,131.921920776,131.89631938899998,131.99872016900002,132.00454,131.97397999999998,132.07894,0.07782043799997496,0.0752612179999943,0.08021983099997954
a100,c0137,resources,4,4194304,LL128,LL128,32,32,8,8,0,20,20,100,0,True,,20.971519999999998,205237,2,188.39039802550002,188.33663463575002,188.44416141525,188.52874000000003,188.46577000000002,188.59171,0.1383419745000083,0.12913536425000416,0.14754858475001242
a100,c0137,resources,4,4194304,LL128,LL128,32,32,8,8,0,20,20,100,0,True,,20.971519999999998,205466,3,187.914237976,187.903995514,188.221435547,188.05312,188.02536500000002,188.362415,0.14307688200000257,0.11322445300000084,0.1512219150000078
a100,c0138,resources,4,262144,LL128,LL128,32,16,16,16,0,20,20,100,0,False,channels_unrealized,1.3107199999999999,205237,1,37.9187202454,37.9187202454,37.9187202454,37.99728,37.99728,37.99728,0.07855975460000053,0.07855975460000053,0.07855975460000053
a100,c0138,resources,4,262144,LL128,LL128,32,16,16,16,0,20,20,100,0,False,channels_unrealized,1.3107199999999999,205466,4,37.59104013445,37.55007982255,37.652480006225005,37.668435,37.63299,37.7259225,0.07739486555000141,0.07344249377500134,0.0829101774500014
a100,c0138,resources,4,1048576,LL128,LL128,32,32,16,16,0,20,20,100,0,True,,5.2428799999999995,205237,1,72.089600563,72.089600563,72.089600563,72.23871,72.23871,72.23871,0.1491094369999928,0.1491094369999928,0.1491094369999928
a100,c0138,resources,4,1048576,LL128,LL128,32,32,16,16,0,20,20,100,0,True,,5.2428799999999995,205466,4,71.9206404686,71.843841075925,72.0998394489,71.99863500000001,71.923565,72.19251,0.07951900204999873,0.07834692267499577,0.09557202315000168
a100,c0138,resources,4,4194304,LL128,LL128,32,32,16,16,0,20,20,100,0,True,,20.971519999999998,205237,1,103.710718155,103.710718155,103.710718155,103.80509,103.80509,103.80509,0.09437184500001194,0.09437184500001194,0.09437184500001194
a100,c0138,resources,4,4194304,LL128,LL128,32,32,16,16,0,20,20,100,0,True,,20.971519999999998,205466,4,104.647679329,104.596481323,104.66303587,104.76667,104.70297500000001,104.81272999999999,0.15540360099999617,0.1363285314999949,0.1562722054999952
a100,c0139,resources,4,262144,LL128,LL128,32,16,32,32,0,20,20,100,0,False,channels_unrealized,1.3107199999999999,205237,2,37.73952007295,37.726720571525,37.752319574375,37.815525,37.804252500000004,37.8267975,0.0760049270500005,0.07447792562500055,0.07753192847500046
a100,c0139,resources,4,262144,LL128,LL128,32,16,32,32,0,20,20,100,0,False,channels_unrealized,1.3107199999999999,205466,3,37.6934409142,37.62176036835,37.82656073575,37.76563,37.731915,37.945025,0.1481201774999974,0.11015463164999773,0.15642981010000057
a100,c0139,resources,4,1048576,LL128,LL128,32,32,32,32,0,20,20,100,0,True,,5.2428799999999995,205237,2,40.83712100985,40.540161132825006,41.134080886875,40.91475,40.61971,41.20979,0.07762899014999647,0.07570911312499717,0.07954886717499576
a100,c0139,resources,4,1048576,LL128,LL128,32,32,32,32,0,20,20,100,0,True,,5.2428799999999995,205466,3,41.7280006409,41.50784015655,41.85600042345,41.81143,41.5901,41.93497,0.08109032779999836,0.07780006089999958,0.08225984345000015
a100,c0139,resources,4,4194304,LL128,LL128,32,32,32,32,0,20,20,100,0,True,,20.971519999999998,205237,2,73.11360120775001,72.949761152275,73.277441263225,73.26063,73.08862,73.43264,0.14702879225000487,0.13885884772500745,0.1551987367750023
a100,c0139,resources,4,4194304,LL128,LL128,32,32,32,32,0,20,20,100,0,True,,20.971519999999998,205466,3,72.6835203171,72.55039930345,72.7961611748,72.7622,72.6332,72.911745,0.08692171020000217,0.08280069655000233,0.11970483884999794
a100,c0140,resources,4,262144,SIMPLE,SIMPLE,8,8,0,108,0,17,20,100,0,True,,1.3107199999999999,205237,3,69.324798584,69.25823926925,69.32991981505,69.47278,69.39693,69.473825,0.13982895389999328,0.1346144996999925,0.14390518494999327
a100,c0140,resources,4,262144,SIMPLE,SIMPLE,8,8,0,108,0,17,20,100,0,True,,1.3107199999999999,205466,2,69.1353607178,69.1174411774,69.1532802582,69.239765,69.2104325,69.2690975,0.10440428220000086,0.0929913226000032,0.11581724179999853
a100,c0140,resources,4,1048576,SIMPLE,SIMPLE,8,8,0,108,0,17,20,100,0,True,,5.2428799999999995,205237,3,78.4793615341,78.46400022505,78.494720459,78.55991,78.54126500000001,78.572175,0.07436061609999456,0.07417085005000246,0.0774545410000016
a100,c0140,resources,4,1048576,SIMPLE,SIMPLE,8,8,0,108,0,17,20,100,0,True,,5.2428799999999995,205466,2,78.781440258,78.6816012859,78.88127923009999,78.896885,78.7775775,79.01619249999999,0.1154447420000011,0.09597621410000201,0.1349132699000002
a100,c0140,resources,4,4194304,SIMPLE,SIMPLE,8,8,0,108,0,17,20,100,0,True,,20.971519999999998,205237,3,123.586559296,123.57632160200001,123.60191822050001,123.67329,123.66162,123.68675999999999,0.08386609200000805,0.08340947350000505,0.08529839799999905
a100,c0140,resources,4,4194304,SIMPLE,SIMPLE,8,8,0,108,0,17,20,100,0,True,,20.971519999999998,205466,2,123.919363022,123.72224330899999,124.116482735,123.99545,123.79839000000001,124.19251,0.07608697800000641,0.07602726500000756,0.07614669100000526
a100,c0141,resources,4,262144,SIMPLE,SIMPLE,8,8,8,8,0,17,20,100,0,True,,1.3107199999999999,205237,3,68.2905578613,68.24447870255,68.3622384071,68.43928,68.38582,68.4765,0.13396045620000052,0.10688075165000299,0.14134129744999768
a100,c0141,resources,4,262144,SIMPLE,SIMPLE,8,8,8,8,0,17,20,100,0,True,,1.3107199999999999,205466,2,68.28543901444999,68.277758359925,68.293119668975,68.397445,68.3701675,68.4247225,0.11200598554999885,0.09240914007499867,0.13160283102499903
a100,c0141,resources,4,1048576,SIMPLE,SIMPLE,8,8,8,8,0,17,20,100,0,True,,5.2428799999999995,205237,3,78.4281587601,78.0441594124,78.43839883805,78.50769,78.12119,78.52127,0.07953123989999256,0.07703058759999948,0.08287116195000266
a100,c0141,resources,4,1048576,SIMPLE,SIMPLE,8,8,8,8,0,17,20,100,0,True,,5.2428799999999995,205466,2,77.96224117279999,77.7139210701,78.2105612755,78.07776,77.84636499999999,78.309155,0.11551882719999895,0.09859372449999526,0.13244392990000264
a100,c0141,resources,4,4194304,SIMPLE,SIMPLE,8,8,8,8,0,17,20,100,0,True,,20.971519999999998,205237,3,122.931203842,122.926082611,123.0694437025,123.06811,123.039255,123.176125,0.07919615800000201,0.07782629749999614,0.11317238900000604
a100,c0141,resources,4,4194304,SIMPLE,SIMPLE,8,8,8,8,0,17,20,100,0,True,,20.971519999999998,205466,2,123.83743763,123.5532784465,124.12159681349999,123.91494,123.632295,124.197585,0.07750237000000482,0.07598818650000538,0.07901655350000425
a100,c0142,resources,4,262144,SIMPLE,SIMPLE,8,8,16,16,0,17,20,100,0,True,,1.3107199999999999,205237,1,70.5228805542,70.5228805542,70.5228805542,70.66796,70.66796,70.66796,0.14507944579999332,0.14507944579999332,0.14507944579999332
a100,c0142,resources,4,262144,SIMPLE,SIMPLE,8,8,16,16,0,17,20,100,0,True,,1.3107199999999999,205466,4,70.6304001808,70.622720718375,70.684158802025,70.70795000000001,70.7024175,70.76122000000001,0.07861027055000136,0.0780592426499993,0.07975918830000595
a100,c0142,resources,4,1048576,SIMPLE,SIMPLE,8,8,16,16,0,17,20,100,0,True,,5.2428799999999995,205237,1,79.677438736,79.677438736,79.677438736,79.76422,79.76422,79.76422,0.08678126399999542,0.08678126399999542,0.08678126399999542
a100,c0142,resources,4,1048576,SIMPLE,SIMPLE,8,8,16,16,0,17,20,100,0,True,,5.2428799999999995,205466,4,80.0204825401,79.91040110585001,80.11776208877501,80.14415,80.0494875,80.2211475,0.11962513945000097,0.08430372880000192,0.1541257561249978
a100,c0142,resources,4,4194304,SIMPLE,SIMPLE,8,8,16,16,0,17,20,100,0,True,,20.971519999999998,205237,1,126.269435883,126.269435883,126.269435883,126.36137,126.36137,126.36137,0.09193411699999388,0.09193411699999388,0.09193411699999388
a100,c0142,resources,4,4194304,SIMPLE,SIMPLE,8,8,16,16,0,17,20,100,0,True,,20.971519999999998,205466,4,125.7318401335,125.483520031,125.83935976,125.85349,125.5800025,125.983025,0.11534581850000336,0.08539368825000437,0.14844997275000082
a100,c0143,resources,4,262144,SIMPLE,SIMPLE,8,8,32,32,0,17,20,100,0,True,,1.3107199999999999,205237,2,70.48703908920001,70.48447966575,70.48959851265,70.569335,70.5661575,70.57251249999999,0.0822959107999921,0.08167783424999087,0.08291398734999333
a100,c0143,resources,4,262144,SIMPLE,SIMPLE,8,8,32,32,0,17,20,100,0,True,,1.3107199999999999,205466,3,70.6969594955,70.6201601028,70.7379198074,70.78118,70.70033000000001,70.81906000000001,0.07805988069999614,0.07708958529999421,0.08114019260000305
a100,c0143,resources,4,1048576,SIMPLE,SIMPLE,8,8,32,32,0,17,20,100,0,True,,5.2428799999999995,205237,2,79.9539208412,79.9488008022,79.9590408802,80.10177,80.09827,80.10527,0.1478491587999997,0.14622911980000453,0.1494691977999949
a100,c0143,resources,4,1048576,SIMPLE,SIMPLE,8,8,32,32,0,17,20,100,0,True,,5.2428799999999995,205466,3,80.097284317,79.8873615265,80.1433610916,80.172,79.96986,80.227305,0.09028126399999792,0.08249847349999584,0.09172669890000407
a100,c0143,resources,4,4194304,SIMPLE,SIMPLE,8,8,32,32,0,17,20,100,0,True,,20.971519999999998,205237,2,125.634560585,125.624320507,125.644800663,125.71408,125.70278,125.72538,0.07951941500000714,0.07845949300000399,0.0805793370000103
a100,c0143,resources,4,4194304,SIMPLE,SIMPLE,8,8,32,32,0,17,20,100,0,True,,20.971519999999998,205466,3,125.521917343,125.4399967195,125.58847904199999,125.65972,125.57720499999999,125.749235,0.1378026569999946,0.13720828049999767,0.16075595800000286
a100,c0144,resources,4,262144,SIMPLE,SIMPLE,24,16,0,108,0,17,20,100,0,False,channels_unrealized,1.3107199999999999,205237,2,69.0944004059,68.83584022525,69.35296058655001,69.20440500000001,68.96055750000001,69.4482525,0.11000459409999763,0.09529191344999433,0.12471727475000094
a100,c0144,resources,4,262144,SIMPLE,SIMPLE,24,16,0,108,0,17,20,100,0,False,channels_unrealized,1.3107199999999999,205466,3,69.1507196426,69.01760101315,69.41695928569999,69.30705,69.17243500000001,69.53509,0.15333761629999287,0.11663434375000037,0.15483398685000083
a100,c0144,resources,4,1048576,SIMPLE,SIMPLE,24,22,0,108,0,17,20,100,0,False,channels_unrealized,5.2428799999999995,205237,2,72.91903972624999,72.816638946525,73.021440505975,72.99677,72.89282,73.10072,0.07773027374999941,0.07618105347500048,0.07927949402499834
a100,c0144,resources,4,1048576,SIMPLE,SIMPLE,24,22,0,108,0,17,20,100,0,False,channels_unrealized,5.2428799999999995,205466,3,72.8780794144,72.8627204895,72.91903972625,72.9657,72.94932,72.999865,0.0855784353999951,0.07980419864999533,0.08659951049999393
a100,c0144,resources,4,4194304,SIMPLE,SIMPLE,24,24,0,108,0,17,20,100,0,True,,20.971519999999998,205237,2,93.74720096589999,93.2966399193,94.1977620125,93.86766499999999,93.43655749999999,94.2987725,0.12046403409999584,0.10101048749999819,0.1399175806999935
a100,c0144,resources,4,4194304,SIMPLE,SIMPLE,24,24,0,108,0,17,20,100,0,True,,20.971519999999998,205466,3,94.7302436829,93.7369632721,94.8121595383,94.81934,93.85132999999999,94.89794499999999,0.08909631710000099,0.08578546169999868,0.11436672789999847
a100,c0145,resources,4,262144,SIMPLE,SIMPLE,24,16,8,8,0,17,20,100,0,False,channels_unrealized,1.3107199999999999,205237,2,127.6569604875,127.63392210025,127.67999887475,127.81499,127.78738,127.8426,0.15802951250000064,0.15345789974999846,0.1626011252500028
a100,c0145,resources,4,262144,SIMPLE,SIMPLE,24,16,8,8,0,17,20,100,0,False,channels_unrealized,1.3107199999999999,205466,3,128.532476425,128.220157623,128.660478592,128.64407,128.31545,128.755435,0.07899117899999908,0.07865521000000086,0.09529237699999982
a100,c0145,resources,4,1048576,SIMPLE,SIMPLE,24,22,8,8,0,17,20,100,0,False,channels_unrealized,5.2428799999999995,205237,2,194.314241409,194.2272043225,194.4012784955,194.401605,194.3126275,194.4905825,0.08736359099998481,0.08542317749999029,0.08930400449997933
a100,c0145,resources,4,1048576,SIMPLE,SIMPLE,24,22,8,8,0,17,20,100,0,False,channels_unrealized,5.2428799999999995,205466,3,195.225601196,195.0207996365,195.27168273900003,195.36747,195.13635499999998,195.386135,0.089241923000003,0.08813882049999222,0.11555536349999329
a100,c0145,resources,4,4194304,SIMPLE,SIMPLE,24,24,8,8,0,17,20,100,0,True,,20.971519999999998,205237,2,245.2787208555,245.07904052725,245.47840118375,245.36518,245.164,245.56636,0.08645914449999736,0.08495947275000049,0.08795881624999424
a100,c0145,resources,4,4194304,SIMPLE,SIMPLE,24,24,8,8,0,17,20,100,0,True,,20.971519999999998,205466,3,245.872631073,245.8060741425,246.062078476,246.03072,245.96319,246.181695,0.1561427879999826,0.11864345449998837,0.15711585749998846
a100,c0146,resources,4,262144,SIMPLE,SIMPLE,24,16,16,16,0,17,20,100,0,False,channels_unrealized,1.3107199999999999,205237,3,69.0483188629,68.94592046734999,69.09951925275,69.12661,69.02711500000001,69.17745,0.07829113709999547,0.07793074725000082,0.08119453265000232
a100,c0146,resources,4,262144,SIMPLE,SIMPLE,24,16,16,16,0,17,20,100,0,False,channels_unrealized,1.3107199999999999,205466,2,69.82656002044999,69.754879474625,69.89824056627499,69.91772,69.84848500000001,69.986955,0.09115997955000665,0.08871443372500565,0.09360552537500766
a100,c0146,resources,4,1048576,SIMPLE,SIMPLE,24,22,16,16,0,17,20,100,0,False,channels_unrealized,5.2428799999999995,205237,3,134.912004471,134.77888107299998,135.05024433149998,135.05644,134.924385,135.1647,0.14443552900002032,0.11445566850001399,0.14550392700000714
a100,c0146,resources,4,1048576,SIMPLE,SIMPLE,24,22,16,16,0,17,20,100,0,False,channels_unrealized,5.2428799999999995,205466,2,134.440960884,134.3795228005,134.5023989675,134.52380499999998,134.4597825,134.5878275,0.08284411599998975,0.08025969949999023,0.08542853249998927
a100,c0146,resources,4,4194304,SIMPLE,SIMPLE,24,24,16,16,0,17,20,100,0,True,,20.971519999999998,205237,3,170.608634949,170.4652786255,170.88511467,170.69025,170.57187,170.96383,0.081615051,0.07871533000000852,0.10659137449999889
a100,c0146,resources,4,4194304,SIMPLE,SIMPLE,24,24,16,16,0,17,20,100,0,True,,20.971519999999998,205466,2,170.035200119,169.9481630325,170.1222372055,170.183615,170.0934175,170.27381250000002,0.14841488100000788,0.1452544675000098,0.15157529450000595
a100,c0147,resources,4,262144,SIMPLE,SIMPLE,24,16,32,32,0,17,20,100,0,False,channels_unrealized,1.3107199999999999,205237,3,69.1609621048,69.03808116915,69.45280075075,69.24544,69.124105,69.53339,0.0844778951999956,0.08058924925000355,0.08602383084999587
a100,c0147,resources,4,262144,SIMPLE,SIMPLE,24,16,32,32,0,17,20,100,0,False,channels_unrealized,1.3107199999999999,205466,2,68.89472007755,68.828160762825,68.961279392275,69.03828,68.971975,69.104585,0.14355992245000238,0.14330560772500078,0.14381423717500397
a100,c0147,resources,4,1048576,SIMPLE,SIMPLE,24,22,32,32,0,17,20,100,0,False,channels_unrealized,5.2428799999999995,205237,3,72.8064012527,72.80128002165,72.91392087935,72.96641,72.95884,73.03279,0.15511120939999046,0.11642035169999332,0.1575599783499939
a100,c0147,resources,4,1048576,SIMPLE,SIMPLE,24,22,32,32,0,17,20,100,0,False,channels_unrealized,5.2428799999999995,205466,2,72.54015922549999,72.4633598328,72.6169586182,72.622685,72.5418025,72.7035675,0.08252577450000587,0.07844266720000448,0.08660888180000725
a100,c0147,resources,4,4194304,SIMPLE,SIMPLE,24,24,32,32,0,17,20,100,0,True,,20.971519999999998,205237,3,94.1875171661,93.2505607605,94.5817565918,94.26748,93.362435,94.663545,0.08361398250001173,0.08178840820001199,0.11369981380001093
a100,c0147,resources,4,4194304,SIMPLE,SIMPLE,24,24,32,32,0,17,20,100,0,True,,20.971519999999998,205466,2,94.2643165588,94.2463970184,94.2822360992,94.34622999999999,94.328095,94.36436499999999,0.081913441199994,0.08169798159999786,0.08212890079999013
a100,c0148,resources,4,262144,SIMPLE,SIMPLE,32,16,0,108,0,17,20,100,0,False,channels_unrealized,1.3107199999999999,205466,5,68.9766407013,68.8742399216,68.9868783951,69.05657,68.95396,69.05857,0.07992929869999443,0.07972007840000117,0.08008200679999788
a100,c0148,resources,4,1048576,SIMPLE,SIMPLE,32,32,0,108,0,17,20,100,0,True,,5.2428799999999995,205466,5,72.3456001282,71.8847990036,72.3865604401,72.48989,71.96397,72.56261,0.14163872309998737,0.08396965000000023,0.14428987179999808
a100,c0148,resources,4,4194304,SIMPLE,SIMPLE,32,32,0,108,0,17,20,100,0,True,,20.971519999999998,205466,5,91.6684818268,89.8969554901,92.2111988068,91.74913,90.04455,92.29045,0.08064817319998951,0.07983838619999517,0.1475945099000029
a100,c0149,resources,4,262144,SIMPLE,SIMPLE,32,16,8,8,0,17,20,100,0,False,channels_unrealized,1.3107199999999999,205237,1,126.832637787,126.832637787,126.832637787,126.98298,126.98298,126.98298,0.15034221300000183,0.15034221300000183,0.15034221300000183
a100,c0149,resources,4,262144,SIMPLE,SIMPLE,32,16,8,8,0,17,20,100,0,False,channels_unrealized,1.3107199999999999,205466,4,127.8822374345,127.71839618725,128.07424068425001,127.95793499999999,127.795675,128.15033499999998,0.07704304950000562,0.07589878099999581,0.07881983150000949
a100,c0149,resources,4,1048576,SIMPLE,SIMPLE,32,32,8,8,0,17,20,100,0,True,,5.2428799999999995,205237,1,253.624324799,253.624324799,253.624324799,253.70915,253.70915,253.70915,0.08482520100000102,0.08482520100000102,0.08482520100000102
a100,c0149,resources,4,1048576,SIMPLE,SIMPLE,32,32,8,8,0,17,20,100,0,True,,5.2428799999999995,205466,4,253.030395508,252.805118561,253.255672455,253.148445,252.9437775,253.33415250000002,0.08012949200001174,0.07882296550000945,0.1003960185000139
a100,c0149,resources,4,4194304,SIMPLE,SIMPLE,32,32,8,8,0,17,20,100,0,True,,20.971519999999998,205237,1,290.816001892,290.816001892,290.816001892,290.90198,290.90198,290.90198,0.08597810800000616,0.08597810800000616,0.08597810800000616
a100,c0149,resources,4,4194304,SIMPLE,SIMPLE,32,32,8,8,0,17,20,100,0,True,,20.971519999999998,205466,4,290.09407997150004,289.9148750305,290.20416259775004,290.23947499999997,290.047725,290.34623,0.14300093150001203,0.1264582362500022,0.14606503850001218
a100,c0150,resources,4,262144,SIMPLE,SIMPLE,32,16,16,16,0,17,20,100,0,False,channels_unrealized,1.3107199999999999,205466,5,68.8435220718,68.8025617599,69.079041481,68.96021,68.9229,69.15866,0.08216066929999499,0.07961851899999317,0.1293802673000073
a100,c0150,resources,4,1048576,SIMPLE,SIMPLE,32,32,16,16,0,17,20,100,0,True,,5.2428799999999995,205466,5,134.072322845,134.062080383,134.389762878,134.14988,134.13145,134.46899,0.07922712199999182,0.07755715499999383,0.08100301499999318
a100,c0150,resources,4,4194304,SIMPLE,SIMPLE,32,32,16,16,0,17,20,100,0,True,,20.971519999999998,205466,5,156.559362411,156.211204529,156.743679047,156.70267,156.29027,156.89013,0.14330758900001683,0.07906547099997852,0.14645095299999866
a100,c0151,resources,4,262144,SIMPLE,SIMPLE,32,16,32,32,0,17,20,100,0,False,channels_unrealized,1.3107199999999999,205237,1,69.1302394867,69.1302394867,69.1302394867,69.21287,69.21287,69.21287,0.08263051329998916,0.08263051329998916,0.08263051329998916
a100,c0151,resources,4,262144,SIMPLE,SIMPLE,32,16,32,32,0,17,20,100,0,False,channels_unrealized,1.3107199999999999,205466,4,69.07392024994999,69.05599951747499,69.204480648025,69.17971499999999,69.1324325,69.3297875,0.08609541885000027,0.08003698537500625,0.10200351792499163
a100,c0151,resources,4,1048576,SIMPLE,SIMPLE,32,32,32,32,0,17,20,100,0,True,,5.2428799999999995,205237,1,72.1510410309,72.1510410309,72.1510410309,72.30132,72.30132,72.30132,0.15027896910000038,0.15027896910000038,0.15027896910000038
a100,c0151,resources,4,1048576,SIMPLE,SIMPLE,32,32,32,32,0,17,20,100,0,True,,5.2428799999999995,205466,4,72.97536134719999,72.25088000299999,73.669121265375,73.091595,72.32485249999999,73.8082475,0.07749650484999648,0.07300116602499429,0.10136041764999959
a100,c0151,resources,4,4194304,SIMPLE,SIMPLE,32,32,32,32,0,17,20,100,0,True,,20.971519999999998,205237,1,91.7299175262,91.7299175262,91.7299175262,91.85212,91.85212,91.85212,0.1222024738000016,0.1222024738000016,0.1222024738000016
a100,c0151,resources,4,4194304,SIMPLE,SIMPLE,32,32,32,32,0,17,20,100,0,True,,20.971519999999998,205466,4,91.2128019333,90.798082351725,91.834881305675,91.32798,90.9478825,91.9161425,0.11517806670000397,0.0812611943250019,0.149800148275002
a100,c0152,threads,2,262144,LL,LL,8,8,0,108,128,4,20,100,0,True,,2.6214399999999998,205237,1,30.6585597992,30.6585597992,30.6585597992,30.73687,30.73687,30.73687,0.07831020080000073,0.07831020080000073,0.07831020080000073
a100,c0152,threads,2,262144,LL,LL,8,8,0,108,128,4,20,100,0,True,,2.6214399999999998,205466,4,30.82751989365,30.671360492675,30.9657597542,30.93561,30.74714,31.11165,0.11468965500000117,0.08237905597500106,0.14589024580000132
a100,c0152,threads,2,1048576,LL,LL,8,8,0,108,128,4,20,100,0,True,,10.485759999999999,205237,1,93.6448001862,93.6448001862,93.6448001862,93.72483,93.72483,93.72483,0.08002981379999596,0.08002981379999596,0.08002981379999596
a100,c0152,threads,2,1048576,LL,LL,8,8,0,108,128,4,20,100,0,True,,10.485759999999999,205466,4,93.85983943939999,93.721599578875,93.969919681525,93.957375,93.8097375,94.078285,0.08675450194999712,0.0816987305000012,0.10402345044999706
a100,c0152,threads,2,4194304,LL,LL,8,8,0,108,128,4,20,100,0,True,,41.943039999999996,205237,1,347.842559814,347.842559814,347.842559814,348.05796,348.05796,348.05796,0.21540018599995392,0.21540018599995392,0.21540018599995392
a100,c0152,threads,2,4194304,LL,LL,8,8,0,108,128,4,20,100,0,True,,41.943039999999996,205466,4,347.7760124205,347.735052109,347.9193687435,347.879615,347.8504825,347.998795,0.07946401399999559,0.07910927025000092,0.09160881174999247
a100,c0153,threads,2,262144,LL,LL,8,8,0,108,256,8,20,100,0,True,,2.6214399999999998,205237,1,21.0227203369,21.0227203369,21.0227203369,21.09458,21.09458,21.09458,0.0718596630999997,0.0718596630999997,0.0718596630999997
a100,c0153,threads,2,262144,LL,LL,8,8,0,108,256,8,20,100,0,True,,2.6214399999999998,205466,4,21.45280003545,21.222399473150002,21.693440079675,21.552909999999997,21.30079,21.815375,0.10010996454999876,0.07839052684999714,0.12193492032500064
a100,c0153,threads,2,1048576,LL,LL,8,8,0,108,256,8,20,100,0,True,,10.485759999999999,205237,1,54.5894384384,54.5894384384,54.5894384384,54.66962,54.66962,54.66962,0.0801815615999999,0.0801815615999999,0.0801815615999999
a100,c0153,threads,2,1048576,LL,LL,8,8,0,108,256,8,20,100,0,True,,10.485759999999999,205466,4,54.9632000923,54.814718961675,55.150082111375,55.068934999999996,54.891439999999996,55.282625,0.10132313079999733,0.07743912197499725,0.127413028074999
a100,c0153,threads,2,4194304,LL,LL,8,8,0,108,256,8,20,100,0,True,,41.943039999999996,205237,1,193.208312988,193.208312988,193.208312988,193.35887,193.35887,193.35887,0.15055701200000726,0.15055701200000726,0.15055701200000726
a100,c0153,threads,2,4194304,LL,LL,8,8,0,108,256,8,20,100,0,True,,41.943039999999996,205466,4,193.013763428,192.921600342,193.11360359225,193.10155500000002,193.00938,193.2000175,0.08739157200000136,0.08609603674999988,0.08769752900000327
a100,c0154,threads,2,262144,LL,LL,8,8,0,108,512,16,20,100,0,True,,2.6214399999999998,205237,2,18.3552002907,18.2604801655,18.449920415900003,18.465654999999998,18.3539675,18.5773425,0.11045470929999901,0.0934873344999998,0.12742208409999822
a100,c0154,threads,2,262144,LL,LL,8,8,0,108,512,16,20,100,0,True,,2.6214399999999998,205466,3,18.0326402187,18.01728010175,18.05312037465,18.11363,18.099405,18.129910000000002,0.08098978130000134,0.07678962535000089,0.08212489825000091
a100,c0154,threads,2,1048576,LL,LL,8,8,0,108,512,16,20,100,0,True,,10.485759999999999,205237,2,42.95167922975,42.903039455425,43.000319004074996,43.03268,42.98304,43.082319999999996,0.08100077025000019,0.08000054457500028,0.0820009959250001
a100,c0154,threads,2,1048576,LL,LL,8,8,0,108,512,16,20,100,0,True,,10.485759999999999,205466,3,43.2844781876,43.06432008745,43.44831943515,43.42965,43.17591,43.593615,0.145171812400001,0.11158991255000217,0.14529556484999873
a100,c0154,threads,2,4194304,LL,LL,8,8,0,108,512,16,20,100,0,True,,41.943039999999996,205237,2,134.799361229,134.63552236549998,134.96320009250002,134.914,134.732265,135.095735,0.11463877100000275,0.09674263450001064,0.13253490749999486
a100,c0154,threads,2,4194304,LL,LL,8,8,0,108,512,16,20,100,0,True,,41.943039999999996,205466,3,134.533119202,134.46144104,134.63039875049998,134.66428,134.561535,134.736415,0.08087170100000662,0.07494941150000045,0.10601624950000144
a100,c0155,threads,2,262144,LL,LL,24,22,0,108,128,4,20,100,0,False,channels_unrealized,2.6214399999999998,205237,1,19.4355201721,19.4355201721,19.4355201721,19.57926,19.57926,19.57926,0.14373982790000284,0.14373982790000284,0.14373982790000284
a100,c0155,threads,2,262144,LL,LL,24,22,0,108,128,4,20,100,0,False,channels_unrealized,2.6214399999999998,205466,4,18.73920023445,18.6649602652,18.905600011375,18.81027,18.7381125,18.9914125,0.07618980454999935,0.0703672906749997,0.09371747174999978
a100,c0155,threads,2,1048576,LL,LL,24,24,0,108,128,4,20,100,0,True,,10.485759999999999,205237,1,46.0492801666,46.0492801666,46.0492801666,46.12364,46.12364,46.12364,0.07435983340000263,0.07435983340000263,0.07435983340000263
a100,c0155,threads,2,1048576,LL,LL,24,24,0,108,128,4,20,100,0,True,,10.485759999999999,205466,4,46.08512163165,45.900801420224994,46.430721282975,46.169484999999995,45.985974999999996,46.52307,0.08436336835000091,0.08129593810000024,0.09622635870000096
a100,c0155,threads,2,4194304,LL,LL,24,24,0,108,128,4,20,100,0,True,,41.943039999999996,205237,1,142.602243423,142.602243423,142.602243423,142.68858,142.68858,142.68858,0.0863365769999973,0.0863365769999973,0.0863365769999973
a100,c0155,threads,2,4194304,LL,LL,24,24,0,108,128,4,20,100,0,True,,41.943039999999996,205466,4,142.407684326,142.38720417000002,142.42048263525,142.521775,142.47130249999998,142.5644325,0.11382436750001546,0.0899436420000086,0.13783824625000562
a100,c0156,threads,2,262144,LL,LL,24,22,0,108,256,8,20,100,0,False,channels_unrealized,2.6214399999999998,205466,5,18.0224001408,17.930239439,18.1555199623,18.14819,18.05371,18.27935,0.12383003769999945,0.12347056099999776,0.12578985920000108
a100,c0156,threads,2,1048576,LL,LL,24,24,0,108,256,8,20,100,0,True,,10.485759999999999,205466,5,40.0486421585,40.0281620026,40.2022409439,40.12989,40.11135,40.28048,0.08124784150000153,0.07823905609999571,0.08318799740000316
a100,c0156,threads,2,4194304,LL,LL,24,24,0,108,256,8,20,100,0,True,,41.943039999999996,205466,5,115.271682739,115.200004578,115.353603363,115.35764,115.27579,115.43519,0.08307371200000091,0.0815866370000009,0.08595726100000434
a100,c0157,threads,2,262144,LL,LL,24,22,0,108,512,16,20,100,0,False,channels_unrealized,2.6214399999999998,205237,2,18.0684798956,17.943039834500002,18.1939199567,18.18146,18.038985,18.323935,0.11298010439999828,0.0959451654999981,0.13001504329999847
a100,c0157,threads,2,262144,LL,LL,24,22,0,108,512,16,20,100,0,False,channels_unrealized,2.6214399999999998,205466,3,17.7766394615,17.77152001855,17.84319996835,17.85573,17.847720000000002,17.919155,0.07330942440000143,0.07306447460000065,0.07619998145000118
a100,c0157,threads,2,1048576,LL,LL,24,24,0,108,512,16,20,100,0,True,,10.485759999999999,205237,2,37.7958393097,37.770239114750005,37.82143950465,37.876535000000004,37.8493825,37.903687500000004,0.08069569029999712,0.07914338524999565,0.0822479953499986
a100,c0157,threads,2,1048576,LL,LL,24,24,0,108,512,16,20,100,0,True,,10.485759999999999,205466,3,38.3999991417,38.03647994995,38.45119953155,38.51166,38.133235,38.584255,0.11166085829999872,0.09675505004999962,0.13305546844999938
a100,c0157,threads,2,4194304,LL,LL,24,24,0,108,512,16,20,100,0,True,,41.943039999999996,205237,2,111.54943943,111.37791872,111.72096014,111.66128,111.47429500000001,111.848265,0.11184057000000536,0.09637628000000475,0.12730486000000596
a100,c0157,threads,2,4194304,LL,LL,24,24,0,108,512,16,20,100,0,True,,41.943039999999996,205466,3,111.677436829,111.646718979,111.728639603,111.755,111.72509,111.841065,0.07917887099999632,0.07837102099999527,0.1132332470000037
a100,c0158,threads,2,262144,LL,LL,32,32,0,108,128,4,20,100,0,True,,2.6214399999999998,205466,5,18.8006401062,18.7391996384,18.9644801617,18.94262,18.86858,19.10704,0.1419798938000021,0.12938036160000266,0.14255983830000218
a100,c0158,threads,2,1048576,LL,LL,32,32,0,108,128,4,20,100,0,True,,10.485759999999999,205466,5,43.5916805267,43.4790420532,43.6019182205,43.67892,43.55649,43.68313,0.07744794679999956,0.07700177949999443,0.07973056490000374
a100,c0158,threads,2,4194304,LL,LL,32,32,0,108,128,4,20,100,0,True,,41.943039999999996,205466,5,130.867204666,130.856962204,130.97984314,130.95101,130.93799,131.07067,0.08380533400000445,0.08192365600001494,0.09082685999999285
a100,c0159,threads,2,262144,LL,LL,32,32,0,108,256,8,20,100,0,True,,2.6214399999999998,205466,5,17.1827197075,17.1724796295,17.7254402637,17.25838,17.25697,17.8446,0.0844903704999993,0.07566029250000028,0.11915973629999854
a100,c0159,threads,2,1048576,LL,LL,32,32,0,108,256,8,20,100,0,True,,10.485759999999999,205466,5,38.5331201553,38.4921598434,38.6867189407,38.64602,38.5825,38.83338,0.11289984470000292,0.0907392087999952,0.14564949980000108
a100,c0159,threads,2,4194304,LL,LL,32,32,0,108,256,8,20,100,0,True,,41.943039999999996,205466,5,116.797437668,116.766719818,116.889600754,116.87687,116.84812,116.97475,0.08514924600000029,0.08140018199999588,0.09210205300000496
a100,c0160,threads,2,262144,LL,LL,32,32,0,108,512,16,20,100,0,True,,2.6214399999999998,205237,2,17.597439885150003,17.574400007725,17.620479762575002,17.741735,17.7130925,17.7703775,0.14429511484999757,0.13869249227499747,0.14989773742499768
a100,c0160,threads,2,262144,LL,LL,32,32,0,108,512,16,20,100,0,True,,2.6214399999999998,205466,3,16.9472002983,16.83968007565,17.22880005835,17.02263,16.92098,17.331825000000002,0.08717014700000192,0.08129992435000055,0.10889516430000157
a100,c0160,threads,2,1048576,LL,LL,32,32,0,108,512,16,20,100,0,True,,10.485759999999999,205237,2,36.5567994118,36.53631925585,36.57727956775,36.634100000000004,36.612235,36.655965,0.07730058819999996,0.07591574415000046,0.07868543224999947
a100,c0160,threads,2,1048576,LL,LL,32,32,0,108,512,16,20,100,0,True,,10.485759999999999,205466,3,37.0483207703,36.889600753799996,37.0790398121,37.17719,36.99564,37.21987,0.12886922970000114,0.10603924620000171,0.14083018790000068
a100,c0160,threads,2,4194304,LL,LL,32,32,0,108,512,16,20,100,0,True,,41.943039999999996,205237,2,110.6073617935,110.54336309425,110.67136049275001,110.695225,110.6335325,110.7569175,0.08786320649999624,0.08555700724999937,0.0901694057499931
a100,c0160,threads,2,4194304,LL,LL,32,32,0,108,512,16,20,100,0,True,,41.943039999999996,205466,3,110.643196106,110.5459165575,110.67903995500001,110.72653,110.625225,110.758385,0.07535619600000132,0.07531959350000506,0.07934504499999662
a100,c0161,threads,2,262144,LL128,LL128,8,8,0,108,256,8,20,100,0,True,,2.6214399999999998,205466,5,25.3644800186,25.3235197067,25.4771208763,25.44847,25.39817,25.55898,0.08185912369999926,0.0746502932999995,0.08398998140000202
a100,c0161,threads,2,1048576,LL128,LL128,8,8,0,108,256,8,20,100,0,True,,10.485759999999999,205466,5,40.3456020355,40.3456020355,40.6118392944,40.74537,40.42346,41.15215,0.1335307056000019,0.07785796449999793,0.14095004880000062
a100,c0161,threads,2,4194304,LL128,LL128,8,8,0,108,256,8,20,100,0,True,,41.943039999999996,205466,5,99.3996810913,99.205121994,99.4816017151,99.48694,99.29086,99.5687,0.08725890870000796,0.0870982849000086,0.13827258540000287
a100,c0162,threads,2,262144,LL128,LL128,8,8,0,108,512,16,20,100,0,True,,2.6214399999999998,205466,5,26.6956806183,26.6649603844,26.6956806183,26.77282,26.74897,26.77503,0.07990044040000299,0.07934938170000194,0.08400961559999942
a100,c0162,threads,2,1048576,LL128,LL128,8,8,0,108,512,16,20,100,0,True,,10.485759999999999,205466,5,41.7075204849,41.7075204849,41.7996788025,41.78738,41.78497,41.87615,0.07985951509999722,0.07744951509999964,0.08315060669999497
a100,c0162,threads,2,4194304,LL128,LL128,8,8,0,108,512,16,20,100,0,True,,41.943039999999996,205466,5,92.2931194305,92.0576000214,92.2931194305,92.415,92.18496,92.43715,0.1273599785999977,0.12188056950000714,0.14248654789999193
a100,c0163,threads,2,262144,LL128,LL128,8,8,0,108,640,20,20,100,0,True,,2.6214399999999998,205466,5,28.5798406601,28.5184001923,28.620800972,28.65505,28.60516,28.69703,0.08414050950000274,0.0762290280000002,0.0867598077000018
a100,c0163,threads,2,1048576,LL128,LL128,8,8,0,108,640,20,20,100,0,True,,10.485759999999999,205466,5,42.4140787125,42.3219203949,42.6803207397,42.48793,42.38874,42.82367,0.08514839050000234,0.07385128749999836,0.1303903188999982
a100,c0163,threads,2,4194304,LL128,LL128,8,8,0,108,640,20,20,100,0,True,,41.943039999999996,205466,5,92.8870391846,92.7641582489,93.0713558197,92.96227,92.84955,93.23618,0.08539175109999064,0.0806717510999988,0.13699109440000257
a100,c0164,threads,2,262144,LL128,LL128,24,16,0,108,256,8,20,100,0,False,channels_unrealized,2.6214399999999998,205237,2,22.507519721999998,22.471679449099998,22.5433599949,22.583255,22.5476875,22.6188225,0.0757352779999998,0.07546250509999908,0.07600805090000051
a100,c0164,threads,2,262144,LL128,LL128,24,16,0,108,256,8,20,100,0,False,channels_unrealized,2.6214399999999998,205466,3,22.5792002678,22.497279644000002,22.83007979395,22.66511,22.578744999999998,22.941589999999998,0.08590973219999753,0.08146535599999893,0.11151020604999928
a100,c0164,threads,2,1048576,LL128,LL128,24,22,0,108,256,8,20,100,0,False,channels_unrealized,10.485759999999999,205237,2,34.5855998993,34.50623989105,34.66495990755,34.697855000000004,34.5990375,34.7966725,0.11225510070000055,0.09279760894999889,0.13171259245000222
a100,c0164,threads,2,1048576,LL128,LL128,24,22,0,108,256,8,20,100,0,False,channels_unrealized,10.485759999999999,205466,3,34.2937588692,34.170879125599996,34.7391998768,34.37789,34.25165,34.8485,0.084131130800003,0.08077087440000241,0.10930012320000415
a100,c0164,threads,2,4194304,LL128,LL128,24,24,0,108,256,8,20,100,0,True,,41.943039999999996,205237,2,78.94016027455001,78.89407992367501,78.986240625425,79.05084,78.98907,79.11261,0.11067972544999805,0.09499007632499712,0.12636937457499897
a100,c0164,threads,2,4194304,LL128,LL128,24,24,0,108,256,8,20,100,0,True,,41.943039999999996,205466,3,79.359998703,79.2012786865,79.38560009004999,79.43858,79.28058,79.48938000000001,0.0800213299999939,0.0793013134999967,0.1044999264500035
a100,c0165,threads,2,262144,LL128,LL128,24,16,0,108,512,16,20,100,0,False,channels_unrealized,2.6214399999999998,205237,2,26.55231952665,26.393599510175,26.711039543124997,26.660510000000002,26.481415000000002,26.839605,0.10819047335000143,0.08781548982500187,0.12856545687500098
a100,c0165,threads,2,262144,LL128,LL128,24,16,0,108,512,16,20,100,0,False,channels_unrealized,2.6214399999999998,205466,3,26.8390393257,26.833919286700002,26.85951948165,26.98544,26.97993,27.00317,0.1456207522999975,0.14326055734999876,0.14601071329999904
a100,c0165,threads,2,1048576,LL128,LL128,24,22,0,108,512,16,20,100,0,False,channels_unrealized,10.485759999999999,205237,2,36.0089600086,35.98591983315,36.03200018405,36.097665,36.0704375,36.1248925,0.08870499140000021,0.08451766685000095,0.09289231594999947
a100,c0165,threads,2,1048576,LL128,LL128,24,22,0,108,512,16,20,100,0,False,channels_unrealized,10.485759999999999,205466,3,36.0448002815,36.0192000866,36.080640554400006,36.13318,36.10653000000001,36.161280000000005,0.08628010830000221,0.07958964050000006,0.0873299134000014
a100,c0165,threads,2,4194304,LL128,LL128,24,24,0,108,512,16,20,100,0,True,,41.943039999999996,205237,2,79.70816135404999,79.667201042175,79.749121665925,79.81862,79.76131,79.87593,0.11045864594999699,0.09410895782499651,0.12680833407499748
a100,c0165,threads,2,4194304,LL128,LL128,24,24,0,108,512,16,20,100,0,True,,41.943039999999996,205466,3,79.2063999176,79.19104099275,79.25760030744999,79.30222,79.27782,79.35272,0.09441930270000398,0.08607861740000544,0.09511969255000707
a100,c0166,threads,2,262144,LL128,LL128,24,16,0,108,640,20,20,100,0,False,channels_unrealized,2.6214399999999998,205237,2,27.970559596999998,27.927039861649998,28.01407933235,28.049695,28.002302500000003,28.0970875,0.07913540300000221,0.07526263835000258,0.08300816765000185
a100,c0166,threads,2,262144,LL128,LL128,24,16,0,108,640,20,20,100,0,False,channels_unrealized,2.6214399999999998,205466,3,28.4774398804,28.44671964645,28.48767995835,28.60807,28.584825000000002,28.61338,0.13063011960000281,0.1257000416500027,0.1381053535500012
a100,c0166,threads,2,1048576,LL128,LL128,24,22,0,108,640,20,20,100,0,False,channels_unrealized,10.485759999999999,205237,2,38.14911961555,37.967359423625,38.330879807475,38.292595,38.1060125,38.4791775,0.1434753844499994,0.13865307637500024,0.14829769252499858
a100,c0166,threads,2,1048576,LL128,LL128,24,22,0,108,640,20,20,100,0,False,channels_unrealized,10.485759999999999,205466,3,37.5500798225,37.4886393547,37.65759944915,37.64559,37.57696,37.747735,0.08476092419999759,0.08294601864999862,0.0901355508499968
a100,c0166,threads,2,4194304,LL128,LL128,24,24,0,108,640,20,20,100,0,True,,41.943039999999996,205237,2,82.08384037015,81.986558437325,82.181122302975,82.16545500000001,82.0655125,82.2653975,0.08161462985000156,0.07895406267499894,0.08427519702500419
a100,c0166,threads,2,4194304,LL128,LL128,24,24,0,108,640,20,20,100,0,True,,41.943039999999996,205466,3,82.4012756348,82.3961591721,82.43711948395,82.48225,82.47879,82.515915,0.08097436519999235,0.07879551605000046,0.08263082789999743
a100,c0167,threads,2,262144,LL128,LL128,32,16,0,108,256,8,20,100,0,False,channels_unrealized,2.6214399999999998,205466,5,22.9171204567,22.3232007027,23.121919632,23.04625,22.40741,23.26556,0.12912954329999948,0.08420929729999926,0.1436403679999998
a100,c0167,threads,2,1048576,LL128,LL128,32,32,0,108,256,8,20,100,0,True,,10.485759999999999,205466,5,34.4473600388,34.355199337,34.6828794479,34.53549,34.44071,34.77586,0.08812996120000349,0.08551066300000087,0.092980552100002
a100,c0167,threads,2,4194304,LL128,LL128,32,32,0,108,256,8,20,100,0,True,,41.943039999999996,205466,5,78.3974409103,78.3974409103,78.6022377014,78.48043,78.47724,78.68323,0.08298908969999275,0.08099229859999468,0.09327849880000372
a100,c0168,threads,2,262144,LL128,LL128,32,16,0,108,512,16,20,100,0,False,channels_unrealized,2.6214399999999998,205466,5,26.2451195717,26.1017608643,26.3065600395,26.31285,26.17377,26.38618,0.07310952559999961,0.07200913570000012,0.07961996050000053
a100,c0168,threads,2,1048576,LL128,LL128,32,32,0,108,512,16,20,100,0,True,,10.485759999999999,205466,5,36.1983990669,36.1267209053,36.2291193008,36.28085,36.203,36.30321,0.0762790947000056,0.07564932860000084,0.08018074419999976
a100,c0168,threads,2,4194304,LL128,LL128,32,32,0,108,512,16,20,100,0,True,,41.943039999999996,205466,5,80.41472435,80.41472435,80.5580806732,80.57166,80.55304,80.6936,0.13707870300000025,0.1355193268000079,0.13831564999999557
a100,c0169,threads,2,262144,LL128,LL128,32,16,0,108,640,20,20,100,0,False,channels_unrealized,2.6214399999999998,205466,5,28.5798406601,28.4876799583,28.600320816,28.7288,28.62539,28.73271,0.13771004170000012,0.13238918400000088,0.14282887209999728
a100,c0169,threads,2,1048576,LL128,LL128,32,32,0,108,640,20,20,100,0,True,,10.485759999999999,205466,5,37.7651190758,37.6422405243,37.9289603233,37.84327,37.72906,38.00499,0.08481025540000076,0.07815092419999559,0.08681947569999693
a100,c0169,threads,2,4194304,LL128,LL128,32,32,0,108,640,20,20,100,0,True,,41.943039999999996,205466,5,81.602563858,81.5411186218,81.8585586548,81.68622,81.62298,81.93851,0.08365614200000948,0.08186137820000283,0.08672555110000246
a100,c0170,threads,2,262144,SIMPLE,SIMPLE,8,8,0,108,128,5,20,100,0,True,,2.6214399999999998,205466,5,33.4745597839,32.6656007767,33.8534402847,33.60961,32.74094,33.98954,0.13505021610000512,0.07533922329999854,0.13609971529999854
a100,c0170,threads,2,1048576,SIMPLE,SIMPLE,8,8,0,108,128,5,20,100,0,True,,10.485759999999999,205466,5,48.3635187149,48.3532810211,49.2032003403,48.4415,48.42869,49.34756,0.08586792020000189,0.07798128509999458,0.12427950380000397
a100,c0170,threads,2,4194304,SIMPLE,SIMPLE,8,8,0,108,128,5,20,100,0,True,,41.943039999999996,205466,5,113.162240982,113.100795746,113.172483444,113.23858,113.17323,113.24898,0.07451456600000483,0.07243425400000092,0.07633901799999876
a100,c0171,threads,2,262144,SIMPLE,SIMPLE,8,8,0,108,256,9,20,100,0,True,,2.6214399999999998,205237,1,37.8777599335,37.8777599335,37.8777599335,38.01481,38.01481,38.01481,0.13705006649999518,0.13705006649999518,0.13705006649999518
a100,c0171,threads,2,262144,SIMPLE,SIMPLE,8,8,0,108,256,9,20,100,0,True,,2.6214399999999998,205466,4,36.500480175,36.35968029495,36.764159798625,36.575825,36.432347500000006,36.873655,0.08228064369999899,0.07841758965000167,0.1106806354749974
a100,c0171,threads,2,1048576,SIMPLE,SIMPLE,8,8,0,108,256,9,20,100,0,True,,10.485759999999999,205237,1,46.9708776474,46.9708776474,46.9708776474,47.04523,47.04523,47.04523,0.07435235259999473,0.07435235259999473,0.07435235259999473
a100,c0171,threads,2,1048576,SIMPLE,SIMPLE,8,8,0,108,256,9,20,100,0,True,,10.485759999999999,205466,4,47.52384185795,47.0707213879,47.91552186015,47.628095,47.1460425,48.0523125,0.10457839245000145,0.07564636250000056,0.13679063985000184
a100,c0171,threads,2,4194304,SIMPLE,SIMPLE,8,8,0,108,256,9,20,100,0,True,,41.943039999999996,205237,1,94.7404766083,94.7404766083,94.7404766083,94.8368,94.8368,94.8368,0.09632339169999682,0.09632339169999682,0.09632339169999682
a100,c0171,threads,2,4194304,SIMPLE,SIMPLE,8,8,0,108,256,9,20,100,0,True,,41.943039999999996,205466,4,94.7711992264,94.671356678025,94.850561618825,94.8498,94.746905,94.9467075,0.07860077360000162,0.07554832197499906,0.09614588117500489
a100,c0172,threads,2,262144,SIMPLE,SIMPLE,8,8,0,108,512,17,20,100,0,True,,2.6214399999999998,205237,1,40.4479980469,40.4479980469,40.4479980469,40.52405,40.52405,40.52405,0.07605195310000568,0.07605195310000568,0.07605195310000568
a100,c0172,threads,2,262144,SIMPLE,SIMPLE,8,8,0,108,512,17,20,100,0,True,,2.6214399999999998,205466,4,41.01631879805,40.46591877935,41.5692794323,41.116029999999995,40.5442025,41.687934999999996,0.09023497084999832,0.07904756754999909,0.10841548969999693
a100,c0172,threads,2,1048576,SIMPLE,SIMPLE,8,8,0,108,512,17,20,100,0,True,,10.485759999999999,205237,1,51.8246412277,51.8246412277,51.8246412277,51.9057,51.9057,51.9057,0.08105877230000402,0.08105877230000402,0.08105877230000402
a100,c0172,threads,2,1048576,SIMPLE,SIMPLE,8,8,0,108,512,17,20,100,0,True,,10.485759999999999,205466,4,52.41343975065,51.888641119,53.020157814,52.52524,51.97117,53.1580575,0.10659492095000189,0.082528881,0.1326943576000037
a100,c0172,threads,2,4194304,SIMPLE,SIMPLE,8,8,0,108,512,17,20,100,0,True,,41.943039999999996,205237,1,98.0889606476,98.0889606476,98.0889606476,98.23194,98.23194,98.23194,0.1429793523999905,0.1429793523999905,0.1429793523999905
a100,c0172,threads,2,4194304,SIMPLE,SIMPLE,8,8,0,108,512,17,20,100,0,True,,41.943039999999996,205466,4,97.79712200165,97.635841369625,97.97888040545,97.87403,97.7096825,98.06122,0.07865454130000415,0.07558767332500338,0.08233959455000317
a100,c0173,threads,2,262144,SIMPLE,SIMPLE,24,16,0,108,128,5,20,100,0,False,channels_unrealized,2.6214399999999998,205237,2,32.46079921725,32.168959379225,32.752639055275004,32.5671,32.25976,32.87444,0.10630078275000088,0.09080062077500095,0.1218009447250008
a100,c0173,threads,2,262144,SIMPLE,SIMPLE,24,16,0,108,128,5,20,100,0,False,channels_unrealized,2.6214399999999998,205466,3,31.7337608337,31.6723203659,32.1638405323,31.81295,31.751325,32.279250000000005,0.07918916630000084,0.07900463410000036,0.11540946770000282
a100,c0173,threads,2,1048576,SIMPLE,SIMPLE,24,22,0,108,128,5,20,100,0,False,channels_unrealized,10.485759999999999,205237,2,42.86975860595,42.621438503275,43.118078708625,42.991895,42.7236775,43.2601125,0.1221363940499991,0.10223899672500103,0.14203379137499716
a100,c0173,threads,2,1048576,SIMPLE,SIMPLE,24,22,0,108,128,5,20,100,0,False,channels_unrealized,10.485759999999999,205466,3,43.6121606827,42.8492808342,43.6428809166,43.75587,42.959235,43.77947,0.12946884950000026,0.10283393189999757,0.13658908340000053
a100,c0173,threads,2,4194304,SIMPLE,SIMPLE,24,24,0,108,128,5,20,100,0,True,,41.943039999999996,205237,2,80.27136325835,80.261123180375,80.281603336325,80.34949,80.339495,80.35948499999999,0.07812674164999578,0.07788166367499372,0.07837181962499784
a100,c0173,threads,2,4194304,SIMPLE,SIMPLE,24,24,0,108,128,5,20,100,0,True,,41.943039999999996,205466,3,80.1177597046,80.10752201080001,80.18432140350001,80.19775,80.19073,80.269735,0.08642568300000164,0.08320798919999817,0.08863129030000039
a100,c0174,threads,2,262144,SIMPLE,SIMPLE,24,16,0,108,256,9,20,100,0,False,channels_unrealized,2.6214399999999998,205237,1,35.0924801826,35.0924801826,35.0924801826,35.17884,35.17884,35.17884,0.08635981740000176,0.08635981740000176,0.08635981740000176
a100,c0174,threads,2,262144,SIMPLE,SIMPLE,24,16,0,108,256,9,20,100,0,False,channels_unrealized,2.6214399999999998,205466,4,35.0822401047,35.028479695325,35.545600056675,35.161405,35.1117575,35.6404275,0.0841054021500014,0.08080755125000394,0.10223820359999891
a100,c0174,threads,2,1048576,SIMPLE,SIMPLE,24,22,0,108,256,9,20,100,0,False,channels_unrealized,10.485759999999999,205237,1,44.9024009705,44.9024009705,44.9024009705,45.02813,45.02813,45.02813,0.12572902950000042,0.12572902950000042,0.12572902950000042
a100,c0174,threads,2,1048576,SIMPLE,SIMPLE,24,22,0,108,256,9,20,100,0,False,channels_unrealized,10.485759999999999,205466,4,43.7760019302,43.735041618325,44.070401191675,43.85797,43.8088975,44.16992,0.08498369354999724,0.07687150542499843,0.09951880832499782
a100,c0174,threads,2,4194304,SIMPLE,SIMPLE,24,24,0,108,256,9,20,100,0,True,,41.943039999999996,205237,1,81.3977622986,81.3977622986,81.3977622986,81.47762,81.47762,81.47762,0.0798577014000017,0.0798577014000017,0.0798577014000017
a100,c0174,threads,2,4194304,SIMPLE,SIMPLE,24,24,0,108,256,9,20,100,0,True,,41.943039999999996,205466,4,81.69983863830001,81.43615961075,81.948158741,81.80169000000001,81.5164625,82.0710375,0.10080921140000498,0.082089588150005,0.1200499098000023
a100,c0175,threads,2,262144,SIMPLE,SIMPLE,24,16,0,108,512,17,20,100,0,False,channels_unrealized,2.6214399999999998,205237,1,41.3491201401,41.3491201401,41.3491201401,41.47118,41.47118,41.47118,0.12205985989999846,0.12205985989999846,0.12205985989999846
a100,c0175,threads,2,262144,SIMPLE,SIMPLE,24,16,0,108,512,17,20,100,0,False,channels_unrealized,2.6214399999999998,205466,4,39.9052798748,39.866880774449996,40.243199467699995,39.98907,39.94573,40.3449325,0.08379012520000018,0.07884922555000173,0.10173303229999853
a100,c0175,threads,2,1048576,SIMPLE,SIMPLE,24,22,0,108,512,17,20,100,0,False,channels_unrealized,10.485759999999999,205237,1,48.4249591827,48.4249591827,48.4249591827,48.49342,48.49342,48.49342,0.06846081730000009,0.06846081730000009,0.06846081730000009
a100,c0175,threads,2,1048576,SIMPLE,SIMPLE,24,22,0,108,512,17,20,100,0,False,channels_unrealized,10.485759999999999,205466,4,48.271360397349994,48.2508802414,48.5760009289,48.355945,48.337705,48.67584,0.08458460265000056,0.07970702467500068,0.1069568050250016
a100,c0175,threads,2,4194304,SIMPLE,SIMPLE,24,24,0,108,512,17,20,100,0,True,,41.943039999999996,205237,1,86.6406440735,86.6406440735,86.6406440735,86.72204,86.72204,86.72204,0.08139592650000793,0.08139592650000793,0.08139592650000793
a100,c0175,threads,2,4194304,SIMPLE,SIMPLE,24,24,0,108,512,17,20,100,0,True,,41.943039999999996,205466,4,87.11680412295,86.8224024773,87.380483150475,87.226505,86.9017575,87.5227925,0.10970087704999543,0.07935502269999617,0.14230934952500007
a100,c0176,threads,2,262144,SIMPLE,SIMPLE,32,16,0,108,128,5,20,100,0,False,channels_unrealized,2.6214399999999998,205466,5,31.7440009117,31.7337608337,31.7644810677,31.81916,31.81435,31.85112,0.08263088170000188,0.08058916630000112,0.08663893230000141
a100,c0176,threads,2,1048576,SIMPLE,SIMPLE,32,32,0,108,128,5,20,100,0,True,,10.485759999999999,205466,5,42.2604799271,42.0659208298,42.4755191803,42.39285,42.13766,42.61297,0.13237007290000236,0.08957150939999536,0.1324918783999962
a100,c0176,threads,2,4194304,SIMPLE,SIMPLE,32,32,0,108,128,5,20,100,0,True,,41.943039999999996,205466,5,78.837761879,78.8275194168,79.0323209763,78.92069,78.90425,79.11095,0.07862902370000313,0.07673058320000337,0.0829281209999948
a100,c0177,threads,2,262144,SIMPLE,SIMPLE,32,16,0,108,256,9,20,100,0,False,channels_unrealized,2.6214399999999998,205237,2,36.817920208000004,36.8000006676,36.8358397484,36.949304999999995,36.9307425,36.9678675,0.13138479199999864,0.13074183239999826,0.13202775159999902
a100,c0177,threads,2,262144,SIMPLE,SIMPLE,32,16,0,108,256,9,20,100,0,False,channels_unrealized,2.6214399999999998,205466,3,35.3177595139,35.29727935795,35.8809602261,35.40607,35.379625000000004,35.988645,0.08831048609999925,0.08234564205000083,0.10768477389999731
a100,c0177,threads,2,1048576,SIMPLE,SIMPLE,32,32,0,108,256,9,20,100,0,True,,10.485759999999999,205237,2,43.97055864335,43.944958448425,43.996158838275,44.047095,44.0195175,44.0746725,0.07653635664999925,0.0745590515749992,0.0785136617249993
a100,c0177,threads,2,1048576,SIMPLE,SIMPLE,32,32,0,108,256,9,20,100,0,True,,10.485759999999999,205466,3,43.9910411835,43.9551997185,44.733440876,44.07419,44.036465,44.85134,0.08314881649999961,0.08126528149999857,0.11789912400000091
a100,c0177,threads,2,4194304,SIMPLE,SIMPLE,32,32,0,108,256,9,20,100,0,True,,41.943039999999996,205237,2,80.21503925319999,80.1612782478,80.2688002586,80.29518999999999,80.24251,80.34787,0.08015074680000112,0.0790697413999979,0.08123175220000434
a100,c0177,threads,2,4194304,SIMPLE,SIMPLE,32,32,0,108,256,9,20,100,0,True,,41.943039999999996,205466,3,80.2303981781,80.1433610916,80.4966402054,80.30846,80.22409999999999,80.60438500000001,0.08341599490000817,0.08073890840000075,0.1104218811000095
a100,c0178,threads,2,262144,SIMPLE,SIMPLE,32,16,0,108,512,17,20,100,0,False,channels_unrealized,2.6214399999999998,205466,5,39.9462389946,39.9155211449,40.0588798523,40.02769,39.99993,40.14071,0.0818301476999963,0.08145100539999817,0.08440885510000129
a100,c0178,threads,2,1048576,SIMPLE,SIMPLE,32,32,0,108,512,17,20,100,0,True,,10.485759999999999,205466,5,49.7049617767,48.8243198395,49.8585605621,49.84241,48.90351,50.00643,0.13744822329999806,0.08107125210000277,0.14745787839999736
a100,c0178,threads,2,4194304,SIMPLE,SIMPLE,32,32,0,108,512,17,20,100,0,True,,41.943039999999996,205466,5,85.7497596741,85.5449581146,86.1081600189,85.83191,85.62302,86.19562,0.08215032589998827,0.07963820860000226,0.08745998110001096
a100,c0179,threads,4,262144,LL,LL,8,8,0,108,128,4,20,100,0,True,,1.3107199999999999,205237,3,37.8675198555,37.841919660550005,37.8726398945,37.94808,37.918375,37.949985,0.07413006649999687,0.07324030044999574,0.0773451054999974
a100,c0179,threads,4,262144,LL,LL,8,8,0,108,128,4,20,100,0,True,,1.3107199999999999,205466,2,37.92384028435,37.875199913974996,37.972480654725004,38.014520000000005,37.962375,38.066665,0.09067971565000121,0.08717508602500068,0.09418434527500175
a100,c0179,threads,4,1048576,LL,LL,8,8,0,108,128,4,20,100,0,True,,5.2428799999999995,205237,3,116.213760376,116.167678833,116.213760376,116.29889,116.24879,116.326325,0.0851296240000039,0.08111116700000309,0.11256462400000089
a100,c0179,threads,4,1048576,LL,LL,8,8,0,108,128,4,20,100,0,True,,5.2428799999999995,205466,2,116.27520084400001,116.218879223,116.331522465,116.38826499999999,116.3130375,116.4634925,0.11306415599999298,0.09415827699999113,0.13197003499999482
a100,c0179,threads,4,4194304,LL,LL,8,8,0,108,128,4,20,100,0,True,,20.971519999999998,205237,3,439.377937317,439.34720993049996,439.3881607055,439.46884,439.462525,439.50869,0.15015590600000905,0.11421429450001597,0.15125668100000667
a100,c0179,threads,4,4194304,LL,LL,8,8,0,108,128,4,20,100,0,True,,20.971519999999998,205466,2,439.39840316749996,439.34208869925,439.45471763575,439.51274,439.43588,439.58959999999996,0.11433683249998694,0.09379130074998443,0.13488236424998945
a100,c0180,threads,4,262144,LL,LL,8,8,0,108,256,8,20,100,0,True,,1.3107199999999999,205237,2,26.68544054035,26.659840345425,26.711040735275,26.796925,26.7883825,26.8054675,0.11148445965000064,0.09442676472500011,0.12854215457500118
a100,c0180,threads,4,262144,LL,LL,8,8,0,108,256,8,20,100,0,True,,1.3107199999999999,205466,3,26.6444802284,26.55743956565,26.71615958215,26.72192,26.671525000000003,26.794865,0.07997106409999688,0.07870541784999929,0.11535108059999821
a100,c0180,threads,4,1048576,LL,LL,8,8,0,108,256,8,20,100,0,True,,5.2428799999999995,205237,2,67.43040084834999,67.36384153362499,67.496960163075,67.512445,67.44328250000001,67.58160749999999,0.08204415165000256,0.07944096637500664,0.08464733692499848
a100,c0180,threads,4,1048576,LL,LL,8,8,0,108,256,8,20,100,0,True,,5.2428799999999995,205466,3,67.3587179184,67.3587179184,67.40479946135,67.44285,67.440745,67.482735,0.07992208160000303,0.07583053865000267,0.08202708160000327
a100,c0180,threads,4,4194304,LL,LL,8,8,0,108,256,8,20,100,0,True,,20.971519999999998,205237,2,244.55679893500002,244.4262361525,244.6873617175,244.67028,244.524965,244.815595,0.11348106500000199,0.09872884749999855,0.12823328250000543
a100,c0180,threads,4,4194304,LL,LL,8,8,0,108,256,8,20,100,0,True,,20.971519999999998,205466,3,244.183044434,244.049921036,244.42880630500002,244.27253,244.14172,244.53193499999998,0.09411236200000417,0.09179896399999166,0.10544209299999352
a100,c0181,threads,4,262144,LL,LL,8,8,0,108,512,16,20,100,0,True,,1.3107199999999999,205237,1,22.5587201118,22.5587201118,22.5587201118,22.70038,22.70038,22.70038,0.14165988819999953,0.14165988819999953,0.14165988819999953
a100,c0181,threads,4,262144,LL,LL,8,8,0,108,512,16,20,100,0,True,,1.3107199999999999,205466,4,22.33344078065,22.3206406832,22.346240878099998,22.42875,22.416780000000003,22.436035,0.07994910240000053,0.07564914137499912,0.09492418037500183
a100,c0181,threads,4,1048576,LL,LL,8,8,0,108,512,16,20,100,0,True,,5.2428799999999995,205237,1,47.2473621368,47.2473621368,47.2473621368,47.32406,47.32406,47.32406,0.07669786320000327,0.07669786320000327,0.07669786320000327
a100,c0181,threads,4,1048576,LL,LL,8,8,0,108,512,16,20,100,0,True,,5.2428799999999995,205466,4,47.0016002655,46.7353606224,47.216639518725,47.10764,46.85928,47.314215000000004,0.10984023529999831,0.07978170030000165,0.1455136593749966
a100,c0181,threads,4,4194304,LL,LL,8,8,0,108,512,16,20,100,0,True,,20.971519999999998,205237,1,159.836158752,159.836158752,159.836158752,159.91637,159.91637,159.91637,0.08021124800001189,0.08021124800001189,0.08021124800001189
a100,c0181,threads,4,4194304,LL,LL,8,8,0,108,512,16,20,100,0,True,,20.971519999999998,205466,4,160.2099227905,160.1254439355,160.25344371775,160.29259000000002,160.206025,160.3448125,0.08266720950000206,0.08058106450001645,0.09136878224998668
a100,c0182,threads,4,262144,LL,LL,24,22,0,108,128,4,20,100,0,False,channels_unrealized,1.3107199999999999,205237,2,22.6048004627,22.58688032625,22.62272059915,22.68354,22.66791,22.699170000000002,0.0787395373000006,0.07644940084999963,0.08102967375000159
a100,c0182,threads,4,262144,LL,LL,24,22,0,108,128,4,20,100,0,False,channels_unrealized,1.3107199999999999,205466,3,22.7635192871,22.6508796215,22.809599638,22.9208,22.76851,22.965135,0.1537900110999999,0.11588502759999919,0.15553536200000018
a100,c0182,threads,4,1048576,LL,LL,24,24,0,108,128,4,20,100,0,True,,5.2428799999999995,205237,2,50.03775835035,49.835518598525,50.239998102175,50.157525,49.9355975,50.3794525,0.11976664964999983,0.10007890147499943,0.13945439782500024
a100,c0182,threads,4,1048576,LL,LL,24,24,0,108,128,4,20,100,0,True,,5.2428799999999995,205466,3,49.5411205292,49.5359992981,49.7971200943,49.62429,49.62113,49.876374999999996,0.08316947080000148,0.07925490570000093,0.08513070189999894
a100,c0182,threads,4,4194304,LL,LL,24,24,0,108,128,4,20,100,0,True,,20.971519999999998,205237,2,160.38911819449999,160.22015571575,160.55808067325,160.513295,160.32540749999998,160.70118250000002,0.12417680549999943,0.10525178424999382,0.14310182675000505
a100,c0182,threads,4,4194304,LL,LL,24,24,0,108,128,4,20,100,0,True,,20.971519999999998,205466,3,160.491523743,160.455684662,160.7577610015,160.57234,160.56322,160.84331,0.09028173999999467,0.08554899850000197,0.11226807949999795
a100,c0183,threads,4,262144,LL,LL,24,22,0,108,256,8,20,100,0,False,channels_unrealized,1.3107199999999999,205466,5,20.4902410507,20.1216006279,20.5414390564,20.61816,20.2238,20.62907,0.08859961810000172,0.07784937209999754,0.13882894929999878
a100,c0183,threads,4,1048576,LL,LL,24,24,0,108,256,8,20,100,0,True,,5.2428799999999995,205466,5,35.573759079,35.5123209953,36.5055990219,35.64944,35.58853,36.57664,0.07620900469999725,0.07568092100000001,0.07639009629999549
a100,c0183,threads,4,4194304,LL,LL,24,24,0,108,256,8,20,100,0,True,,20.971519999999998,205466,5,101.806077957,101.632003784,101.867523193,101.91613,101.71122,102.0056,0.11005204299999605,0.07921621599999185,0.13807680700000446
a100,c0184,threads,4,262144,LL,LL,24,22,0,108,512,16,20,100,0,False,channels_unrealized,1.3107199999999999,205237,2,17.9199999571,17.90464013815,17.93535977605,18.00252,17.986240000000002,18.0188,0.08252004290000059,0.08159986185000001,0.08344022395000117
a100,c0184,threads,4,262144,LL,LL,24,22,0,108,512,16,20,100,0,False,channels_unrealized,1.3107199999999999,205466,3,17.9814398289,17.930240035049998,18.022400140800002,18.12786,18.043745,18.137774999999998,0.0843295473000012,0.08245965305000169,0.11537485919999924
a100,c0184,threads,4,1048576,LL,LL,24,24,0,108,512,16,20,100,0,True,,5.2428799999999995,205237,2,31.5750396252,31.5366393328,31.6134399176,31.653444999999998,31.6179275,31.6889625,0.0784053747999991,0.07552258239999965,0.08128816719999854
a100,c0184,threads,4,1048576,LL,LL,24,24,0,108,512,16,20,100,0,True,,5.2428799999999995,205466,3,31.0374403,31.0067200661,31.08864068985,31.1653,31.136989999999997,31.192245,0.12785969999999836,0.1036043101500006,0.1302699338999993
a100,c0184,threads,4,4194304,LL,LL,24,24,0,108,512,16,20,100,0,True,,20.971519999999998,205237,2,91.3356781006,91.3126373291,91.35871887210001,91.48567,91.45809,91.51325,0.1499918993999927,0.14545267089999214,0.15453112789999324
a100,c0184,threads,4,4194304,LL,LL,24,24,0,108,512,16,20,100,0,True,,20.971519999999998,205466,3,90.9414386749,90.89024066925,90.9875202179,91.02192,90.972575,91.06941499999999,0.08330823910000618,0.0818947821000009,0.08374778775000635
a100,c0185,threads,4,262144,LL,LL,32,32,0,108,128,4,20,100,0,True,,1.3107199999999999,205466,5,19.9168002605,19.8860800266,19.9372804165,20.02201,19.99005,20.08683,0.13592997340000323,0.07472951600000144,0.1495495835000007
a100,c0185,threads,4,1048576,LL,LL,32,32,0,108,128,4,20,100,0,True,,5.2428799999999995,205466,5,40.0281620026,39.6185588837,40.458240509,40.10874,39.69564,40.53768,0.07890223209999903,0.07708111630000047,0.07943949100000225
a100,c0185,threads,4,4194304,LL,LL,32,32,0,108,128,4,20,100,0,True,,20.971519999999998,205466,5,120.821762085,120.719356537,120.965118408,120.90183,120.85915,121.10964,0.0878737750000056,0.08100750399999868,0.13979346300000373
a100,c0186,threads,4,262144,LL,LL,32,32,0,108,256,8,20,100,0,True,,1.3107199999999999,205237,1,16.8652796745,16.8652796745,16.8652796745,16.94327,16.94327,16.94327,0.07799032549999652,0.07799032549999652,0.07799032549999652
a100,c0186,threads,4,262144,LL,LL,32,32,0,108,256,8,20,100,0,True,,1.3107199999999999,205466,4,16.972799897199998,16.89856022595,17.04191952945,17.106785,17.0208725,17.177795,0.13398510279999876,0.11381537569999978,0.14437236889999827
a100,c0186,threads,4,1048576,LL,LL,32,32,0,108,256,8,20,100,0,True,,5.2428799999999995,205237,1,31.1296010017,31.1296010017,31.1296010017,31.20527,31.20527,31.20527,0.0756689982999994,0.0756689982999994,0.0756689982999994
a100,c0186,threads,4,1048576,LL,LL,32,32,0,108,256,8,20,100,0,True,,5.2428799999999995,205466,4,31.2268793583,31.170559525525,31.2524795532,31.302415,31.24708,31.327515,0.07553564170000016,0.07186268212499858,0.07969323915000093
a100,c0186,threads,4,4194304,LL,LL,32,32,0,108,256,8,20,100,0,True,,20.971519999999998,205237,1,93.7471961975,93.7471961975,93.7471961975,93.92052,93.92052,93.92052,0.17332380249999346,0.17332380249999346,0.17332380249999346
a100,c0186,threads,4,4194304,LL,LL,32,32,0,108,256,8,20,100,0,True,,20.971519999999998,205466,4,93.48608016969999,93.411836624175,93.665282726275,93.564165,93.493055,93.7600925,0.07847291625000707,0.07278795412500116,0.10362828137500912
a100,c0187,threads,4,262144,LL,LL,32,32,0,108,512,16,20,100,0,True,,1.3107199999999999,205237,4,17.52576053145,17.433600425725,17.635840475575,17.644375,17.53083,17.79126,0.14177470249999935,0.12038980822500012,0.15541952442499873
a100,c0187,threads,4,262144,LL,LL,32,32,0,108,512,16,20,100,0,True,,1.3107199999999999,205466,1,17.7356803417,17.7356803417,17.7356803417,17.87788,17.87788,17.87788,0.14219965830000092,0.14219965830000092,0.14219965830000092
a100,c0187,threads,4,1048576,LL,LL,32,32,0,108,512,16,20,100,0,True,,5.2428799999999995,205237,4,30.74559926985,30.630399584725,30.87103903295,30.82284,30.712575,30.96549,0.0832904737499991,0.07915054347499861,0.10352558244999965
a100,c0187,threads,4,1048576,LL,LL,32,32,0,108,512,16,20,100,0,True,,5.2428799999999995,205466,1,30.6790399551,30.6790399551,30.6790399551,30.7568,30.7568,30.7568,0.07776004489999977,0.07776004489999977,0.07776004489999977
a100,c0187,threads,4,4194304,LL,LL,32,32,0,108,512,16,20,100,0,True,,20.971519999999998,205237,4,88.4172773361,88.34303617477501,88.48127841944999,88.498255,88.42679,88.56115249999999,0.08387359954998885,0.08230585739999086,0.08421798402499192
a100,c0187,threads,4,4194304,LL,LL,32,32,0,108,512,16,20,100,0,True,,20.971519999999998,205466,1,88.2176017761,88.2176017761,88.2176017761,88.29075,88.29075,88.29075,0.07314822390000586,0.07314822390000586,0.07314822390000586
a100,c0188,threads,4,262144,LL128,LL128,8,8,0,108,256,8,20,100,0,True,,1.3107199999999999,205237,1,32.1535992622,32.1535992622,32.1535992622,32.23606,32.23606,32.23606,0.08246073780000529,0.08246073780000529,0.08246073780000529
a100,c0188,threads,4,262144,LL128,LL128,8,8,0,108,256,8,20,100,0,True,,1.3107199999999999,205466,4,32.307200431850006,32.19199955465,32.407040596025,32.415049999999994,32.313802499999994,32.5000175,0.10601099420000182,0.08375794537499992,0.12918333000000004
a100,c0188,threads,4,1048576,LL128,LL128,8,8,0,108,256,8,20,100,0,True,,5.2428799999999995,205237,1,52.8384017944,52.8384017944,52.8384017944,52.91213,52.91213,52.91213,0.07372820559999838,0.07372820559999838,0.07372820559999838
a100,c0188,threads,4,1048576,LL128,LL128,8,8,0,108,256,8,20,100,0,True,,5.2428799999999995,205466,4,52.80256032945,52.712960243249995,52.925440073000004,52.926005,52.7932275,53.0698325,0.0821553723000008,0.07679413297500126,0.1065762525249987
a100,c0188,threads,4,4194304,LL128,LL128,8,8,0,108,256,8,20,100,0,True,,20.971519999999998,205237,1,115.353603363,115.353603363,115.353603363,115.47277,115.47277,115.47277,0.11916663699999219,0.11916663699999219,0.11916663699999219
a100,c0188,threads,4,4194304,LL128,LL128,8,8,0,108,256,8,20,100,0,True,,20.971519999999998,205466,4,115.363841057,115.26144266125,115.3766393665,115.45173,115.35166000000001,115.46149750000001,0.08725501800000046,0.0820757977500044,0.09236574949999721
a100,c0189,threads,4,262144,LL128,LL128,8,8,0,108,512,16,20,100,0,True,,1.3107199999999999,205466,5,36.5875196457,36.4646410942,36.6489601135,36.6677,36.54567,36.73083,0.08102890580000377,0.08018035430000481,0.0818698864999945
a100,c0189,threads,4,1048576,LL128,LL128,8,8,0,108,512,16,20,100,0,True,,5.2428799999999995,205466,5,54.7123193741,54.6918392181,54.753279686,54.8633,54.77302,54.88454,0.11225168459999679,0.08118078190000233,0.13126031400000215
a100,c0189,threads,4,4194304,LL128,LL128,8,8,0,108,512,16,20,100,0,True,,20.971519999999998,205466,5,102.563838959,102.492160797,103.045120239,102.64654,102.5733,103.13237,0.08270104100000708,0.08113920300000643,0.08724976099999537
a100,c0190,threads,4,262144,LL128,LL128,8,8,0,108,640,20,20,100,0,True,,1.3107199999999999,205237,1,38.4511995316,38.4511995316,38.4511995316,38.59123,38.59123,38.59123,0.1400304684000062,0.1400304684000062,0.1400304684000062
a100,c0190,threads,4,262144,LL128,LL128,8,8,0,108,640,20,20,100,0,True,,1.3107199999999999,205466,4,38.420480489750005,38.3232009411,38.5459202528,38.499235,38.4018775,38.62202,0.07875451024999691,0.07532651167499793,0.079449794424999
a100,c0190,threads,4,1048576,LL128,LL128,8,8,0,108,640,20,20,100,0,True,,5.2428799999999995,205237,1,51.8041610718,51.8041610718,51.8041610718,51.87554,51.87554,51.87554,0.07137892819999792,0.07137892819999792,0.07137892819999792
a100,c0190,threads,4,1048576,LL128,LL128,8,8,0,108,640,20,20,100,0,True,,5.2428799999999995,205466,4,51.74783945085,51.676160097125,51.832318306000005,51.88635,51.80442,51.9685075,0.13772684170000105,0.12247139859999834,0.14119399082500195
a100,c0190,threads,4,4194304,LL128,LL128,8,8,0,108,640,20,20,100,0,True,,20.971519999999998,205237,1,102.399997711,102.399997711,102.399997711,102.48094,102.48094,102.48094,0.08094228900000644,0.08094228900000644,0.08094228900000644
a100,c0190,threads,4,4194304,LL128,LL128,8,8,0,108,640,20,20,100,0,True,,20.971519999999998,205466,4,103.0246400835,102.87104129825,103.17567825325,103.107325,102.95863750000001,103.2548325,0.08268491649999987,0.07915424675000082,0.08759620174999938
a100,c0191,threads,4,262144,LL128,LL128,24,16,0,108,256,8,20,100,0,False,channels_unrealized,1.3107199999999999,205466,5,31.1193609238,31.0681605339,31.324160099,31.19274,31.14785,31.40777,0.0796894660999996,0.07403079159999848,0.08342080369999749
a100,c0191,threads,4,1048576,LL128,LL128,24,22,0,108,256,8,20,100,0,False,channels_unrealized,5.2428799999999995,205466,5,36.6592001915,36.4032006264,36.9971203804,36.73774,36.48465,37.07849,0.08136961960000377,0.07853980850000397,0.0814493736000017
a100,c0191,threads,4,4194304,LL128,LL128,24,24,0,108,256,8,20,100,0,True,,20.971519999999998,205466,5,65.9251213074,65.8943986893,66.0172796249,66.09465,66.07963,66.18342,0.16614037509999946,0.11074872560000415,0.1695286925999966
a100,c0192,threads,4,262144,LL128,LL128,24,16,0,108,512,16,20,100,0,False,channels_unrealized,1.3107199999999999,205466,5,35.7068800926,35.4099202156,35.7478404045,35.78973,35.49214,35.82549,0.08221978439999589,0.08081978439999915,0.08284990739999643
a100,c0192,threads,4,1048576,LL128,LL128,24,22,0,108,512,16,20,100,0,False,channels_unrealized,5.2428799999999995,205466,5,40.3046417236,40.1715183258,41.1238384247,40.43768,40.32848,41.22228,0.13303827640000065,0.09844157530000075,0.15696167419999796
a100,c0192,threads,4,4194304,LL128,LL128,24,24,0,108,512,16,20,100,0,True,,20.971519999999998,205466,5,69.5705604553,69.5500802994,69.8880004883,69.65121,69.63287,70.00308,0.08064954470000885,0.0786498565999949,0.0827897006000029
a100,c0193,threads,4,262144,LL128,LL128,24,16,0,108,640,20,20,100,0,False,channels_unrealized,1.3107199999999999,205237,2,37.69855976105,37.614079713825,37.783039808275,37.813159999999996,37.709285,37.917035,0.11460023895000049,0.09520528617500013,0.13399519172500085
a100,c0193,threads,4,262144,LL128,LL128,24,16,0,108,640,20,20,100,0,False,channels_unrealized,1.3107199999999999,205466,3,37.6115202904,37.59616017345,37.688319683100005,37.72896,37.706865,37.791425000000004,0.08877092419999855,0.08101031689999871,0.11846543384999819
a100,c0193,threads,4,1048576,LL128,LL128,24,22,0,108,640,20,20,100,0,False,channels_unrealized,5.2428799999999995,205237,2,42.77760028835,42.672641277275005,42.882559299425,42.854835,42.7506325,42.9590375,0.07723471165000007,0.07647820057499999,0.07799122272500014
a100,c0193,threads,4,1048576,LL128,LL128,24,22,0,108,640,20,20,100,0,False,channels_unrealized,5.2428799999999995,205466,3,42.7519989014,42.562558651,42.777600288399995,42.82369,42.63968,42.88896,0.08255159939999857,0.07712134899999867,0.11678996200000213
a100,c0193,threads,4,4194304,LL128,LL128,24,24,0,108,640,20,20,100,0,True,,20.971519999999998,205237,2,74.93119955065,74.923518896125,74.938880205175,75.03033500000001,75.0144275,75.0462425,0.09913544935000118,0.09090860387500044,0.10736229482500192
a100,c0193,threads,4,4194304,LL128,LL128,24,24,0,108,640,20,20,100,0,True,,20.971519999999998,205466,3,75.1513576508,74.86463785174999,75.2537584305,75.29439,74.97698500000001,75.370085,0.08962078979999433,0.08564136855000015,0.11632656950000353
a100,c0194,threads,4,262144,LL128,LL128,32,16,0,108,256,8,20,100,0,False,channels_unrealized,1.3107199999999999,205237,1,31.324160099,31.324160099,31.324160099,31.40696,31.40696,31.40696,0.08279990100000134,0.08279990100000134,0.08279990100000134
a100,c0194,threads,4,262144,LL128,LL128,32,16,0,108,256,8,20,100,0,False,channels_unrealized,1.3107199999999999,205466,4,31.4880001545,31.296000480625,31.59551978115,31.573635,31.379512499999997,31.67966,0.08225468354999954,0.07906997592499998,0.0852021003499992
a100,c0194,threads,4,1048576,LL128,LL128,32,32,0,108,256,8,20,100,0,True,,5.2428799999999995,205237,1,34.6214389801,34.6214389801,34.6214389801,34.78178,34.78178,34.78178,0.16034101989999527,0.16034101989999527,0.16034101989999527
a100,c0194,threads,4,1048576,LL128,LL128,32,32,0,108,256,8,20,100,0,True,,5.2428799999999995,205466,4,34.708479642849994,34.549759626349996,34.910719990749996,34.82384999999999,34.77010249999999,35.0059475,0.14890567504999908,0.1287628271500001,0.22034287364999727
a100,c0194,threads,4,4194304,LL128,LL128,32,32,0,108,256,8,20,100,0,True,,20.971519999999998,205237,1,67.0515203476,67.0515203476,67.0515203476,67.13448,67.13448,67.13448,0.08295965239999248,0.08295965239999248,0.08295965239999248
a100,c0194,threads,4,4194304,LL128,LL128,32,32,0,108,256,8,20,100,0,True,,20.971519999999998,205466,4,66.53439998625001,66.36800050735,67.04895973205001,66.616705,66.45987249999999,67.1330775,0.08466507079999985,0.08293773942499527,0.09541207822500297
a100,c0195,threads,4,262144,LL128,LL128,32,16,0,108,512,16,20,100,0,False,channels_unrealized,1.3107199999999999,205466,5,35.7273602486,35.6966400146,35.9731197357,35.81045,35.77317,36.12947,0.08308975140000285,0.07652998540000056,0.14406012040000604
a100,c0195,threads,4,1048576,LL128,LL128,32,32,0,108,512,16,20,100,0,True,,5.2428799999999995,205466,5,39.0553593636,38.8198399544,39.9564790726,39.19368,38.90432,40.04012,0.08364092740000473,0.08203136230000041,0.08448004559999589
a100,c0195,threads,4,4194304,LL128,LL128,32,32,0,108,512,16,20,100,0,True,,20.971519999999998,205466,5,70.9939193726,70.8915185928,71.5776014328,71.07375,70.96785,71.7193,0.0798306273999998,0.07633140720000142,0.1416985672000095
a100,c0196,threads,4,262144,LL128,LL128,32,16,0,108,640,20,20,100,0,False,channels_unrealized,1.3107199999999999,205237,1,37.7139210701,37.7139210701,37.7139210701,37.79549,37.79549,37.79549,0.08156892990000131,0.08156892990000131,0.08156892990000131
a100,c0196,threads,4,262144,LL128,LL128,32,16,0,108,640,20,20,100,0,False,channels_unrealized,1.3107199999999999,205466,4,37.7958405018,37.655040621800005,37.926400303825,37.87348,37.73306,38.00105,0.07448008300000097,0.07284995477500011,0.0766597044000008
a100,c0196,threads,4,1048576,LL128,LL128,32,32,0,108,640,20,20,100,0,True,,5.2428799999999995,205237,1,41.9737577438,41.9737577438,41.9737577438,42.05589,42.05589,42.05589,0.08213225619999776,0.08213225619999776,0.08213225619999776
a100,c0196,threads,4,1048576,LL128,LL128,32,32,0,108,640,20,20,100,0,True,,5.2428799999999995,205466,4,41.687040329,41.525759696975,41.748480796825,41.80632,41.6074625,41.8844725,0.08059593504999896,0.07796609924999842,0.10104467100000036
a100,c0196,threads,4,4194304,LL128,LL128,32,32,0,108,640,20,20,100,0,True,,20.971519999999998,205237,1,72.3660802841,72.3660802841,72.3660802841,72.46334,72.46334,72.46334,0.09725971590000881,0.09725971590000881,0.09725971590000881
a100,c0196,threads,4,4194304,LL128,LL128,32,32,0,108,640,20,20,100,0,True,,20.971519999999998,205466,4,72.3404788971,72.2815978527,72.41728067400001,72.46759,72.39667,72.55258749999999,0.1271111028999954,0.11507214730000115,0.1353068259999901
a100,c0197,threads,4,262144,SIMPLE,SIMPLE,8,8,0,108,128,5,20,100,0,True,,1.3107199999999999,205237,3,59.3510389328,59.1667199135,59.4995188713,59.4289,59.242995,59.574475,0.07468910580000454,0.07337014800000219,0.07627508650000081
a100,c0197,threads,4,262144,SIMPLE,SIMPLE,8,8,0,108,128,5,20,100,0,True,,1.3107199999999999,205466,2,59.1872000694,59.0745604038,59.299839735,59.29975,59.203965,59.395535,0.11254993060000018,0.09569526500000158,0.12940459619999878
a100,c0197,threads,4,1048576,SIMPLE,SIMPLE,8,8,0,108,128,5,20,100,0,True,,5.2428799999999995,205237,3,74.9772787094,74.9414396286,75.0591993332,75.06455,75.025025,75.17877,0.08727129060000038,0.08358537139999811,0.11957066680000139
a100,c0197,threads,4,1048576,SIMPLE,SIMPLE,8,8,0,108,128,5,20,100,0,True,,5.2428799999999995,205466,2,75.26911973955,75.205119848275,75.333119630825,75.38662,75.30509,75.46815,0.11750026045000084,0.09997015172500312,0.13503036917499855
a100,c0197,threads,4,4194304,SIMPLE,SIMPLE,8,8,0,108,128,5,20,100,0,True,,20.971519999999998,205237,3,136.335363388,136.243200302,136.663041115,136.46865,136.378635,136.765975,0.13328661200000624,0.10293388499999878,0.13543469800001162
a100,c0197,threads,4,4194304,SIMPLE,SIMPLE,8,8,0,108,128,5,20,100,0,True,,20.971519999999998,205466,2,136.7500829695,136.66048288324998,136.83968305575002,136.834,136.746655,136.921345,0.08391703050000388,0.08166194425000128,0.08617211675000647
a100,c0198,threads,4,262144,SIMPLE,SIMPLE,8,8,0,108,256,9,20,100,0,True,,1.3107199999999999,205237,1,64.2457580566,64.2457580566,64.2457580566,64.32023,64.32023,64.32023,0.07447194339999896,0.07447194339999896,0.07447194339999896
a100,c0198,threads,4,262144,SIMPLE,SIMPLE,8,8,0,108,256,9,20,100,0,True,,1.3107199999999999,205466,4,63.81567955015001,63.541760444625005,64.13311958312501,63.937945,63.63764,64.278825,0.11637359494999444,0.0858209840499935,0.14987213329999527
a100,c0198,threads,4,1048576,SIMPLE,SIMPLE,8,8,0,108,256,9,20,100,0,True,,5.2428799999999995,205237,1,72.4377584457,72.4377584457,72.4377584457,72.59448,72.59448,72.59448,0.156721554300006,0.156721554300006,0.156721554300006
a100,c0198,threads,4,1048576,SIMPLE,SIMPLE,8,8,0,108,256,9,20,100,0,True,,5.2428799999999995,205466,4,73.26719999315,72.837120294575,73.70496034625,73.347335,72.932215,73.78841,0.08422909969999637,0.08140260732499627,0.10123584469999969
a100,c0198,threads,4,4194304,SIMPLE,SIMPLE,8,8,0,108,256,9,20,100,0,True,,20.971519999999998,205237,1,115.169277191,115.169277191,115.169277191,115.25214,115.25214,115.25214,0.08286280899999099,0.08286280899999099,0.08286280899999099
a100,c0198,threads,4,4194304,SIMPLE,SIMPLE,8,8,0,108,256,9,20,100,0,True,,20.971519999999998,205466,4,115.246081352,114.99776363375,115.80927848775,115.363505,115.12881999999999,115.8948375,0.08582366449999057,0.08230810199999539,0.10270729299999104
a100,c0199,threads,4,262144,SIMPLE,SIMPLE,8,8,0,108,512,17,20,100,0,True,,1.3107199999999999,205237,3,69.3657588959,69.26336050035,69.4323205948,69.44912,69.341765,69.51039,0.0734478951999904,0.07311280074998905,0.07840449964999152
a100,c0199,threads,4,262144,SIMPLE,SIMPLE,8,8,0,108,512,17,20,100,0,True,,1.3107199999999999,205466,2,69.2531180382,69.23775792125,69.26847815515,69.366365,69.36415749999999,69.3685725,0.1132469617999945,0.09567934484999441,0.13081457874999458
a100,c0199,threads,4,1048576,SIMPLE,SIMPLE,8,8,0,108,512,17,20,100,0,True,,5.2428799999999995,205237,3,78.766078949,78.6739206314,78.9094400406,78.91707,78.78908,79.024485,0.07932768620000274,0.07921327700000091,0.11515936859999698
a100,c0199,threads,4,1048576,SIMPLE,SIMPLE,8,8,0,108,512,17,20,100,0,True,,5.2428799999999995,205466,2,78.95551919935,78.819838762275,79.091199636425,79.065115,78.9449075,79.18532250000001,0.10959580065000551,0.09412286357500577,0.12506873772500526
a100,c0199,threads,4,4194304,SIMPLE,SIMPLE,8,8,0,108,512,17,20,100,0,True,,20.971519999999998,205237,3,122.900476456,122.7673578265,123.233280182,123.04408,122.912925,123.34415,0.14360354399998698,0.11086981799999762,0.14556717349999104
a100,c0199,threads,4,4194304,SIMPLE,SIMPLE,8,8,0,108,512,17,20,100,0,True,,20.971519999999998,205466,2,123.489279747,123.2051205635,123.77343893049999,123.57143500000001,123.2866125,123.8562575,0.08215525300000337,0.08149193650000441,0.08281856950000233
a100,c0200,threads,4,262144,SIMPLE,SIMPLE,24,16,0,108,128,5,20,100,0,False,channels_unrealized,1.3107199999999999,205237,1,58.4908819199,58.4908819199,58.4908819199,58.57986,58.57986,58.57986,0.08897808009999864,0.08897808009999864,0.08897808009999864
a100,c0200,threads,4,262144,SIMPLE,SIMPLE,24,16,0,108,128,5,20,100,0,False,channels_unrealized,1.3107199999999999,205466,4,58.30656051635,58.104320764575,58.580479621849996,58.422705,58.2392275,58.6614625,0.08366079269999815,0.08098287815000127,0.10242304447499784
a100,c0200,threads,4,1048576,SIMPLE,SIMPLE,24,22,0,108,128,5,20,100,0,False,channels_unrealized,5.2428799999999995,205237,1,62.2284793854,62.2284793854,62.2284793854,62.37688,62.37688,62.37688,0.14840061459999987,0.14840061459999987,0.14840061459999987
a100,c0200,threads,4,1048576,SIMPLE,SIMPLE,24,22,0,108,128,5,20,100,0,False,channels_unrealized,5.2428799999999995,205466,4,62.56639957425,62.325758934025,62.832640409425004,62.683825,62.463175,62.908257500000005,0.0756846910500002,0.07460216250000151,0.09669025934999986
a100,c0200,threads,4,4194304,SIMPLE,SIMPLE,24,24,0,108,128,5,20,100,0,True,,20.971519999999998,205237,1,83.6608028412,83.6608028412,83.6608028412,83.73879,83.73879,83.73879,0.07798715879999918,0.07798715879999918,0.07798715879999918
a100,c0200,threads,4,4194304,SIMPLE,SIMPLE,24,24,0,108,128,5,20,100,0,True,,20.971519999999998,205466,4,83.9526414871,83.71712207795,84.654080867725,84.08248,83.8832425,84.739605,0.11464198640000234,0.08552413227500111,0.15092389555000452
a100,c0201,threads,4,262144,SIMPLE,SIMPLE,24,16,0,108,256,9,20,100,0,False,channels_unrealized,1.3107199999999999,205466,5,63.2012796402,63.1091213226,63.3241605759,63.27141,63.25247,63.45696,0.08160141850000002,0.07365961299999668,0.13570942409999986
a100,c0201,threads,4,1048576,SIMPLE,SIMPLE,24,22,0,108,256,9,20,100,0,False,channels_unrealized,5.2428799999999995,205466,5,67.4201583862,67.1231985092,67.5942420959,67.49745,67.19137,67.67801,0.07729161379999994,0.0761087496999977,0.08086111300001164
a100,c0201,threads,4,4194304,SIMPLE,SIMPLE,24,24,0,108,256,9,20,100,0,True,,20.971519999999998,205466,5,86.2924766541,86.067199707,87.9820823669,86.44108,86.20984,88.07112,0.14264029299999947,0.08903763309999135,0.1486033458999998
a100,c0202,threads,4,262144,SIMPLE,SIMPLE,24,16,0,108,512,17,20,100,0,False,channels_unrealized,1.3107199999999999,205237,1,68.8947200775,68.8947200775,68.8947200775,69.04485,69.04485,69.04485,0.15012992249999968,0.15012992249999968,0.15012992249999968
a100,c0202,threads,4,262144,SIMPLE,SIMPLE,24,16,0,108,512,17,20,100,0,False,channels_unrealized,1.3107199999999999,205466,4,68.86912107469999,68.835841417325,69.032959938075,69.01308,68.9807875,69.1635725,0.1439589253000051,0.12716083227500263,0.1483978123250047
a100,c0202,threads,4,1048576,SIMPLE,SIMPLE,24,22,0,108,512,17,20,100,0,False,channels_unrealized,5.2428799999999995,205237,1,72.7449607849,72.7449607849,72.7449607849,72.83255,72.83255,72.83255,0.08758921509999595,0.08758921509999595,0.08758921509999595
a100,c0202,threads,4,1048576,SIMPLE,SIMPLE,24,22,0,108,512,17,20,100,0,False,channels_unrealized,5.2428799999999995,205466,4,72.8217601776,72.770559787725,72.832001447675,72.90829,72.855635,72.91663,0.0841093710499976,0.08099787529999602,0.08628543794999644
a100,c0202,threads,4,4194304,SIMPLE,SIMPLE,24,24,0,108,512,17,20,100,0,True,,20.971519999999998,205237,1,93.9315223694,93.9315223694,93.9315223694,94.01289,94.01289,94.01289,0.08136763059999907,0.08136763059999907,0.08136763059999907
a100,c0202,threads,4,4194304,SIMPLE,SIMPLE,24,24,0,108,512,17,20,100,0,True,,20.971519999999998,205466,4,94.67904090885,94.161918163325,94.924802780175,94.759975,94.249715,95.01199,0.085278122550001,0.07928791229999987,0.10004017560000023
a100,c0203,threads,4,262144,SIMPLE,SIMPLE,32,16,0,108,128,5,20,100,0,False,channels_unrealized,1.3107199999999999,205237,1,58.8288021088,58.8288021088,58.8288021088,58.90208,58.90208,58.90208,0.07327789120000006,0.07327789120000006,0.07327789120000006
a100,c0203,threads,4,262144,SIMPLE,SIMPLE,32,16,0,108,128,5,20,100,0,False,channels_unrealized,1.3107199999999999,205466,4,58.37311983105,58.296319246275,58.408961296049995,58.48037,58.42111,58.501485,0.10725016895000294,0.0817087039500013,0.13560575372500416
a100,c0203,threads,4,1048576,SIMPLE,SIMPLE,32,32,0,108,128,5,20,100,0,True,,5.2428799999999995,205237,1,61.8495988846,61.8495988846,61.8495988846,61.93533,61.93533,61.93533,0.08573111540000156,0.08573111540000156,0.08573111540000156
a100,c0203,threads,4,1048576,SIMPLE,SIMPLE,32,32,0,108,128,5,20,100,0,True,,5.2428799999999995,205466,4,62.0185613632,61.939201354975,62.515200376500005,62.170535,62.06245,62.660005,0.11202377180000411,0.08253272632500419,0.14557067720000205
a100,c0203,threads,4,4194304,SIMPLE,SIMPLE,32,32,0,108,128,5,20,100,0,True,,20.971519999999998,205237,1,82.6265621185,82.6265621185,82.6265621185,82.78062,82.78062,82.78062,0.15405788149999466,0.15405788149999466,0.15405788149999466
a100,c0203,threads,4,4194304,SIMPLE,SIMPLE,32,32,0,108,128,5,20,100,0,True,,20.971519999999998,205466,4,82.9440021515,82.63168096545,83.302402496325,83.01684,82.7065925,83.37588,0.07353934204999746,0.07312675690000248,0.0759637748749924
a100,c0204,threads,4,262144,SIMPLE,SIMPLE,32,16,0,108,256,9,20,100,0,False,channels_unrealized,1.3107199999999999,205466,5,63.1398391724,63.1193590164,63.3651208878,63.26669,63.20678,63.53552,0.08219842249999942,0.08124145139999683,0.14733098359999985
a100,c0204,threads,4,1048576,SIMPLE,SIMPLE,32,32,0,108,256,9,20,100,0,True,,5.2428799999999995,205466,5,65.5359983444,65.4950380325,65.8943986893,65.61403,65.56793,65.97783,0.08263843780000002,0.07803165560000025,0.08343131069999288
a100,c0204,threads,4,4194304,SIMPLE,SIMPLE,32,32,0,108,256,9,20,100,0,True,,20.971519999999998,205466,5,83.8860797882,83.875837326,85.7702445984,84.02413,83.96331,85.85215,0.09159057189999942,0.08190540159999671,0.1462196210000002
a100,c0205,threads,4,262144,SIMPLE,SIMPLE,32,16,0,108,512,17,20,100,0,False,channels_unrealized,1.3107199999999999,205466,5,69.1097593307,68.9459180832,69.2019176483,69.25885,69.03132,69.35934,0.08579135009999561,0.08540191679999509,0.14909066929999426
a100,c0205,threads,4,1048576,SIMPLE,SIMPLE,32,32,0,108,512,17,20,100,0,True,,5.2428799999999995,205466,5,72.0281600952,71.9667196274,72.2534418106,72.11898,72.10826,72.32997,0.08009990480000795,0.0791421779999979,0.1415604056000035
a100,c0205,threads,4,4194304,SIMPLE,SIMPLE,32,32,0,108,512,17,20,100,0,True,,20.971519999999998,205466,5,91.81183815,91.8015956879,91.8732833862,91.89029,91.87606,91.96263,0.08349966670000697,0.07845184999999333,0.08934661380000364
a100,c0206,timers,2,524288,LL,LL,24,22,0,108,0,16,5,20,0,False,channels_unrealized,5.2428799999999995,205237,1,24.8319998384,24.8319998384,24.8319998384,25.2627,25.2627,25.2627,0.43070016159999724,0.43070016159999724,0.43070016159999724
a100,c0206,timers,2,524288,LL,LL,24,22,0,108,0,16,5,20,0,False,channels_unrealized,5.2428799999999995,205466,4,24.8832002282,24.857600033275,24.896000325675,25.47385,25.37865,25.557775,0.6418501616499981,0.5722503565749975,0.6617746743249997
a100,c0206,timers,2,1048576,LL,LL,24,24,0,108,0,16,5,20,0,True,,10.485759999999999,205237,1,38.7584000826,38.7584000826,38.7584000826,39.4591,39.4591,39.4591,0.7006999174000015,0.7006999174000015,0.7006999174000015
a100,c0206,timers,2,1048576,LL,LL,24,24,0,108,0,16,5,20,0,True,,10.485759999999999,205466,4,38.707199692749995,38.604799658075,38.7584000826,39.09715,39.0060875,39.2217625,0.40577498674999646,0.39337550217499917,0.4870994366499968
a100,c0206,timers,2,3497984,LL,LL,24,24,0,108,0,16,5,20,0,True,,34.97984,205237,1,95.2319979668,95.2319979668,95.2319979668,95.673,95.673,95.673,0.4410020332000073,0.4410020332000073,0.4410020332000073
a100,c0206,timers,2,3497984,LL,LL,24,24,0,108,0,16,5,20,0,True,,34.97984,205466,4,95.51360011099999,95.436799526225,95.56480050085,95.931475,95.85145,96.0066125,0.4467743041999981,0.42736229155000416,0.457999596574993
a100,c0207,timers,2,524288,LL,LL,24,22,0,108,0,16,5,20,1,False,channels_unrealized,5.2428799999999995,205466,5,25.3439992666,25.1904010773,25.4464000463,25.73065,25.6204,25.8303,0.4299989227000012,0.3866507333999998,0.4299989227000012
a100,c0207,timers,2,1048576,LL,LL,24,24,0,108,0,16,5,20,1,True,,10.485759999999999,205466,5,39.3216013908,39.270401001,39.3727988005,40.02715,39.9365,40.07525,0.7024511994999969,0.666098998999999,0.705548609200001
a100,c0207,timers,2,3497984,LL,LL,24,24,0,108,0,16,5,20,1,True,,34.97984,205466,5,97.9968011379,97.9968011379,98.0480015278,98.45085,98.4453,98.45635,0.44515120119999096,0.40284847220000586,0.4484988621000099
a100,c0208,timers,2,524288,LL,LL,24,22,0,108,0,16,5,100,0,False,channels_unrealized,5.2428799999999995,205237,2,24.3763196468,24.16895925995,24.58368003365,24.492975,24.2670175,24.7189325,0.11665535320000053,0.0980582400500003,0.13525246635000077
a100,c0208,timers,2,524288,LL,LL,24,22,0,108,0,16,5,100,0,False,channels_unrealized,5.2428799999999995,205466,3,24.299519062,24.202239513400002,24.4223999977,24.38843,24.288735,24.53426,0.08891093799999794,0.08649548659999873,0.11186000229999848
a100,c0208,timers,2,1048576,LL,LL,24,24,0,108,0,16,5,100,0,True,,10.485759999999999,205237,2,37.8675210476,37.79584109785,37.93920099735,37.951935000000006,37.880922500000004,38.0229475,0.08441395240000205,0.08374650265000305,0.08508140215000104
a100,c0208,timers,2,1048576,LL,LL,24,24,0,108,0,16,5,100,0,True,,10.485759999999999,205466,3,37.9289603233,37.87263989445,38.2822406292,38.0105,37.94988,38.39604,0.08153967670000384,0.07724010555000049,0.11379937080000246
a100,c0208,timers,2,3497984,LL,LL,24,24,0,108,0,16,5,100,0,True,,34.97984,205237,2,94.74048137665,94.653441905975,94.827520847325,94.857675,94.7546475,94.9607025,0.11719362334999772,0.10120559402499296,0.13318165267500248
a100,c0208,timers,2,3497984,LL,LL,24,24,0,108,0,16,5,100,0,True,,34.97984,205466,3,94.9964809418,94.94016170505,95.1910400391,95.08154,95.024685,95.30938499999999,0.08505905820000237,0.08452329495000299,0.11834496089999647
a100,c0209,timers,2,524288,LL,LL,24,22,0,108,0,16,5,100,1,False,channels_unrealized,5.2428799999999995,205237,1,24.627199173,24.627199173,24.627199173,24.70765,24.70765,24.70765,0.08045082699999995,0.08045082699999995,0.08045082699999995
a100,c0209,timers,2,524288,LL,LL,24,22,0,108,0,16,5,100,1,False,channels_unrealized,5.2428799999999995,205466,4,24.82176065445,24.752640128124998,24.8960006237,24.90147,24.835565,24.974912500000002,0.07989471894999944,0.07909724969999932,0.08292487187499997
a100,c0209,timers,2,1048576,LL,LL,24,24,0,108,0,16,5,100,1,True,,10.485759999999999,205237,1,39.3523192406,39.3523192406,39.3523192406,39.49095,39.49095,39.49095,0.13863075939999447,0.13863075939999447,0.13863075939999447
a100,c0209,timers,2,1048576,LL,LL,24,24,0,108,0,16,5,100,1,True,,10.485759999999999,205466,4,39.157760143299996,38.79167973995,39.57760035995,39.263864999999996,38.874765,39.71223,0.10610485670000003,0.08308526004999806,0.1346296400500009
a100,c0209,timers,2,3497984,LL,LL,24,24,0,108,0,16,5,100,1,True,,34.97984,205237,1,97.0649623871,97.0649623871,97.0649623871,97.14943,97.14943,97.14943,0.08446761289999927,0.08446761289999927,0.08446761289999927
a100,c0209,timers,2,3497984,LL,LL,24,24,0,108,0,16,5,100,1,True,,34.97984,205466,4,97.5001621246,97.287683486925,97.699840068775,97.627105,97.40352,97.8205275,0.10646271945000052,0.08373197984999692,0.13231180850000257
a100,c0210,timers,2,524288,LL,LL,24,22,0,108,0,16,20,20,0,False,channels_unrealized,5.2428799999999995,205237,1,24.1664007306,24.1664007306,24.1664007306,24.5423,24.5423,24.5423,0.3758992694000014,0.3758992694000014,0.3758992694000014
a100,c0210,timers,2,524288,LL,LL,24,22,0,108,0,16,20,20,0,False,channels_unrealized,5.2428799999999995,205466,4,24.3712000549,24.20479990545,24.8576004058,24.741725000000002,24.5652625,25.33385,0.3868493950000005,0.37678704445000033,0.47624959420000135
a100,c0210,timers,2,1048576,LL,LL,24,24,0,108,0,16,20,20,0,True,,10.485759999999999,205237,1,37.9391998053,37.9391998053,37.9391998053,38.30835,38.30835,38.30835,0.36915019469999777,0.36915019469999777,0.36915019469999777
a100,c0210,timers,2,1048576,LL,LL,24,24,0,108,0,16,20,20,0,True,,10.485759999999999,205466,4,38.348799943900005,38.028800487474996,38.847999274725005,38.755475000000004,38.438500000000005,39.3355875,0.4089499998500017,0.4063135026250002,0.49324917892499975
a100,c0210,timers,2,3497984,LL,LL,24,24,0,108,0,16,20,20,0,True,,34.97984,205237,1,96.5120017529,96.5120017529,96.5120017529,97.233,97.233,97.233,0.7209982470999989,0.7209982470999989,0.7209982470999989
a100,c0210,timers,2,3497984,LL,LL,24,24,0,108,0,16,20,20,0,True,,34.97984,205466,4,95.4368025064,95.02720236775001,95.820800960025,95.962775,95.4464,96.48128750000001,0.550973273299995,0.44419841194999066,0.660486539975004
a100,c0211,timers,2,524288,LL,LL,24,22,0,108,0,16,20,20,1,False,channels_unrealized,5.2428799999999995,205466,5,24.9344006181,24.1664007306,25.0367999077,25.3699,24.55285,25.64845,0.4354993819000015,0.39565004909999857,0.6116500922999997
a100,c0211,timers,2,1048576,LL,LL,24,24,0,108,0,16,20,20,1,True,,10.485759999999999,205466,5,38.9631986618,38.8096004725,39.5263999701,39.3729,39.23065,40.2401,0.4210495274999957,0.40970133820000143,0.6597988603999951
a100,c0211,timers,2,3497984,LL,LL,24,24,0,108,0,16,20,20,1,True,,34.97984,205466,5,98.2016026974,97.8944003582,98.2527971268,98.59065,98.30655,98.7033,0.4275991394000016,0.41214964179999924,0.45050287319999427
a100,c0212,timers,2,524288,LL,LL,24,22,0,108,0,16,20,100,0,False,channels_unrealized,5.2428799999999995,205237,1,23.9513611794,23.9513611794,23.9513611794,24.02833,24.02833,24.02833,0.07696882060000121,0.07696882060000121,0.07696882060000121
a100,c0212,timers,2,524288,LL,LL,24,22,0,108,0,16,20,100,0,False,channels_unrealized,5.2428799999999995,205466,4,24.3865597248,24.089600443875,24.663039445850004,24.490975,24.1637125,24.802480000000003,0.11125978485000054,0.08095656577500066,0.13944055414999923
a100,c0212,timers,2,1048576,LL,LL,24,24,0,108,0,16,20,100,0,True,,10.485759999999999,205237,1,38.3897590637,38.3897590637,38.3897590637,38.5253,38.5253,38.5253,0.13554093630000352,0.13554093630000352,0.13554093630000352
a100,c0212,timers,2,1048576,LL,LL,24,24,0,108,0,16,20,100,0,True,,10.485759999999999,205466,4,37.84192085265,37.706241011624996,37.98784077165,37.927085000000005,37.786167500000005,38.07707,0.08281899139999993,0.0805963467250006,0.08621421405000085
a100,c0212,timers,2,3497984,LL,LL,24,24,0,108,0,16,20,100,0,True,,34.97984,205237,1,94.7404766083,94.7404766083,94.7404766083,94.82215,94.82215,94.82215,0.08167339169999366,0.08167339169999366,0.08167339169999366
a100,c0212,timers,2,3497984,LL,LL,24,24,0,108,0,16,20,100,0,True,,34.97984,205466,4,94.8275232315,94.786562919575,94.8787212372,94.93220500000001,94.891105,94.9865575,0.10468176850000788,0.08150369307500327,0.13087465015000532
a100,c0213,timers,2,524288,LL,LL,24,22,0,108,0,16,20,100,1,False,channels_unrealized,5.2428799999999995,205466,5,24.616959095,24.4428801537,24.6476793289,24.69382,24.53411,24.72968,0.0768609050000002,0.07476008030000258,0.08200067109999765
a100,c0213,timers,2,1048576,LL,LL,24,24,0,108,0,16,20,100,1,True,,10.485759999999999,205466,5,39.4547200203,39.3215990067,39.5571208,39.60286,39.45668,39.66509,0.13508099330000078,0.10796919999999943,0.1474708824000004
a100,c0213,timers,2,3497984,LL,LL,24,24,0,108,0,16,20,100,1,True,,34.97984,205466,5,97.2083187103,97.1263980865,97.2185611725,97.29412,97.20704,97.29832,0.08371222530000466,0.08064191350000272,0.0858012897000009
a100,c0214,timers,2,524288,LL128,LL128,24,16,0,108,0,20,5,20,0,False,channels_unrealized,5.2428799999999995,205237,1,31.5391987562,31.5391987562,31.5391987562,31.9346,31.9346,31.9346,0.3954012437999985,0.3954012437999985,0.3954012437999985
a100,c0214,timers,2,524288,LL128,LL128,24,16,0,108,0,20,5,20,0,False,channels_unrealized,5.2428799999999995,205466,4,31.4112007618,31.3856005669,31.449601054175,31.835375,31.793925,31.9150375,0.4069494331000012,0.40001173817500035,0.45652433565000106
a100,c0214,timers,2,1048576,LL128,LL128,24,22,0,108,0,20,5,20,0,False,channels_unrealized,10.485759999999999,205237,1,38.2463991642,38.2463991642,38.2463991642,38.7016,38.7016,38.7016,0.4552008357999995,0.4552008357999995,0.4552008357999995
a100,c0214,timers,2,1048576,LL128,LL128,24,22,0,108,0,20,5,20,0,False,channels_unrealized,10.485759999999999,205466,4,38.29759955405,38.169599324425,38.5792002082,38.9734,38.7595125,39.299875,0.6758004459499958,0.5899131755749956,0.7206747917999969
a100,c0214,timers,2,3497984,LL128,LL128,24,24,0,108,0,20,5,20,0,True,,34.97984,205237,1,72.4991977215,72.4991977215,72.4991977215,73.16155,73.16155,73.16155,0.6623522785000091,0.6623522785000091,0.6623522785000091
a100,c0214,timers,2,3497984,LL128,LL128,24,24,0,108,0,20,5,20,0,True,,34.97984,205466,4,72.3200023174,72.2048014402,72.43520170447499,72.75855,72.629925,72.8916875,0.4475756628499923,0.4369884833749964,0.4536488521999935
a100,c0215,timers,2,524288,LL128,LL128,24,16,0,108,0,20,5,20,1,False,channels_unrealized,5.2428799999999995,205237,1,31.9487988949,31.9487988949,31.9487988949,32.52775,32.52775,32.52775,0.5789511050999963,0.5789511050999963,0.5789511050999963
a100,c0215,timers,2,524288,LL128,LL128,24,16,0,108,0,20,5,20,1,False,channels_unrealized,5.2428799999999995,205466,4,32.1536004543,32.102400064449995,32.396800070975,32.598349999999996,32.5845875,32.9189625,0.5471503254000005,0.4309870457000038,0.6757635985749975
a100,c0215,timers,2,1048576,LL128,LL128,24,22,0,108,0,20,5,20,1,False,channels_unrealized,10.485759999999999,205237,1,38.4512007236,38.4512007236,38.4512007236,38.87795,38.87795,38.87795,0.4267492763999954,0.4267492763999954,0.4267492763999954
a100,c0215,timers,2,1048576,LL128,LL128,24,22,0,108,0,20,5,20,1,False,channels_unrealized,10.485759999999999,205466,4,38.5792002082,38.4640008211,38.719999790225,38.987674999999996,38.874575,39.1944625,0.4224253765999997,0.41091274445000003,0.4880747290249996
a100,c0215,timers,2,3497984,LL128,LL128,24,24,0,108,0,20,5,20,1,True,,34.97984,205237,1,73.7792015076,73.7792015076,73.7792015076,74.21515,74.21515,74.21515,0.43594849239998723,0.43594849239998723,0.43594849239998723
a100,c0215,timers,2,3497984,LL128,LL128,24,24,0,108,0,20,5,20,1,True,,34.97984,205466,4,73.75360131265,73.71520102022501,73.856000602275,74.18255,74.13096250000001,74.3324625,0.428948687350001,0.415761479775,0.4764618977249988
a100,c0216,timers,2,524288,LL128,LL128,24,16,0,108,0,20,5,100,0,False,channels_unrealized,5.2428799999999995,205237,1,30.8838391304,30.8838391304,30.8838391304,30.9578,30.9578,30.9578,0.07396086960000048,0.07396086960000048,0.07396086960000048
a100,c0216,timers,2,524288,LL128,LL128,24,16,0,108,0,20,5,100,0,False,channels_unrealized,5.2428799999999995,205466,4,31.016958951950002,30.845439434075,31.2755191326,31.136695000000003,30.9322975,31.425400000000003,0.11973604805000093,0.0868580659250009,0.14988086740000117
a100,c0216,timers,2,1048576,LL128,LL128,24,22,0,108,0,20,5,100,0,False,channels_unrealized,10.485759999999999,205237,1,37.5295996666,37.5295996666,37.5295996666,37.60863,37.60863,37.60863,0.07903033339999865,0.07903033339999865,0.07903033339999865
a100,c0216,timers,2,1048576,LL128,LL128,24,22,0,108,0,20,5,100,0,False,channels_unrealized,10.485759999999999,205466,4,37.89824008945,37.567999959025,38.2489603758,38.015055000000004,37.6481725,38.40273,0.11743959870000253,0.08247773592500174,0.15208911740000097
a100,c0216,timers,2,3497984,LL128,LL128,24,24,0,108,0,20,5,100,0,True,,34.97984,205237,1,72.7347183228,72.7347183228,72.7347183228,72.88276,72.88276,72.88276,0.1480416771999984,0.1480416771999984,0.1480416771999984
a100,c0216,timers,2,3497984,LL128,LL128,24,24,0,108,0,20,5,100,0,True,,34.97984,205466,4,71.82336091995,71.677440404875,71.861760616325,71.909865,71.7608225,71.94912,0.08650408005000543,0.08299924420000337,0.08774223460000385
a100,c0217,timers,2,524288,LL128,LL128,24,16,0,108,0,20,5,100,1,False,channels_unrealized,5.2428799999999995,205237,3,31.7644810677,31.65696024895,31.9795203209,31.8388,31.73866,32.080420000000004,0.08908056980000012,0.08169975104999949,0.10828049785000182
a100,c0217,timers,2,524288,LL128,LL128,24,16,0,108,0,20,5,100,1,False,channels_unrealized,5.2428799999999995,205466,2,31.8003201485,31.5520000458,32.0486402512,31.909335,31.6453775,32.1732925,0.10901485149999957,0.09337745419999877,0.12465224880000036
a100,c0217,timers,2,1048576,LL128,LL128,24,22,0,108,0,20,5,100,1,False,channels_unrealized,10.485759999999999,205237,3,38.4511995316,38.225920200350004,38.57919931415,38.57619,38.332625,38.705095,0.12499046840000005,0.10670479965000013,0.12589568585000066
a100,c0217,timers,2,1048576,LL128,LL128,24,22,0,108,0,20,5,100,1,False,channels_unrealized,10.485759999999999,205466,2,38.072320222849996,37.949439883225,38.195200562475,38.162585,38.0387475,38.2864225,0.0902647771500007,0.08930761677500065,0.09122193752500074
a100,c0217,timers,2,3497984,LL128,LL128,24,24,0,108,0,20,5,100,1,True,,34.97984,205237,3,73.0931186676,72.99583911894999,73.2518386841,73.17391,73.082835,81.354885,0.09320042970000486,0.086995881050008,8.109250864549999
a100,c0217,timers,2,3497984,LL128,LL128,24,24,0,108,0,20,5,100,1,True,,34.97984,205466,2,73.59488010404999,73.461759090425,73.72800111767499,73.71114,73.56175,73.86053,0.11625989595000163,0.09999090957500201,0.13252888232500126
a100,c0218,timers,2,524288,LL128,LL128,24,16,0,108,0,20,20,20,0,False,channels_unrealized,5.2428799999999995,205466,5,31.4880013466,31.2831997871,31.5903991461,31.8785,31.65755,32.33885,0.39925035149999744,0.3904986533999981,0.7215997969000014
a100,c0218,timers,2,1048576,LL128,LL128,24,22,0,108,0,20,20,20,0,False,channels_unrealized,10.485759999999999,205466,5,38.0928009748,37.6320004463,38.1951987743,38.66105,38.0153,38.7482,0.4658512256999998,0.43449994350000054,0.6553990251999977
a100,c0218,timers,2,3497984,LL128,LL128,24,24,0,108,0,20,20,20,0,True,,34.97984,205466,5,72.3968029022,71.9359993935,72.6015985012,72.8219,72.35155,73.0559,0.4250970978000055,0.4155506065000054,0.4543014987999925
a100,c0219,timers,2,524288,LL128,LL128,24,16,0,108,0,20,20,20,1,False,channels_unrealized,5.2428799999999995,205237,2,32.742398977250005,32.550399005375,32.934398949125004,33.393150000000006,33.19565,33.590650000000004,0.6507510227500006,0.6452509946250018,0.6562510508749995
a100,c0219,timers,2,524288,LL128,LL128,24,16,0,108,0,20,20,20,1,False,channels_unrealized,5.2428799999999995,205466,3,32.0511996746,31.64159953595,32.1280002594,32.43805,32.031025,32.628675,0.3920006026999978,0.38942546404999767,0.5032498792499975
a100,c0219,timers,2,1048576,LL128,LL128,24,22,0,108,0,20,20,20,1,False,channels_unrealized,10.485759999999999,205237,2,38.80960047245,38.758400082575,38.860800862325,39.25095,39.190725,39.311175,0.441349527549999,0.4323249174249977,0.45037413767500034
a100,c0219,timers,2,1048576,LL128,LL128,24,22,0,108,0,20,20,20,1,False,channels_unrealized,10.485759999999999,205466,3,38.3487999439,38.1439998746,38.65599930285,38.7858,38.55285,39.0811,0.4132013381999968,0.39695076644999716,0.42510069715000043
a100,c0219,timers,2,3497984,LL128,LL128,24,24,0,108,0,20,20,20,1,True,,34.97984,205237,2,73.2671976089,73.2671976089,73.2671976089,73.675825,73.6699375,73.6817125,0.4086273910999978,0.40273989109999775,0.41451489109999784
a100,c0219,timers,2,3497984,LL128,LL128,24,24,0,108,0,20,20,20,1,True,,34.97984,205466,3,73.9839971066,73.907199502,74.00959730150001,74.66545,74.4826,74.744375,0.6814528934000066,0.5754004980000076,0.7347776985000039
a100,c0220,timers,2,524288,LL128,LL128,24,16,0,108,0,20,20,100,0,False,channels_unrealized,5.2428799999999995,205466,5,30.8428788185,30.8121609688,30.8531188965,30.91901,30.90849,30.92243,0.0761311814999992,0.0693111034999987,0.07812075869999902
a100,c0220,timers,2,1048576,LL128,LL128,24,22,0,108,0,20,20,100,0,False,channels_unrealized,10.485759999999999,205466,5,38.0006408691,37.6934409142,38.1132793427,38.1136,37.77224,38.25026,0.11295913089999488,0.07879908579999295,0.13698065730000053
a100,c0220,timers,2,3497984,LL128,LL128,24,24,0,108,0,20,20,100,0,True,,34.97984,205466,5,72.1920013428,71.8643188477,72.407040596,72.32286,71.94414,72.48387,0.08427087340000128,0.0798211522999992,0.12824909210000612
a100,c0221,timers,2,524288,LL128,LL128,24,16,0,108,0,20,20,100,1,False,channels_unrealized,5.2428799999999995,205237,1,31.6006398201,31.6006398201,31.6006398201,31.68691,31.68691,31.68691,0.08627017990000141,0.08627017990000141,0.08627017990000141
a100,c0221,timers,2,524288,LL128,LL128,24,16,0,108,0,20,20,100,1,False,channels_unrealized,5.2428799999999995,205466,4,31.61599993705,31.5238392353,31.715840697275002,31.689754999999998,31.5959,31.7934575,0.07673514094999945,0.07504084270000178,0.07761680272499749
a100,c0221,timers,2,1048576,LL128,LL128,24,22,0,108,0,20,20,100,1,False,channels_unrealized,10.485759999999999,205237,1,38.5843205452,38.5843205452,38.5843205452,38.72678,38.72678,38.72678,0.14245945479999733,0.14245945479999733,0.14245945479999733
a100,c0221,timers,2,1048576,LL128,LL128,24,22,0,108,0,20,20,100,1,False,channels_unrealized,10.485759999999999,205466,4,38.5945606232,38.4255999327,38.69952082635,38.730835,38.5440675,38.8392225,0.13288006209999992,0.11846756729999619,0.13630735895000257
a100,c0221,timers,2,3497984,LL128,LL128,24,24,0,108,0,20,20,100,1,True,,34.97984,205237,1,73.2057619095,73.2057619095,73.2057619095,73.28542,73.28542,73.28542,0.07965809050000416,0.07965809050000416,0.07965809050000416
a100,c0221,timers,2,3497984,LL128,LL128,24,24,0,108,0,20,20,100,1,True,,34.97984,205466,4,73.59488010404999,73.323520421975,73.79199981687499,73.67135999999999,73.3975025,73.8840225,0.07647989595000126,0.07398207802499357,0.09202268312500905
a100,c0222,timers,2,524288,SIMPLE,SIMPLE,24,16,0,108,0,17,5,20,0,False,channels_unrealized,5.2428799999999995,205237,1,45.0560003519,45.0560003519,45.0560003519,45.81035,45.81035,45.81035,0.7543496480999963,0.7543496480999963,0.7543496480999963
a100,c0222,timers,2,524288,SIMPLE,SIMPLE,24,16,0,108,0,17,5,20,0,False,channels_unrealized,5.2428799999999995,205466,4,43.98079961535,43.916800618150006,44.083198904975,44.533625,44.3991125,44.654237499999994,0.47602479979999757,0.4100747651499983,0.5664751268749963
a100,c0222,timers,2,1048576,SIMPLE,SIMPLE,24,22,0,108,0,17,5,20,0,False,channels_unrealized,10.485759999999999,205237,1,50.1248002052,50.1248002052,50.1248002052,50.53145,50.53145,50.53145,0.4066497947999963,0.4066497947999963,0.4066497947999963
a100,c0222,timers,2,1048576,SIMPLE,SIMPLE,24,22,0,108,0,17,5,20,0,False,channels_unrealized,10.485759999999999,205466,4,50.1504004002,50.04799962045,50.24000108245,50.5828,50.478975,50.731337499999995,0.43474998969999845,0.43332576945000056,0.4913364175499968
a100,c0222,timers,2,3497984,SIMPLE,SIMPLE,24,24,0,108,0,17,5,20,0,True,,34.97984,205237,1,79.0015995502,79.0015995502,79.0015995502,79.359,79.359,79.359,0.3574004497999965,0.3574004497999965,0.3574004497999965
a100,c0222,timers,2,3497984,SIMPLE,SIMPLE,24,24,0,108,0,17,5,20,0,True,,34.97984,205466,4,79.4367998838,79.385602474175,79.66719716785,79.961675,79.7728,80.3547,0.5248751161999934,0.3871975258249982,0.6875028321499919
a100,c0223,timers,2,524288,SIMPLE,SIMPLE,24,16,0,108,0,17,5,20,1,False,channels_unrealized,5.2428799999999995,205466,5,44.3392008543,44.2880004644,44.3904012442,44.8109,44.7007,45.0033,0.42049875579999707,0.41269953559999806,0.6640991456999998
a100,c0223,timers,2,1048576,SIMPLE,SIMPLE,24,22,0,108,0,17,5,20,1,False,channels_unrealized,10.485759999999999,205466,5,50.5343973637,50.4320025444,50.6879985332,51.06545,51.06495,51.1912,0.6329474556000037,0.37745146679999664,0.6343491276000037
a100,c0223,timers,2,3497984,SIMPLE,SIMPLE,24,24,0,108,0,17,5,20,1,True,,34.97984,205466,5,80.1792025566,80.1280021667,80.2304029465,80.63295,80.55335,80.6395,0.4238497826000014,0.40909705349999115,0.4253478332999947
a100,c0224,timers,2,524288,SIMPLE,SIMPLE,24,16,0,108,0,17,5,100,0,False,channels_unrealized,5.2428799999999995,205237,1,43.80671978,43.80671978,43.80671978,43.95546,43.95546,43.95546,0.14874022000000053,0.14874022000000053,0.14874022000000053
a100,c0224,timers,2,524288,SIMPLE,SIMPLE,24,16,0,108,0,17,5,100,0,False,channels_unrealized,5.2428799999999995,205466,4,42.5215983391,42.44735956195,42.913278341275,42.60636,42.535395,43.007810000000006,0.08496990049999908,0.07873470559999873,0.1040406307749997
a100,c0224,timers,2,1048576,SIMPLE,SIMPLE,24,22,0,108,0,17,5,100,0,False,channels_unrealized,10.485759999999999,205237,1,48.3839988708,48.3839988708,48.3839988708,48.4792,48.4792,48.4792,0.09520112919999946,0.09520112919999946,0.09520112919999946
a100,c0224,timers,2,1048576,SIMPLE,SIMPLE,24,22,0,108,0,17,5,100,0,False,channels_unrealized,10.485759999999999,205466,4,48.4352016449,48.3814406395,48.857601881025,48.51345,48.462019999999995,48.9477675,0.08113005399999906,0.07913851105000091,0.09448816732499843
a100,c0224,timers,2,3497984,SIMPLE,SIMPLE,24,24,0,108,0,17,5,100,0,True,,34.97984,205237,1,77.5782394409,77.5782394409,77.5782394409,77.66617,77.66617,77.66617,0.0879305590999877,0.0879305590999877,0.0879305590999877
a100,c0224,timers,2,3497984,SIMPLE,SIMPLE,24,24,0,108,0,17,5,100,0,True,,34.97984,205466,4,77.81888008115,77.42976069449999,78.28735947605,77.92562000000001,77.51608,78.4213225,0.10673991885000333,0.08631930550000533,0.13396302395000248
a100,c0225,timers,2,524288,SIMPLE,SIMPLE,24,16,0,108,0,17,5,100,1,False,channels_unrealized,5.2428799999999995,205237,1,42.8236818314,42.8236818314,42.8236818314,42.90013,42.90013,42.90013,0.07644816859999537,0.07644816859999537,0.07644816859999537
a100,c0225,timers,2,524288,SIMPLE,SIMPLE,24,16,0,108,0,17,5,100,1,False,channels_unrealized,5.2428799999999995,205466,4,43.5660791397,42.887678146325,44.193279743225006,43.66815,42.964995,44.322165,0.10619163999999515,0.08172718202499496,0.12859570812499754
a100,c0225,timers,2,1048576,SIMPLE,SIMPLE,24,22,0,108,0,17,5,100,1,False,channels_unrealized,10.485759999999999,205237,1,50.2067184448,50.2067184448,50.2067184448,50.36201,50.36201,50.36201,0.1552915551999945,0.1552915551999945,0.1552915551999945
a100,c0225,timers,2,1048576,SIMPLE,SIMPLE,24,22,0,108,0,17,5,100,1,False,channels_unrealized,10.485759999999999,205466,4,48.947200775149994,48.757759332675,49.512962102875,49.0343,48.84155,49.607585,0.08709922485000021,0.08379066732500107,0.09462289712499938
a100,c0225,timers,2,3497984,SIMPLE,SIMPLE,24,24,0,108,0,17,5,100,1,True,,34.97984,205237,1,78.3052778244,78.3052778244,78.3052778244,78.38174,78.38174,78.38174,0.07646217559999968,0.07646217559999968,0.07646217559999968
a100,c0225,timers,2,3497984,SIMPLE,SIMPLE,24,24,0,108,0,17,5,100,1,True,,34.97984,205466,4,78.61759901045,78.42047929762501,78.91967892645,78.695955,78.49849750000001,79.01444000000001,0.07835598955000478,0.07703602855000469,0.09574324737500461
a100,c0226,timers,2,524288,SIMPLE,SIMPLE,24,16,0,108,0,17,20,20,0,False,channels_unrealized,5.2428799999999995,205237,1,44.9535995722,44.9535995722,44.9535995722,45.68255,45.68255,45.68255,0.728950427800001,0.728950427800001,0.728950427800001
a100,c0226,timers,2,524288,SIMPLE,SIMPLE,24,16,0,108,0,17,20,20,0,False,channels_unrealized,5.2428799999999995,205466,4,43.51999908685,42.84159988165,44.044798612575,43.938975,43.2550375,44.49405,0.4189759131499997,0.40702597597499945,0.4556630297999984
a100,c0226,timers,2,1048576,SIMPLE,SIMPLE,24,22,0,108,0,17,20,20,0,False,channels_unrealized,10.485759999999999,205237,1,48.4863996506,48.4863996506,48.4863996506,48.9053,48.9053,48.9053,0.41890034939999765,0.41890034939999765,0.41890034939999765
a100,c0226,timers,2,1048576,SIMPLE,SIMPLE,24,22,0,108,0,17,20,20,0,False,channels_unrealized,10.485759999999999,205466,4,50.0992000103,49.753599613925005,50.137600302675004,50.6875,50.2752,50.7466,0.552599599849998,0.4447998013000003,0.6500998922499956
a100,c0226,timers,2,3497984,SIMPLE,SIMPLE,24,24,0,108,0,17,20,20,0,True,,34.97984,205237,1,78.2335996628,78.2335996628,78.2335996628,78.6301,78.6301,78.6301,0.39650033719999556,0.39650033719999556,0.39650033719999556
a100,c0226,timers,2,3497984,SIMPLE,SIMPLE,24,24,0,108,0,17,20,20,0,True,,34.97984,205466,4,77.92640030385,77.439999580375,78.912000358125,78.34732500000001,77.831975,79.44030000000001,0.42092469615000283,0.39197541962499827,0.5282996418750052
a100,c0227,timers,2,524288,SIMPLE,SIMPLE,24,16,0,108,0,17,20,20,1,False,channels_unrealized,5.2428799999999995,205237,3,44.083198905,44.05759871005,44.36479955910001,44.5344,44.503074999999995,44.936925,0.4512010949999947,0.44547628994999755,0.5721254408999954
a100,c0227,timers,2,524288,SIMPLE,SIMPLE,24,16,0,108,0,17,20,20,1,False,channels_unrealized,5.2428799999999995,205466,2,43.49439889195,43.020799011025,43.967998772875,43.9059,43.408575,44.403225000000006,0.41150110805000395,0.38777598897500454,0.43522622712500336
a100,c0227,timers,2,1048576,SIMPLE,SIMPLE,24,22,0,108,0,17,20,20,1,False,channels_unrealized,10.485759999999999,205237,3,50.6879985332,49.91999864575,50.739198923100005,51.41665,50.473825,51.435424999999995,0.6262506869999953,0.5026259643499955,0.6962260768999968
a100,c0227,timers,2,1048576,SIMPLE,SIMPLE,24,22,0,108,0,17,20,20,1,False,channels_unrealized,10.485759999999999,205466,2,50.892801582800004,50.35520121455,51.43040195105,51.473749999999995,50.8513,52.096199999999996,0.5809484171999983,0.4960987854499983,0.6657980489499984
a100,c0227,timers,2,3497984,SIMPLE,SIMPLE,24,24,0,108,0,17,20,20,1,True,,34.97984,205237,3,78.8479983807,78.5151988268,79.41119968895,79.26535,78.921175,79.843975,0.41735161929999265,0.40597617319999557,0.4327753110500012
a100,c0227,timers,2,3497984,SIMPLE,SIMPLE,24,24,0,108,0,17,20,20,1,True,,34.97984,205466,2,79.76959943775,79.078400135075,80.46079874042499,80.318375,79.53811250000001,81.0986375,0.5487755622500075,0.4597123649250072,0.6378387595750077
a100,c0228,timers,2,524288,SIMPLE,SIMPLE,24,16,0,108,0,17,20,100,0,False,channels_unrealized,5.2428799999999995,205237,1,42.3833608627,42.3833608627,42.3833608627,42.4731,42.4731,42.4731,0.0897391373000005,0.0897391373000005,0.0897391373000005
a100,c0228,timers,2,524288,SIMPLE,SIMPLE,24,16,0,108,0,17,20,100,0,False,channels_unrealized,5.2428799999999995,205466,4,43.0438399315,42.41663932805,43.64032030105,43.15381,42.495995,43.774855,0.09892114359999837,0.07935567194999749,0.12348577404999972
a100,c0228,timers,2,1048576,SIMPLE,SIMPLE,24,22,0,108,0,17,20,100,0,False,channels_unrealized,10.485759999999999,205237,1,49.5001602173,49.5001602173,49.5001602173,49.63292,49.63292,49.63292,0.1327597826999991,0.1327597826999991,0.1327597826999991
a100,c0228,timers,2,1048576,SIMPLE,SIMPLE,24,22,0,108,0,17,20,100,0,False,channels_unrealized,10.485759999999999,205466,4,48.322560787200004,48.304640054675005,48.734720945375,48.403345,48.38919,48.8231325,0.08449059984999607,0.08251871537499689,0.0941491716249967
a100,c0228,timers,2,3497984,SIMPLE,SIMPLE,24,24,0,108,0,17,20,100,0,True,,34.97984,205237,1,77.1481609344,77.1481609344,77.1481609344,77.23554,77.23554,77.23554,0.08737906560000397,0.08737906560000397,0.08737906560000397
a100,c0228,timers,2,3497984,SIMPLE,SIMPLE,24,24,0,108,0,17,20,100,0,True,,34.97984,205466,4,77.41951942445,77.36063957215,77.598718404775,77.49503999999999,77.439905,77.68596,0.07819104339999683,0.07470704057499589,0.09447045034999846
a100,c0229,timers,2,524288,SIMPLE,SIMPLE,24,16,0,108,0,17,20,100,1,False,channels_unrealized,5.2428799999999995,205237,1,42.8032016754,42.8032016754,42.8032016754,42.88992,42.88992,42.88992,0.08671832459999962,0.08671832459999962,0.08671832459999962
a100,c0229,timers,2,524288,SIMPLE,SIMPLE,24,16,0,108,0,17,20,100,1,False,channels_unrealized,5.2428799999999995,205466,4,43.40224027635,42.698239088075,44.106241464625,43.521770000000004,42.77886,44.258925,0.11152072080000153,0.08062091192500276,0.1446745325250003
a100,c0229,timers,2,1048576,SIMPLE,SIMPLE,24,22,0,108,0,17,20,100,1,False,channels_unrealized,10.485759999999999,205237,1,50.0940799713,50.0940799713,50.0940799713,50.22666,50.22666,50.22666,0.13258002870000496,0.13258002870000496,0.13258002870000496
a100,c0229,timers,2,1048576,SIMPLE,SIMPLE,24,22,0,108,0,17,20,100,1,False,channels_unrealized,10.485759999999999,205466,4,48.89087915425,48.86783838275,48.908799886725,48.976794999999996,48.95147,48.99428,0.08317107969999782,0.08106296419999914,0.08530400027499674
a100,c0229,timers,2,3497984,SIMPLE,SIMPLE,24,24,0,108,0,17,20,100,1,True,,34.97984,205237,1,78.540802002,78.540802002,78.540802002,78.62744,78.62744,78.62744,0.0866379980000005,0.0866379980000005,0.0866379980000005
a100,c0229,timers,2,3497984,SIMPLE,SIMPLE,24,24,0,108,0,17,20,100,1,True,,34.97984,205466,4,78.76608133315,78.52800130845,79.04000043867501,78.872305,78.606795,79.17349999999999,0.10591550519999515,0.08422539045000121,0.1277597007749911
a100,c0230,timers,4,524288,LL,LL,24,22,0,108,0,16,5,20,0,False,channels_unrealized,2.6214399999999998,205466,5,22.9888007045,22.9888007045,23.0911999941,23.3846,23.36805,23.46475,0.39044961609999973,0.3792492954999993,0.39579929549999804
a100,c0230,timers,4,1048576,LL,LL,24,24,0,108,0,16,5,20,0,True,,5.2428799999999995,205466,5,31.4368009567,31.2831997871,31.4880013466,31.82285,31.6756,32.2071,0.39240021290000016,0.3860490432999981,0.7190986533999961
a100,c0230,timers,4,3497984,LL,LL,24,24,0,108,0,16,5,20,0,True,,17.48992,205466,5,80.4863989353,80.4351985455,80.9984028339,81.2106,80.81085,81.71155,0.7131471661000006,0.3756514545000016,0.7242010646999972
a100,c0231,timers,4,524288,LL,LL,24,22,0,108,0,16,5,20,1,False,channels_unrealized,2.6214399999999998,205466,5,24.627199769,24.627199769,24.6784001589,25.07385,25.0082,25.08585,0.3954498410999996,0.38200069019999816,0.458650231
a100,c0231,timers,4,1048576,LL,LL,24,24,0,108,0,16,5,20,1,True,,5.2428799999999995,205466,5,31.9999992847,31.9999992847,32.1024000645,32.404,32.39245,32.43505,0.3924507152999972,0.3869487659000015,0.40400071530000403
a100,c0231,timers,4,3497984,LL,LL,24,24,0,108,0,16,5,20,1,True,,17.48992,205466,5,81.3567996025,81.0495972633,81.6640019417,81.7717,81.7642,82.37035,0.7221027366999948,0.7063480583000086,0.7970985606999932
a100,c0232,timers,4,524288,LL,LL,24,22,0,108,0,16,5,100,0,False,channels_unrealized,2.6214399999999998,205466,5,22.9068803787,22.9068803787,23.121919632,22.99555,22.98021,23.19323,0.07332962130000098,0.07324056899999931,0.07937086880000166
a100,c0232,timers,4,1048576,LL,LL,24,24,0,108,0,16,5,100,0,True,,5.2428799999999995,205466,5,31.334400177,31.2627196312,31.3548803329,31.43842,31.40436,31.49432,0.14164036880000097,0.08353966710000194,0.14472951109999954
a100,c0232,timers,4,3497984,LL,LL,24,24,0,108,0,16,5,100,0,True,,17.48992,205466,5,80.2303981781,79.9027204514,80.2816009521,80.36807,79.98334,80.37509,0.0864690478999961,0.08061954859999787,0.14469182189999685
a100,c0233,timers,4,524288,LL,LL,24,22,0,108,0,16,5,100,1,False,channels_unrealized,2.6214399999999998,205237,2,24.888319969149997,24.855040311775,24.921599626524998,24.96905,24.936385,25.001714999999997,0.08073003085000074,0.08011537347500042,0.08134468822500107
a100,c0233,timers,4,524288,LL,LL,24,22,0,108,0,16,5,100,1,False,channels_unrealized,2.6214399999999998,205466,3,25.4668807983,25.3593599796,25.57440042495,25.54346,25.436799999999998,25.65277,0.07830083909999885,0.0774400203999992,0.07923039375000052
a100,c0233,timers,4,1048576,LL,LL,24,24,0,108,0,16,5,100,1,True,,5.2428799999999995,205237,2,33.0444800854,32.870400548,33.2185596228,33.147864999999996,32.9853775,33.3103525,0.10338491459999943,0.09179287719999962,0.11497695199999924
a100,c0233,timers,4,1048576,LL,LL,24,24,0,108,0,16,5,100,1,True,,5.2428799999999995,205466,3,32.5939202309,32.54783988,32.655360698699994,32.6736,32.660325,32.76663,0.14285883350000006,0.1112693013000019,0.14407465220000049
a100,c0233,timers,4,3497984,LL,LL,24,24,0,108,0,16,5,100,1,True,,17.48992,205237,2,80.74751853945,80.550398826625,80.944638252275,80.86648,80.6532,81.07976000000001,0.118961460550004,0.10280117337500272,0.1351217477250053
a100,c0233,timers,4,3497984,LL,LL,24,24,0,108,0,16,5,100,1,True,,17.48992,205466,3,80.7628822327,80.66048145295,80.8243227005,80.91322,80.77726,80.94127499999999,0.08356683169999712,0.08339307925000128,0.11695229949999941
a100,c0234,timers,4,524288,LL,LL,24,22,0,108,0,16,20,20,0,False,channels_unrealized,2.6214399999999998,205237,1,24.7807994485,24.7807994485,24.7807994485,25.5703,25.5703,25.5703,0.789500551499998,0.789500551499998,0.789500551499998
a100,c0234,timers,4,524288,LL,LL,24,22,0,108,0,16,20,20,0,False,channels_unrealized,2.6214399999999998,205466,4,23.1679998338,23.10400046405,23.4751995653,23.547425,23.471525,23.9585875,0.3855750058999998,0.3736743756499985,0.4833879347000014
a100,c0234,timers,4,1048576,LL,LL,24,24,0,108,0,16,20,20,0,True,,5.2428799999999995,205237,1,31.2831997871,31.2831997871,31.2831997871,31.6666,31.6666,31.6666,0.3834002128999998,0.3834002128999998,0.3834002128999998
a100,c0234,timers,4,1048576,LL,LL,24,24,0,108,0,16,20,20,0,True,,5.2428799999999995,205466,4,31.4112007618,31.372800469425,31.65440037845,31.810125,31.7840625,32.10795,0.41354962805000106,0.38748712807499963,0.49194991390000187
a100,c0234,timers,4,3497984,LL,LL,24,24,0,108,0,16,20,20,0,True,,17.48992,205237,1,80.2304029465,80.2304029465,80.2304029465,80.64555,80.64555,80.64555,0.41514705349999304,0.41514705349999304,0.41514705349999304
a100,c0234,timers,4,3497984,LL,LL,24,24,0,108,0,16,20,20,0,True,,17.48992,205466,4,80.46079874034999,80.28159886595,80.62720000739999,81.01022499999999,80.8529125,81.1443625,0.549426259650005,0.4334246720750059,0.6550514545750019
a100,c0235,timers,4,524288,LL,LL,24,22,0,108,0,16,20,20,1,False,channels_unrealized,2.6214399999999998,205237,2,23.47519993785,23.283199965974998,23.667199909725,23.889325,23.715362499999998,24.0632875,0.414125062150001,0.39608759027500096,0.43216253402500104
a100,c0235,timers,4,524288,LL,LL,24,22,0,108,0,16,20,20,1,False,channels_unrealized,2.6214399999999998,205466,3,24.2175996304,23.70559945705,24.985599517849998,24.9441,24.241225,25.692050000000002,0.6864005947000003,0.5155756555000011,0.7064504821500002
a100,c0235,timers,4,1048576,LL,LL,24,24,0,108,0,16,20,20,1,True,,5.2428799999999995,205237,2,33.3568006754,33.01120102405,33.70240032675,33.951475,33.5151375,34.3878125,0.5946743245999997,0.5039364759499989,0.6854121732500005
a100,c0235,timers,4,1048576,LL,LL,24,24,0,108,0,16,20,20,1,True,,5.2428799999999995,205466,3,33.0751985312,32.97279924155,33.33119899035,33.4886,33.37135,33.731049999999996,0.3863005505000032,0.38500029930000323,0.39985100964999987
a100,c0235,timers,4,3497984,LL,LL,24,24,0,108,0,16,20,20,1,True,,17.48992,205237,2,81.3311994076,81.0111999512,81.65119886400001,81.9435,81.537725,82.349275,0.6123005923999969,0.5265250488,0.6980761359999939
a100,c0235,timers,4,3497984,LL,LL,24,24,0,108,0,16,20,20,1,True,,17.48992,205466,3,80.8448016644,80.81920146945001,80.87040185929999,81.2677,81.2602,81.431775,0.45909872549999875,0.4409985305500044,0.5794733356500004
a100,c0236,timers,4,524288,LL,LL,24,22,0,108,0,16,20,100,0,False,channels_unrealized,2.6214399999999998,205237,3,23.0502390862,22.9683196545,23.301119804400003,23.20646,23.08357,23.41937,0.0802794774000013,0.07727962730000115,0.11825019559999994
a100,c0236,timers,4,524288,LL,LL,24,22,0,108,0,16,20,100,0,False,channels_unrealized,2.6214399999999998,205466,2,23.4547197819,23.247359395049997,23.662080168750002,23.538040000000002,23.33242,23.743660000000002,0.08332021810000079,0.0815798312500009,0.08506060495000067
a100,c0236,timers,4,1048576,LL,LL,24,24,0,108,0,16,20,100,0,True,,5.2428799999999995,205237,3,31.631360054,31.4009594917,31.83616042135,31.70744,31.51798,31.91264,0.07687921130000319,0.07647957864999988,0.11742014095000286
a100,c0236,timers,4,1048576,LL,LL,24,24,0,108,0,16,20,100,0,True,,5.2428799999999995,205466,2,31.2217605114,31.10400021075,31.339520812049997,31.365634999999997,31.248482499999998,31.4827875,0.14387448859999985,0.14326668795000064,0.14448228924999906
a100,c0236,timers,4,3497984,LL,LL,24,24,0,108,0,16,20,100,0,True,,17.48992,205237,3,80.097284317,80.04096269605,80.31232357025,80.17281,80.12261000000001,80.429955,0.08776892490000421,0.08164730394999964,0.12375305070000309
a100,c0236,timers,4,3497984,LL,LL,24,24,0,108,0,16,20,100,0,True,,17.48992,205466,2,80.20479917525,80.074239969225,80.335358381275,80.28096,80.150735,80.411185,0.07616082474999786,0.0758266187249994,0.07649503077499631
a100,c0237,timers,4,524288,LL,LL,24,22,0,108,0,16,20,100,1,False,channels_unrealized,2.6214399999999998,205237,1,24.8320007324,24.8320007324,24.8320007324,24.90873,24.90873,24.90873,0.07672926759999754,0.07672926759999754,0.07672926759999754
a100,c0237,timers,4,524288,LL,LL,24,22,0,108,0,16,20,100,1,False,channels_unrealized,2.6214399999999998,205466,4,24.52480077745,24.491520524000002,24.614400863675,24.601335,24.5728025,24.703785,0.08286449550000086,0.07811683952499848,0.09887954575000268
a100,c0237,timers,4,1048576,LL,LL,24,24,0,108,0,16,20,100,1,True,,5.2428799999999995,205237,1,32.8908801079,32.8908801079,32.8908801079,33.03139,33.03139,33.03139,0.14050989209999898,0.14050989209999898,0.14050989209999898
a100,c0237,timers,4,1048576,LL,LL,24,24,0,108,0,16,20,100,1,True,,5.2428799999999995,205466,4,33.070080280300004,32.860159873975,33.42592060565,33.189645,33.010675,33.509262500000006,0.11513518755000263,0.08334189435000283,0.14608559387500009
a100,c0237,timers,4,3497984,LL,LL,24,24,0,108,0,16,20,100,1,True,,17.48992,205237,1,80.6604766846,80.6604766846,80.6604766846,80.74541,80.74541,80.74541,0.08493331540000781,0.08493331540000781,0.08493331540000781
a100,c0237,timers,4,3497984,LL,LL,24,24,0,108,0,16,20,100,1,True,,17.48992,205466,4,80.62463760375,80.524797439575,80.796160697925,80.71359000000001,80.610615,80.898925,0.08895239625000073,0.08563477814999843,0.10294708434999933
a100,c0238,timers,4,524288,LL128,LL128,24,16,0,108,0,20,5,20,0,False,channels_unrealized,2.6214399999999998,205237,2,40.5504003167,40.4992006719,40.6015999615,41.31465,41.251774999999995,41.377525,0.7642496832999974,0.7525743280999979,0.7759250384999969
a100,c0238,timers,4,524288,LL128,LL128,24,16,0,108,0,20,5,20,0,False,channels_unrealized,2.6214399999999998,205466,3,39.6800011396,39.44960087535,40.60160070655,40.3443,39.991625,41.3019,0.6642988603999953,0.5420241246499984,0.7002992934499979
a100,c0238,timers,4,1048576,LL128,LL128,24,22,0,108,0,20,5,20,0,False,channels_unrealized,5.2428799999999995,205237,2,42.36799925565,42.252799123524994,42.483199387775,42.795775,42.684937500000004,42.906612499999994,0.42777574435000076,0.4234131122249991,0.4321383764750024
a100,c0238,timers,4,1048576,LL128,LL128,24,22,0,108,0,20,5,20,0,False,channels_unrealized,5.2428799999999995,205466,3,42.2399997711,42.163199186300005,42.931200563900006,42.65175,42.568349999999995,43.50265,0.41175022889999724,0.40515081369999706,0.5714494360999964
a100,c0238,timers,4,3497984,LL128,LL128,24,24,0,108,0,20,5,20,0,True,,17.48992,205237,2,68.6335980892,67.03359782695,70.23359835145,69.0409,67.45145,70.63035,0.4073019108000011,0.39675164855000133,0.4178521730500009
a100,c0238,timers,4,3497984,LL128,LL128,24,24,0,108,0,20,5,20,0,True,,17.48992,205466,3,66.3039982319,65.79200029375,67.58399903775,66.6941,66.15885,67.979325,0.39010176810000985,0.3668497062500009,0.3953259622500056
a100,c0239,timers,4,524288,LL128,LL128,24,16,0,108,0,20,5,20,1,False,channels_unrealized,2.6214399999999998,205237,2,40.49919992685,40.371199697275,40.627200156425,40.902375,40.7856375,41.0191125,0.403175073149999,0.39191234357499916,0.41443780272499886
a100,c0239,timers,4,524288,LL128,LL128,24,16,0,108,0,20,5,20,1,False,channels_unrealized,2.6214399999999998,205466,3,40.8064007759,40.75520038605,40.9856006503,41.16085,41.12205,41.353975000000005,0.37925000380000284,0.36684961395000215,0.3807747395500023
a100,c0239,timers,4,1048576,LL128,LL128,24,22,0,108,0,20,5,20,1,False,channels_unrealized,5.2428799999999995,205237,2,43.9808011055,43.57120096685,44.39040124415,44.533625,44.035287499999995,45.0319625,0.5528238944999977,0.46408653314999704,0.6415612558499983
a100,c0239,timers,4,1048576,LL128,LL128,24,22,0,108,0,20,5,20,1,False,channels_unrealized,5.2428799999999995,205466,3,43.3663994074,43.13599914315,43.67360025645,43.74785,43.52945,44.147375,0.4054511211000005,0.3934508568499986,0.48577500780000094
a100,c0239,timers,4,3497984,LL128,LL128,24,24,0,108,0,20,5,20,1,True,,17.48992,205237,2,66.9440001249,66.93120151755,66.95679873225001,67.466825,67.43338750000001,67.50026249999999,0.5228248750999995,0.4765887677500018,0.5690609824499973
a100,c0239,timers,4,3497984,LL128,LL128,24,24,0,108,0,20,5,20,1,True,,17.48992,205466,3,67.0207977295,66.99519753455,67.0975983143,67.49565,67.463825,67.69252499999999,0.5260526603999978,0.4686274654499982,0.6205268806499973
a100,c0240,timers,4,524288,LL128,LL128,24,16,0,108,0,20,5,100,0,False,channels_unrealized,2.6214399999999998,205237,1,39.4854402542,39.4854402542,39.4854402542,39.59686,39.59686,39.59686,0.11141974579999925,0.11141974579999925,0.11141974579999925
a100,c0240,timers,4,524288,LL128,LL128,24,16,0,108,0,20,5,100,0,False,channels_unrealized,2.6214399999999998,205466,4,39.41887974735,39.380479454975,39.4931197166,39.529430000000005,39.499520000000004,39.59834,0.1121705480500026,0.07918057880000084,0.14670054502500385
a100,c0240,timers,4,1048576,LL128,LL128,24,22,0,108,0,20,5,100,0,False,channels_unrealized,5.2428799999999995,205237,1,43.1001615524,43.1001615524,43.1001615524,43.18638,43.18638,43.18638,0.08621844759999675,0.08621844759999675,0.08621844759999675
a100,c0240,timers,4,1048576,LL128,LL128,24,22,0,108,0,20,5,100,0,False,channels_unrealized,5.2428799999999995,205466,4,42.72639989855,42.485759258274996,42.867201566725,42.870565,42.6005225,43.01414,0.11079476104999841,0.09688292267499676,0.13144841192499968
a100,c0240,timers,4,3497984,LL128,LL128,24,24,0,108,0,20,5,100,0,True,,17.48992,205237,1,65.4950380325,65.4950380325,65.4950380325,65.63738,65.63738,65.63738,0.14234196749998773,0.14234196749998773,0.14234196749998773
a100,c0240,timers,4,3497984,LL128,LL128,24,24,0,108,0,20,5,100,0,True,,17.48992,205466,4,65.63328027725,65.507838726025,66.165761947625,65.719275,65.597695,66.24426249999999,0.08136458330000096,0.07850055237500086,0.08522613452500138
a100,c0241,timers,4,524288,LL128,LL128,24,16,0,108,0,20,5,100,1,False,channels_unrealized,2.6214399999999998,205237,1,40.5708789825,40.5708789825,40.5708789825,40.6582,40.6582,40.6582,0.08732101750000254,0.08732101750000254,0.08732101750000254
a100,c0241,timers,4,524288,LL128,LL128,24,16,0,108,0,20,5,100,1,False,channels_unrealized,2.6214399999999998,205466,4,40.68864107135,40.655361413975,40.76544046405,40.76852,40.740140000000004,40.838727500000005,0.0764944579999991,0.07165539365000306,0.08302575767499754
a100,c0241,timers,4,1048576,LL128,LL128,24,22,0,108,0,20,5,100,1,False,channels_unrealized,5.2428799999999995,205237,1,43.7555217743,43.7555217743,43.7555217743,43.90287,43.90287,43.90287,0.14734822570000006,0.14734822570000006,0.14734822570000006
a100,c0241,timers,4,1048576,LL128,LL128,24,22,0,108,0,20,5,100,1,False,channels_unrealized,5.2428799999999995,205466,4,44.4211220741,44.346880912775,44.505602121325005,44.499755,44.4275925,44.58497,0.08097501465000079,0.07954054284999934,0.0828810118000014
a100,c0241,timers,4,3497984,LL128,LL128,24,24,0,108,0,20,5,100,1,True,,17.48992,205237,1,69.4579219818,69.4579219818,69.4579219818,69.5399,69.5399,69.5399,0.0819780182000045,0.0819780182000045,0.0819780182000045
a100,c0241,timers,4,3497984,LL128,LL128,24,24,0,108,0,20,5,100,1,True,,17.48992,205466,4,66.94400072100001,66.90048098565,67.03871965409999,67.076745,67.032615,67.1717725,0.13274427900000063,0.12504824400000203,0.1401386162499989
a100,c0242,timers,4,524288,LL128,LL128,24,16,0,108,0,20,20,20,0,False,channels_unrealized,2.6214399999999998,205237,1,39.2192006111,39.2192006111,39.2192006111,39.5808,39.5808,39.5808,0.36159938890000376,0.36159938890000376,0.36159938890000376
a100,c0242,timers,4,524288,LL128,LL128,24,16,0,108,0,20,20,20,0,False,channels_unrealized,2.6214399999999998,205466,4,39.705601334549996,39.3216013908,40.128000825650005,40.1419,39.770075,40.515225,0.38094866544999917,0.3639740899750006,0.4163736935749984
a100,c0242,timers,4,1048576,LL128,LL128,24,22,0,108,0,20,20,20,0,False,channels_unrealized,5.2428799999999995,205237,1,43.212801218,43.212801218,43.212801218,43.84455,43.84455,43.84455,0.6317487819999954,0.6317487819999954,0.6317487819999954
a100,c0242,timers,4,1048576,LL128,LL128,24,22,0,108,0,20,20,20,0,False,channels_unrealized,5.2428799999999995,205466,4,42.214399576199995,42.111999541524995,42.355199903275,42.6014,42.5122375,42.728637500000005,0.3863498390000011,0.36933656582500163,0.40368840457500177
a100,c0242,timers,4,3497984,LL128,LL128,24,24,0,108,0,20,20,20,0,True,,17.48992,205237,1,70.5024003983,70.5024003983,70.5024003983,70.8902,70.8902,70.8902,0.38779960169999583,0.38779960169999583,0.38779960169999583
a100,c0242,timers,4,3497984,LL128,LL128,24,24,0,108,0,20,20,20,0,True,,17.48992,205466,4,66.50879979135,66.175998747375,66.931201517575,67.185775,66.8149375,67.68025,0.7281726183000004,0.690136162274996,0.7490484824249997
a100,c0243,timers,4,524288,LL128,LL128,24,16,0,108,0,20,20,20,1,False,channels_unrealized,2.6214399999999998,205237,2,40.11519998315,39.820799976625,40.409599989675,40.542699999999996,40.246875,40.838525,0.4275000168500007,0.4260750233750006,0.42892501032500086
a100,c0243,timers,4,524288,LL128,LL128,24,16,0,108,0,20,20,20,1,False,channels_unrealized,2.6214399999999998,205466,3,40.7039999962,40.678399801249995,40.83199948075,41.3878,41.235775000000004,41.52455,0.7013010346999948,0.54052551925,0.7181507141999965
a100,c0243,timers,4,1048576,LL128,LL128,24,22,0,108,0,20,20,20,1,False,channels_unrealized,5.2428799999999995,205237,2,44.0832003951,43.80160048605,44.36480030415,44.631325000000004,44.2750125,44.9876375,0.5481246048999999,0.47341201395000176,0.6228371958499981
a100,c0243,timers,4,1048576,LL128,LL128,24,22,0,108,0,20,20,20,1,False,channels_unrealized,5.2428799999999995,205466,3,43.8271999359,43.7248006463,44.77439969775,44.25935,44.144875,45.197424999999996,0.41390054040000024,0.4109495918499988,0.4230253022500001
a100,c0243,timers,4,3497984,LL128,LL128,24,24,0,108,0,20,20,20,1,True,,17.48992,205237,2,67.6351994276,67.43039935825,67.83999949695,68.193225,67.9150625,68.47138749999999,0.5580255723999983,0.4846631417499978,0.6313880030499988
a100,c0243,timers,4,3497984,LL128,LL128,24,24,0,108,0,20,20,20,1,True,,17.48992,205466,3,68.1984007359,67.7632004023,69.50400173665,68.95395,68.347525,70.072125,0.4130999312999961,0.3968985969499954,0.5843245977000038
a100,c0244,timers,4,524288,LL128,LL128,24,16,0,108,0,20,20,100,0,False,channels_unrealized,2.6214399999999998,205237,2,39.439359903349995,39.406079649925,39.472640156775,39.515195,39.4790775,39.551312499999995,0.07583509664999966,0.0729978500749997,0.07867234322499961
a100,c0244,timers,4,524288,LL128,LL128,24,16,0,108,0,20,20,100,0,False,channels_unrealized,2.6214399999999998,205466,3,39.3215990067,39.3164789677,39.4598400593,39.44486,39.42412,39.56389,0.08483888810000195,0.0833099407000013,0.10916997969999898
a100,c0244,timers,4,1048576,LL128,LL128,24,22,0,108,0,20,20,100,0,False,channels_unrealized,5.2428799999999995,205237,2,42.39871978755,42.334718704175,42.462720870925,42.513875,42.4665825,42.561167499999996,0.1151552124499986,0.09844662907499924,0.13186379582499796
a100,c0244,timers,4,1048576,LL128,LL128,24,22,0,108,0,20,20,100,0,False,channels_unrealized,5.2428799999999995,205466,3,42.7724790573,42.726399898500006,42.87487983705,42.91946,42.8374,43.016495,0.13624938319999558,0.10563432174999576,0.14161516294999643
a100,c0244,timers,4,3497984,LL128,LL128,24,24,0,108,0,20,20,100,0,True,,17.48992,205237,2,65.63328027725001,65.584639310825,65.681921243675,65.744265,65.7108575,65.7776725,0.11098472274999693,0.09575125632499848,0.1262181891749954
a100,c0244,timers,4,3497984,LL128,LL128,24,24,0,108,0,20,20,100,0,True,,17.48992,205466,3,65.3209590912,65.1673603058,65.34143924714999,65.39652,65.243165,65.42236,0.07604847960000427,0.07580469420000213,0.08116453825000036
a100,c0245,timers,4,524288,LL128,LL128,24,16,0,108,0,20,20,100,1,False,channels_unrealized,2.6214399999999998,205237,1,40.6527996063,40.6527996063,40.6527996063,40.73335,40.73335,40.73335,0.08055039370000117,0.08055039370000117,0.08055039370000117
a100,c0245,timers,4,524288,LL128,LL128,24,16,0,108,0,20,20,100,1,False,channels_unrealized,2.6214399999999998,205466,4,40.5964803696,40.517121553449996,40.657919645324995,40.71592,40.6525475,40.7439725,0.08690515974999968,0.08166732535000065,0.10727700522499894
a100,c0245,timers,4,1048576,LL128,LL128,24,22,0,108,0,20,20,100,1,False,channels_unrealized,5.2428799999999995,205237,1,44.3596792221,44.3596792221,44.3596792221,44.50662,44.50662,44.50662,0.14694077789999938,0.14694077789999938,0.14694077789999938
a100,c0245,timers,4,1048576,LL128,LL128,24,22,0,108,0,20,20,100,1,False,channels_unrealized,5.2428799999999995,205466,4,44.25727844235,44.195839166625,44.51071858405,44.393294999999995,44.333555,44.6337125,0.13601655764999876,0.12199664987499759,0.13871309945000299
a100,c0245,timers,4,3497984,LL128,LL128,24,24,0,108,0,20,20,100,1,True,,17.48992,205237,1,66.9900798798,66.9900798798,66.9900798798,67.07765,67.07765,67.07765,0.08757012019999877,0.08757012019999877,0.08757012019999877
a100,c0245,timers,4,3497984,LL128,LL128,24,24,0,108,0,20,20,100,1,True,,17.48992,205466,4,66.84159994125,66.81343913077501,66.8928015232,66.9253,66.891835,66.9788575,0.07835451294999984,0.07792058695000037,0.0811857132749978
a100,c0246,timers,4,524288,SIMPLE,SIMPLE,24,16,0,108,0,17,5,20,0,False,channels_unrealized,2.6214399999999998,205237,2,69.81120109554999,69.747200608225,69.875201582875,70.21090000000001,70.14805,70.27375,0.39969890445000544,0.39854841712500644,0.40084939177500445
a100,c0246,timers,4,524288,SIMPLE,SIMPLE,24,16,0,108,0,17,5,20,0,False,channels_unrealized,2.6214399999999998,205466,3,69.7856009007,69.657599926,70.3487992287,70.24845,70.206875,70.97785,0.718851048700003,0.5492750740000005,0.7570517460000019
a100,c0246,timers,4,1048576,SIMPLE,SIMPLE,24,22,0,108,0,17,5,20,0,False,channels_unrealized,5.2428799999999995,205237,2,72.26880192760001,72.2304016352,72.30720222000001,72.701175,72.6788625,72.7234875,0.4323730723999972,0.41628527999999676,0.4484608647999977
a100,c0246,timers,4,1048576,SIMPLE,SIMPLE,24,22,0,108,0,17,5,20,0,False,channels_unrealized,5.2428799999999995,205466,3,72.3456025124,72.19200134280001,72.39679992200001,72.7593,72.606,72.81115,0.41429982679999,0.41399865719998985,0.4146512475999913
a100,c0246,timers,4,3497984,SIMPLE,SIMPLE,24,24,0,108,0,17,5,20,0,True,,17.48992,205237,2,91.7248010635,91.4048016071,92.04480051990001,92.50565,92.18415,92.82715,0.7808489365,0.7793483929000011,0.7823494800999988
a100,c0246,timers,4,3497984,SIMPLE,SIMPLE,24,24,0,108,0,17,5,20,0,True,,17.48992,205466,3,90.7775998116,90.7007992268,91.36640131475,91.1863,91.1034,91.9235,0.40870018840000455,0.40260077319999965,0.5570986852500042
a100,c0247,timers,4,524288,SIMPLE,SIMPLE,24,16,0,108,0,17,5,20,1,False,channels_unrealized,2.6214399999999998,205466,5,70.5536007881,70.1951980591,71.9871997833,71.3947,70.55455,72.8104,0.7337490471000052,0.4378975398999927,0.8232002167000019
a100,c0247,timers,4,1048576,SIMPLE,SIMPLE,24,22,0,108,0,17,5,20,1,False,channels_unrealized,5.2428799999999995,205466,5,72.8064000607,72.6527988911,73.3183979988,73.19165,73.09445,73.7011,0.4113486050000006,0.38524993929999596,0.41320149879999235
a100,c0247,timers,4,3497984,SIMPLE,SIMPLE,24,24,0,108,0,17,5,20,1,True,,17.48992,205466,5,92.7232027054,92.5184011459,93.6959981918,93.17015,92.89865,94.4792,0.44694729460000815,0.4238992438999958,0.7832018082000047
a100,c0248,timers,4,524288,SIMPLE,SIMPLE,24,16,0,108,0,17,5,100,0,False,channels_unrealized,2.6214399999999998,205237,1,70.3590393066,70.3590393066,70.3590393066,70.44935,70.44935,70.44935,0.09031069339999931,0.09031069339999931,0.09031069339999931
a100,c0248,timers,4,524288,SIMPLE,SIMPLE,24,16,0,108,0,17,5,100,0,False,channels_unrealized,2.6214399999999998,205466,4,70.23616075519999,70.151680707975,70.4512012005,70.349205,70.2777225,70.533055,0.08221890000000087,0.07870847332500475,0.09836177339999708
a100,c0248,timers,4,1048576,SIMPLE,SIMPLE,24,22,0,108,0,17,5,100,0,False,channels_unrealized,5.2428799999999995,205237,1,72.2329616547,72.2329616547,72.2329616547,72.38068,72.38068,72.38068,0.1477183452999924,0.1477183452999924,0.1477183452999924
a100,c0248,timers,4,1048576,SIMPLE,SIMPLE,24,22,0,108,0,17,5,100,0,False,channels_unrealized,5.2428799999999995,205466,4,72.985599041,72.803840637225,73.185278177275,73.0709,72.90804,73.2686025,0.089185380250008,0.08360874397500595,0.10779936277500468
a100,c0248,timers,4,3497984,SIMPLE,SIMPLE,24,24,0,108,0,17,5,100,0,True,,17.48992,205237,1,93.5833644867,93.5833644867,93.5833644867,93.67183,93.67183,93.67183,0.08846551329999386,0.08846551329999386,0.08846551329999386
a100,c0248,timers,4,3497984,SIMPLE,SIMPLE,24,24,0,108,0,17,5,100,0,True,,17.48992,205466,4,91.42271995544999,90.79039573669999,92.15488433837501,91.53691,90.9398025,92.23544000000001,0.11419004454999993,0.08055566162499872,0.14940676330000002
a100,c0249,timers,4,524288,SIMPLE,SIMPLE,24,16,0,108,0,17,5,100,1,False,channels_unrealized,2.6214399999999998,205237,3,70.6252813339,70.62016010285001,70.86591959,70.76256,70.72754499999999,70.97842499999999,0.08773215389999223,0.08261164105000063,0.11250540999999004
a100,c0249,timers,4,524288,SIMPLE,SIMPLE,24,16,0,108,0,17,5,100,1,False,channels_unrealized,2.6214399999999998,205466,2,70.57919979095,70.38719892502499,70.77120065687501,70.68845999999999,70.511645,70.865275,0.10926020904999945,0.09407434312499774,0.12444607497500115
a100,c0249,timers,4,1048576,SIMPLE,SIMPLE,24,22,0,108,0,17,5,100,1,False,channels_unrealized,5.2428799999999995,205237,3,73.2159996033,73.00607919695,73.35423946380001,73.34904,73.14405500000001,73.458755,0.13304039669999668,0.10451553619999743,0.13797580304999713
a100,c0249,timers,4,1048576,SIMPLE,SIMPLE,24,22,0,108,0,17,5,100,1,False,channels_unrealized,5.2428799999999995,205466,2,73.31839799880001,73.15455794335,73.48223805425,73.432905,73.2900775,73.5757325,0.11450700119999624,0.09349444574999666,0.13551955664999582
a100,c0249,timers,4,3497984,SIMPLE,SIMPLE,24,24,0,108,0,17,5,100,1,True,,17.48992,205237,3,94.4025611877,94.01855945585001,94.4793605804,94.4816,94.09951000000001,94.55879999999999,0.07984002690000125,0.0794394195999999,0.08135115145000071
a100,c0249,timers,4,3497984,SIMPLE,SIMPLE,24,24,0,108,0,17,5,100,1,True,,17.48992,205466,2,94.3820810318,94.32575941085,94.43840265275,94.465005,94.4135825,94.5164275,0.08292396820000647,0.07802484725000625,0.0878230891500067
a100,c0250,timers,4,524288,SIMPLE,SIMPLE,24,16,0,108,0,17,20,20,0,False,channels_unrealized,2.6214399999999998,205237,2,71.44959867,70.56639939544999,72.33279794455001,71.83924999999999,70.958925,72.719575,0.3896513299999995,0.3867770554500005,0.3925256045499985
a100,c0250,timers,4,524288,SIMPLE,SIMPLE,24,16,0,108,0,17,20,20,0,False,channels_unrealized,2.6214399999999998,205466,3,71.2704002857,70.65600156785001,72.3199993372,72.0289,71.232125,72.87752499999999,0.3937471499999958,0.3751493806500008,0.5761234321499913
a100,c0250,timers,4,1048576,SIMPLE,SIMPLE,24,22,0,108,0,17,20,20,0,False,channels_unrealized,5.2428799999999995,205237,2,74.54720139505,73.446401953725,75.648000836375,74.9608,73.8548,76.0668,0.41359860494999623,0.4083980462749963,0.41879916362499614
a100,c0250,timers,4,1048576,SIMPLE,SIMPLE,24,22,0,108,0,17,20,20,0,False,channels_unrealized,5.2428799999999995,205466,3,73.1648027897,72.75520265105001,74.9568015337,73.8419,73.28932499999999,75.49357499999999,0.3964497223000052,0.39379860494999974,0.5367734662999979
a100,c0250,timers,4,3497984,SIMPLE,SIMPLE,24,24,0,108,0,17,20,20,0,True,,17.48992,205237,2,91.3408011198,91.21280163525,91.46880060435,92.031475,91.9310375,92.1319125,0.6906738802000021,0.6631118956500011,0.7182358647500031
a100,c0250,timers,4,3497984,SIMPLE,SIMPLE,24,24,0,108,0,17,20,20,0,True,,17.48992,205466,3,90.8800005913,90.8800005913,94.28479969505,91.5746,91.4238,94.82537500000001,0.3929994086999926,0.3897753049499926,0.5437994086999964
a100,c0251,timers,4,524288,SIMPLE,SIMPLE,24,16,0,108,0,17,20,20,1,False,channels_unrealized,2.6214399999999998,205237,2,71.68000042435,70.68160027262499,72.678400576075,72.066225,71.0739375,73.05851249999999,0.38622457564999735,0.3801119239249964,0.3923372273749983
a100,c0251,timers,4,524288,SIMPLE,SIMPLE,24,16,0,108,0,17,20,20,1,False,channels_unrealized,2.6214399999999998,205466,3,70.9631979465,70.50240039825,71.78239822385001,71.76485,71.2431,72.37527499999999,0.6797471499999972,0.5319243243999949,0.7406996017499949
a100,c0251,timers,4,1048576,SIMPLE,SIMPLE,24,22,0,108,0,17,20,20,1,False,channels_unrealized,5.2428799999999995,205237,2,73.7792015076,73.7792015076,73.7792015076,74.487375,74.4727125,74.5020375,0.7081734923999932,0.6935109923999931,0.7228359923999932
a100,c0251,timers,4,1048576,SIMPLE,SIMPLE,24,22,0,108,0,17,20,20,1,False,channels_unrealized,5.2428799999999995,205466,3,74.2399990559,73.4719991684,75.7759988308,74.9756,74.062075,76.37530000000001,0.463001394300008,0.45377605670000065,0.5993011692000039
a100,c0251,timers,4,3497984,SIMPLE,SIMPLE,24,24,0,108,0,17,20,20,1,True,,17.48992,205237,2,96.05120122435,94.387201964875,97.715200483825,96.46375,94.801425,98.126075,0.41254877564999504,0.41087451617499227,0.4142230351249978
a100,c0251,timers,4,3497984,SIMPLE,SIMPLE,24,24,0,108,0,17,20,20,1,True,,17.48992,205466,3,92.3647999763,92.2623991966,96.0512012243,92.75535,92.657425,96.44820000000001,0.3995015831000046,0.39502580340000293,0.4014745554000072
a100,c0252,timers,4,524288,SIMPLE,SIMPLE,24,16,0,108,0,17,20,100,0,False,channels_unrealized,2.6214399999999998,205237,1,70.3897619247,70.3897619247,70.3897619247,70.46989,70.46989,70.46989,0.08012807530000998,0.08012807530000998,0.08012807530000998
a100,c0252,timers,4,524288,SIMPLE,SIMPLE,24,16,0,108,0,17,20,100,0,False,channels_unrealized,2.6214399999999998,205466,4,70.34879922865,70.13375997542501,70.635519027675,70.460915,70.26273,70.7153825,0.08131967975000265,0.08039309290000318,0.09764431239999993
a100,c0252,timers,4,1048576,SIMPLE,SIMPLE,24,22,0,108,0,17,20,100,0,False,channels_unrealized,5.2428799999999995,205237,1,73.0624008179,73.0624008179,73.0624008179,73.13163,73.13163,73.13163,0.06922918210000262,0.06922918210000262,0.06922918210000262
a100,c0252,timers,4,1048576,SIMPLE,SIMPLE,24,22,0,108,0,17,20,100,0,False,channels_unrealized,5.2428799999999995,205466,4,72.85759925845,72.82943964005,72.883199453375,72.97762,72.943405,73.005375,0.11495050765000059,0.08324512602499112,0.14782554665000802
a100,c0252,timers,4,3497984,SIMPLE,SIMPLE,24,24,0,108,0,17,20,100,0,True,,17.48992,205237,1,90.4908752441,90.4908752441,90.4908752441,90.62977,90.62977,90.62977,0.13889475589999734,0.13889475589999734,0.13889475589999734
a100,c0252,timers,4,3497984,SIMPLE,SIMPLE,24,24,0,108,0,17,20,100,0,True,,17.48992,205466,4,92.26240158085,91.89375877385001,92.298243045825,92.336805,91.9797925,92.37993750000001,0.085152951350004,0.076319688075003,0.10215802445000222
a100,c0253,timers,4,524288,SIMPLE,SIMPLE,24,16,0,108,0,17,20,100,1,False,channels_unrealized,2.6214399999999998,205237,1,70.5740785599,70.5740785599,70.5740785599,70.65827,70.65827,70.65827,0.08419144009999968,0.08419144009999968,0.08419144009999968
a100,c0253,timers,4,524288,SIMPLE,SIMPLE,24,16,0,108,0,17,20,100,1,False,channels_unrealized,2.6214399999999998,205466,4,70.78399896625,70.75072050095,70.82495808605,70.896805,70.8332625,70.959975,0.08298396150000542,0.0820929182250083,0.10564392252500099
a100,c0253,timers,4,1048576,SIMPLE,SIMPLE,24,22,0,108,0,17,20,100,1,False,channels_unrealized,5.2428799999999995,205237,1,73.7279987335,73.7279987335,73.7279987335,73.87717,73.87717,73.87717,0.14917126650000512,0.14917126650000512,0.14917126650000512
a100,c0253,timers,4,1048576,SIMPLE,SIMPLE,24,22,0,108,0,17,20,100,1,False,channels_unrealized,5.2428799999999995,205466,4,73.79456043245,73.469440937075,74.114559888825,73.87946,73.5550875,74.19864749999999,0.0848995675500035,0.08366581395000594,0.08606836015000141
a100,c0253,timers,4,3497984,SIMPLE,SIMPLE,24,24,0,108,0,17,20,100,1,True,,17.48992,205237,1,94.9248027802,94.9248027802,94.9248027802,95.00442,95.00442,95.00442,0.07961721979999936,0.07961721979999936,0.07961721979999936
a100,c0253,timers,4,3497984,SIMPLE,SIMPLE,24,24,0,108,0,17,20,100,1,True,,17.48992,205466,4,92.55935668945,92.42879629137501,92.85631895062501,92.7196,92.58081250000001,93.002235,0.15032848294999468,0.1310438079749936,0.1569736224249958
