family,row_id,status,cell_ids,width,concentration,operation,payload_bytes,median_ns,p95_ns,observed,lower_bound,upper_bound,reason
C,C-001,PASS,w2/four-port/all_reduce/8,,four-port,,,60403.0,,1.504778218291071,0.5,2.0,FG-4 consistency anchor
C,C-002,PASS,w8/four-port/all_reduce/8,,four-port,,,71664.0,,1.410986414648553,0.5,2.0,FG-4 consistency anchor
C,C-003,PASS,w8/four-port/all_to_allv/8,,four-port,,,126407.0,,1.4075719614720783,0.5,2.0,FG-4 consistency anchor
R/E1,E1-001,VOID,w8/one-port/all_gather/8;w8/four-port/all_gather/8,,,all_gather,8,,,0.9057559698347367,,,FG-2 contradicted the declared concentration at attempt scope; the frozen rule voids the consumed cells and forbids relabeling
R/E1,E1-002,VOID,w8/one-port/all_gather/64;w8/four-port/all_gather/64,,,all_gather,64,,,0.8694221761270413,,,FG-2 contradicted the declared concentration at attempt scope; the frozen rule voids the consumed cells and forbids relabeling
R/E1,E1-003,VOID,w8/one-port/all_gather/512;w8/four-port/all_gather/512,,,all_gather,512,,,0.7496081292903086,,,FG-2 contradicted the declared concentration at attempt scope; the frozen rule voids the consumed cells and forbids relabeling
R/E1,E1-004,VOID,w8/one-port/all_gather/4096;w8/four-port/all_gather/4096,,,all_gather,4096,,,0.818302045206359,,,FG-2 contradicted the declared concentration at attempt scope; the frozen rule voids the consumed cells and forbids relabeling
R/E1,E1-005,VOID,w8/one-port/all_gather/16384;w8/four-port/all_gather/16384,,,all_gather,16384,,,1.151275745807787,,,FG-2 contradicted the declared concentration at attempt scope; the frozen rule voids the consumed cells and forbids relabeling
R/E1,E1-006,VOID,w8/one-port/all_gather/65536;w8/four-port/all_gather/65536,,,all_gather,65536,,,1.2584132909912484,,,FG-2 contradicted the declared concentration at attempt scope; the frozen rule voids the consumed cells and forbids relabeling
R/E1,E1-007,VOID,w8/one-port/all_gather/131072;w8/four-port/all_gather/131072,,,all_gather,131072,,,0.8966512710321738,,,FG-2 contradicted the declared concentration at attempt scope; the frozen rule voids the consumed cells and forbids relabeling
R/E1,E1-008,VOID,w8/one-port/all_gather/196608;w8/four-port/all_gather/196608,,,all_gather,196608,,,1.170196795761322,,,FG-2 contradicted the declared concentration at attempt scope; the frozen rule voids the consumed cells and forbids relabeling
R/E1,E1-009,VOID,w8/one-port/all_gather/262144;w8/four-port/all_gather/262144,,,all_gather,262144,,,1.3434721002434165,,,FG-2 contradicted the declared concentration at attempt scope; the frozen rule voids the consumed cells and forbids relabeling
R/E1,E1-010,VOID,w8/one-port/all_gather/393216;w8/four-port/all_gather/393216,,,all_gather,393216,,,1.2208830090705727,,,FG-2 contradicted the declared concentration at attempt scope; the frozen rule voids the consumed cells and forbids relabeling
R/E1,E1-011,VOID,w8/one-port/all_gather/524288;w8/four-port/all_gather/524288,,,all_gather,524288,,,1.3752374115644792,,,FG-2 contradicted the declared concentration at attempt scope; the frozen rule voids the consumed cells and forbids relabeling
R/E1,E1-012,VOID,w8/one-port/all_gather/786432;w8/four-port/all_gather/786432,,,all_gather,786432,,,1.4291829757442682,,,FG-2 contradicted the declared concentration at attempt scope; the frozen rule voids the consumed cells and forbids relabeling
R/E1,E1-013,VOID,w8/one-port/all_gather/1048576;w8/four-port/all_gather/1048576,,,all_gather,1048576,,,1.4795246156728517,,,FG-2 contradicted the declared concentration at attempt scope; the frozen rule voids the consumed cells and forbids relabeling
R/E1,E1-014,VOID,w8/one-port/all_gather/1572864;w8/four-port/all_gather/1572864,,,all_gather,1572864,,,1.527878977091571,,,FG-2 contradicted the declared concentration at attempt scope; the frozen rule voids the consumed cells and forbids relabeling
R/E1,E1-015,VOID,w8/one-port/all_gather/2097152;w8/four-port/all_gather/2097152,,,all_gather,2097152,,,1.3738773092161798,,,FG-2 contradicted the declared concentration at attempt scope; the frozen rule voids the consumed cells and forbids relabeling
R/E1,E1-016,VOID,w8/one-port/all_gather/3145728;w8/four-port/all_gather/3145728,,,all_gather,3145728,,,1.3364828953473658,,,FG-2 contradicted the declared concentration at attempt scope; the frozen rule voids the consumed cells and forbids relabeling
R/E1,E1-017,VOID,w8/one-port/all_gather/4194304;w8/four-port/all_gather/4194304,,,all_gather,4194304,,,1.2979352415862038,,,FG-2 contradicted the declared concentration at attempt scope; the frozen rule voids the consumed cells and forbids relabeling
R/E1,E1-018,VOID,w8/one-port/all_gather/8388608;w8/four-port/all_gather/8388608,,,all_gather,8388608,,,1.1186774450092443,,,FG-2 contradicted the declared concentration at attempt scope; the frozen rule voids the consumed cells and forbids relabeling
R/E1,E1-019,VOID,w8/one-port/all_gather/16777216;w8/four-port/all_gather/16777216,,,all_gather,16777216,,,1.01004883188723,,,FG-2 contradicted the declared concentration at attempt scope; the frozen rule voids the consumed cells and forbids relabeling
R/E1,E1-020,VOID,w8/one-port/all_gather/33554432;w8/four-port/all_gather/33554432,,,all_gather,33554432,,,0.9514424348751137,,,FG-2 contradicted the declared concentration at attempt scope; the frozen rule voids the consumed cells and forbids relabeling
R/E1,E1-021,VOID,w8/one-port/all_gather/67108864;w8/four-port/all_gather/67108864,,,all_gather,67108864,,,0.9341956594473259,,,FG-2 contradicted the declared concentration at attempt scope; the frozen rule voids the consumed cells and forbids relabeling
R/E1,E1-022,VOID,w8/one-port/all_gather/134217728;w8/four-port/all_gather/134217728,,,all_gather,134217728,,,0.9150958582834725,,,FG-2 contradicted the declared concentration at attempt scope; the frozen rule voids the consumed cells and forbids relabeling
R/E1,E1-023,VOID,w8/one-port/reduce_scatter/8;w8/four-port/reduce_scatter/8,,,reduce_scatter,8,,,1.0367027146325314,,,FG-2 contradicted the declared concentration at attempt scope; the frozen rule voids the consumed cells and forbids relabeling
R/E1,E1-024,VOID,w8/one-port/reduce_scatter/64;w8/four-port/reduce_scatter/64,,,reduce_scatter,64,,,0.9747455546745164,,,FG-2 contradicted the declared concentration at attempt scope; the frozen rule voids the consumed cells and forbids relabeling
R/E1,E1-025,VOID,w8/one-port/reduce_scatter/512;w8/four-port/reduce_scatter/512,,,reduce_scatter,512,,,0.9900705869527694,,,FG-2 contradicted the declared concentration at attempt scope; the frozen rule voids the consumed cells and forbids relabeling
R/E1,E1-026,VOID,w8/one-port/reduce_scatter/4096;w8/four-port/reduce_scatter/4096,,,reduce_scatter,4096,,,1.0779977901837636,,,FG-2 contradicted the declared concentration at attempt scope; the frozen rule voids the consumed cells and forbids relabeling
R/E1,E1-027,VOID,w8/one-port/reduce_scatter/16384;w8/four-port/reduce_scatter/16384,,,reduce_scatter,16384,,,1.3364375345276616,,,FG-2 contradicted the declared concentration at attempt scope; the frozen rule voids the consumed cells and forbids relabeling
R/E1,E1-028,VOID,w8/one-port/reduce_scatter/65536;w8/four-port/reduce_scatter/65536,,,reduce_scatter,65536,,,1.3463871598619441,,,FG-2 contradicted the declared concentration at attempt scope; the frozen rule voids the consumed cells and forbids relabeling
R/E1,E1-029,VOID,w8/one-port/reduce_scatter/131072;w8/four-port/reduce_scatter/131072,,,reduce_scatter,131072,,,0.9181704219800672,,,FG-2 contradicted the declared concentration at attempt scope; the frozen rule voids the consumed cells and forbids relabeling
R/E1,E1-030,VOID,w8/one-port/reduce_scatter/196608;w8/four-port/reduce_scatter/196608,,,reduce_scatter,196608,,,1.2174986447453884,,,FG-2 contradicted the declared concentration at attempt scope; the frozen rule voids the consumed cells and forbids relabeling
R/E1,E1-031,VOID,w8/one-port/reduce_scatter/262144;w8/four-port/reduce_scatter/262144,,,reduce_scatter,262144,,,1.424200207744226,,,FG-2 contradicted the declared concentration at attempt scope; the frozen rule voids the consumed cells and forbids relabeling
R/E1,E1-032,VOID,w8/one-port/reduce_scatter/393216;w8/four-port/reduce_scatter/393216,,,reduce_scatter,393216,,,1.2917709214523427,,,FG-2 contradicted the declared concentration at attempt scope; the frozen rule voids the consumed cells and forbids relabeling
R/E1,E1-033,VOID,w8/one-port/reduce_scatter/524288;w8/four-port/reduce_scatter/524288,,,reduce_scatter,524288,,,1.4433404442237727,,,FG-2 contradicted the declared concentration at attempt scope; the frozen rule voids the consumed cells and forbids relabeling
R/E1,E1-034,VOID,w8/one-port/reduce_scatter/786432;w8/four-port/reduce_scatter/786432,,,reduce_scatter,786432,,,1.4096866601654285,,,FG-2 contradicted the declared concentration at attempt scope; the frozen rule voids the consumed cells and forbids relabeling
R/E1,E1-035,VOID,w8/one-port/reduce_scatter/1048576;w8/four-port/reduce_scatter/1048576,,,reduce_scatter,1048576,,,1.4797030719382849,,,FG-2 contradicted the declared concentration at attempt scope; the frozen rule voids the consumed cells and forbids relabeling
R/E1,E1-036,VOID,w8/one-port/reduce_scatter/1572864;w8/four-port/reduce_scatter/1572864,,,reduce_scatter,1572864,,,1.4262527259826787,,,FG-2 contradicted the declared concentration at attempt scope; the frozen rule voids the consumed cells and forbids relabeling
R/E1,E1-037,VOID,w8/one-port/reduce_scatter/2097152;w8/four-port/reduce_scatter/2097152,,,reduce_scatter,2097152,,,1.2805362519836012,,,FG-2 contradicted the declared concentration at attempt scope; the frozen rule voids the consumed cells and forbids relabeling
R/E1,E1-038,VOID,w8/one-port/reduce_scatter/3145728;w8/four-port/reduce_scatter/3145728,,,reduce_scatter,3145728,,,1.252454371216975,,,FG-2 contradicted the declared concentration at attempt scope; the frozen rule voids the consumed cells and forbids relabeling
R/E1,E1-039,VOID,w8/one-port/reduce_scatter/4194304;w8/four-port/reduce_scatter/4194304,,,reduce_scatter,4194304,,,1.259270963915461,,,FG-2 contradicted the declared concentration at attempt scope; the frozen rule voids the consumed cells and forbids relabeling
R/E1,E1-040,VOID,w8/one-port/reduce_scatter/8388608;w8/four-port/reduce_scatter/8388608,,,reduce_scatter,8388608,,,1.135551439655248,,,FG-2 contradicted the declared concentration at attempt scope; the frozen rule voids the consumed cells and forbids relabeling
R/E1,E1-041,VOID,w8/one-port/reduce_scatter/16777216;w8/four-port/reduce_scatter/16777216,,,reduce_scatter,16777216,,,1.0566914516856518,,,FG-2 contradicted the declared concentration at attempt scope; the frozen rule voids the consumed cells and forbids relabeling
R/E1,E1-042,VOID,w8/one-port/reduce_scatter/33554432;w8/four-port/reduce_scatter/33554432,,,reduce_scatter,33554432,,,1.0285658942043743,,,FG-2 contradicted the declared concentration at attempt scope; the frozen rule voids the consumed cells and forbids relabeling
R/E1,E1-043,VOID,w8/one-port/reduce_scatter/67108864;w8/four-port/reduce_scatter/67108864,,,reduce_scatter,67108864,,,0.9953226403436907,,,FG-2 contradicted the declared concentration at attempt scope; the frozen rule voids the consumed cells and forbids relabeling
R/E1,E1-044,VOID,w8/one-port/reduce_scatter/134217728;w8/four-port/reduce_scatter/134217728,,,reduce_scatter,134217728,,,0.969986155884861,,,FG-2 contradicted the declared concentration at attempt scope; the frozen rule voids the consumed cells and forbids relabeling
R/E1,E1-045,VOID,w8/one-port/all_reduce/8;w8/four-port/all_reduce/8,,,all_reduce,8,,,0.9833668229515516,,,FG-2 contradicted the declared concentration at attempt scope; the frozen rule voids the consumed cells and forbids relabeling
R/E1,E1-046,VOID,w8/one-port/all_reduce/64;w8/four-port/all_reduce/64,,,all_reduce,64,,,1.039134712863021,,,FG-2 contradicted the declared concentration at attempt scope; the frozen rule voids the consumed cells and forbids relabeling
R/E1,E1-047,VOID,w8/one-port/all_reduce/512;w8/four-port/all_reduce/512,,,all_reduce,512,,,1.0677553982943204,,,FG-2 contradicted the declared concentration at attempt scope; the frozen rule voids the consumed cells and forbids relabeling
R/E1,E1-048,VOID,w8/one-port/all_reduce/4096;w8/four-port/all_reduce/4096,,,all_reduce,4096,,,1.0797346160946,,,FG-2 contradicted the declared concentration at attempt scope; the frozen rule voids the consumed cells and forbids relabeling
R/E1,E1-049,VOID,w8/one-port/all_reduce/16384;w8/four-port/all_reduce/16384,,,all_reduce,16384,,,1.3040777115660325,,,FG-2 contradicted the declared concentration at attempt scope; the frozen rule voids the consumed cells and forbids relabeling
R/E1,E1-050,VOID,w8/one-port/all_reduce/65536;w8/four-port/all_reduce/65536,,,all_reduce,65536,,,2.4663809749409595,,,FG-2 contradicted the declared concentration at attempt scope; the frozen rule voids the consumed cells and forbids relabeling
R/E1,E1-051,VOID,w8/one-port/all_reduce/131072;w8/four-port/all_reduce/131072,,,all_reduce,131072,,,2.4472037467039236,,,FG-2 contradicted the declared concentration at attempt scope; the frozen rule voids the consumed cells and forbids relabeling
R/E1,E1-052,VOID,w8/one-port/all_reduce/196608;w8/four-port/all_reduce/196608,,,all_reduce,196608,,,0.8567258723451885,,,FG-2 contradicted the declared concentration at attempt scope; the frozen rule voids the consumed cells and forbids relabeling
R/E1,E1-053,VOID,w8/one-port/all_reduce/262144;w8/four-port/all_reduce/262144,,,all_reduce,262144,,,0.8269062772993885,,,FG-2 contradicted the declared concentration at attempt scope; the frozen rule voids the consumed cells and forbids relabeling
R/E1,E1-054,VOID,w8/one-port/all_reduce/393216;w8/four-port/all_reduce/393216,,,all_reduce,393216,,,0.8723122175481224,,,FG-2 contradicted the declared concentration at attempt scope; the frozen rule voids the consumed cells and forbids relabeling
R/E1,E1-055,VOID,w8/one-port/all_reduce/524288;w8/four-port/all_reduce/524288,,,all_reduce,524288,,,1.0375936625806257,,,FG-2 contradicted the declared concentration at attempt scope; the frozen rule voids the consumed cells and forbids relabeling
R/E1,E1-056,VOID,w8/one-port/all_reduce/786432;w8/four-port/all_reduce/786432,,,all_reduce,786432,,,3.7597347995747215,,,FG-2 contradicted the declared concentration at attempt scope; the frozen rule voids the consumed cells and forbids relabeling
R/E1,E1-057,VOID,w8/one-port/all_reduce/1048576;w8/four-port/all_reduce/1048576,,,all_reduce,1048576,,,3.8088109505600816,,,FG-2 contradicted the declared concentration at attempt scope; the frozen rule voids the consumed cells and forbids relabeling
R/E1,E1-058,VOID,w8/one-port/all_reduce/1572864;w8/four-port/all_reduce/1572864,,,all_reduce,1572864,,,4.353510732200077,,,FG-2 contradicted the declared concentration at attempt scope; the frozen rule voids the consumed cells and forbids relabeling
R/E1,E1-059,VOID,w8/one-port/all_reduce/2097152;w8/four-port/all_reduce/2097152,,,all_reduce,2097152,,,2.1175086650561914,,,FG-2 contradicted the declared concentration at attempt scope; the frozen rule voids the consumed cells and forbids relabeling
R/E1,E1-060,VOID,w8/one-port/all_reduce/3145728;w8/four-port/all_reduce/3145728,,,all_reduce,3145728,,,2.013817109655005,,,FG-2 contradicted the declared concentration at attempt scope; the frozen rule voids the consumed cells and forbids relabeling
R/E1,E1-061,VOID,w8/one-port/all_reduce/4194304;w8/four-port/all_reduce/4194304,,,all_reduce,4194304,,,2.065084719220492,,,FG-2 contradicted the declared concentration at attempt scope; the frozen rule voids the consumed cells and forbids relabeling
R/E1,E1-062,VOID,w8/one-port/all_reduce/8388608;w8/four-port/all_reduce/8388608,,,all_reduce,8388608,,,2.270899923530922,,,FG-2 contradicted the declared concentration at attempt scope; the frozen rule voids the consumed cells and forbids relabeling
R/E1,E1-063,VOID,w8/one-port/all_reduce/16777216;w8/four-port/all_reduce/16777216,,,all_reduce,16777216,,,2.0780227391052173,,,FG-2 contradicted the declared concentration at attempt scope; the frozen rule voids the consumed cells and forbids relabeling
R/E1,E1-064,VOID,w8/one-port/all_reduce/33554432;w8/four-port/all_reduce/33554432,,,all_reduce,33554432,,,1.988103945718054,,,FG-2 contradicted the declared concentration at attempt scope; the frozen rule voids the consumed cells and forbids relabeling
R/E1,E1-065,VOID,w8/one-port/all_reduce/67108864;w8/four-port/all_reduce/67108864,,,all_reduce,67108864,,,1.9277381679029162,,,FG-2 contradicted the declared concentration at attempt scope; the frozen rule voids the consumed cells and forbids relabeling
R/E1,E1-066,VOID,w8/one-port/all_reduce/134217728;w8/four-port/all_reduce/134217728,,,all_reduce,134217728,,,1.9056295240614054,,,FG-2 contradicted the declared concentration at attempt scope; the frozen rule voids the consumed cells and forbids relabeling
R/E1,E1-067,VOID,w8/one-port/all_to_allv/8;w8/four-port/all_to_allv/8,,,all_to_allv,8,,,0.9105983054735893,,,FG-2 contradicted the declared concentration at attempt scope; the frozen rule voids the consumed cells and forbids relabeling
R/E1,E1-068,VOID,w8/one-port/all_to_allv/64;w8/four-port/all_to_allv/64,,,all_to_allv,64,,,1.025628897426492,,,FG-2 contradicted the declared concentration at attempt scope; the frozen rule voids the consumed cells and forbids relabeling
R/E1,E1-069,VOID,w8/one-port/all_to_allv/512;w8/four-port/all_to_allv/512,,,all_to_allv,512,,,0.9667841872327657,,,FG-2 contradicted the declared concentration at attempt scope; the frozen rule voids the consumed cells and forbids relabeling
R/E1,E1-070,VOID,w8/one-port/all_to_allv/4096;w8/four-port/all_to_allv/4096,,,all_to_allv,4096,,,0.9871856339624286,,,FG-2 contradicted the declared concentration at attempt scope; the frozen rule voids the consumed cells and forbids relabeling
R/E1,E1-071,VOID,w8/one-port/all_to_allv/16384;w8/four-port/all_to_allv/16384,,,all_to_allv,16384,,,0.9321164777376524,,,FG-2 contradicted the declared concentration at attempt scope; the frozen rule voids the consumed cells and forbids relabeling
R/E1,E1-072,VOID,w8/one-port/all_to_allv/65536;w8/four-port/all_to_allv/65536,,,all_to_allv,65536,,,1.050832368454908,,,FG-2 contradicted the declared concentration at attempt scope; the frozen rule voids the consumed cells and forbids relabeling
R/E1,E1-073,VOID,w8/one-port/all_to_allv/131072;w8/four-port/all_to_allv/131072,,,all_to_allv,131072,,,1.0841953482540279,,,FG-2 contradicted the declared concentration at attempt scope; the frozen rule voids the consumed cells and forbids relabeling
R/E1,E1-074,VOID,w8/one-port/all_to_allv/196608;w8/four-port/all_to_allv/196608,,,all_to_allv,196608,,,1.1481965403018035,,,FG-2 contradicted the declared concentration at attempt scope; the frozen rule voids the consumed cells and forbids relabeling
R/E1,E1-075,VOID,w8/one-port/all_to_allv/262144;w8/four-port/all_to_allv/262144,,,all_to_allv,262144,,,1.075300624335013,,,FG-2 contradicted the declared concentration at attempt scope; the frozen rule voids the consumed cells and forbids relabeling
R/E1,E1-076,VOID,w8/one-port/all_to_allv/393216;w8/four-port/all_to_allv/393216,,,all_to_allv,393216,,,1.0942517009046329,,,FG-2 contradicted the declared concentration at attempt scope; the frozen rule voids the consumed cells and forbids relabeling
R/E1,E1-077,VOID,w8/one-port/all_to_allv/524288;w8/four-port/all_to_allv/524288,,,all_to_allv,524288,,,1.1116693586223994,,,FG-2 contradicted the declared concentration at attempt scope; the frozen rule voids the consumed cells and forbids relabeling
R/E1,E1-078,VOID,w8/one-port/all_to_allv/786432;w8/four-port/all_to_allv/786432,,,all_to_allv,786432,,,1.0800161634639673,,,FG-2 contradicted the declared concentration at attempt scope; the frozen rule voids the consumed cells and forbids relabeling
R/E1,E1-079,VOID,w8/one-port/all_to_allv/1048576;w8/four-port/all_to_allv/1048576,,,all_to_allv,1048576,,,0.9954173130772093,,,FG-2 contradicted the declared concentration at attempt scope; the frozen rule voids the consumed cells and forbids relabeling
R/E1,E1-080,VOID,w8/one-port/all_to_allv/1572864;w8/four-port/all_to_allv/1572864,,,all_to_allv,1572864,,,1.0500125028410372,,,FG-2 contradicted the declared concentration at attempt scope; the frozen rule voids the consumed cells and forbids relabeling
R/E1,E1-081,VOID,w8/one-port/all_to_allv/2097152;w8/four-port/all_to_allv/2097152,,,all_to_allv,2097152,,,1.0795267560050856,,,FG-2 contradicted the declared concentration at attempt scope; the frozen rule voids the consumed cells and forbids relabeling
R/E1,E1-082,VOID,w8/one-port/all_to_allv/3145728;w8/four-port/all_to_allv/3145728,,,all_to_allv,3145728,,,1.043831033314784,,,FG-2 contradicted the declared concentration at attempt scope; the frozen rule voids the consumed cells and forbids relabeling
R/E1,E1-083,VOID,w8/one-port/all_to_allv/4194304;w8/four-port/all_to_allv/4194304,,,all_to_allv,4194304,,,1.100235077521628,,,FG-2 contradicted the declared concentration at attempt scope; the frozen rule voids the consumed cells and forbids relabeling
R/E1,E1-084,VOID,w8/one-port/all_to_allv/8388608;w8/four-port/all_to_allv/8388608,,,all_to_allv,8388608,,,1.0395072392538574,,,FG-2 contradicted the declared concentration at attempt scope; the frozen rule voids the consumed cells and forbids relabeling
R/E1,E1-085,VOID,w8/one-port/all_to_allv/16777216;w8/four-port/all_to_allv/16777216,,,all_to_allv,16777216,,,1.0381098681836465,,,FG-2 contradicted the declared concentration at attempt scope; the frozen rule voids the consumed cells and forbids relabeling
R/E1,E1-086,VOID,w8/one-port/all_to_allv/33554432;w8/four-port/all_to_allv/33554432,,,all_to_allv,33554432,,,0.9749154522167616,,,FG-2 contradicted the declared concentration at attempt scope; the frozen rule voids the consumed cells and forbids relabeling
R/E1,E1-087,VOID,w8/one-port/all_to_allv/67108864;w8/four-port/all_to_allv/67108864,,,all_to_allv,67108864,,,0.9684505020970801,,,FG-2 contradicted the declared concentration at attempt scope; the frozen rule voids the consumed cells and forbids relabeling
R/E1,E1-088,VOID,w8/one-port/all_to_allv/134217728;w8/four-port/all_to_allv/134217728,,,all_to_allv,134217728,,,0.8388384756175499,,,FG-2 contradicted the declared concentration at attempt scope; the frozen rule voids the consumed cells and forbids relabeling
R/E2,E2-001,VOID,w2/one-port/all_reduce/8;w8/one-port/all_reduce/8,,one-port,,8,,,1.0748745481445328,,,FG-2 contradicted the declared concentration at attempt scope; the frozen rule voids the consumed cells and forbids relabeling
R/E2,E2-002,VOID,w2/one-port/all_reduce/64;w8/one-port/all_reduce/64,,one-port,,64,,,0.8771945279955701,,,FG-2 contradicted the declared concentration at attempt scope; the frozen rule voids the consumed cells and forbids relabeling
R/E2,E2-003,VOID,w2/one-port/all_reduce/512;w8/one-port/all_reduce/512,,one-port,,512,,,0.9914520314062026,,,FG-2 contradicted the declared concentration at attempt scope; the frozen rule voids the consumed cells and forbids relabeling
R/E2,E2-004,VOID,w2/one-port/all_reduce/4096;w8/one-port/all_reduce/4096,,one-port,,4096,,,1.06252070310413,,,FG-2 contradicted the declared concentration at attempt scope; the frozen rule voids the consumed cells and forbids relabeling
R/E2,E2-005,VOID,w2/one-port/all_reduce/16384;w8/one-port/all_reduce/16384,,one-port,,16384,,,0.9530839029744891,,,FG-2 contradicted the declared concentration at attempt scope; the frozen rule voids the consumed cells and forbids relabeling
R/E2,E2-006,VOID,w2/one-port/all_reduce/65536;w8/one-port/all_reduce/65536,,one-port,,65536,,,1.6459435119184487,,,FG-2 contradicted the declared concentration at attempt scope; the frozen rule voids the consumed cells and forbids relabeling
R/E2,E2-007,VOID,w2/one-port/all_reduce/131072;w8/one-port/all_reduce/131072,,one-port,,131072,,,1.3682607342581503,,,FG-2 contradicted the declared concentration at attempt scope; the frozen rule voids the consumed cells and forbids relabeling
R/E2,E2-008,VOID,w2/one-port/all_reduce/196608;w8/one-port/all_reduce/196608,,one-port,,196608,,,1.032455160494868,,,FG-2 contradicted the declared concentration at attempt scope; the frozen rule voids the consumed cells and forbids relabeling
R/E2,E2-009,VOID,w2/one-port/all_reduce/262144;w8/one-port/all_reduce/262144,,one-port,,262144,,,0.9573662211672429,,,FG-2 contradicted the declared concentration at attempt scope; the frozen rule voids the consumed cells and forbids relabeling
R/E2,E2-010,VOID,w2/one-port/all_reduce/393216;w8/one-port/all_reduce/393216,,one-port,,393216,,,0.8631896882840909,,,FG-2 contradicted the declared concentration at attempt scope; the frozen rule voids the consumed cells and forbids relabeling
R/E2,E2-011,VOID,w2/one-port/all_reduce/524288;w8/one-port/all_reduce/524288,,one-port,,524288,,,0.8279675389164967,,,FG-2 contradicted the declared concentration at attempt scope; the frozen rule voids the consumed cells and forbids relabeling
R/E2,E2-012,VOID,w2/one-port/all_reduce/786432;w8/one-port/all_reduce/786432,,one-port,,786432,,,0.8432616691162791,,,FG-2 contradicted the declared concentration at attempt scope; the frozen rule voids the consumed cells and forbids relabeling
R/E2,E2-013,VOID,w2/one-port/all_reduce/1048576;w8/one-port/all_reduce/1048576,,one-port,,1048576,,,1.685649817281044,,,FG-2 contradicted the declared concentration at attempt scope; the frozen rule voids the consumed cells and forbids relabeling
R/E2,E2-014,VOID,w2/one-port/all_reduce/1572864;w8/one-port/all_reduce/1572864,,one-port,,1572864,,,1.8016117055671943,,,FG-2 contradicted the declared concentration at attempt scope; the frozen rule voids the consumed cells and forbids relabeling
R/E2,E2-015,VOID,w2/one-port/all_reduce/2097152;w8/one-port/all_reduce/2097152,,one-port,,2097152,,,0.8617557332082763,,,FG-2 contradicted the declared concentration at attempt scope; the frozen rule voids the consumed cells and forbids relabeling
R/E2,E2-016,VOID,w2/one-port/all_reduce/3145728;w8/one-port/all_reduce/3145728,,one-port,,3145728,,,0.7785254297688616,,,FG-2 contradicted the declared concentration at attempt scope; the frozen rule voids the consumed cells and forbids relabeling
R/E2,E2-017,VOID,w2/one-port/all_reduce/4194304;w8/one-port/all_reduce/4194304,,one-port,,4194304,,,0.7630774471039943,,,FG-2 contradicted the declared concentration at attempt scope; the frozen rule voids the consumed cells and forbids relabeling
R/E2,E2-018,VOID,w2/one-port/all_reduce/8388608;w8/one-port/all_reduce/8388608,,one-port,,8388608,,,0.7023052574448446,,,FG-2 contradicted the declared concentration at attempt scope; the frozen rule voids the consumed cells and forbids relabeling
R/E2,E2-019,VOID,w2/one-port/all_reduce/16777216;w8/one-port/all_reduce/16777216,,one-port,,16777216,,,0.6366514029424141,,,FG-2 contradicted the declared concentration at attempt scope; the frozen rule voids the consumed cells and forbids relabeling
R/E2,E2-020,VOID,w2/one-port/all_reduce/33554432;w8/one-port/all_reduce/33554432,,one-port,,33554432,,,0.6049081715953823,,,FG-2 contradicted the declared concentration at attempt scope; the frozen rule voids the consumed cells and forbids relabeling
R/E2,E2-021,VOID,w2/one-port/all_reduce/67108864;w8/one-port/all_reduce/67108864,,one-port,,67108864,,,0.5841437882043655,,,FG-2 contradicted the declared concentration at attempt scope; the frozen rule voids the consumed cells and forbids relabeling
R/E2,E2-022,VOID,w2/one-port/all_reduce/134217728;w8/one-port/all_reduce/134217728,,one-port,,134217728,,,0.5268379978648925,,,FG-2 contradicted the declared concentration at attempt scope; the frozen rule voids the consumed cells and forbids relabeling
R/E2,E2-023,VOID,w2/four-port/all_reduce/8;w8/four-port/all_reduce/8,,four-port,,8,,,1.1864311375262817,,,FG-2 contradicted the declared concentration at attempt scope; the frozen rule voids the consumed cells and forbids relabeling
R/E2,E2-024,VOID,w2/four-port/all_reduce/64;w8/four-port/all_reduce/64,,four-port,,64,,,0.8767760741408833,,,FG-2 contradicted the declared concentration at attempt scope; the frozen rule voids the consumed cells and forbids relabeling
R/E2,E2-025,VOID,w2/four-port/all_reduce/512;w8/four-port/all_reduce/512,,four-port,,512,,,0.9299068574514039,,,FG-2 contradicted the declared concentration at attempt scope; the frozen rule voids the consumed cells and forbids relabeling
R/E2,E2-026,VOID,w2/four-port/all_reduce/4096;w8/four-port/all_reduce/4096,,four-port,,4096,,,0.9458726620995656,,,FG-2 contradicted the declared concentration at attempt scope; the frozen rule voids the consumed cells and forbids relabeling
R/E2,E2-027,VOID,w2/four-port/all_reduce/16384;w8/four-port/all_reduce/16384,,four-port,,16384,,,0.6782045600365121,,,FG-2 contradicted the declared concentration at attempt scope; the frozen rule voids the consumed cells and forbids relabeling
R/E2,E2-028,VOID,w2/four-port/all_reduce/65536;w8/four-port/all_reduce/65536,,four-port,,65536,,,0.5891450248030348,,,FG-2 contradicted the declared concentration at attempt scope; the frozen rule voids the consumed cells and forbids relabeling
R/E2,E2-029,VOID,w2/four-port/all_reduce/131072;w8/four-port/all_reduce/131072,,four-port,,131072,,,0.49204377583144754,,,FG-2 contradicted the declared concentration at attempt scope; the frozen rule voids the consumed cells and forbids relabeling
R/E2,E2-030,VOID,w2/four-port/all_reduce/196608;w8/four-port/all_reduce/196608,,four-port,,196608,,,1.0616264389157073,,,FG-2 contradicted the declared concentration at attempt scope; the frozen rule voids the consumed cells and forbids relabeling
R/E2,E2-031,VOID,w2/four-port/all_reduce/262144;w8/four-port/all_reduce/262144,,four-port,,262144,,,1.020181061176731,,,FG-2 contradicted the declared concentration at attempt scope; the frozen rule voids the consumed cells and forbids relabeling
R/E2,E2-032,VOID,w2/four-port/all_reduce/393216;w8/four-port/all_reduce/393216,,four-port,,393216,,,0.8451078939772997,,,FG-2 contradicted the declared concentration at attempt scope; the frozen rule voids the consumed cells and forbids relabeling
R/E2,E2-033,VOID,w2/four-port/all_reduce/524288;w8/four-port/all_reduce/524288,,four-port,,524288,,,0.7115635320164752,,,FG-2 contradicted the declared concentration at attempt scope; the frozen rule voids the consumed cells and forbids relabeling
R/E2,E2-034,VOID,w2/four-port/all_reduce/786432;w8/four-port/all_reduce/786432,,four-port,,786432,,,0.1971650592598379,,,FG-2 contradicted the declared concentration at attempt scope; the frozen rule voids the consumed cells and forbids relabeling
R/E2,E2-035,VOID,w2/four-port/all_reduce/1048576;w8/four-port/all_reduce/1048576,,four-port,,1048576,,,0.40037372034065083,,,FG-2 contradicted the declared concentration at attempt scope; the frozen rule voids the consumed cells and forbids relabeling
R/E2,E2-036,VOID,w2/four-port/all_reduce/1572864;w8/four-port/all_reduce/1572864,,four-port,,1572864,,,0.3634616896646617,,,FG-2 contradicted the declared concentration at attempt scope; the frozen rule voids the consumed cells and forbids relabeling
R/E2,E2-037,VOID,w2/four-port/all_reduce/2097152;w8/four-port/all_reduce/2097152,,four-port,,2097152,,,0.3633910023282062,,,FG-2 contradicted the declared concentration at attempt scope; the frozen rule voids the consumed cells and forbids relabeling
R/E2,E2-038,VOID,w2/four-port/all_reduce/3145728;w8/four-port/all_reduce/3145728,,four-port,,3145728,,,0.34911025372029775,,,FG-2 contradicted the declared concentration at attempt scope; the frozen rule voids the consumed cells and forbids relabeling
R/E2,E2-039,VOID,w2/four-port/all_reduce/4194304;w8/four-port/all_reduce/4194304,,four-port,,4194304,,,0.3336460336879217,,,FG-2 contradicted the declared concentration at attempt scope; the frozen rule voids the consumed cells and forbids relabeling
R/E2,E2-040,VOID,w2/four-port/all_reduce/8388608;w8/four-port/all_reduce/8388608,,four-port,,8388608,,,0.2751277227615055,,,FG-2 contradicted the declared concentration at attempt scope; the frozen rule voids the consumed cells and forbids relabeling
R/E2,E2-041,VOID,w2/four-port/all_reduce/16777216;w8/four-port/all_reduce/16777216,,four-port,,16777216,,,0.277901227102109,,,FG-2 contradicted the declared concentration at attempt scope; the frozen rule voids the consumed cells and forbids relabeling
R/E2,E2-042,VOID,w2/four-port/all_reduce/33554432;w8/four-port/all_reduce/33554432,,four-port,,33554432,,,0.2768823712832988,,,FG-2 contradicted the declared concentration at attempt scope; the frozen rule voids the consumed cells and forbids relabeling
R/E2,E2-043,VOID,w2/four-port/all_reduce/67108864;w8/four-port/all_reduce/67108864,,four-port,,67108864,,,0.27961117363933224,,,FG-2 contradicted the declared concentration at attempt scope; the frozen rule voids the consumed cells and forbids relabeling
R/E2,E2-044,VOID,w2/four-port/all_reduce/134217728;w8/four-port/all_reduce/134217728,,four-port,,134217728,,,0.2806914873920662,,,FG-2 contradicted the declared concentration at attempt scope; the frozen rule voids the consumed cells and forbids relabeling
R/E3,E3-001,VOID,w8/one-port/all_gather/33554432;w8/four-port/all_gather/33554432,,,all_gather,33554432,,,0.8969467224014284,,,FG-2 contradicted the declared concentration at attempt scope; the frozen rule voids the consumed cells and forbids relabeling
R/E3,E3-002,VOID,w8/one-port/all_gather/67108864;w8/four-port/all_gather/67108864,,,all_gather,67108864,,,0.9004518528509228,,,FG-2 contradicted the declared concentration at attempt scope; the frozen rule voids the consumed cells and forbids relabeling
R/E3,E3-003,VOID,w8/one-port/all_gather/134217728;w8/four-port/all_gather/134217728,,,all_gather,134217728,,,0.8982407444119771,,,FG-2 contradicted the declared concentration at attempt scope; the frozen rule voids the consumed cells and forbids relabeling
R/E3,E3-004,VOID,w8/one-port/reduce_scatter/33554432;w8/four-port/reduce_scatter/33554432,,,reduce_scatter,33554432,,,0.9989415003558849,,,FG-2 contradicted the declared concentration at attempt scope; the frozen rule voids the consumed cells and forbids relabeling
R/E3,E3-005,VOID,w8/one-port/reduce_scatter/67108864;w8/four-port/reduce_scatter/67108864,,,reduce_scatter,67108864,,,0.9695113742628656,,,FG-2 contradicted the declared concentration at attempt scope; the frozen rule voids the consumed cells and forbids relabeling
R/E3,E3-006,VOID,w8/one-port/reduce_scatter/134217728;w8/four-port/reduce_scatter/134217728,,,reduce_scatter,134217728,,,0.9643341895296292,,,FG-2 contradicted the declared concentration at attempt scope; the frozen rule voids the consumed cells and forbids relabeling
R/E3,E3-007,VOID,w8/one-port/all_reduce/33554432;w8/four-port/all_reduce/33554432,,,all_reduce,33554432,,,1.8847690683920777,,,FG-2 contradicted the declared concentration at attempt scope; the frozen rule voids the consumed cells and forbids relabeling
R/E3,E3-008,VOID,w8/one-port/all_reduce/67108864;w8/four-port/all_reduce/67108864,,,all_reduce,67108864,,,1.8735751449817932,,,FG-2 contradicted the declared concentration at attempt scope; the frozen rule voids the consumed cells and forbids relabeling
R/E3,E3-009,VOID,w8/one-port/all_reduce/134217728;w8/four-port/all_reduce/134217728,,,all_reduce,134217728,,,1.8849486559623938,,,FG-2 contradicted the declared concentration at attempt scope; the frozen rule voids the consumed cells and forbids relabeling
R/E3,E3-010,VOID,w8/one-port/all_to_allv/33554432;w8/four-port/all_to_allv/33554432,,,all_to_allv,33554432,,,0.9769281144981758,,,FG-2 contradicted the declared concentration at attempt scope; the frozen rule voids the consumed cells and forbids relabeling
R/E3,E3-011,VOID,w8/one-port/all_to_allv/67108864;w8/four-port/all_to_allv/67108864,,,all_to_allv,67108864,,,0.9641375418573559,,,FG-2 contradicted the declared concentration at attempt scope; the frozen rule voids the consumed cells and forbids relabeling
R/E3,E3-012,VOID,w8/one-port/all_to_allv/134217728;w8/four-port/all_to_allv/134217728,,,all_to_allv,134217728,,,0.8447335339725776,,,FG-2 contradicted the declared concentration at attempt scope; the frozen rule voids the consumed cells and forbids relabeling
R/E4,E4-001,VOID,w2/one-port/all_reduce/8,,,,,,,1.6333257342485883,,,FG-2 contradicted the declared concentration at attempt scope; the frozen rule voids the consumed cells and forbids relabeling
R/E4,E4-002,VOID,w2/four-port/all_reduce/8,,,,,,,1.504778218291071,,,FG-2 contradicted the declared concentration at attempt scope; the frozen rule voids the consumed cells and forbids relabeling
R/E4,E4-003,VOID,w8/one-port/all_reduce/8,,,,,,,1.3875172278007482,,,FG-2 contradicted the declared concentration at attempt scope; the frozen rule voids the consumed cells and forbids relabeling
R/E4,E4-004,VOID,w8/four-port/all_reduce/8,,,,,,,1.410986414648553,,,FG-2 contradicted the declared concentration at attempt scope; the frozen rule voids the consumed cells and forbids relabeling
R/E4,E4-005,VOID,w8/one-port/all_to_allv/8,,,,,,,1.281732642948611,,,FG-2 contradicted the declared concentration at attempt scope; the frozen rule voids the consumed cells and forbids relabeling
R/E4,E4-006,VOID,w8/four-port/all_to_allv/8,,,,,,,1.4075719614720783,,,FG-2 contradicted the declared concentration at attempt scope; the frozen rule voids the consumed cells and forbids relabeling
L,L-001,PASS,w2/four-port/all_gather/8,2,four-port,all_gather,8,62327.0,90052.8,62327.0,1.0,,complete frozen ladder row; timing is not a valid concentration comparison
L,L-002,PASS,w2/four-port/all_gather/64,2,four-port,all_gather,64,63409.0,89398.0,63409.0,1.0,,complete frozen ladder row; timing is not a valid concentration comparison
L,L-003,PASS,w2/four-port/all_gather/512,2,four-port,all_gather,512,71063.0,98416.4,11843.833333333334,1.0,,complete frozen ladder row; timing is not a valid concentration comparison
L,L-004,PASS,w2/four-port/all_gather/4096,2,four-port,all_gather,4096,77295.0,108726.0,1885.2439024390244,1.0,,complete frozen ladder row; timing is not a valid concentration comparison
L,L-005,PASS,w2/four-port/all_gather/16384,2,four-port,all_gather,16384,109666.0,139359.0,668.6951219512196,1.0,,complete frozen ladder row; timing is not a valid concentration comparison
L,L-006,PASS,w2/four-port/all_gather/65536,2,four-port,all_gather,65536,179697.0,215594.8,273.9283536585366,1.0,,complete frozen ladder row; timing is not a valid concentration comparison
L,L-007,PASS,w2/four-port/all_gather/131072,2,four-port,all_gather,131072,301155.0,362289.39999999997,229.71395881006865,1.0,,complete frozen ladder row; timing is not a valid concentration comparison
L,L-008,PASS,w2/four-port/all_gather/196608,2,four-port,all_gather,196608,428784.0,488225.8,217.98881545500763,1.0,,complete frozen ladder row; timing is not a valid concentration comparison
L,L-009,PASS,w2/four-port/all_gather/262144,2,four-port,all_gather,262144,306846.0,331198.6,117.02745995423341,1.0,,complete frozen ladder row; timing is not a valid concentration comparison
L,L-010,PASS,w2/four-port/all_gather/393216,2,four-port,all_gather,393216,396253.0,438832.19999999995,100.75082634121536,1.0,,complete frozen ladder row; timing is not a valid concentration comparison
L,L-011,PASS,w2/four-port/all_gather/524288,2,four-port,all_gather,524288,484489.0,520061.2,92.40682815182147,1.0,,complete frozen ladder row; timing is not a valid concentration comparison
L,L-012,PASS,w2/four-port/all_gather/786432,2,four-port,all_gather,786432,672742.0,695421.8,85.5361729179911,1.0,,complete frozen ladder row; timing is not a valid concentration comparison
L,L-013,PASS,w2/four-port/all_gather/1048576,2,four-port,all_gather,1048576,841318.0,887195.3999999999,80.23250047682625,1.0,,complete frozen ladder row; timing is not a valid concentration comparison
L,L-014,PASS,w2/four-port/all_gather/1572864,2,four-port,all_gather,1572864,1201563.0,1229563.7999999998,76.39156971199695,1.0,,complete frozen ladder row; timing is not a valid concentration comparison
L,L-015,PASS,w2/four-port/all_gather/2097152,2,four-port,all_gather,2097152,1566908.0,1670232.1999999997,74.71428571428571,1.0,,complete frozen ladder row; timing is not a valid concentration comparison
L,L-016,PASS,w2/four-port/all_gather/3145728,2,four-port,all_gather,3145728,2269417.0,2338308.0,72.14117235679319,1.0,,complete frozen ladder row; timing is not a valid concentration comparison
L,L-017,PASS,w2/four-port/all_gather/4194304,2,four-port,all_gather,4194304,3003232.0,3073568.0,71.6009917985886,1.0,,complete frozen ladder row; timing is not a valid concentration comparison
L,L-018,PASS,w2/four-port/all_gather/8388608,2,four-port,all_gather,8388608,5745986.0,5913723.0,68.49673966168774,1.0,,complete frozen ladder row; timing is not a valid concentration comparison
L,L-019,PASS,w2/four-port/all_gather/16777216,2,four-port,all_gather,16777216,11462267.0,11575290.4,68.3200932211977,1.0,,complete frozen ladder row; timing is not a valid concentration comparison
L,L-020,PASS,w2/four-port/all_gather/33554432,2,four-port,all_gather,33554432,22962475.0,23203114.2,68.43336959275209,1.0,,complete frozen ladder row; timing is not a valid concentration comparison
L,L-021,PASS,w2/four-port/all_gather/67108864,2,four-port,all_gather,67108864,45875578.0,46084625.800000004,68.35990159278427,1.0,,complete frozen ladder row; timing is not a valid concentration comparison
L,L-022,PASS,w2/four-port/all_gather/134217728,2,four-port,all_gather,134217728,91784488.0,92125835.8,68.3847358547078,1.0,,complete frozen ladder row; timing is not a valid concentration comparison
L,L-023,PASS,w2/four-port/all_reduce/8,2,four-port,all_reduce,8,60403.0,81962.0,60403.0,1.0,,complete frozen ladder row; timing is not a valid concentration comparison
L,L-024,PASS,w2/four-port/all_reduce/64,2,four-port,all_reduce,64,76503.0,101788.6,76503.0,1.0,,complete frozen ladder row; timing is not a valid concentration comparison
L,L-025,PASS,w2/four-port/all_reduce/512,2,four-port,all_reduce,512,88896.0,117630.99999999999,14816.0,1.0,,complete frozen ladder row; timing is not a valid concentration comparison
L,L-026,PASS,w2/four-port/all_reduce/4096,2,four-port,all_reduce,4096,97363.0,121533.99999999999,2374.7073170731705,1.0,,complete frozen ladder row; timing is not a valid concentration comparison
L,L-027,PASS,w2/four-port/all_reduce/16384,2,four-port,all_reduce,16384,151183.0,179437.99999999997,921.8475609756098,1.0,,complete frozen ladder row; timing is not a valid concentration comparison
L,L-028,PASS,w2/four-port/all_reduce/65536,2,four-port,all_reduce,65536,236463.0,310313.9999999998,360.4618902439024,1.0,,complete frozen ladder row; timing is not a valid concentration comparison
L,L-029,PASS,w2/four-port/all_reduce/131072,2,four-port,all_reduce,131072,361478.0,390621.0,275.7269260106789,1.0,,complete frozen ladder row; timing is not a valid concentration comparison
L,L-030,PASS,w2/four-port/all_reduce/196608,2,four-port,all_reduce,196608,538600.0,579687.3999999999,273.8179969496695,1.0,,complete frozen ladder row; timing is not a valid concentration comparison
L,L-031,PASS,w2/four-port/all_reduce/262144,2,four-port,all_reduce,262144,659777.0,728174.0,251.63119755911518,1.0,,complete frozen ladder row; timing is not a valid concentration comparison
L,L-032,PASS,w2/four-port/all_reduce/393216,2,four-port,all_reduce,393216,938931.0,979134.0,238.73150266971777,1.0,,complete frozen ladder row; timing is not a valid concentration comparison
L,L-033,PASS,w2/four-port/all_reduce/524288,2,four-port,all_reduce,524288,1212735.0,1272534.4,231.30555025748617,1.0,,complete frozen ladder row; timing is not a valid concentration comparison
L,L-034,PASS,w2/four-port/all_reduce/786432,2,four-port,all_reduce,786432,1779367.0,1859833.5999999999,226.2386522568341,1.0,,complete frozen ladder row; timing is not a valid concentration comparison
L,L-035,PASS,w2/four-port/all_reduce/1048576,2,four-port,all_reduce,1048576,1036604.0,1076991.7999999998,98.85599847415602,1.0,,complete frozen ladder row; timing is not a valid concentration comparison
L,L-036,PASS,w2/four-port/all_reduce/1572864,2,four-port,all_reduce,1572864,1424472.0,1480571.2,90.5634178905207,1.0,,complete frozen ladder row; timing is not a valid concentration comparison
L,L-037,PASS,w2/four-port/all_reduce/2097152,2,four-port,all_reduce,2097152,1834030.0,1904069.4,87.45136372305932,1.0,,complete frozen ladder row; timing is not a valid concentration comparison
L,L-038,PASS,w2/four-port/all_reduce/3145728,2,four-port,all_reduce,3145728,2582253.0,2665980.0,82.08573335876406,1.0,,complete frozen ladder row; timing is not a valid concentration comparison
L,L-039,PASS,w2/four-port/all_reduce/4194304,2,four-port,all_reduce,4194304,3368507.0,3455851.4,80.30962712187679,1.0,,complete frozen ladder row; timing is not a valid concentration comparison
L,L-040,PASS,w2/four-port/all_reduce/8388608,2,four-port,all_reduce,8388608,6526049.0,6732346.4,77.7957132809613,1.0,,complete frozen ladder row; timing is not a valid concentration comparison
L,L-041,PASS,w2/four-port/all_reduce/16777216,2,four-port,all_reduce,16777216,12848727.0,12990236.0,76.58399742509224,1.0,,complete frozen ladder row; timing is not a valid concentration comparison
L,L-042,PASS,w2/four-port/all_reduce/33554432,2,four-port,all_reduce,33554432,25710669.0,26078396.8,76.62360935194981,1.0,,complete frozen ladder row; timing is not a valid concentration comparison
L,L-043,PASS,w2/four-port/all_reduce/67108864,2,four-port,all_reduce,67108864,50864144.0,51741138.4,75.79344021433819,1.0,,complete frozen ladder row; timing is not a valid concentration comparison
L,L-044,PASS,w2/four-port/all_reduce/134217728,2,four-port,all_reduce,134217728,101271550.0,102474327.4,75.45314406881948,1.0,,complete frozen ladder row; timing is not a valid concentration comparison
L,L-045,PASS,w2/four-port/all_to_allv/8,2,four-port,all_to_allv,8,72766.0,78860.2,72766.0,1.0,,complete frozen ladder row; timing is not a valid concentration comparison
L,L-046,PASS,w2/four-port/all_to_allv/64,2,four-port,all_to_allv,64,72266.0,82092.0,72266.0,1.0,,complete frozen ladder row; timing is not a valid concentration comparison
L,L-047,PASS,w2/four-port/all_to_allv/512,2,four-port,all_to_allv,512,76684.0,89335.4,12780.666666666666,1.0,,complete frozen ladder row; timing is not a valid concentration comparison
L,L-048,PASS,w2/four-port/all_to_allv/4096,2,four-port,all_to_allv,4096,76864.0,84963.79999999999,1874.7317073170732,1.0,,complete frozen ladder row; timing is not a valid concentration comparison
L,L-049,PASS,w2/four-port/all_to_allv/16384,2,four-port,all_to_allv,16384,90600.0,107845.99999999999,552.439024390244,1.0,,complete frozen ladder row; timing is not a valid concentration comparison
L,L-050,PASS,w2/four-port/all_to_allv/65536,2,four-port,all_to_allv,65536,142607.0,157775.59999999998,217.3887195121951,1.0,,complete frozen ladder row; timing is not a valid concentration comparison
L,L-051,PASS,w2/four-port/all_to_allv/131072,2,four-port,all_to_allv,131072,202810.0,227476.59999999998,154.69870327993897,1.0,,complete frozen ladder row; timing is not a valid concentration comparison
L,L-052,PASS,w2/four-port/all_to_allv/196608,2,four-port,all_to_allv,196608,266761.0,295310.0,135.61820030503304,1.0,,complete frozen ladder row; timing is not a valid concentration comparison
L,L-053,PASS,w2/four-port/all_to_allv/262144,2,four-port,all_to_allv,262144,306124.0,335156.8,116.75209763539283,1.0,,complete frozen ladder row; timing is not a valid concentration comparison
L,L-054,PASS,w2/four-port/all_to_allv/393216,2,four-port,all_to_allv,393216,424366.0,495109.2,107.89880498347317,1.0,,complete frozen ladder row; timing is not a valid concentration comparison
L,L-055,PASS,w2/four-port/all_to_allv/524288,2,four-port,all_to_allv,524288,493776.0,552482.6,94.17814228495136,1.0,,complete frozen ladder row; timing is not a valid concentration comparison
L,L-056,PASS,w2/four-port/all_to_allv/786432,2,four-port,all_to_allv,786432,648917.0,727814.5999999999,82.50692943420216,1.0,,complete frozen ladder row; timing is not a valid concentration comparison
L,L-057,PASS,w2/four-port/all_to_allv/1048576,2,four-port,all_to_allv,1048576,852579.0,930826.0,81.3064085447263,1.0,,complete frozen ladder row; timing is not a valid concentration comparison
L,L-058,PASS,w2/four-port/all_to_allv/1572864,2,four-port,all_to_allv,1572864,1118057.0,1316409.5999999999,71.08252272871765,1.0,,complete frozen ladder row; timing is not a valid concentration comparison
L,L-059,PASS,w2/four-port/all_to_allv/2097152,2,four-port,all_to_allv,2097152,1368657.0,1549940.5999999996,65.26115773412168,1.0,,complete frozen ladder row; timing is not a valid concentration comparison
L,L-060,PASS,w2/four-port/all_to_allv/3145728,2,four-port,all_to_allv,3145728,1807550.0,2218056.0,57.45915188505309,1.0,,complete frozen ladder row; timing is not a valid concentration comparison
L,L-061,PASS,w2/four-port/all_to_allv/4194304,2,four-port,all_to_allv,4194304,2632767.0,2791959.8,62.76862006484837,1.0,,complete frozen ladder row; timing is not a valid concentration comparison
L,L-062,PASS,w2/four-port/all_to_allv/8388608,2,four-port,all_to_allv,8388608,5225941.0,5520455.600000001,62.29738815311073,1.0,,complete frozen ladder row; timing is not a valid concentration comparison
L,L-063,PASS,w2/four-port/all_to_allv/16777216,2,four-port,all_to_allv,16777216,10402519.0,11013086.2,62.00353453773849,1.0,,complete frozen ladder row; timing is not a valid concentration comparison
L,L-064,PASS,w2/four-port/all_to_allv/33554432,2,four-port,all_to_allv,33554432,20239188.0,21304435.8,60.317358327497054,1.0,,complete frozen ladder row; timing is not a valid concentration comparison
L,L-065,PASS,w2/four-port/all_to_allv/67108864,2,four-port,all_to_allv,67108864,40979024.0,42519127.2,61.06347146205645,1.0,,complete frozen ladder row; timing is not a valid concentration comparison
L,L-066,PASS,w2/four-port/all_to_allv/134217728,2,four-port,all_to_allv,134217728,82630480.0,83849009.0,61.56447207449384,1.0,,complete frozen ladder row; timing is not a valid concentration comparison
L,L-067,PASS,w2/four-port/reduce_scatter/8,2,four-port,reduce_scatter,8,64360.0,89155.39999999998,64360.0,1.0,,complete frozen ladder row; timing is not a valid concentration comparison
L,L-068,PASS,w2/four-port/reduce_scatter/64,2,four-port,reduce_scatter,64,61356.0,91605.59999999998,61356.0,1.0,,complete frozen ladder row; timing is not a valid concentration comparison
L,L-069,PASS,w2/four-port/reduce_scatter/512,2,four-port,reduce_scatter,512,69450.0,97857.59999999998,11575.0,1.0,,complete frozen ladder row; timing is not a valid concentration comparison
L,L-070,PASS,w2/four-port/reduce_scatter/4096,2,four-port,reduce_scatter,4096,80441.0,97168.79999999999,1961.9756097560976,1.0,,complete frozen ladder row; timing is not a valid concentration comparison
L,L-071,PASS,w2/four-port/reduce_scatter/16384,2,four-port,reduce_scatter,16384,109144.0,134943.6,665.5121951219512,1.0,,complete frozen ladder row; timing is not a valid concentration comparison
L,L-072,PASS,w2/four-port/reduce_scatter/65536,2,four-port,reduce_scatter,65536,184265.0,228393.99999999997,280.8917682926829,1.0,,complete frozen ladder row; timing is not a valid concentration comparison
L,L-073,PASS,w2/four-port/reduce_scatter/131072,2,four-port,reduce_scatter,131072,304882.0,368342.3999999999,232.55682684973303,1.0,,complete frozen ladder row; timing is not a valid concentration comparison
L,L-074,PASS,w2/four-port/reduce_scatter/196608,2,four-port,reduce_scatter,196608,432491.0,479459.80000000005,219.87341128622268,1.0,,complete frozen ladder row; timing is not a valid concentration comparison
L,L-075,PASS,w2/four-port/reduce_scatter/262144,2,four-port,reduce_scatter,262144,301706.0,319719.8,115.06712433257056,1.0,,complete frozen ladder row; timing is not a valid concentration comparison
L,L-076,PASS,w2/four-port/reduce_scatter/393216,2,four-port,reduce_scatter,393216,383119.0,520028.99999999965,97.41139079583016,1.0,,complete frozen ladder row; timing is not a valid concentration comparison
L,L-077,PASS,w2/four-port/reduce_scatter/524288,2,four-port,reduce_scatter,524288,479589.0,513636.9999999999,91.47224871256914,1.0,,complete frozen ladder row; timing is not a valid concentration comparison
L,L-078,PASS,w2/four-port/reduce_scatter/786432,2,four-port,reduce_scatter,786432,656732.0,671140.8,83.50057215511761,1.0,,complete frozen ladder row; timing is not a valid concentration comparison
L,L-079,PASS,w2/four-port/reduce_scatter/1048576,2,four-port,reduce_scatter,1048576,848291.0,1049897.1999999995,80.89748235742896,1.0,,complete frozen ladder row; timing is not a valid concentration comparison
L,L-080,PASS,w2/four-port/reduce_scatter/1572864,2,four-port,reduce_scatter,1572864,1212565.0,1272981.4,77.09104202428635,1.0,,complete frozen ladder row; timing is not a valid concentration comparison
L,L-081,PASS,w2/four-port/reduce_scatter/2097152,2,four-port,reduce_scatter,2097152,1576998.0,1665244.7999999998,75.19540339500286,1.0,,complete frozen ladder row; timing is not a valid concentration comparison
L,L-082,PASS,w2/four-port/reduce_scatter/3145728,2,four-port,reduce_scatter,3145728,2760808.0,3435315.3999999985,87.76171403140695,1.0,,complete frozen ladder row; timing is not a valid concentration comparison
L,L-083,PASS,w2/four-port/reduce_scatter/4194304,2,four-port,reduce_scatter,4194304,3419163.0,3681856.8,81.51733263398818,1.0,,complete frozen ladder row; timing is not a valid concentration comparison
L,L-084,PASS,w2/four-port/reduce_scatter/8388608,2,four-port,reduce_scatter,8388608,6460466.0,6650139.999999999,77.01391157151883,1.0,,complete frozen ladder row; timing is not a valid concentration comparison
L,L-085,PASS,w2/four-port/reduce_scatter/16777216,2,four-port,reduce_scatter,16777216,12803683.0,13138238.6,76.3155156073981,1.0,,complete frozen ladder row; timing is not a valid concentration comparison
L,L-086,PASS,w2/four-port/reduce_scatter/33554432,2,four-port,reduce_scatter,33554432,25827698.0,28300343.4,76.9723822438123,1.0,,complete frozen ladder row; timing is not a valid concentration comparison
L,L-087,PASS,w2/four-port/reduce_scatter/67108864,2,four-port,reduce_scatter,67108864,51611315.0,56139172.6,76.9068111681163,1.0,,complete frozen ladder row; timing is not a valid concentration comparison
L,L-088,PASS,w2/four-port/reduce_scatter/134217728,2,four-port,reduce_scatter,134217728,103002847.0,103773021.8,76.74306016042581,1.0,,complete frozen ladder row; timing is not a valid concentration comparison
L,L-089,PASS,w2/one-port/all_gather/8,2,one-port,all_gather,8,66275.0,91231.2,66275.0,1.0,,complete frozen ladder row; timing is not a valid concentration comparison
L,L-090,PASS,w2/one-port/all_gather/64,2,one-port,all_gather,64,66755.0,95833.59999999999,22251.666666666668,1.0,,complete frozen ladder row; timing is not a valid concentration comparison
L,L-091,PASS,w2/one-port/all_gather/512,2,one-port,all_gather,512,75021.0,102602.39999999998,3572.4285714285716,1.0,,complete frozen ladder row; timing is not a valid concentration comparison
L,L-092,PASS,w2/one-port/all_gather/4096,2,one-port,all_gather,4096,79268.0,110447.79999999999,483.3414634146341,1.0,,complete frozen ladder row; timing is not a valid concentration comparison
L,L-093,PASS,w2/one-port/all_gather/16384,2,one-port,all_gather,16384,117821.0,148863.59999999998,179.60518292682926,1.0,,complete frozen ladder row; timing is not a valid concentration comparison
L,L-094,PASS,w2/one-port/all_gather/65536,2,one-port,all_gather,65536,191469.0,245933.59999999995,73.02402745995424,1.0,,complete frozen ladder row; timing is not a valid concentration comparison
L,L-095,PASS,w2/one-port/all_gather/131072,2,one-port,all_gather,131072,313889.0,357482.39999999997,59.86820522601564,1.0,,complete frozen ladder row; timing is not a valid concentration comparison
L,L-096,PASS,w2/one-port/all_gather/196608,2,one-port,all_gather,196608,446257.0,482324.79999999993,56.739605848696755,1.0,,complete frozen ladder row; timing is not a valid concentration comparison
L,L-097,PASS,w2/one-port/all_gather/262144,2,one-port,all_gather,262144,317385.0,348321.2,30.267499523173754,1.0,,complete frozen ladder row; timing is not a valid concentration comparison
L,L-098,PASS,w2/one-port/all_gather/393216,2,one-port,all_gather,393216,399981.0,433817.4,25.42952508106046,1.0,,complete frozen ladder row; timing is not a valid concentration comparison
L,L-099,PASS,w2/one-port/all_gather/524288,2,one-port,all_gather,524288,506470.0,553489.9999999999,24.149818806027085,1.0,,complete frozen ladder row; timing is not a valid concentration comparison
L,L-100,PASS,w2/one-port/all_gather/786432,2,one-port,all_gather,786432,683201.0,711408.6,21.71787780532774,1.0,,complete frozen ladder row; timing is not a valid concentration comparison
L,L-101,PASS,w2/one-port/all_gather/1048576,2,one-port,all_gather,1048576,877716.0,913758.2,20.925901201602137,1.0,,complete frozen ladder row; timing is not a valid concentration comparison
L,L-102,PASS,w2/one-port/all_gather/1572864,2,one-port,all_gather,1572864,1238944.0,1378334.7999999998,19.69234681713423,1.0,,complete frozen ladder row; timing is not a valid concentration comparison
L,L-103,PASS,w2/one-port/all_gather/2097152,2,one-port,all_gather,2097152,1613166.0,1633879.8,19.230226375958136,1.0,,complete frozen ladder row; timing is not a valid concentration comparison
L,L-104,PASS,w2/one-port/all_gather/3145728,2,one-port,all_gather,3145728,2321694.0,2438058.8,18.45103711356592,1.0,,complete frozen ladder row; timing is not a valid concentration comparison
L,L-105,PASS,w2/one-port/all_gather/4194304,2,one-port,all_gather,4194304,3063245.0,3241053.0,18.258271593164572,1.0,,complete frozen ladder row; timing is not a valid concentration comparison
L,L-106,PASS,w2/one-port/all_gather/8388608,2,one-port,all_gather,8388608,6023096.0,6273105.0,17.950188499307096,1.0,,complete frozen ladder row; timing is not a valid concentration comparison
L,L-107,PASS,w2/one-port/all_gather/16777216,2,one-port,all_gather,16777216,12032136.0,12215295.0,17.92927018621971,1.0,,complete frozen ladder row; timing is not a valid concentration comparison
L,L-108,PASS,w2/one-port/all_gather/33554432,2,one-port,all_gather,33554432,24059212.0,24276585.8,17.92550019446005,1.0,,complete frozen ladder row; timing is not a valid concentration comparison
L,L-109,PASS,w2/one-port/all_gather/67108864,2,one-port,all_gather,67108864,47944318.0,48195192.4,17.860647343589054,1.0,,complete frozen ladder row; timing is not a valid concentration comparison
L,L-110,PASS,w2/one-port/all_gather/134217728,2,one-port,all_gather,134217728,95874538.0,96490212.6,17.858021386888097,1.0,,complete frozen ladder row; timing is not a valid concentration comparison
L,L-111,PASS,w2/one-port/all_reduce/8,2,one-port,all_reduce,8,65563.0,92136.79999999999,65563.0,1.0,,complete frozen ladder row; timing is not a valid concentration comparison
L,L-112,PASS,w2/one-port/all_reduce/64,2,one-port,all_reduce,64,79459.0,104547.79999999999,26486.333333333332,1.0,,complete frozen ladder row; timing is not a valid concentration comparison
L,L-113,PASS,w2/one-port/all_reduce/512,2,one-port,all_reduce,512,89027.0,120962.59999999999,4239.380952380952,1.0,,complete frozen ladder row; timing is not a valid concentration comparison
L,L-114,PASS,w2/one-port/all_reduce/4096,2,one-port,all_reduce,4096,93585.0,116950.99999999999,570.640243902439,1.0,,complete frozen ladder row; timing is not a valid concentration comparison
L,L-115,PASS,w2/one-port/all_reduce/16384,2,one-port,all_reduce,16384,140293.0,162254.59999999998,213.8612804878049,1.0,,complete frozen ladder row; timing is not a valid concentration comparison
L,L-116,PASS,w2/one-port/all_reduce/65536,2,one-port,all_reduce,65536,208752.0,258338.19999999998,79.61556064073227,1.0,,complete frozen ladder row; timing is not a valid concentration comparison
L,L-117,PASS,w2/one-port/all_reduce/131072,2,one-port,all_reduce,131072,318117.0,354471.4,60.67461377074194,1.0,,complete frozen ladder row; timing is not a valid concentration comparison
L,L-118,PASS,w2/one-port/all_reduce/196608,2,one-port,all_reduce,196608,474470.0,567345.7999999999,60.32676414494596,1.0,,complete frozen ladder row; timing is not a valid concentration comparison
L,L-119,PASS,w2/one-port/all_reduce/262144,2,one-port,all_reduce,262144,581370.0,651924.9999999999,55.44249475491131,1.0,,complete frozen ladder row; timing is not a valid concentration comparison
L,L-120,PASS,w2/one-port/all_reduce/393216,2,one-port,all_reduce,393216,801884.0,881088.7999999999,50.98124483438235,1.0,,complete frozen ladder row; timing is not a valid concentration comparison
L,L-121,PASS,w2/one-port/all_reduce/524288,2,one-port,all_reduce,524288,1081418.0,1428757.9999999998,51.56484836925424,1.0,,complete frozen ladder row; timing is not a valid concentration comparison
L,L-122,PASS,w2/one-port/all_reduce/786432,2,one-port,all_reduce,786432,1564193.0,1682100.4,49.723218259266325,1.0,,complete frozen ladder row; timing is not a valid concentration comparison
L,L-123,PASS,w2/one-port/all_reduce/1048576,2,one-port,all_reduce,1048576,937779.0,1010481.6,22.35788193782186,1.0,,complete frozen ladder row; timing is not a valid concentration comparison
L,L-124,PASS,w2/one-port/all_reduce/1572864,2,one-port,all_reduce,1572864,1251097.0,1338512.6,19.88551219899865,1.0,,complete frozen ladder row; timing is not a valid concentration comparison
L,L-125,PASS,w2/one-port/all_reduce/2097152,2,one-port,all_reduce,2097152,1637652.0,1706659.0,19.522119041090992,1.0,,complete frozen ladder row; timing is not a valid concentration comparison
L,L-126,PASS,w2/one-port/all_reduce/3145728,2,one-port,all_reduce,3145728,2331893.0,2434375.8,18.532090916315664,1.0,,complete frozen ladder row; timing is not a valid concentration comparison
L,L-127,PASS,w2/one-port/all_reduce/4194304,2,one-port,all_reduce,4194304,3041534.0,3164551.6,18.128864596806398,1.0,,complete frozen ladder row; timing is not a valid concentration comparison
L,L-128,PASS,w2/one-port/all_reduce/8388608,2,one-port,all_reduce,8388608,5805729.0,5999668.399999999,17.302385671072436,1.0,,complete frozen ladder row; timing is not a valid concentration comparison
L,L-129,PASS,w2/one-port/all_reduce/16777216,2,one-port,all_reduce,16777216,11654648.0,12103542.0,17.36676953429426,1.0,,complete frozen ladder row; timing is not a valid concentration comparison
L,L-130,PASS,w2/one-port/all_reduce/33554432,2,one-port,all_reduce,33554432,23396900.0,23917939.0,17.432039565541977,1.0,,complete frozen ladder row; timing is not a valid concentration comparison
L,L-131,PASS,w2/one-port/all_reduce/67108864,2,one-port,all_reduce,67108864,46934754.0,53007198.8,17.48455550774767,1.0,,complete frozen ladder row; timing is not a valid concentration comparison
L,L-132,PASS,w2/one-port/all_reduce/134217728,2,one-port,all_reduce,134217728,102820114.0,104379290.4,19.15173551933332,1.0,,complete frozen ladder row; timing is not a valid concentration comparison
L,L-133,PASS,w2/one-port/all_to_allv/8,2,one-port,all_to_allv,8,69931.0,91237.2,69931.0,1.0,,complete frozen ladder row; timing is not a valid concentration comparison
L,L-134,PASS,w2/one-port/all_to_allv/64,2,one-port,all_to_allv,64,69651.0,89545.6,23217.0,1.0,,complete frozen ladder row; timing is not a valid concentration comparison
L,L-135,PASS,w2/one-port/all_to_allv/512,2,one-port,all_to_allv,512,74009.0,96124.0,3524.2380952380954,1.0,,complete frozen ladder row; timing is not a valid concentration comparison
L,L-136,PASS,w2/one-port/all_to_allv/4096,2,one-port,all_to_allv,4096,76915.0,96521.2,468.9939024390244,1.0,,complete frozen ladder row; timing is not a valid concentration comparison
L,L-137,PASS,w2/one-port/all_to_allv/16384,2,one-port,all_to_allv,16384,93245.0,105232.79999999999,142.14176829268294,1.0,,complete frozen ladder row; timing is not a valid concentration comparison
L,L-138,PASS,w2/one-port/all_to_allv/65536,2,one-port,all_to_allv,65536,144211.0,164190.4,55.00038138825324,1.0,,complete frozen ladder row; timing is not a valid concentration comparison
L,L-139,PASS,w2/one-port/all_to_allv/131072,2,one-port,all_to_allv,131072,209913.0,262105.59999999998,40.036810986076674,1.0,,complete frozen ladder row; timing is not a valid concentration comparison
L,L-140,PASS,w2/one-port/all_to_allv/196608,2,one-port,all_to_allv,196608,252013.0,323621.2,32.04233947870311,1.0,,complete frozen ladder row; timing is not a valid concentration comparison
L,L-141,PASS,w2/one-port/all_to_allv/262144,2,one-port,all_to_allv,262144,310382.0,411683.6,29.599656685103948,1.0,,complete frozen ladder row; timing is not a valid concentration comparison
L,L-142,PASS,w2/one-port/all_to_allv/393216,2,one-port,all_to_allv,393216,408987.0,574886.0,26.00209803547587,1.0,,complete frozen ladder row; timing is not a valid concentration comparison
L,L-143,PASS,w2/one-port/all_to_allv/524288,2,one-port,all_to_allv,524288,514064.0,760422.5999999999,24.511920656112913,1.0,,complete frozen ladder row; timing is not a valid concentration comparison
L,L-144,PASS,w2/one-port/all_to_allv/786432,2,one-port,all_to_allv,786432,652384.0,944024.7999999996,20.738254180176742,1.0,,complete frozen ladder row; timing is not a valid concentration comparison
L,L-145,PASS,w2/one-port/all_to_allv/1048576,2,one-port,all_to_allv,1048576,888186.0,1156687.8,21.17551974060652,1.0,,complete frozen ladder row; timing is not a valid concentration comparison
L,L-146,PASS,w2/one-port/all_to_allv/1572864,2,one-port,all_to_allv,1572864,1223815.0,1491016.5999999996,19.451879519987283,1.0,,complete frozen ladder row; timing is not a valid concentration comparison
L,L-147,PASS,w2/one-port/all_to_allv/2097152,2,one-port,all_to_allv,2097152,1355112.0,1843445.4,16.1540167129591,1.0,,complete frozen ladder row; timing is not a valid concentration comparison
L,L-148,PASS,w2/one-port/all_to_allv/3145728,2,one-port,all_to_allv,3145728,1886308.0,2435596.2,14.990924262894382,1.0,,complete frozen ladder row; timing is not a valid concentration comparison
L,L-149,PASS,w2/one-port/all_to_allv/4194304,2,one-port,all_to_allv,4194304,2725412.0,3185963.0,16.24464007915457,1.0,,complete frozen ladder row; timing is not a valid concentration comparison
L,L-150,PASS,w2/one-port/all_to_allv/8388608,2,one-port,all_to_allv,8388608,4877919.0,5636334.4,14.537302001221892,1.0,,complete frozen ladder row; timing is not a valid concentration comparison
L,L-151,PASS,w2/one-port/all_to_allv/16777216,2,one-port,all_to_allv,16777216,9521397.0,10610325.0,14.187979537736425,1.0,,complete frozen ladder row; timing is not a valid concentration comparison
L,L-152,PASS,w2/one-port/all_to_allv/33554432,2,one-port,all_to_allv,33554432,20079197.0,20944713.0,14.960159531746163,1.0,,complete frozen ladder row; timing is not a valid concentration comparison
L,L-153,PASS,w2/one-port/all_to_allv/67108864,2,one-port,all_to_allv,67108864,40383096.0,41437298.2,15.043873109182654,1.0,,complete frozen ladder row; timing is not a valid concentration comparison
L,L-154,PASS,w2/one-port/all_to_allv/134217728,2,one-port,all_to_allv,134217728,81442221.0,83877319.8,15.16979330230167,1.0,,complete frozen ladder row; timing is not a valid concentration comparison
L,L-155,PASS,w2/one-port/reduce_scatter/8,2,one-port,reduce_scatter,8,64581.0,95578.79999999999,64581.0,1.0,,complete frozen ladder row; timing is not a valid concentration comparison
L,L-156,PASS,w2/one-port/reduce_scatter/64,2,one-port,reduce_scatter,64,66114.0,92441.59999999999,22038.0,1.0,,complete frozen ladder row; timing is not a valid concentration comparison
L,L-157,PASS,w2/one-port/reduce_scatter/512,2,one-port,reduce_scatter,512,72987.0,94515.2,3475.5714285714284,1.0,,complete frozen ladder row; timing is not a valid concentration comparison
L,L-158,PASS,w2/one-port/reduce_scatter/4096,2,one-port,reduce_scatter,4096,80020.0,106593.79999999994,487.9268292682927,1.0,,complete frozen ladder row; timing is not a valid concentration comparison
L,L-159,PASS,w2/one-port/reduce_scatter/16384,2,one-port,reduce_scatter,16384,157405.0,199718.8,239.9466463414634,1.0,,complete frozen ladder row; timing is not a valid concentration comparison
L,L-160,PASS,w2/one-port/reduce_scatter/65536,2,one-port,reduce_scatter,65536,191810.0,221687.99999999997,73.15408085430968,1.0,,complete frozen ladder row; timing is not a valid concentration comparison
L,L-161,PASS,w2/one-port/reduce_scatter/131072,2,one-port,reduce_scatter,131072,330550.0,359415.8,63.04596604997139,1.0,,complete frozen ladder row; timing is not a valid concentration comparison
L,L-162,PASS,w2/one-port/reduce_scatter/196608,2,one-port,reduce_scatter,196608,472366.0,648406.2,60.059249841068024,1.0,,complete frozen ladder row; timing is not a valid concentration comparison
L,L-163,PASS,w2/one-port/reduce_scatter/262144,2,one-port,reduce_scatter,262144,314880.0,351500.79999999993,30.02860957467099,1.0,,complete frozen ladder row; timing is not a valid concentration comparison
L,L-164,PASS,w2/one-port/reduce_scatter/393216,2,one-port,reduce_scatter,393216,402415.0,435887.4,25.584271091614216,1.0,,complete frozen ladder row; timing is not a valid concentration comparison
L,L-165,PASS,w2/one-port/reduce_scatter/524288,2,one-port,reduce_scatter,524288,500569.0,535596.2,23.868443639137897,1.0,,complete frozen ladder row; timing is not a valid concentration comparison
L,L-166,PASS,w2/one-port/reduce_scatter/786432,2,one-port,reduce_scatter,786432,690164.0,721937.6000000001,21.939220548032296,1.0,,complete frozen ladder row; timing is not a valid concentration comparison
L,L-167,PASS,w2/one-port/reduce_scatter/1048576,2,one-port,reduce_scatter,1048576,875612.0,944145.2,20.875739080679,1.0,,complete frozen ladder row; timing is not a valid concentration comparison
L,L-168,PASS,w2/one-port/reduce_scatter/1572864,2,one-port,reduce_scatter,1572864,1237110.0,1326271.2,19.663196376062942,1.0,,complete frozen ladder row; timing is not a valid concentration comparison
L,L-169,PASS,w2/one-port/reduce_scatter/2097152,2,one-port,reduce_scatter,2097152,1576978.0,1731595.2,18.798836530094054,1.0,,complete frozen ladder row; timing is not a valid concentration comparison
L,L-170,PASS,w2/one-port/reduce_scatter/3145728,2,one-port,reduce_scatter,3145728,2319400.0,2481630.1999999997,18.43280616705078,1.0,,complete frozen ladder row; timing is not a valid concentration comparison
L,L-171,PASS,w2/one-port/reduce_scatter/4194304,2,one-port,reduce_scatter,4194304,3019873.0,3159093.0,17.99975562217997,1.0,,complete frozen ladder row; timing is not a valid concentration comparison
L,L-172,PASS,w2/one-port/reduce_scatter/8388608,2,one-port,reduce_scatter,8388608,5965648.0,6166021.8,17.778980464617266,1.0,,complete frozen ladder row; timing is not a valid concentration comparison
L,L-173,PASS,w2/one-port/reduce_scatter/16777216,2,one-port,reduce_scatter,16777216,11866035.0,12123334.6,17.681760541448302,1.0,,complete frozen ladder row; timing is not a valid concentration comparison
L,L-174,PASS,w2/one-port/reduce_scatter/33554432,2,one-port,reduce_scatter,33554432,23766864.0,24000240.0,17.70768407767077,1.0,,complete frozen ladder row; timing is not a valid concentration comparison
L,L-175,PASS,w2/one-port/reduce_scatter/67108864,2,one-port,reduce_scatter,67108864,47543235.0,48400025.8,17.711232307202287,1.0,,complete frozen ladder row; timing is not a valid concentration comparison
L,L-176,PASS,w2/one-port/reduce_scatter/134217728,2,one-port,reduce_scatter,134217728,94840098.0,95387107.8,17.66534195365367,1.0,,complete frozen ladder row; timing is not a valid concentration comparison
L,L-177,PASS,w8/four-port/all_gather/8,8,four-port,all_gather,8,111519.0,137129.4,111519.0,1.0,,complete frozen ladder row; timing is not a valid concentration comparison
L,L-178,PASS,w8/four-port/all_gather/64,8,four-port,all_gather,64,117631.0,145236.99999999994,117631.0,1.0,,complete frozen ladder row; timing is not a valid concentration comparison
L,L-179,PASS,w8/four-port/all_gather/512,8,four-port,all_gather,512,148008.0,196174.19999999995,24668.0,1.0,,complete frozen ladder row; timing is not a valid concentration comparison
L,L-180,PASS,w8/four-port/all_gather/4096,8,four-port,all_gather,4096,182231.0,215215.59999999995,4444.658536585366,1.0,,complete frozen ladder row; timing is not a valid concentration comparison
L,L-181,PASS,w8/four-port/all_gather/16384,8,four-port,all_gather,16384,269607.0,311252.79999999993,1643.9451219512196,1.0,,complete frozen ladder row; timing is not a valid concentration comparison
L,L-182,PASS,w8/four-port/all_gather/65536,8,four-port,all_gather,65536,500369.0,540522.0,762.7576219512196,1.0,,complete frozen ladder row; timing is not a valid concentration comparison
L,L-183,PASS,w8/four-port/all_gather/131072,8,four-port,all_gather,131072,700415.0,734295.3999999999,534.2601067887109,1.0,,complete frozen ladder row; timing is not a valid concentration comparison
L,L-184,PASS,w8/four-port/all_gather/196608,8,four-port,all_gather,196608,634160.0,682018.0,322.399593289273,1.0,,complete frozen ladder row; timing is not a valid concentration comparison
L,L-185,PASS,w8/four-port/all_gather/262144,8,four-port,all_gather,262144,697981.0,753775.0,266.20175438596493,1.0,,complete frozen ladder row; timing is not a valid concentration comparison
L,L-186,PASS,w8/four-port/all_gather/393216,8,four-port,all_gather,393216,971383.0,1067645.7999999998,246.98271039918637,1.0,,complete frozen ladder row; timing is not a valid concentration comparison
L,L-187,PASS,w8/four-port/all_gather/524288,8,four-port,all_gather,524288,1089353.0,1211694.8,207.77283997711234,1.0,,complete frozen ladder row; timing is not a valid concentration comparison
L,L-188,PASS,w8/four-port/all_gather/786432,8,four-port,all_gather,786432,1445514.0,1578899.0,183.79071837253656,1.0,,complete frozen ladder row; timing is not a valid concentration comparison
L,L-189,PASS,w8/four-port/all_gather/1048576,8,four-port,all_gather,1048576,1782726.0,1972645.4,170.01010871638374,1.0,,complete frozen ladder row; timing is not a valid concentration comparison
L,L-190,PASS,w8/four-port/all_gather/1572864,8,four-port,all_gather,1572864,2411907.0,2863380.4,153.34140759107382,1.0,,complete frozen ladder row; timing is not a valid concentration comparison
L,L-191,PASS,w8/four-port/all_gather/2097152,8,four-port,all_gather,2097152,3413117.0,3778057.4,162.74637612054167,1.0,,complete frozen ladder row; timing is not a valid concentration comparison
L,L-192,PASS,w8/four-port/all_gather/3145728,8,four-port,all_gather,3145728,5025884.0,5308833.0,159.76489287303707,1.0,,complete frozen ladder row; timing is not a valid concentration comparison
L,L-193,PASS,w8/four-port/all_gather/4194304,8,four-port,all_gather,4194304,6674098.0,6967665.2,159.11925424375357,1.0,,complete frozen ladder row; timing is not a valid concentration comparison
L,L-194,PASS,w8/four-port/all_gather/8388608,8,four-port,all_gather,8388608,13079562.0,13494095.6,155.9188193641446,1.0,,complete frozen ladder row; timing is not a valid concentration comparison
L,L-195,PASS,w8/four-port/all_gather/16777216,8,four-port,all_gather,16777216,26060840.0,26359391.599999998,155.33393335041993,1.0,,complete frozen ladder row; timing is not a valid concentration comparison
L,L-196,PASS,w8/four-port/all_gather/33554432,8,four-port,all_gather,33554432,52419247.0,52744431.2,156.22121325008567,1.0,,complete frozen ladder row; timing is not a valid concentration comparison
L,L-197,PASS,w8/four-port/all_gather/67108864,8,four-port,all_gather,67108864,104065734.0,104516600.0,155.06994452300663,1.0,,complete frozen ladder row; timing is not a valid concentration comparison
L,L-198,PASS,w8/four-port/all_gather/134217728,8,four-port,all_gather,134217728,208003516.0,208824153.0,154.97461290529273,1.0,,complete frozen ladder row; timing is not a valid concentration comparison
L,L-199,PASS,w8/four-port/all_reduce/8,8,four-port,all_reduce,8,71664.0,101456.8,71664.0,1.0,,complete frozen ladder row; timing is not a valid concentration comparison
L,L-200,PASS,w8/four-port/all_reduce/64,8,four-port,all_reduce,64,67076.0,101131.59999999999,67076.0,1.0,,complete frozen ladder row; timing is not a valid concentration comparison
L,L-201,PASS,w8/four-port/all_reduce/512,8,four-port,all_reduce,512,82665.0,113220.19999999998,13777.5,1.0,,complete frozen ladder row; timing is not a valid concentration comparison
L,L-202,PASS,w8/four-port/all_reduce/4096,8,four-port,all_reduce,4096,92093.0,122586.2,2246.170731707317,1.0,,complete frozen ladder row; timing is not a valid concentration comparison
L,L-203,PASS,w8/four-port/all_reduce/16384,8,four-port,all_reduce,16384,102533.0,135608.8,625.2012195121952,1.0,,complete frozen ladder row; timing is not a valid concentration comparison
L,L-204,PASS,w8/four-port/all_reduce/65536,8,four-port,all_reduce,65536,139311.0,182570.19999999998,212.3643292682927,1.0,,complete frozen ladder row; timing is not a valid concentration comparison
L,L-205,PASS,w8/four-port/all_reduce/131072,8,four-port,all_reduce,131072,177863.0,230638.8,135.6697177726926,1.0,,complete frozen ladder row; timing is not a valid concentration comparison
L,L-206,PASS,w8/four-port/all_reduce/196608,8,four-port,all_reduce,196608,571792.0,617031.2,290.6924250127097,1.0,,complete frozen ladder row; timing is not a valid concentration comparison
L,L-207,PASS,w8/four-port/all_reduce/262144,8,four-port,all_reduce,262144,673092.0,707777.4,256.70938215102973,1.0,,complete frozen ladder row; timing is not a valid concentration comparison
L,L-208,PASS,w8/four-port/all_reduce/393216,8,four-port,all_reduce,393216,793498.0,836069.4,201.75387744724128,1.0,,complete frozen ladder row; timing is not a valid concentration comparison
L,L-209,PASS,w8/four-port/all_reduce/524288,8,four-port,all_reduce,524288,862938.0,883519.7999999999,164.58859431623117,1.0,,complete frozen ladder row; timing is not a valid concentration comparison
L,L-210,PASS,w8/four-port/all_reduce/786432,8,four-port,all_reduce,786432,350829.0,378123.4,44.60635727908455,1.0,,complete frozen ladder row; timing is not a valid concentration comparison
L,L-211,PASS,w8/four-port/all_reduce/1048576,8,four-port,all_reduce,1048576,415029.0,441862.6,39.579343887087546,1.0,,complete frozen ladder row; timing is not a valid concentration comparison
L,L-212,PASS,w8/four-port/all_reduce/1572864,8,four-port,all_reduce,1572864,517741.0,569652.5999999999,32.91633288829551,1.0,,complete frozen ladder row; timing is not a valid concentration comparison
L,L-213,PASS,w8/four-port/all_reduce/2097152,8,four-port,all_reduce,2097152,666470.0,709029.7999999999,31.779038718291055,1.0,,complete frozen ladder row; timing is not a valid concentration comparison
L,L-214,PASS,w8/four-port/all_reduce/3145728,8,four-port,all_reduce,3145728,901491.0,987469.6,28.65697119969483,1.0,,complete frozen ladder row; timing is not a valid concentration comparison
L,L-215,PASS,w8/four-port/all_reduce/4194304,8,four-port,all_reduce,4194304,1123889.0,1147558.2,26.794988556170132,1.0,,complete frozen ladder row; timing is not a valid concentration comparison
L,L-216,PASS,w8/four-port/all_reduce/8388608,8,four-port,all_reduce,8388608,1795497.0,1850648.7999999998,21.40375743559789,1.0,,complete frozen ladder row; timing is not a valid concentration comparison
L,L-217,PASS,w8/four-port/all_reduce/16777216,8,four-port,all_reduce,16777216,3570677.0,3668511.1999999997,21.28278686081789,1.0,,complete frozen ladder row; timing is not a valid concentration comparison
L,L-218,PASS,w8/four-port/all_reduce/33554432,8,four-port,all_reduce,33554432,7118831.0,7203189.8,21.21572665365301,1.0,,complete frozen ladder row; timing is not a valid concentration comparison
L,L-219,PASS,w8/four-port/all_reduce/67108864,8,four-port,all_reduce,67108864,14222183.0,14407684.8,21.192692772493665,1.0,,complete frozen ladder row; timing is not a valid concentration comparison
L,L-220,PASS,w8/four-port/all_reduce/134217728,8,four-port,all_reduce,134217728,28426062.0,28544403.8,21.1790552370848,1.0,,complete frozen ladder row; timing is not a valid concentration comparison
L,L-221,PASS,w8/four-port/all_to_allv/8,8,four-port,all_to_allv,8,126407.0,137215.2,126407.0,1.0,,complete frozen ladder row; timing is not a valid concentration comparison
L,L-222,PASS,w8/four-port/all_to_allv/64,8,four-port,all_to_allv,64,103594.0,109211.0,103594.0,1.0,,complete frozen ladder row; timing is not a valid concentration comparison
L,L-223,PASS,w8/four-port/all_to_allv/512,8,four-port,all_to_allv,512,133310.0,144456.80000000002,22218.333333333332,1.0,,complete frozen ladder row; timing is not a valid concentration comparison
L,L-224,PASS,w8/four-port/all_to_allv/4096,8,four-port,all_to_allv,4096,137658.0,148837.4,3357.512195121951,1.0,,complete frozen ladder row; timing is not a valid concentration comparison
L,L-225,PASS,w8/four-port/all_to_allv/16384,8,four-port,all_to_allv,16384,183314.0,196759.4,1117.7682926829268,1.0,,complete frozen ladder row; timing is not a valid concentration comparison
L,L-226,PASS,w8/four-port/all_to_allv/65536,8,four-port,all_to_allv,65536,388650.0,406302.19999999995,592.454268292683,1.0,,complete frozen ladder row; timing is not a valid concentration comparison
L,L-227,PASS,w8/four-port/all_to_allv/131072,8,four-port,all_to_allv,131072,606138.0,655193.0,462.3478260869565,1.0,,complete frozen ladder row; timing is not a valid concentration comparison
L,L-228,PASS,w8/four-port/all_to_allv/196608,8,four-port,all_to_allv,196608,815100.0,861971.5999999999,414.38739196746315,1.0,,complete frozen ladder row; timing is not a valid concentration comparison
L,L-229,PASS,w8/four-port/all_to_allv/262144,8,four-port,all_to_allv,262144,996260.0,1101120.4,379.96186117467585,1.0,,complete frozen ladder row; timing is not a valid concentration comparison
L,L-230,PASS,w8/four-port/all_to_allv/393216,8,four-port,all_to_allv,393216,1364421.0,1519364.0,346.9160945842868,1.0,,complete frozen ladder row; timing is not a valid concentration comparison
L,L-231,PASS,w8/four-port/all_to_allv/524288,8,four-port,all_to_allv,524288,1762659.0,2000126.5999999999,336.19282853328247,1.0,,complete frozen ladder row; timing is not a valid concentration comparison
L,L-232,PASS,w8/four-port/all_to_allv/786432,8,four-port,all_to_allv,786432,2422748.0,2594240.1999999997,308.0417037507947,1.0,,complete frozen ladder row; timing is not a valid concentration comparison
L,L-233,PASS,w8/four-port/all_to_allv/1048576,8,four-port,all_to_allv,1048576,3344108.0,3669843.0,318.91169177951554,1.0,,complete frozen ladder row; timing is not a valid concentration comparison
L,L-234,PASS,w8/four-port/all_to_allv/1572864,8,four-port,all_to_allv,1572864,4391002.0,4821330.0,279.16599910992437,1.0,,complete frozen ladder row; timing is not a valid concentration comparison
L,L-235,PASS,w8/four-port/all_to_allv/2097152,8,four-port,all_to_allv,2097152,5645798.0,6000860.6,269.20646576387566,1.0,,complete frozen ladder row; timing is not a valid concentration comparison
L,L-236,PASS,w8/four-port/all_to_allv/3145728,8,four-port,all_to_allv,3145728,8541163.0,8949301.2,271.51004513955115,1.0,,complete frozen ladder row; timing is not a valid concentration comparison
L,L-237,PASS,w8/four-port/all_to_allv/4194304,8,four-port,all_to_allv,4194304,10861098.0,12076551.4,258.94282853328247,1.0,,complete frozen ladder row; timing is not a valid concentration comparison
L,L-238,PASS,w8/four-port/all_to_allv/8388608,8,four-port,all_to_allv,8388608,22303887.0,23577439.799999997,265.8801363739316,1.0,,complete frozen ladder row; timing is not a valid concentration comparison
L,L-239,PASS,w8/four-port/all_to_allv/16777216,8,four-port,all_to_allv,16777216,44214165.0,45982684.8,263.53564041889933,1.0,,complete frozen ladder row; timing is not a valid concentration comparison
L,L-240,PASS,w8/four-port/all_to_allv/33554432,8,four-port,all_to_allv,33554432,87757771.0,90379825.0,261.5380083148311,1.0,,complete frozen ladder row; timing is not a valid concentration comparison
L,L-241,PASS,w8/four-port/all_to_allv/67108864,8,four-port,all_to_allv,67108864,174773970.0,192661511.79999995,260.43337023852274,1.0,,complete frozen ladder row; timing is not a valid concentration comparison
L,L-242,PASS,w8/four-port/all_to_allv/134217728,8,four-port,all_to_allv,134217728,349318401.0,392520415.4,260.2623504483012,1.0,,complete frozen ladder row; timing is not a valid concentration comparison
L,L-243,PASS,w8/four-port/reduce_scatter/8,8,four-port,reduce_scatter,8,90620.0,123076.8,90620.0,1.0,,complete frozen ladder row; timing is not a valid concentration comparison
L,L-244,PASS,w8/four-port/reduce_scatter/64,8,four-port,reduce_scatter,64,92063.0,123670.59999999999,92063.0,1.0,,complete frozen ladder row; timing is not a valid concentration comparison
L,L-245,PASS,w8/four-port/reduce_scatter/512,8,four-port,reduce_scatter,512,110077.0,144849.8,18346.166666666668,1.0,,complete frozen ladder row; timing is not a valid concentration comparison
L,L-246,PASS,w8/four-port/reduce_scatter/4096,8,four-port,reduce_scatter,4096,137568.0,174888.39999999997,3355.317073170732,1.0,,complete frozen ladder row; timing is not a valid concentration comparison
L,L-247,PASS,w8/four-port/reduce_scatter/16384,8,four-port,reduce_scatter,16384,228078.0,245487.0,1390.719512195122,1.0,,complete frozen ladder row; timing is not a valid concentration comparison
L,L-248,PASS,w8/four-port/reduce_scatter/65536,8,four-port,reduce_scatter,65536,467347.0,532535.0,712.4192073170732,1.0,,complete frozen ladder row; timing is not a valid concentration comparison
L,L-249,PASS,w8/four-port/reduce_scatter/131072,8,four-port,reduce_scatter,131072,674866.0,746490.2,514.7719298245614,1.0,,complete frozen ladder row; timing is not a valid concentration comparison
L,L-250,PASS,w8/four-port/reduce_scatter/196608,8,four-port,reduce_scatter,196608,595829.0,620232.4,302.912557193696,1.0,,complete frozen ladder row; timing is not a valid concentration comparison
L,L-251,PASS,w8/four-port/reduce_scatter/262144,8,four-port,reduce_scatter,262144,651763.0,685858.0,248.57475209763538,1.0,,complete frozen ladder row; timing is not a valid concentration comparison
L,L-252,PASS,w8/four-port/reduce_scatter/393216,8,four-port,reduce_scatter,393216,896042.0,995922.3999999999,227.82659547419271,1.0,,complete frozen ladder row; timing is not a valid concentration comparison
L,L-253,PASS,w8/four-port/reduce_scatter/524288,8,four-port,reduce_scatter,524288,1039251.0,1137909.8,198.2168605760061,1.0,,complete frozen ladder row; timing is not a valid concentration comparison
L,L-254,PASS,w8/four-port/reduce_scatter/786432,8,four-port,reduce_scatter,786432,1444853.0,1566588.8,183.70667514303878,1.0,,complete frozen ladder row; timing is not a valid concentration comparison
L,L-255,PASS,w8/four-port/reduce_scatter/1048576,8,four-port,reduce_scatter,1048576,1758271.0,2015285.9999999995,167.67795155445356,1.0,,complete frozen ladder row; timing is not a valid concentration comparison
L,L-256,PASS,w8/four-port/reduce_scatter/1572864,8,four-port,reduce_scatter,1572864,2528446.0,2892984.1999999997,160.75058808570157,1.0,,complete frozen ladder row; timing is not a valid concentration comparison
L,L-257,PASS,w8/four-port/reduce_scatter/2097152,8,four-port,reduce_scatter,2097152,3479782.0,3637187.0,165.9251382796109,1.0,,complete frozen ladder row; timing is not a valid concentration comparison
L,L-258,PASS,w8/four-port/reduce_scatter/3145728,8,four-port,reduce_scatter,3145728,5161709.0,5232652.8,164.08255451713396,1.0,,complete frozen ladder row; timing is not a valid concentration comparison
L,L-259,PASS,w8/four-port/reduce_scatter/4194304,8,four-port,reduce_scatter,4194304,6752615.0,6835296.800000001,160.99120255578867,1.0,,complete frozen ladder row; timing is not a valid concentration comparison
L,L-260,PASS,w8/four-port/reduce_scatter/8388608,8,four-port,reduce_scatter,8388608,12798064.0,13092430.0,152.56313850775447,1.0,,complete frozen ladder row; timing is not a valid concentration comparison
L,L-261,PASS,w8/four-port/reduce_scatter/16777216,8,four-port,reduce_scatter,16777216,24332575.0,25905613.6,145.03272278614557,1.0,,complete frozen ladder row; timing is not a valid concentration comparison
L,L-262,PASS,w8/four-port/reduce_scatter/33554432,8,four-port,reduce_scatter,33554432,48713791.0,51061878.6,145.1781161990195,1.0,,complete frozen ladder row; timing is not a valid concentration comparison
L,L-263,PASS,w8/four-port/reduce_scatter/67108864,8,four-port,reduce_scatter,67108864,96611771.0,99368119.6,143.96268006180998,1.0,,complete frozen ladder row; timing is not a valid concentration comparison
L,L-264,PASS,w8/four-port/reduce_scatter/134217728,8,four-port,reduce_scatter,134217728,195842058.0,217197458.99999994,145.91362546547478,1.0,,complete frozen ladder row; timing is not a valid concentration comparison
L,L-265,PASS,w8/one-port/all_gather/8,8,one-port,all_gather,8,101009.0,106974.0,101009.0,1.0,,complete frozen ladder row; timing is not a valid concentration comparison
L,L-266,PASS,w8/one-port/all_gather/64,8,one-port,all_gather,64,102271.0,129941.59999999998,34090.333333333336,1.0,,complete frozen ladder row; timing is not a valid concentration comparison
L,L-267,PASS,w8/one-port/all_gather/512,8,one-port,all_gather,512,110948.0,139639.59999999998,5283.238095238095,1.0,,complete frozen ladder row; timing is not a valid concentration comparison
L,L-268,PASS,w8/one-port/all_gather/4096,8,one-port,all_gather,4096,149120.0,177649.0,909.2682926829268,1.0,,complete frozen ladder row; timing is not a valid concentration comparison
L,L-269,PASS,w8/one-port/all_gather/16384,8,one-port,all_gather,16384,310392.0,341081.2,473.1585365853659,1.0,,complete frozen ladder row; timing is not a valid concentration comparison
L,L-270,PASS,w8/one-port/all_gather/65536,8,one-port,all_gather,65536,629671.0,670413.4,240.14912280701753,1.0,,complete frozen ladder row; timing is not a valid concentration comparison
L,L-271,PASS,w8/one-port/all_gather/131072,8,one-port,all_gather,131072,628028.0,660092.0,119.78409307648293,1.0,,complete frozen ladder row; timing is not a valid concentration comparison
L,L-272,PASS,w8/one-port/all_gather/196608,8,one-port,all_gather,196608,742092.0,775767.4,94.35371900826446,1.0,,complete frozen ladder row; timing is not a valid concentration comparison
L,L-273,PASS,w8/one-port/all_gather/262144,8,one-port,all_gather,262144,937718.0,964741.3999999999,89.42571047110432,1.0,,complete frozen ladder row; timing is not a valid concentration comparison
L,L-274,PASS,w8/one-port/all_gather/393216,8,one-port,all_gather,393216,1185945.0,1230521.8,75.39862674041579,1.0,,complete frozen ladder row; timing is not a valid concentration comparison
L,L-275,PASS,w8/one-port/all_gather/524288,8,one-port,all_gather,524288,1498119.0,1591873.2,71.43424566088117,1.0,,complete frozen ladder row; timing is not a valid concentration comparison
L,L-276,PASS,w8/one-port/all_gather/786432,8,one-port,all_gather,786432,2065904.0,2171420.4,65.67181639010745,1.0,,complete frozen ladder row; timing is not a valid concentration comparison
L,L-277,PASS,w8/one-port/all_gather/1048576,8,one-port,all_gather,1048576,2637587.0,2701436.2,62.88353518977684,1.0,,complete frozen ladder row; timing is not a valid concentration comparison
L,L-278,PASS,w8/one-port/all_gather/1572864,8,one-port,all_gather,1572864,3685102.0,3793161.6,58.572709210840024,1.0,,complete frozen ladder row; timing is not a valid concentration comparison
L,L-279,PASS,w8/one-port/all_gather/2097152,8,one-port,all_gather,2097152,4689204.0,4784761.6,55.89905468070142,1.0,,complete frozen ladder row; timing is not a valid concentration comparison
L,L-280,PASS,w8/one-port/all_gather/3145728,8,one-port,all_gather,3145728,6717008.0,6867728.0,53.381610108877055,1.0,,complete frozen ladder row; timing is not a valid concentration comparison
L,L-281,PASS,w8/one-port/all_gather/4194304,8,one-port,all_gather,4194304,8662547.0,8881384.2,51.63254516519345,1.0,,complete frozen ladder row; timing is not a valid concentration comparison
L,L-282,PASS,w8/one-port/all_gather/8388608,8,one-port,all_gather,8388608,14631811.0,14774086.6,43.606106483482094,1.0,,complete frozen ladder row; timing is not a valid concentration comparison
L,L-283,PASS,w8/one-port/all_gather/16777216,8,one-port,all_gather,16777216,26322721.0,27547258.0,39.2238898268337,1.0,,complete frozen ladder row; timing is not a valid concentration comparison
L,L-284,PASS,w8/one-port/all_gather/33554432,8,one-port,all_gather,33554432,49873896.0,50874987.0,37.158928249457226,1.0,,complete frozen ladder row; timing is not a valid concentration comparison
L,L-285,PASS,w8/one-port/all_gather/67108864,8,one-port,all_gather,67108864,97217757.0,99230719.8,36.216430762697186,1.0,,complete frozen ladder row; timing is not a valid concentration comparison
L,L-286,PASS,w8/one-port/all_gather/134217728,8,one-port,all_gather,134217728,190343156.0,193127480.2,35.45416980987984,1.0,,complete frozen ladder row; timing is not a valid concentration comparison
L,L-287,PASS,w8/one-port/all_reduce/8,8,one-port,all_reduce,8,70472.0,101654.59999999999,70472.0,1.0,,complete frozen ladder row; timing is not a valid concentration comparison
L,L-288,PASS,w8/one-port/all_reduce/64,8,one-port,all_reduce,64,69701.0,99840.8,23233.666666666668,1.0,,complete frozen ladder row; timing is not a valid concentration comparison
L,L-289,PASS,w8/one-port/all_reduce/512,8,one-port,all_reduce,512,88266.0,119997.59999999999,4203.142857142857,1.0,,complete frozen ladder row; timing is not a valid concentration comparison
L,L-290,PASS,w8/one-port/all_reduce/4096,8,one-port,all_reduce,4096,99436.0,130761.79999999999,606.3170731707318,1.0,,complete frozen ladder row; timing is not a valid concentration comparison
L,L-291,PASS,w8/one-port/all_reduce/16384,8,one-port,all_reduce,16384,133711.0,160176.59999999998,203.827743902439,1.0,,complete frozen ladder row; timing is not a valid concentration comparison
L,L-292,PASS,w8/one-port/all_reduce/65536,8,one-port,all_reduce,65536,343594.0,368696.0,131.04271548436307,1.0,,complete frozen ladder row; timing is not a valid concentration comparison
L,L-293,PASS,w8/one-port/all_reduce/131072,8,one-port,all_reduce,131072,435267.0,448674.79999999993,83.01869158878505,1.0,,complete frozen ladder row; timing is not a valid concentration comparison
L,L-294,PASS,w8/one-port/all_reduce/196608,8,one-port,all_reduce,196608,489869.0,528895.6,62.28467895740623,1.0,,complete frozen ladder row; timing is not a valid concentration comparison
L,L-295,PASS,w8/one-port/all_reduce/262144,8,one-port,all_reduce,262144,556584.0,592022.7999999999,53.07877169559413,1.0,,complete frozen ladder row; timing is not a valid concentration comparison
L,L-296,PASS,w8/one-port/all_reduce/393216,8,one-port,all_reduce,393216,692178.0,727423.0,44.006484836925424,1.0,,complete frozen ladder row; timing is not a valid concentration comparison
L,L-297,PASS,w8/one-port/all_reduce/524288,8,one-port,all_reduce,524288,895379.0,937515.6,42.694020598893765,1.0,,complete frozen ladder row; timing is not a valid concentration comparison
L,L-298,PASS,w8/one-port/all_reduce/786432,8,one-port,all_reduce,786432,1319024.0,1344961.0,41.92968402314197,1.0,,complete frozen ladder row; timing is not a valid concentration comparison
L,L-299,PASS,w8/one-port/all_reduce/1048576,8,one-port,all_reduce,1048576,1580767.0,1629063.5999999999,37.68755960328056,1.0,,complete frozen ladder row; timing is not a valid concentration comparison
L,L-300,PASS,w8/one-port/all_reduce/1572864,8,one-port,all_reduce,1572864,2253991.0,2290455.2,35.825971548915206,1.0,,complete frozen ladder row; timing is not a valid concentration comparison
L,L-301,PASS,w8/one-port/all_reduce/2097152,8,one-port,all_reduce,2097152,1411256.0,1471428.6,16.82329800803462,1.0,,complete frozen ladder row; timing is not a valid concentration comparison
L,L-302,PASS,w8/one-port/all_reduce/3145728,8,one-port,all_reduce,3145728,1815438.0,1856084.2,14.427704045140269,1.0,,complete frozen ladder row; timing is not a valid concentration comparison
L,L-303,PASS,w8/one-port/all_reduce/4194304,8,one-port,all_reduce,4194304,2320926.0,2341493.4,13.83372771542501,1.0,,complete frozen ladder row; timing is not a valid concentration comparison
L,L-304,PASS,w8/one-port/all_reduce/8388608,8,one-port,all_reduce,8388608,4077394.0,4167884.8,12.151556423132515,1.0,,complete frozen ladder row; timing is not a valid concentration comparison
L,L-305,PASS,w8/one-port/all_reduce/16777216,8,one-port,all_reduce,16777216,7419948.0,7468192.8,11.056578188586014,1.0,,complete frozen ladder row; timing is not a valid concentration comparison
L,L-306,PASS,w8/one-port/all_reduce/33554432,8,one-port,all_reduce,33554432,14152976.0,14233868.399999999,10.54478318077036,1.0,,complete frozen ladder row; timing is not a valid concentration comparison
L,L-307,PASS,w8/one-port/all_reduce/67108864,8,one-port,all_reduce,67108864,27416645.0,27598631.8,10.21349448936523,1.0,,complete frozen ladder row; timing is not a valid concentration comparison
L,L-308,PASS,w8/one-port/all_reduce/134217728,8,one-port,all_reduce,134217728,54169543.0,55046674.8,10.089861996643513,1.0,,complete frozen ladder row; timing is not a valid concentration comparison
L,L-309,PASS,w8/one-port/all_to_allv/8,8,one-port,all_to_allv,8,115106.0,138315.79999999996,115106.0,1.0,,complete frozen ladder row; timing is not a valid concentration comparison
L,L-310,PASS,w8/one-port/all_to_allv/64,8,one-port,all_to_allv,64,106249.0,119418.0,35416.333333333336,1.0,,complete frozen ladder row; timing is not a valid concentration comparison
L,L-311,PASS,w8/one-port/all_to_allv/512,8,one-port,all_to_allv,512,128882.0,133109.0,6137.238095238095,1.0,,complete frozen ladder row; timing is not a valid concentration comparison
L,L-312,PASS,w8/one-port/all_to_allv/4096,8,one-port,all_to_allv,4096,135894.0,144164.8,828.6219512195122,1.0,,complete frozen ladder row; timing is not a valid concentration comparison
L,L-313,PASS,w8/one-port/all_to_allv/16384,8,one-port,all_to_allv,16384,170870.0,180316.0,260.4725609756098,1.0,,complete frozen ladder row; timing is not a valid concentration comparison
L,L-314,PASS,w8/one-port/all_to_allv/65536,8,one-port,all_to_allv,65536,408406.0,422264.2,155.76125095347064,1.0,,complete frozen ladder row; timing is not a valid concentration comparison
L,L-315,PASS,w8/one-port/all_to_allv/131072,8,one-port,all_to_allv,131072,657172.0,686469.6,125.34274270455846,1.0,,complete frozen ladder row; timing is not a valid concentration comparison
L,L-316,PASS,w8/one-port/all_to_allv/196608,8,one-port,all_to_allv,196608,935895.0,988079.3999999999,118.99491417673237,1.0,,complete frozen ladder row; timing is not a valid concentration comparison
L,L-317,PASS,w8/one-port/all_to_allv/262144,8,one-port,all_to_allv,262144,1071279.0,1197772.2,102.16278847987793,1.0,,complete frozen ladder row; timing is not a valid concentration comparison
L,L-318,PASS,w8/one-port/all_to_allv/393216,8,one-port,all_to_allv,393216,1493020.0,1640244.4,94.92148261173628,1.0,,complete frozen ladder row; timing is not a valid concentration comparison
L,L-319,PASS,w8/one-port/all_to_allv/524288,8,one-port,all_to_allv,524288,1959494.0,2219613.1999999997,93.4338165172611,1.0,,complete frozen ladder row; timing is not a valid concentration comparison
L,L-320,PASS,w8/one-port/all_to_allv/786432,8,one-port,all_to_allv,786432,2616607.0,2731478.1999999997,83.17779261237204,1.0,,complete frozen ladder row; timing is not a valid concentration comparison
L,L-321,PASS,w8/one-port/all_to_allv/1048576,8,one-port,all_to_allv,1048576,3328783.0,3882916.5999999996,79.36255483501812,1.0,,complete frozen ladder row; timing is not a valid concentration comparison
L,L-322,PASS,w8/one-port/all_to_allv/1572864,8,one-port,all_to_allv,1572864,4610607.0,4951055.4,73.28311213542081,1.0,,complete frozen ladder row; timing is not a valid concentration comparison
L,L-323,PASS,w8/one-port/all_to_allv/2097152,8,one-port,all_to_allv,2097152,6094790.0,6542219.600000001,72.65476176284764,1.0,,complete frozen ladder row; timing is not a valid concentration comparison
L,L-324,PASS,w8/one-port/all_to_allv/3145728,8,one-port,all_to_allv,3145728,8915531.0,9508317.0,70.85377890805054,1.0,,complete frozen ladder row; timing is not a valid concentration comparison
L,L-325,PASS,w8/one-port/all_to_allv/4194304,8,one-port,all_to_allv,4194304,11949761.0,12556194.2,71.2257693431005,1.0,,complete frozen ladder row; timing is not a valid concentration comparison
L,L-326,PASS,w8/one-port/all_to_allv/8388608,8,one-port,all_to_allv,8388608,23185052.0,24702316.0,69.09669939948442,1.0,,complete frozen ladder row; timing is not a valid concentration comparison
L,L-327,PASS,w8/one-port/all_to_allv/16777216,8,one-port,all_to_allv,16777216,45899161.0,49652511.0,68.39504298237641,1.0,,complete frozen ladder row; timing is not a valid concentration comparison
L,L-328,PASS,w8/one-port/all_to_allv/33554432,8,one-port,all_to_allv,33554432,85556407.0,92096962.8,63.74445639848068,1.0,,complete frozen ladder row; timing is not a valid concentration comparison
L,L-329,PASS,w8/one-port/all_to_allv/67108864,8,one-port,all_to_allv,67108864,169259939.0,173981121.79999998,63.054230532101755,1.0,,complete frozen ladder row; timing is not a valid concentration comparison
L,L-330,PASS,w8/one-port/all_to_allv/134217728,8,one-port,all_to_allv,134217728,293021715.0,338450227.59999996,54.57953866012506,1.0,,complete frozen ladder row; timing is not a valid concentration comparison
L,L-331,PASS,w8/one-port/reduce_scatter/8,8,one-port,reduce_scatter,8,93946.0,111304.79999999999,93946.0,1.0,,complete frozen ladder row; timing is not a valid concentration comparison
L,L-332,PASS,w8/one-port/reduce_scatter/64,8,one-port,reduce_scatter,64,89738.0,113566.79999999999,29912.666666666668,1.0,,complete frozen ladder row; timing is not a valid concentration comparison
L,L-333,PASS,w8/one-port/reduce_scatter/512,8,one-port,reduce_scatter,512,108984.0,138200.6,5189.714285714285,1.0,,complete frozen ladder row; timing is not a valid concentration comparison
L,L-334,PASS,w8/one-port/reduce_scatter/4096,8,one-port,reduce_scatter,4096,148298.0,169754.0,904.2560975609756,1.0,,complete frozen ladder row; timing is not a valid concentration comparison
L,L-335,PASS,w8/one-port/reduce_scatter/16384,8,one-port,reduce_scatter,16384,304812.0,331650.5999999999,464.6524390243902,1.0,,complete frozen ladder row; timing is not a valid concentration comparison
L,L-336,PASS,w8/one-port/reduce_scatter/65536,8,one-port,reduce_scatter,65536,629230.0,682300.0,239.98093058733792,1.0,,complete frozen ladder row; timing is not a valid concentration comparison
L,L-337,PASS,w8/one-port/reduce_scatter/131072,8,one-port,reduce_scatter,131072,619642.0,649041.6,118.18462712187679,1.0,,complete frozen ladder row; timing is not a valid concentration comparison
L,L-338,PASS,w8/one-port/reduce_scatter/196608,8,one-port,reduce_scatter,196608,725421.0,756204.2,92.2340750158932,1.0,,complete frozen ladder row; timing is not a valid concentration comparison
L,L-339,PASS,w8/one-port/reduce_scatter/262144,8,one-port,reduce_scatter,262144,928241.0,977838.0,88.52193400724776,1.0,,complete frozen ladder row; timing is not a valid concentration comparison
L,L-340,PASS,w8/one-port/reduce_scatter/393216,8,one-port,reduce_scatter,393216,1157481.0,1198736.5999999999,73.58897577722678,1.0,,complete frozen ladder row; timing is not a valid concentration comparison
L,L-341,PASS,w8/one-port/reduce_scatter/524288,8,one-port,reduce_scatter,524288,1499993.0,1564381.8,71.52360289910357,1.0,,complete frozen ladder row; timing is not a valid concentration comparison
L,L-342,PASS,w8/one-port/reduce_scatter/786432,8,one-port,reduce_scatter,786432,2036790.0,2137202.0,64.74632843791723,1.0,,complete frozen ladder row; timing is not a valid concentration comparison
L,L-343,PASS,w8/one-port/reduce_scatter/1048576,8,one-port,reduce_scatter,1048576,2601719.0,2671915.4,62.02839500286096,1.0,,complete frozen ladder row; timing is not a valid concentration comparison
L,L-344,PASS,w8/one-port/reduce_scatter/1572864,8,one-port,reduce_scatter,1572864,3606203.0,3729211.6,57.31865214972582,1.0,,complete frozen ladder row; timing is not a valid concentration comparison
L,L-345,PASS,w8/one-port/reduce_scatter/2097152,8,one-port,reduce_scatter,2097152,4455987.0,4699807.8,53.118921883009286,1.0,,complete frozen ladder row; timing is not a valid concentration comparison
L,L-346,PASS,w8/one-port/reduce_scatter/3145728,8,one-port,reduce_scatter,3145728,6464805.0,6543373.0,51.37729476277517,1.0,,complete frozen ladder row; timing is not a valid concentration comparison
L,L-347,PASS,w8/one-port/reduce_scatter/4194304,8,one-port,reduce_scatter,4194304,8503372.0,8594691.8,50.68379298218426,1.0,,complete frozen ladder row; timing is not a valid concentration comparison
L,L-348,PASS,w8/one-port/reduce_scatter/8388608,8,one-port,reduce_scatter,8388608,14532860.0,14619782.799999999,43.31121012084817,1.0,,complete frozen ladder row; timing is not a valid concentration comparison
L,L-349,PASS,w8/one-port/reduce_scatter/16777216,8,one-port,reduce_scatter,16777216,25712024.0,26531727.2,38.31388087124063,1.0,,complete frozen ladder row; timing is not a valid concentration comparison
L,L-350,PASS,w8/one-port/reduce_scatter/33554432,8,one-port,reduce_scatter,33554432,50105344.0,52235426.4,37.331370354751755,1.0,,complete frozen ladder row; timing is not a valid concentration comparison
L,L-351,PASS,w8/one-port/reduce_scatter/67108864,8,one-port,reduce_scatter,67108864,96159883.0,97893439.0,35.82234205237385,1.0,,complete frozen ladder row; timing is not a valid concentration comparison
L,L-352,PASS,w8/one-port/reduce_scatter/134217728,8,one-port,reduce_scatter,134217728,189964085.0,193010959.6,35.38356234551689,1.0,,complete frozen ladder row; timing is not a valid concentration comparison
W,W-001,PASS,,,,,,,,True,0.0,600.0,analysis completed within the frozen wall ceiling
