architecture,width,lane,bytes,measured_us,model_us,reference_us,lower_us,upper_us,signed_error_pct,covered,band_width_fraction
a100,2,legacy,262144,18.73919927,19.808878,19.311066,17.979819,21.140125,5.708241395951608,True,0.1686468004563783
a100,2,legacy,278528,20.12160048,21.108263,20.579338,19.16066,22.526941,4.903499207136619,True,0.1672968809487067
a100,2,legacy,294912,20.22400126,21.139376,20.579338,19.16066,22.558054,4.5261801966481885,True,0.16798822133775915
a100,2,legacy,311296,20.78719996,21.433691,20.842539,19.405716,22.870514,3.1100438791372698,True,0.16667939918157215
a100,2,legacy,327680,20.83840035,21.464804,20.842539,19.405716,22.901627,3.006006408740469,True,0.1677629252381649
a100,2,legacy,344064,22.2207997,22.76419,22.110812,20.586558,24.288444,2.4454128894380034,True,0.16659553436323896
a100,2,legacy,360448,22.016,22.795303,22.110812,20.586558,24.319557,3.539712027616271,True,0.1695584574854651
a100,2,legacy,376832,22.2207997,23.089616,22.374012,20.831614,24.632014,3.909923637896795,True,0.17102894816157316
a100,2,legacy,393216,22.06720039,23.12073,22.374012,20.831614,24.663128,4.774187895975324,True,0.17362936540587603
a100,2,legacy,409600,23.50080013,24.420116,23.642285,22.012456,26.049945,3.9118492345562528,True,0.17180219301750219
a100,2,legacy,425984,23.65439944,24.451229,23.642285,22.012456,26.081058,3.3686315394359623,True,0.17200191492158215
a100,2,legacy,442368,24.16640148,24.745542,23.905485,22.257512,26.393515,2.396469828076353,True,0.17114682975961218
a100,2,legacy,458752,24.16640148,24.776656,23.905485,22.257512,26.424629,2.5252188270771025,True,0.1724343197496196
a100,2,legacy,475136,25.54880083,26.076042,25.173758,23.438354,27.811446,2.0636630795638045,True,0.17116623316680338
a100,2,legacy,491520,25.70239827,26.107155,25.173758,23.438354,27.842559,1.5747819551626518,True,0.1713538539763667
a100,2,legacy,507904,26.00960061,26.401468,25.436958,23.68341,28.155016,1.5066259412277905,True,0.17192136346302783
a100,2,legacy,524288,26.11199953,26.432581,25.436958,23.68341,28.186129,1.2277170487525746,True,0.17243869029741823
a100,2,legacy,540672,29.13280204,30.062728,29.035991,27.034336,32.064383,3.1920237494601045,True,0.17265922423437438
a100,2,legacy,557056,29.1839987,30.093841,29.035991,27.034336,32.095496,3.1176067041148947,True,0.1734224309707086
a100,2,legacy,573440,29.49120104,30.388154,29.299191,27.279392,32.407953,3.0414256739948575,True,0.1739013949633297
a100,2,legacy,589824,29.23519909,30.419267,29.299191,27.279392,32.439066,4.050144848868209,True,0.1764884167238281
a100,2,legacy,606208,48.38399962,46.156805,43.213305,37.286211,52.083899,-4.603163519948783,True,0.3058384613967141
a100,2,legacy,622592,48.4864004,46.156805,43.213305,37.286211,52.083899,-4.804636724486555,True,0.3051925463206792
a100,2,legacy,638976,48.58880118,46.156805,43.213305,37.286211,52.083899,-5.005260720449822,True,0.30454935377353964
a100,2,legacy,655360,48.99840057,46.156805,43.213305,37.286211,52.083899,-5.7993639321766155,True,0.302003490478424
a100,2,legacy,671744,48.89599979,48.038824,45.095324,38.910094,54.224054,-1.7530591330199297,True,0.3131945366854314
a100,2,legacy,688128,48.94720018,48.038824,45.095324,38.910094,54.224054,-1.8558286820482217,True,0.312866924843177
a100,2,legacy,704512,49.04960096,48.038824,45.095324,38.910094,54.224054,-2.060724124594393,True,0.3122137530229563
a100,2,legacy,720896,49.15199801,48.038824,45.095324,38.910094,54.224054,-2.2647584128187903,True,0.31156332641623985
a100,2,legacy,737280,49.15199801,48.038824,45.095324,38.910094,54.224054,-2.2647584128187903,True,0.31156332641623985
a100,2,legacy,753664,49.35679957,48.038824,45.095324,38.910094,54.224054,-2.6703019269529227,True,0.31027052267197885
a100,2,legacy,770048,49.51040074,48.038824,45.095324,38.910094,54.224054,-2.9722577842338116,True,0.3093079387585664
a100,2,legacy,786432,49.6127978,48.038824,45.095324,38.910094,54.224054,-3.172515701180645,True,0.3086695505811607
a100,2,legacy,802816,49.92000014,49.920844,46.977344,40.533978,56.36421,0.0016904246747495577,True,0.31711201834143266
a100,2,legacy,819200,49.97120053,49.920844,46.977344,40.533978,56.36421,-0.10077110308719384,True,0.31678710601512144
a100,2,legacy,835584,50.17600209,49.920844,46.977344,40.533978,56.36421,-0.5085261467071889,True,0.315494087623911
a100,2,legacy,851968,50.07360131,49.920844,46.977344,40.533978,56.36421,-0.30506555550957604,True,0.31613927470478553
a100,2,legacy,868352,51.81439966,49.920844,46.977344,40.533978,56.36421,-3.654496959195297,True,0.30551800472216456
a100,2,legacy,884736,50.43200403,49.920844,46.977344,40.533978,56.36421,-1.0135627957515436,True,0.31389258278499543
a100,2,legacy,901120,50.48320442,49.920844,46.977344,40.533978,56.36421,-1.113955475808126,True,0.3135742309124996
a100,2,legacy,917504,50.48320442,49.920844,46.977344,40.533978,56.36421,-1.113955475808126,True,0.3135742309124996
a100,2,legacy,933888,51.30239576,51.802863,48.859363,42.157861,58.504365,0.9755241106891965,True,0.3186304217929958
a100,2,legacy,950272,51.50719732,51.802863,48.859363,42.157861,58.504365,0.5740278939331711,True,0.3173634919105321
a100,2,legacy,966656,51.40479654,51.802863,48.859363,42.157861,58.504365,0.7743761026079543,True,0.31799569495971397
a100,2,legacy,983040,51.45599693,51.802863,48.859363,42.157861,58.504365,0.6741023217796682,True,0.31767927890382824
a100,2,legacy,999424,51.6095981,51.802863,48.859363,42.157861,58.504365,0.37447472391767267,True,0.3167337976228108
a100,2,legacy,1015808,51.71199888,51.802863,48.859363,42.157861,58.504365,0.17571186952345386,True,0.3161065971929028
a100,2,legacy,1032192,51.76319927,51.802863,48.859363,42.157861,58.504365,0.07662534495425088,True,0.31579392754948626
a100,2,legacy,1048576,52.01920122,51.802863,48.859363,42.157861,58.504365,-0.41588147246832685,True,0.31423981177387256
a100,2,legacy,1064960,53.96480113,53.684882,50.741382,43.781744,60.64452,-0.5187068684375906,True,0.31247731200524487
a100,2,legacy,1081344,53.40160057,53.684882,50.741382,43.781744,60.64452,0.5304736692838707,True,0.31577285736774685
a100,2,legacy,1097728,53.40160057,53.684882,50.741382,43.781744,60.64452,0.5304736692838707,True,0.31577285736774685
a100,2,legacy,1114112,53.45280096,53.684882,50.741382,43.781744,60.64452,0.4341793803727345,True,0.31547039064648486
a100,2,legacy,1130496,53.60640213,53.684882,50.741382,43.781744,60.64452,0.14640018147398237,True,0.31456645717625964
a100,2,legacy,1146880,53.91360074,53.684882,50.741382,43.781744,60.64452,-0.42423198758881897,True,0.3127740638456195
a100,2,legacy,1163264,53.91360074,53.684882,50.741382,43.781744,60.64452,-0.42423198758881897,True,0.3127740638456195
a100,2,legacy,1179648,53.96480113,53.684882,50.741382,43.781744,60.64452,-0.5187068684375906,True,0.31247731200524487
a100,2,legacy,1196032,55.34719676,55.566902,52.623402,45.405628,62.784676,0.3969582072109068,True,0.31400050982455574
a100,2,legacy,1212416,55.24479598,55.566902,52.623402,45.405628,62.784676,0.5830522391948367,True,0.31458253563451755
a100,2,legacy,1228800,55.24479598,55.566902,52.623402,45.405628,62.784676,0.5830522391948367,True,0.31458253563451755
a100,2,legacy,1245184,55.60319871,55.566902,52.623402,45.405628,62.784676,-0.06527809701974974,True,0.31255482424025455
a100,2,legacy,1261568,55.70559949,55.566902,52.623402,45.405628,62.784676,-0.24898303091576146,True,0.3119802705492794
a100,2,legacy,1277952,55.6543991,55.566902,52.623402,45.405628,62.784676,-0.15721506550234743,True,0.3122672831086231
a100,2,legacy,1294336,56.72960356,55.566902,52.623402,45.405628,62.784676,-2.049549947533602,True,0.306348835694208
a100,2,legacy,1310720,56.06399849,55.566902,52.623402,45.405628,62.784676,-0.8866590029048105,True,0.3099858816366774
a100,2,legacy,1327104,57.13919923,57.448921,54.505421,47.029511,64.924831,0.542047795863021,True,0.31318814826169905
a100,2,legacy,1343488,57.13919923,57.448921,54.505421,47.029511,64.924831,0.542047795863021,True,0.31318814826169905
a100,2,legacy,1359872,57.19039962,57.448921,54.505421,47.029511,64.924831,0.45203632378465475,True,0.3129077628221686
a100,2,legacy,1376256,57.08799884,57.448921,54.505421,47.029511,64.924831,0.6322207247298373,True,0.3134690366385945
a100,2,legacy,1392640,57.39520118,57.448921,54.505421,47.029511,64.924831,0.09359636153469797,True,0.31179122351845373
a100,2,legacy,1409024,57.59999901,57.448921,54.505421,47.029511,64.924831,-0.2622882163136331,True,0.31068264422874686
a100,2,legacy,1425408,57.85600096,57.448921,54.505421,47.029511,64.924831,-0.7036088793649031,True,0.30930793181458077
a100,2,legacy,1441792,61.54239923,57.448921,54.505421,47.029511,64.924831,-6.651476512479803,True,0.29078034369639244
a100,2,legacy,1458176,59.23839658,59.330941,56.387441,48.653395,67.064987,0.1562237085114493,True,0.31080503631011686
a100,2,legacy,1474560,58.67519975,59.330941,56.387441,48.653395,67.064987,1.1175782149766,True,0.31378831394604667
a100,2,legacy,1490944,58.88000131,59.330941,56.387441,48.653395,67.064987,0.765862228205183,True,0.3126968680429196
a100,2,legacy,1507328,59.1871962,59.330941,56.387441,48.653395,67.064987,0.24286468903556013,True,0.31107390081100006
a100,2,legacy,1523712,59.44319814,59.330941,56.387441,48.653395,67.064987,-0.18884774627302425,True,0.3097342097347658
a100,2,legacy,1540096,59.85280126,59.330941,56.387441,48.653395,67.064987,-0.8719061581312526,True,0.30761454121454096
a100,2,legacy,1556480,60.21120027,59.330941,56.387441,48.653395,67.064987,-1.4619527032391333,True,0.30578350734478726
a100,2,legacy,1572864,59.80160087,59.330941,56.387441,48.653395,67.064987,-0.7870355695379305,True,0.3078779118308911
a100,2,legacy,1589248,60.46720222,61.21296,58.26946,50.277279,69.205141,1.2333260885573738,True,0.3130269188102019
a100,2,legacy,1605632,60.67199633,61.21296,58.26946,50.277279,69.205141,0.891620026902773,True,0.3119703181851772
a100,2,legacy,1622016,60.7743971,61.21296,58.26946,50.277279,69.205141,0.7216244354976808,True,0.3114446691894867
a100,2,legacy,1638400,60.7743971,61.21296,58.26946,50.277279,69.205141,0.7216244354976808,True,0.3114446691894867
a100,2,legacy,1654784,61.08159944,61.21296,58.26946,50.277279,69.205141,0.21505749882833047,True,0.3098782967953008
a100,2,legacy,1671168,61.18400022,61.21296,58.26946,50.277279,69.205141,0.04733227624194036,True,0.3093596680821926
a100,2,legacy,1687552,61.95200235,61.21296,58.26946,50.277279,69.205141,-1.1929273017274866,True,0.3055246203837994
a100,2,legacy,1703936,63.74400109,61.21296,58.26946,50.277279,69.205141,-3.9706341721888916,True,0.29693558101688344
a100,2,legacy,1720320,62.56639957,63.09498,60.15148,51.901163,71.345297,0.8448311452037727,True,0.3107759777393884
a100,2,legacy,1736704,62.51519918,63.09498,60.15148,51.901163,71.345297,0.9274237747057823,True,0.31103050546179195
a100,2,legacy,1753088,63.02719563,63.09498,60.15148,51.901163,71.345297,0.10754781221415932,True,0.3085038736951971
a100,2,legacy,1769472,63.02719563,63.09498,60.15148,51.901163,71.345297,0.10754781221415932,True,0.3085038736951971
a100,2,legacy,1785856,63.23199719,63.09498,60.15148,51.901163,71.345297,-0.21668964462452367,True,0.3075046632098954
a100,2,legacy,1802240,63.74400109,63.09498,60.15148,51.901163,71.345297,-1.0181681082171878,True,0.30503472746473625
a100,2,legacy,1818624,63.38559836,63.09498,60.15148,51.901163,71.345297,-0.45849272945160946,True,0.3067594927410259
a100,2,legacy,1835008,64.15359676,63.09498,60.15148,51.901163,71.345297,-1.6501284627272073,True,0.3030871998142353
a100,2,legacy,1851392,64.25599754,64.976999,62.033499,53.525046,73.485452,1.1220765183065806,True,0.310638800488226
a100,2,legacy,1867776,64.40959871,64.976999,62.033499,53.525046,73.485452,0.8809250505575683,True,0.3098980027785986
a100,2,legacy,1884160,64.76800144,64.976999,62.033499,53.525046,73.485452,0.32268644292445803,True,0.30818313914612583
a100,2,legacy,1900544,64.87040222,64.976999,62.033499,53.525046,73.485452,0.16432267467447748,True,0.30769665852088807
a100,2,legacy,1916928,64.76800144,64.976999,62.033499,53.525046,73.485452,0.32268644292445803,True,0.30818313914612583
a100,2,legacy,1933312,65.02400339,64.976999,62.033499,53.525046,73.485452,-0.07228775152166023,True,0.30696981052184336
a100,2,legacy,1949696,65.38239866,64.976999,62.033499,53.525046,73.485452,-0.6200440306697086,True,0.305287147750538
a100,2,legacy,1966080,65.28000534,64.976999,62.033499,53.525046,73.485452,-0.4641640858052076,True,0.3057659982722054
a100,2,legacy,1982464,65.02400339,66.859018,63.915518,55.148929,75.625607,2.8220572624450435,True,0.3149095246748387
a100,2,legacy,1998848,66.50879979,66.859018,63.915518,55.148929,75.625607,0.5265742444696242,True,0.3078792289840538
a100,2,legacy,2015232,65.689601,66.859018,63.915518,55.148929,75.625607,1.7802163237374602,True,0.311718714808452
a100,2,legacy,2031616,65.89440256,66.859018,63.915518,55.148929,75.625607,1.4638806977901764,True,0.3107498847319392
a100,2,legacy,2048000,66.09920412,66.859018,63.915518,55.148929,75.625607,1.1495053384010356,True,0.30978705829537
a100,2,legacy,2064384,65.58720022,66.859018,63.915518,55.148929,75.625607,1.9391249751993245,True,0.31220539878687936
a100,2,legacy,2080768,66.40639901,66.859018,63.915518,55.148929,75.625607,0.6815894202181427,True,0.30835398855035734
a100,2,legacy,2097152,66.40639901,66.859018,63.915518,55.148929,75.625607,0.6815894202181427,True,0.30835398855035734
a100,2,legacy,2113536,71.37279958,68.741038,65.797538,56.772813,77.765763,-3.687345312901924,True,0.2941309591824196
a100,2,legacy,2129920,71.93599641,68.741038,65.797538,56.772813,77.765763,-4.4413903601060785,True,0.2918281673663134
a100,2,legacy,2146304,71.67999446,68.741038,65.797538,56.772813,77.765763,-4.100106985415641,True,0.29287041884071036
a100,2,legacy,2162688,71.52640074,68.741038,65.797538,56.772813,77.765763,-3.894174334487832,True,0.2934993202902775
a100,2,legacy,2179072,72.90880382,68.741038,65.797538,56.772813,77.765763,-5.7164095440237155,True,0.28793436320568616
a100,2,legacy,2195456,71.88479602,68.741038,65.797538,56.772813,77.765763,-4.373328150121381,True,0.2920360237811523
a100,2,legacy,2211840,71.73119485,68.741038,65.797538,56.772813,77.765763,-4.168558541723488,True,0.292661373394089
a100,2,legacy,2228224,73.31839949,68.741038,65.797538,56.772813,77.765763,-6.24312794856402,True,0.28632580833769095
a100,2,legacy,2244608,73.06240499,70.623057,67.679557,58.396696,79.905918,-3.3387184425887395,True,0.2943952091769214
a100,2,legacy,2260992,73.98399711,70.623057,67.679557,58.396696,79.905918,-4.542793362465836,True,0.29072803363165034
a100,2,legacy,2277376,73.36959988,70.623057,67.679557,58.396696,79.905918,-3.743434453086991,True,0.2931625909801813
a100,2,legacy,2293760,73.62560183,70.623057,67.679557,58.396696,79.905918,-4.0781260259614704,True,0.292143241825912
a100,2,legacy,2310144,74.08639789,70.623057,67.679557,58.396696,79.905918,-4.674732459178543,True,0.29032619499109513
a100,2,legacy,2326528,73.72800261,70.623057,67.679557,58.396696,79.905918,-4.211351861007639,True,0.2917374842470319
a100,2,legacy,2342912,74.18879867,70.623057,67.679557,58.396696,79.905918,-4.806307332001447,True,0.2899254656444217
a100,2,legacy,2359296,75.2639994,70.623057,67.679557,58.396696,79.905918,-6.166218161401615,True,0.2857836704330118
a100,2,legacy,2375680,74.39360023,72.505077,69.561577,60.02058,82.046074,-2.538556037295314,True,0.2960670532398563
a100,2,legacy,2392064,73.98399711,72.505077,69.561577,60.02058,82.046074,-1.9989729776307308,True,0.297706191343681
a100,2,legacy,2408448,75.2639994,72.505077,69.561577,60.02058,82.046074,-3.6656601057530325,True,0.29264315178021216
a100,2,legacy,2424832,74.0351975,72.505077,69.561577,60.02058,82.046074,-2.06674737377448,True,0.2975003072018549
a100,2,legacy,2441216,74.64960217,72.505077,69.561577,60.02058,82.046074,-2.8727884779831014,True,0.2950517264625364
a100,2,legacy,2457600,74.95679706,72.505077,69.561577,60.02058,82.046074,-3.270844214484636,True,0.2938425181424101
a100,2,legacy,2473984,75.16159862,72.505077,69.561577,60.02058,82.046074,-3.534413408941417,True,0.2930418512165488
a100,2,legacy,2490368,75.87839663,72.505077,69.561577,60.02058,82.046074,-4.445691764480808,True,0.29027358218177995
a100,2,legacy,2506752,75.62239468,74.387096,71.443596,61.644463,84.186229,-1.6335090752246373,True,0.29808320796222637
a100,2,legacy,2523136,75.46880096,74.387096,71.443596,61.644463,84.186229,-1.433314093029403,True,0.29868986539149595
a100,2,legacy,2539520,75.92959702,74.387096,71.443596,61.644463,84.186229,-2.0314884847784653,True,0.2968771978871751
a100,2,legacy,2555904,75.72479546,74.387096,71.443596,61.644463,84.186229,-1.7665276635928429,True,0.29768011736535105
a100,2,legacy,2572288,76.64640248,74.387096,71.443596,61.644463,84.186229,-2.9477006185509413,True,0.29410077016833264
a100,2,legacy,2588672,76.85120404,74.387096,71.443596,61.644463,84.186229,-3.2063362842271848,True,0.29331701801662496
a100,2,legacy,2605056,77.0560056,74.387096,71.443596,61.644463,84.186229,-3.4635971320060355,True,0.29253743202074306
a100,2,legacy,2621440,76.74880326,74.387096,71.443596,61.644463,84.186229,-3.0771909914989903,True,0.2937083712385172
a100,2,legacy,2637824,76.59520209,76.269116,73.325616,63.268347,86.326385,-0.425726522161074,True,0.3010376286089906
a100,2,legacy,2654208,76.44160092,76.269116,73.325616,63.268347,86.326385,-0.22564273631646703,True,0.30164253132442115
a100,2,legacy,2670592,76.64640248,76.269116,73.325616,63.268347,86.326385,-0.4922429074195045,True,0.3008365331434405
a100,2,legacy,2686976,77.36320049,76.269116,73.325616,63.268347,86.326385,-1.4142182369270229,True,0.29804917394776725
a100,2,legacy,2703360,77.67040282,76.269116,73.325616,63.268347,86.326385,-1.8041451687169308,True,0.2968703285012781
a100,2,legacy,2719744,78.0287981,76.269116,73.325616,63.268347,86.326385,-2.2551700690619847,True,0.2955067688015561
a100,2,legacy,2736128,77.51680166,76.269116,73.325616,63.268347,86.326385,-1.6095680333568563,True,0.2974585832518725
a100,2,legacy,2752512,75.62239468,76.269116,73.325616,63.268347,86.326385,0.8551981496177641,True,0.3049101803450057
a100,2,legacy,2768896,74.95679706,78.151135,75.207635,64.89223,88.46654,4.261572085908449,True,0.31450530071515304
a100,2,legacy,2785280,74.90559667,78.151135,75.207635,64.89223,88.46654,4.332838231432001,True,0.31472027522666557
a100,2,legacy,2801664,75.46880096,78.151135,75.207635,64.89223,88.46654,3.554229040185364,True,0.3123715985960194
a100,2,legacy,2818048,75.72479546,78.151135,75.207635,64.89223,88.46654,3.2041546302778334,True,0.31131559823694244
a100,2,legacy,2834432,75.82719624,78.151135,75.207635,64.89223,88.46654,3.0647826574577763,True,0.31089518232198843
a100,2,legacy,2850816,76.90240443,78.151135,75.207635,64.89223,88.46654,1.6237861211955362,True,0.3065484125591728
a100,2,legacy,2867200,79.20639962,78.151135,75.207635,64.89223,88.46654,-1.332297169247354,True,0.2976313797003768
a100,2,legacy,2883584,76.33920014,78.151135,75.207635,64.89223,88.46654,2.373531366161896,True,0.30881002102152755
a100,2,legacy,2899968,76.18559897,80.033155,77.089655,66.516115,90.606695,5.050240573044618,True,0.31620910415741793
a100,2,legacy,2916352,76.80000365,80.033155,77.089655,66.516115,90.606695,4.209832286902504,True,0.3136794121753926
a100,2,legacy,2932736,77.00480521,80.033155,77.089655,66.516115,90.606695,3.932676385248146,True,0.31284515212138414
a100,2,legacy,2949120,77.00480521,80.033155,77.089655,66.516115,90.606695,3.932676385248146,True,0.31284515212138414
a100,2,legacy,2965504,77.3120001,80.033155,77.089655,66.516115,90.606695,3.5197057332371218,True,0.311602079481061
a100,2,legacy,2981888,77.26079971,80.033155,77.089655,66.516115,90.606695,3.588307784032918,True,0.3118085767999359
a100,2,legacy,2998272,77.72160321,80.033155,77.089655,66.516115,90.606695,2.9741432169821724,True,0.3099598953833778
a100,2,legacy,3014656,77.56800205,80.033155,77.089655,66.516115,90.606695,3.1780539460214197,True,0.3105736819735452
a100,2,legacy,3031040,77.67040282,81.915174,78.971674,68.139998,92.74685,5.465107719136197,True,0.31681118040582346
a100,2,legacy,3047424,78.13119888,81.915174,78.971674,68.139998,92.74685,4.843103874307286,True,0.3149427162610563
a100,2,legacy,3063808,77.87520438,81.915174,78.971674,68.139998,92.74685,5.187748336796094,True,0.3159780086088552
a100,2,legacy,3080192,78.43840122,81.915174,78.971674,68.139998,92.74685,4.432488074621155,True,0.3137092497714731
a100,2,legacy,3096576,78.18239927,81.915174,78.971674,68.139998,92.74685,4.774443819649221,True,0.31473646536506444
a100,2,legacy,3112960,78.28480005,81.915174,78.971674,68.139998,92.74685,4.637393143600432,True,0.31432477293527944
a100,2,legacy,3129344,78.95039767,81.915174,78.971674,68.139998,92.74685,3.7552392609753404,True,0.31167483288498044
a100,2,legacy,3145728,79.10399884,81.915174,78.971674,68.139998,92.74685,3.5537712394110743,True,0.3110696344159685
a100,2,legacy,3162112,79.3088004,83.797193,80.853693,69.763881,94.887005,5.6593878325765345,True,0.31677599299560205
a100,2,legacy,3178496,79.25760001,83.797193,80.853693,69.763881,94.887005,5.727643770978719,True,0.31698063020871425
a100,2,legacy,3194880,79.46239412,83.797193,80.853693,69.763881,94.887005,5.455157660432186,True,0.31616369325671656
a100,2,legacy,3211264,79.82079685,83.797193,80.853693,69.763881,94.887005,4.981654289260584,True,0.3147440891527507
a100,2,legacy,3227648,80.64000309,83.797193,80.853693,69.763881,94.887005,3.915165909004692,True,0.3115466646493156
a100,2,legacy,3244032,80.43520153,83.797193,80.853693,69.763881,94.887005,4.17975140989244,True,0.31233991488950025
a100,2,legacy,3260416,80.33280075,83.797193,80.853693,69.763881,94.887005,4.312550063804421,True,0.31273805675199245
a100,2,legacy,3276800,80.79360425,83.797193,80.853693,69.763881,94.887005,3.7176070777904524,True,0.31095436616816113
a100,2,legacy,3293184,80.53760231,85.679213,82.735713,71.387765,97.027161,6.3841119458824425,True,0.318353107922316
a100,2,legacy,3309568,80.79360425,85.679213,82.735713,71.387765,97.027161,6.047024136814638,True,0.3173443769220136
a100,2,legacy,3325952,80.99840581,85.679213,82.735713,71.387765,97.027161,5.778888045006592,True,0.3165419830625183
a100,2,legacy,3342336,81.40800148,85.679213,82.735713,71.387765,97.027161,5.246672860590174,True,0.31494933586226154
a100,2,legacy,3358720,81.56160265,85.679213,82.735713,71.387765,97.027161,5.048466700280074,True,0.3143562064372947
a100,2,legacy,3375104,81.66400343,85.679213,82.735713,71.387765,97.027161,4.916743487161668,True,0.31396202638996684
a100,2,legacy,3391488,82.17599988,85.679213,82.735713,71.387765,97.027161,4.263061143296909,True,0.3120058902531238
a100,2,legacy,3407872,82.58559555,85.679213,82.735713,71.387765,97.027161,3.74595282554695,True,0.3104584501600776
a100,2,legacy,3424256,82.0735991,87.561232,84.617732,73.011648,99.167316,6.686234014562675,True,0.31868552478284096
a100,2,legacy,3440640,82.27840066,87.561232,84.617732,73.011648,99.167316,6.4206782067025125,True,0.3178922753747168
a100,2,legacy,3457024,82.43200183,87.561232,84.617732,73.011648,99.167316,6.2223773002359595,True,0.3172999250211221
a100,2,legacy,3473408,83.25120062,87.561232,84.617732,73.011648,99.167316,5.177140206869968,True,0.31417766717128215
a100,2,legacy,3489792,83.09759945,87.561232,84.617732,73.011648,99.167316,5.371554147825619,True,0.3147584066581601
a100,2,legacy,3506176,83.30240101,87.561232,84.617732,73.011648,99.167316,5.112494884137564,True,0.3139845632643909
a100,2,legacy,3522560,83.45599473,87.561232,84.617732,73.011648,99.167316,4.919044202014988,True,0.31340670115573854
a100,2,legacy,3538944,83.71199667,87.561232,84.617732,73.011648,99.167316,4.598188411601289,True,0.3124482635757444
a100,2,legacy,3555328,83.76319706,89.443252,86.499752,74.635532,101.307472,6.781086610067355,True,0.3184207496389465
a100,2,legacy,3571712,84.01919901,89.443252,86.499752,74.635532,101.307472,6.455730421036798,True,0.31745053885630947
a100,2,legacy,3588096,84.01919901,89.443252,86.499752,74.635532,101.307472,6.455730421036798,True,0.31745053885630947
a100,2,legacy,3604480,84.68480408,89.443252,86.499752,74.635532,101.307472,5.61901036637551,True,0.3149554431843942
a100,2,legacy,3620864,84.78720486,89.443252,86.499752,74.635532,101.307472,5.491450210781257,True,0.31457505933873525
a100,2,legacy,3637248,85.04319936,89.443252,86.499752,74.635532,101.307472,5.173902996492341,True,0.3136281348858228
a100,2,legacy,3653632,85.40160209,89.443252,86.499752,74.635532,101.307472,4.7325223544878225,True,0.3123119396740582
a100,2,legacy,3670016,85.50400287,89.443252,86.499752,74.635532,101.307472,4.607093232803661,True,0.31193791056252573
a100,2,legacy,3686400,85.40160209,91.325271,88.381771,76.259415,103.447627,6.936250333755289,True,0.3183571658450605
a100,2,legacy,3702784,85.70880443,91.325271,88.381771,76.259415,103.447627,6.55296338264415,True,0.31721609210177615
a100,2,legacy,3719168,85.96479893,91.325271,88.381771,76.259415,103.447627,6.235659405618987,True,0.3162714545768786
a100,2,legacy,3735552,86.32320166,91.325271,88.381771,76.259415,103.447627,5.794582735359599,True,0.31495833654416383
a100,2,legacy,3751936,86.73279732,91.325271,88.381771,76.259415,103.447627,5.294967788316685,True,0.313470945710298
a100,2,legacy,3768320,86.88639849,91.325271,88.381771,76.259415,103.447627,5.108823230267601,True,0.3129167795248087
a100,2,legacy,3784704,86.88639849,91.325271,88.381771,76.259415,103.447627,5.108823230267601,True,0.3129167795248087
a100,2,legacy,3801088,87.6031965,91.325271,88.381771,76.259415,103.447627,4.248788456023966,True,0.3103563920752595
a100,2,legacy,3817472,86.8351981,93.207291,90.263791,77.883299,105.587783,7.338145175487321,True,0.31904670693668863
a100,2,legacy,3833856,87.14240044,93.207291,90.263791,77.883299,105.587783,6.959746953695456,True,0.31792197437888253
a100,2,legacy,3850240,87.55199611,93.207291,90.263791,77.883299,105.587783,6.4593557443221705,True,0.3164346357699508
a100,2,legacy,3866624,87.70559728,93.207291,90.263791,77.883299,105.587783,6.272910613031746,True,0.3158804552867187
a100,2,legacy,3883008,88.01279962,93.207291,90.263791,77.883299,105.587783,5.901972670370115,True,0.3147778973014789
a100,2,legacy,3899392,88.57600391,93.207291,90.263791,77.883299,105.587783,5.228602426799189,True,0.3127764041844773
a100,2,legacy,3915776,88.52480352,93.207291,90.263791,77.883299,105.587783,5.289463849464626,True,0.31295730573116554
a100,2,legacy,3932160,88.78080547,93.207291,90.263791,77.883299,105.587783,4.985858718634573,True,0.312054884536519
a100,2,legacy,3948544,88.42240274,95.08931,92.14581,79.507182,107.727938,7.53983951284789,True,0.31915843864796567
a100,2,legacy,3964928,88.93439919,95.08931,92.14581,79.507182,107.727938,6.920731309884509,True,0.3173210395193541
a100,2,legacy,3981312,89.08800036,95.08931,92.14581,79.507182,107.727938,6.736383817965397,True,0.3167739301136111
a100,2,legacy,3997696,89.49760348,95.08931,92.14581,79.507182,107.727938,6.247884080214039,True,0.3153241528562995
a100,2,legacy,4014080,89.75359797,95.08931,92.14581,79.507182,107.727938,5.944844720078479,True,0.31442478784452454
a100,2,legacy,4030464,90.00959992,95.08931,92.14581,79.507182,107.727938,5.643520340624564,True,0.3135305125795742
a100,2,legacy,4046848,90.47039598,95.08931,92.14581,79.507182,107.727938,5.105442470950483,True,0.3119335965572503
a100,2,legacy,4063232,90.62399715,95.08931,92.14581,79.507182,107.727938,4.9272962906381945,True,0.31140489150229456
a100,2,legacy,4079616,90.57279676,96.971329,94.027829,81.131066,109.868092,7.0645187836639645,True,0.31728098312065417
a100,2,legacy,4096000,90.62399715,96.971329,94.027829,81.131066,109.868092,7.004029892318653,True,0.31710172695687594
a100,2,legacy,4112384,91.13600105,96.971329,94.027829,81.131066,109.868092,6.402879084850954,True,0.31532024303144474
a100,2,legacy,4128768,91.34079516,96.971329,94.027829,81.131066,109.868092,6.16431445570087,True,0.3146132672664156
a100,2,legacy,4145152,91.69919789,96.971329,94.027829,81.131066,109.868092,5.7493753831132866,True,0.3133836136110176
a100,2,legacy,4161536,92.05760062,96.971329,94.027829,81.131066,109.868092,5.33766722889415,True,0.31216353463981905
a100,2,legacy,4177920,92.46720374,96.971329,94.027829,81.131066,109.868092,4.871051657044512,True,0.31078073995622263
a100,2,legacy,4194304,92.51840413,96.971329,94.027829,81.131066,109.868092,4.8130152177539465,True,0.31060875152603
a100,2,timing,262144,19.10839,19.311066,19.311066,17.979819,21.140125,1.0606649749141717,True,0.1653883974526373
a100,2,timing,278528,19.92513,20.579338,20.579338,19.16066,22.526941,3.2833311501606177,True,0.16894650122734456
a100,2,timing,294912,20.13127,20.579338,20.579338,19.16066,22.558054,2.22573141187814,True,0.16876203041338178
a100,2,timing,311296,20.56556,20.842539,20.842539,19.405716,22.870514,1.3468099093824737,True,0.16847574294111126
a100,2,timing,327680,20.67146,20.842539,20.842539,19.405716,22.901627,0.8276096608560879,True,0.16911775946159585
a100,2,timing,344064,21.98364,22.110812,22.110812,20.586558,24.288444,0.5784847277338967,True,0.16839276844053122
a100,2,timing,360448,22.14701,22.110812,22.110812,20.586558,24.319557,-0.16344418501639257,True,0.16855543931212386
a100,2,timing,376832,21.12433,22.374012,22.374012,20.831614,24.632014,5.915842064576715,True,0.1799062976198535
a100,2,timing,393216,21.21175,22.374012,22.374012,20.831614,24.663128,5.479331031150192,True,0.1806316781972256
a100,2,timing,409600,22.37805,23.642285,23.642285,22.012456,26.049945,5.64944219894048,True,0.1804218419388642
a100,2,timing,425984,22.48856,23.642285,23.642285,22.012456,26.081058,5.130275126553241,True,0.1809187426851697
a100,2,timing,442368,23.06824,23.905485,23.905485,22.257512,26.393515,3.6294272991784338,True,0.17929425911989819
a100,2,timing,458752,23.09092,23.905485,23.905485,22.257512,26.424629,3.5276420341848747,True,0.18046561159104965
a100,2,timing,475136,24.36664,25.173758,25.173758,23.438354,27.811446,3.3123893979637664,True,0.17947045632881678
a100,2,timing,491520,24.41332,25.173758,25.173758,23.438354,27.842559,3.1148487792729496,True,0.18040172332153104
a100,2,timing,507904,24.98538,25.436958,25.436958,23.68341,28.155016,1.8073689493615763,True,0.1789689010133126
a100,2,timing,524288,25.09775,25.436958,25.436958,23.68341,28.186129,1.3515474494725677,True,0.17940727754479982
a100,2,timing,540672,27.54692,29.035991,29.035991,27.034336,32.064383,5.405580732800619,True,0.18259925247541287
a100,2,timing,557056,28.14147,29.035991,29.035991,27.034336,32.095496,3.1786576891683405,True,0.17984703713061187
a100,2,timing,573440,27.93076,29.299191,29.299191,27.279392,32.407953,4.899369011083121,True,0.1836169513468305
a100,2,timing,589824,27.99399,29.299191,29.299191,27.279392,32.439066,4.662432900776192,True,0.18431363303337608
a100,2,timing,606208,43.97911,43.213305,43.213305,37.286211,52.083899,-1.7412926273405738,True,0.336470838086537
a100,2,timing,622592,44.02951,43.213305,43.213305,37.286211,52.083899,-1.8537680750932761,True,0.33608568435124536
a100,2,timing,638976,44.24472,43.213305,43.213305,37.286211,52.083899,-2.331159514626835,True,0.33445093561446426
a100,2,timing,655360,44.68287,43.213305,43.213305,37.286211,52.083899,-3.288877818278013,True,0.3311713862605513
a100,2,timing,671744,44.51524,45.095324,45.095324,38.910094,54.224054,1.303113270870826,True,0.3440161167276645
a100,2,timing,688128,44.57186,45.095324,45.095324,38.910094,54.224054,1.1744270936864698,True,0.3435791102278433
a100,2,timing,704512,44.84848,45.095324,45.095324,38.910094,54.224054,0.550395464907627,True,0.34145995583350874
a100,2,timing,720896,44.7517,45.095324,45.095324,38.910094,54.224054,0.767845690778235,True,0.34219839693240706
a100,2,timing,737280,44.79139,45.095324,45.095324,38.910094,54.224054,0.6785545168390694,True,0.3418951722641338
a100,2,timing,753664,44.91692,45.095324,45.095324,38.910094,54.224054,0.3971866281125225,True,0.3409396726222546
a100,2,timing,770048,45.35115,45.095324,45.095324,38.910094,54.224054,-0.5641003590868165,True,0.33767522984532916
a100,2,timing,786432,45.50937,45.095324,45.095324,38.910094,54.224054,-0.9098038491853422,True,0.33650125237945505
a100,2,timing,802816,45.50425,46.977344,46.977344,40.533978,56.36421,3.237266848700937,True,0.3478846920892005
a100,2,timing,819200,45.61758,46.977344,46.977344,40.533978,56.36421,2.9807894237265486,True,0.347020425020354
a100,2,timing,835584,45.76295,46.977344,46.977344,40.533978,56.36421,2.6536619689071728,True,0.34591808438922755
a100,2,timing,851968,45.86414,46.977344,46.977344,40.533978,56.36421,2.427177311075712,True,0.34515488571245423
a100,2,timing,868352,45.88148,46.977344,46.977344,40.533978,56.36421,2.3884669805769088,True,0.3450244412342409
a100,2,timing,884736,46.12135,46.977344,46.977344,40.533978,56.36421,1.85596041746392,True,0.3432300225383689
a100,2,timing,901120,46.07554,46.977344,46.977344,40.533978,56.36421,1.9572293672521335,True,0.3435712744766529
a100,2,timing,917504,46.24948,46.977344,46.977344,40.533978,56.36421,1.5737776943654191,True,0.3422791348140563
a100,2,timing,933888,46.8731,48.859363,48.859363,42.157861,58.504365,4.2375328279973035,True,0.3487395542432653
a100,2,timing,950272,47.10764,48.859363,48.859363,42.157861,58.504365,3.7185539330775175,True,0.3470032461825725
a100,2,timing,966656,47.20864,48.859363,48.859363,42.157861,58.504365,3.496654425969492,True,0.3462608539453795
a100,2,timing,983040,47.22987,48.859363,48.859363,42.157861,58.504365,3.4501322997501305,True,0.34610520842001047
a100,2,timing,999424,47.34469,48.859363,48.859363,42.157861,58.504365,3.1992457865918977,True,0.34526583657005677
a100,2,timing,1015808,47.42337,48.859363,48.859363,42.157861,58.504365,3.028028164173069,True,0.3446930068445157
a100,2,timing,1032192,47.63505,48.859363,48.859363,42.157861,58.504365,2.5701935864452796,True,0.343161264657012
a100,2,timing,1048576,47.86128,48.859363,48.859363,42.157861,58.504365,2.085366291916979,True,0.34153921499801093
a100,2,timing,1064960,48.96793,50.741382,50.741382,43.781744,60.64452,3.621660135521343,True,0.3443636682212215
a100,2,timing,1081344,49.15559,50.741382,50.741382,43.781744,60.64452,3.2260664555140206,True,0.34304900012389233
a100,2,timing,1097728,49.15669,50.741382,50.741382,43.781744,60.64452,3.223756522255661,True,0.3430413235716237
a100,2,timing,1114112,49.28513,50.741382,50.741382,43.781744,60.64452,2.9547492316648105,True,0.34214733734089775
a100,2,timing,1130496,49.41178,50.741382,50.741382,43.781744,60.64452,2.690860357590852,True,0.34127036103536446
a100,2,timing,1146880,49.49115,50.741382,50.741382,43.781744,60.64452,2.526172861208509,True,0.3407230585670367
a100,2,timing,1163264,49.77781,50.741382,50.741382,43.781744,60.64452,1.935746068378652,True,0.3387609057128066
a100,2,timing,1179648,49.97166,50.741382,50.741382,43.781744,60.64452,1.540317051704898,True,0.33744678483764595
a100,2,timing,1196032,50.95064,52.623402,52.623402,45.405628,62.784676,3.2831030189218513,True,0.34109577426309073
a100,2,timing,1212416,51.20865,52.623402,52.623402,45.405628,62.784676,2.762720751279324,True,0.3393771950637246
a100,2,timing,1228800,51.16516,52.623402,52.623402,45.405628,62.784676,2.8500682886557938,True,0.33966566311920066
a100,2,timing,1245184,51.27899,52.623402,52.623402,45.405628,62.784676,2.621759905957588,True,0.33891166733198136
a100,2,timing,1261568,51.37014,52.623402,52.623402,45.405628,62.784676,2.43967020529825,True,0.3383103102308072
a100,2,timing,1277952,51.56864,52.623402,52.623402,45.405628,62.784676,2.04535547185265,True,0.3370080731235107
a100,2,timing,1294336,51.8039,52.623402,52.623402,45.405628,62.784676,1.581931090130273,True,0.33547759917689596
a100,2,timing,1310720,51.92926,52.623402,52.623402,45.405628,62.784676,1.336706897036466,True,0.33466773838102065
a100,2,timing,1327104,52.9451,54.505421,54.505421,47.029511,64.924831,2.94705459050979,True,0.33799766172884743
a100,2,timing,1343488,52.90051,54.505421,54.505421,47.029511,64.924831,3.0338289744276548,True,0.3382825609809811
a100,2,timing,1359872,53.02345,54.505421,54.505421,47.029511,64.924831,2.7949350711807597,True,0.33749822012713243
a100,2,timing,1376256,53.17245,54.505421,54.505421,47.029511,64.924831,2.506882793627141,True,0.3365524815952622
a100,2,timing,1392640,53.27293,54.505421,54.505421,47.029511,64.924831,2.313540854614149,True,0.33591769778760056
a100,2,timing,1409024,53.58374,54.505421,54.505421,47.029511,64.924831,1.7200759036229973,True,0.3339692227530217
a100,2,timing,1425408,53.7217,54.505421,54.505421,47.029511,64.924831,1.4588536848238132,True,0.3331115731631724
a100,2,timing,1441792,53.93888,54.505421,54.505421,47.029511,64.924831,1.0503388279474946,True,0.33177032967684905
a100,2,timing,1458176,54.71529,56.387441,56.387441,48.653395,67.064987,3.0560945578466336,True,0.3364981159745292
a100,2,timing,1474560,54.81698,56.387441,56.387441,48.653395,67.064987,2.8649170384796863,True,0.3358738843329202
a100,2,timing,1490944,54.90246,56.387441,56.387441,48.653395,67.064987,2.7047622274120275,True,0.3353509478445957
a100,2,timing,1507328,54.99633,56.387441,56.387441,48.653395,67.064987,2.529461511340858,True,0.3347785570418972
a100,2,timing,1523712,55.24532,56.387441,56.387441,48.653395,67.064987,2.067362448077059,True,0.3332697140680876
a100,2,timing,1540096,55.52982,56.387441,56.387441,48.653395,67.064987,1.5444332432556163,True,0.3315622488961787
a100,2,timing,1556480,55.65356,56.387441,56.387441,48.653395,67.064987,1.318659579009851,True,0.3308250541384954
a100,2,timing,1572864,55.79019,56.387441,56.387441,48.653395,67.064987,1.0705305000753729,True,0.33001486462046464
a100,2,timing,1589248,56.58445,58.26946,58.26946,50.277279,69.205141,2.9778675943655797,True,0.3345064235845714
a100,2,timing,1605632,56.53191,58.26946,58.26946,50.277279,69.205141,3.073573845284905,True,0.3348173093744754
a100,2,timing,1622016,56.69276,58.26946,58.26946,50.277279,69.205141,2.7811311356159107,True,0.33386735801890755
a100,2,timing,1638400,56.83661,58.26946,58.26946,50.277279,69.205141,2.5209983494793198,True,0.33302236005982766
a100,2,timing,1654784,57.05583,58.26946,58.26946,50.277279,69.205141,2.1270920079508038,True,0.33174282102284725
a100,2,timing,1671168,57.39933,58.26946,58.26946,50.277279,69.205141,1.5159236179237645,True,0.329757542466088
a100,2,timing,1687552,57.60062,58.26946,58.26946,50.277279,69.205141,1.1611680568716087,True,0.3286051782081512
a100,2,timing,1703936,57.77327,58.26946,58.26946,50.277279,69.205141,0.8588573920084386,True,0.32762317244635797
a100,2,timing,1720320,58.43408,60.15148,60.15148,51.901163,71.345297,2.9390383146273624,True,0.3327533179267989
a100,2,timing,1736704,58.56022,60.15148,60.15148,51.901163,71.345297,2.7173053653145374,True,0.33203655997194
a100,2,timing,1753088,58.59119,60.15148,60.15148,51.901163,71.345297,2.663011282071581,True,0.3318610528306389
a100,2,timing,1769472,58.81799,60.15148,60.15148,51.901163,71.345297,2.267146497185646,True,0.3305814088512715
a100,2,timing,1785856,58.61327,60.15148,60.15148,51.901163,71.345297,2.6243374580534384,True,0.3317360386137815
a100,2,timing,1802240,58.65505,60.15148,60.15148,51.901163,71.345297,2.551238128686273,True,0.33149974298888163
a100,2,timing,1818624,59.20855,60.15148,60.15148,51.901163,71.345297,1.5925571560188478,True,0.32840077995492206
a100,2,timing,1835008,59.76492,60.15148,60.15148,51.901163,71.345297,0.6468008323277319,True,0.32534359620995057
a100,2,timing,1851392,60.23005,62.033499,62.033499,53.525046,73.485452,2.994267811499407,True,0.3314027798416239
a100,2,timing,1867776,60.36546,62.033499,62.033499,53.525046,73.485452,2.763234140848092,True,0.33065938700707326
a100,2,timing,1884160,60.55973,62.033499,62.033499,53.525046,73.485452,2.433579211796344,True,0.3295986623454233
a100,2,timing,1900544,60.79178,62.033499,62.033499,53.525046,73.485452,2.042577137895951,True,0.3283405420930264
a100,2,timing,1916928,60.87585,62.033499,62.033499,53.525046,73.485452,1.901655582632511,True,0.32788710137106913
a100,2,timing,1933312,61.26759,62.033499,62.033499,53.525046,73.485452,1.2501046638198066,True,0.325790617845422
a100,2,timing,1949696,61.33883,62.033499,62.033499,53.525046,73.485452,1.1325110048561404,True,0.32541223887054904
a100,2,timing,1966080,61.6097,62.033499,62.033499,53.525046,73.485452,0.6878770713053317,True,0.32398154836007964
a100,2,timing,1982464,62.20402,63.915518,63.915518,55.148929,75.625607,2.7514266762823425,True,0.32918576645046416
a100,2,timing,1998848,62.47868,63.915518,63.915518,55.148929,75.625607,2.2997252822883008,True,0.3277386462069941
a100,2,timing,2015232,62.67776,63.915518,63.915518,55.148929,75.625607,1.97479616374292,True,0.32669766756182733
a100,2,timing,2031616,62.79135,63.915518,63.915518,55.148929,75.625607,1.7903230301625994,True,0.3261066691510853
a100,2,timing,2048000,62.94975,63.915518,63.915518,55.148929,75.625607,1.534188777556711,True,0.3252860893013872
a100,2,timing,2064384,63.24893,63.915518,63.915518,55.148929,75.625607,1.0539119001697017,True,0.3237474214978815
a100,2,timing,2080768,63.47546,63.915518,63.915518,55.148929,75.625607,0.6932726442628434,True,0.3225920379308791
a100,2,timing,2097152,63.71332,63.915518,63.915518,55.148929,75.625607,0.31735593122443895,True,0.321387709822687
a100,2,timing,2113536,68.11355,65.797538,65.797538,56.772813,77.765763,-3.4002221290771018,True,0.3082051955888366
a100,2,timing,2129920,68.05513,65.797538,65.797538,56.772813,77.765763,-3.317298784088718,True,0.30846976561502415
a100,2,timing,2146304,68.06516,65.797538,65.797538,56.772813,77.765763,-3.331545830495364,True,0.3084243098818838
a100,2,timing,2162688,68.10474,65.797538,65.797538,56.772813,77.765763,-3.3877260231813477,True,0.3082450648809466
a100,2,timing,2179072,68.37296,65.797538,65.797538,56.772813,77.765763,-3.7667259103598805,True,0.3070358515998137
a100,2,timing,2195456,68.66379,65.797538,65.797538,56.772813,77.765763,-4.174328274043715,True,0.3057353810501867
a100,2,timing,2211840,68.68423,65.797538,65.797538,56.772813,77.765763,-4.20284539842698,True,0.30564439610082256
a100,2,timing,2228224,69.18175,65.797538,65.797538,56.772813,77.765763,-4.891769867053086,True,0.3034463568788011
a100,2,timing,2244608,69.85891,67.679557,67.679557,58.396696,79.905918,-3.119649304576899,True,0.30789518473735134
a100,2,timing,2260992,69.80932,67.679557,67.679557,58.396696,79.905918,-3.050829029705493,True,0.3081139022697829
a100,2,timing,2277376,69.87716,67.679557,67.679557,58.396696,79.905918,-3.1449517982699904,True,0.3078147709494776
a100,2,timing,2293760,69.92319,67.679557,67.679557,58.396696,79.905918,-3.2087108726017832,True,0.3076121384050127
a100,2,timing,2310144,70.26116,67.679557,67.679557,58.396696,79.905918,-3.674296012192224,True,0.30613246351184636
a100,2,timing,2326528,70.35735,67.679557,67.679557,58.396696,79.905918,-3.805988997595844,True,0.30571393038538264
a100,2,timing,2342912,70.939,67.679557,67.679557,58.396696,79.905918,-4.594712358505193,True,0.30320729077094405
a100,2,timing,2359296,71.23764,67.679557,67.679557,58.396696,79.905918,-4.994667145065446,True,0.3019361955280944
a100,2,timing,2375680,71.10288,69.561577,69.561577,60.02058,82.046074,-2.167708255980627,True,0.3097693651790195
a100,2,timing,2392064,70.94692,69.561577,69.561577,60.02058,82.046074,-1.9526471339418205,True,0.3104503197601813
a100,2,timing,2408448,71.01867,69.561577,69.561577,60.02058,82.046074,-2.051704150471978,True,0.3101366725116086
a100,2,timing,2424832,71.3138,69.561577,69.561577,60.02058,82.046074,-2.4570602043363254,True,0.30885318129169953
a100,2,timing,2441216,71.57456,69.561577,69.561577,60.02058,82.046074,-2.8124280470603003,True,0.30772796926729273
a100,2,timing,2457600,72.09341,69.561577,69.561577,60.02058,82.046074,-3.5118785475676595,True,0.3055132778432869
a100,2,timing,2473984,72.3893,69.561577,69.561577,60.02058,82.046074,-3.906272059544713,True,0.30426449765365876
a100,2,timing,2490368,72.52907,69.561577,69.561577,60.02058,82.046074,-4.091453261430211,True,0.30367815277377747
a100,2,timing,2506752,72.22762,71.443596,71.443596,61.644463,84.186229,-1.0854905644128943,True,0.31209343461684047
a100,2,timing,2523136,72.07539,71.443596,71.443596,61.644463,84.186229,-0.8765738208284413,True,0.3127526052928746
a100,2,timing,2539520,72.16045,71.443596,71.443596,61.644463,84.186229,-0.9934167539143668,True,0.3123839443905907
a100,2,timing,2555904,72.71101,71.443596,71.443596,61.644463,84.186229,-1.7430840253766289,True,0.31001860653565394
a100,2,timing,2572288,73.24572,71.443596,71.443596,61.644463,84.186229,-2.4603813028256094,True,0.3077554019538616
a100,2,timing,2588672,73.33245,71.443596,71.443596,61.644463,84.186229,-2.5757410259714453,True,0.3073914208512057
a100,2,timing,2605056,73.3761,71.443596,71.443596,61.644463,84.186229,-2.633696803182506,True,0.3072085597353907
a100,2,timing,2621440,73.5855,71.443596,71.443596,61.644463,84.186229,-2.9107691053264606,True,0.30633434576105345
a100,2,timing,2637824,73.38061,73.325616,73.325616,63.268347,86.326385,-0.07494350346773926,True,0.3142252156257627
a100,2,timing,2654208,73.42851,73.325616,73.325616,63.268347,86.326385,-0.14012813279201675,True,0.31402023546439933
a100,2,timing,2670592,73.24285,73.325616,73.325616,63.268347,86.326385,0.11300215652449985,True,0.31481623120891666
a100,2,timing,2686976,73.83616,73.325616,73.325616,63.268347,86.326385,-0.69145524360964,True,0.31228652736003604
a100,2,timing,2703360,74.21632,73.325616,73.325616,63.268347,86.326385,-1.2001457361399792,True,0.3106868947422885
a100,2,timing,2719744,74.63011,73.325616,73.325616,63.268347,86.326385,-1.7479459697969046,True,0.3089642772870092
a100,2,timing,2736128,74.83813,73.325616,73.325616,63.268347,86.326385,-2.021047292336142,True,0.3081054804549499
a100,2,timing,2752512,75.07347,73.325616,73.325616,63.268347,86.326385,-2.328191303798799,True,0.3071396326824909
a100,2,timing,2768896,74.43813,75.207635,75.207635,64.89223,88.46654,1.0337511165312785,True,0.31669669831845587
a100,2,timing,2785280,74.60828,75.207635,75.207635,64.89223,88.46654,0.8033357691666465,True,0.31597444680402764
a100,2,timing,2801664,75.25953,75.207635,75.207635,64.89223,88.46654,-0.06895472241189582,True,0.31324019695578753
a100,2,timing,2818048,75.45759,75.207635,75.207635,64.89223,88.46654,-0.3312522968199727,True,0.3124180085793888
a100,2,timing,2834432,75.58616,75.207635,75.207635,64.89223,88.46654,-0.5007861227505184,True,0.31188659405372626
a100,2,timing,2850816,75.70762,75.207635,75.207635,64.89223,88.46654,-0.660415688671756,True,0.3113862250589835
a100,2,timing,2867200,75.88236,75.207635,75.207635,64.89223,88.46654,-0.8891723979064459,True,0.3106691726509297
a100,2,timing,2883584,76.16177,75.207635,75.207635,64.89223,88.46654,-1.2527741936669834,True,0.3095294397701104
a100,2,timing,2899968,75.96862,77.089655,77.089655,66.516115,90.606695,1.4756553429560837,True,0.3171122497683912
a100,2,timing,2916352,76.47677,77.089655,77.089655,66.516115,90.606695,0.8014002160394496,True,0.3150051970029592
a100,2,timing,2932736,76.89217,77.089655,77.089655,66.516115,90.606695,0.2568336932095905,True,0.3133034221819985
a100,2,timing,2949120,76.96634,77.089655,77.089655,66.516115,90.606695,0.16021938941099823,True,0.31300150169541646
a100,2,timing,2965504,77.0517,77.089655,77.089655,66.516115,90.606695,0.04925913380235958,True,0.31265474999253745
a100,2,timing,2981888,77.22762,77.089655,77.089655,66.516115,90.606695,-0.17864722491771623,True,0.3119425407645607
a100,2,timing,2998272,77.45896,77.089655,77.089655,66.516115,90.606695,-0.476775056107126,True,0.311010888862954
a100,2,timing,3014656,77.67048,77.089655,77.089655,66.516115,90.606695,-0.7478066312967324,True,0.31016391298212653
a100,2,timing,3031040,77.41819,78.971674,78.971674,68.139998,92.74685,2.006613691175163,True,0.31784328721712557
a100,2,timing,3047424,77.7934,78.971674,78.971674,68.139998,92.74685,1.5146194921419998,True,0.3163102782498258
a100,2,timing,3063808,78.01276,78.971674,78.971674,68.139998,92.74685,1.2291758425160282,True,0.3154208619205371
a100,2,timing,3080192,78.09769,78.971674,78.971674,68.139998,92.74685,1.1190907183042054,True,0.31507784673272665
a100,2,timing,3096576,78.24461,78.971674,78.971674,68.139998,92.74685,0.929219277851856,True,0.3144862246741341
a100,2,timing,3112960,78.43345,78.971674,78.971674,68.139998,92.74685,0.6862174238159824,True,0.31372905310170596
a100,2,timing,3129344,78.59618,78.971674,78.971674,68.139998,92.74685,0.4777509543084646,True,0.313079490631733
a100,2,timing,3145728,78.80828,78.971674,78.971674,68.139998,92.74685,0.20733100633587576,True,0.31223688678397754
a100,2,timing,3162112,79.21666,80.853693,80.853693,69.763881,94.887005,2.066526157502735,True,0.31714444916006307
a100,2,timing,3178496,79.31926,80.853693,80.853693,69.763881,94.887005,1.9345024146720569,True,0.31673422066721246
a100,2,timing,3194880,79.42396,80.853693,80.853693,69.763881,94.887005,1.8001280721837487,True,0.31631668831420645
a100,2,timing,3211264,79.59639,80.853693,80.853693,69.763881,94.887005,1.5795980194579284,True,0.3156314501197856
a100,2,timing,3227648,79.72585,80.853693,80.853693,69.763881,94.887005,1.4146515841474194,True,0.3151189231598033
a100,2,timing,3244032,79.82223,80.853693,80.853693,69.763881,94.887005,1.2922001803256977,True,0.31473843815187824
a100,2,timing,3260416,80.17821,80.853693,80.853693,69.763881,94.887005,0.8424770271124871,True,0.31334104365762216
a100,2,timing,3276800,80.28593,80.853693,80.853693,69.763881,94.887005,0.7071762138147974,True,0.31292063254420793
a100,2,timing,3293184,80.55716,82.735713,82.735713,71.387765,97.027161,2.7043567573633354,True,0.3182758180650857
a100,2,timing,3309568,80.6906,82.735713,82.735713,71.387765,97.027161,2.534512074516737,True,0.3177494776343217
a100,2,timing,3325952,80.99239,82.735713,82.735713,71.387765,97.027161,2.1524528415570954,True,0.3165654946100492
a100,2,timing,3342336,80.97895,82.735713,82.735713,71.387765,97.027161,2.1694069878653632,True,0.31661803468679206
a100,2,timing,3358720,81.05782,82.735713,82.735713,71.387765,97.027161,2.069995220695553,True,0.3163099624440924
a100,2,timing,3375104,81.36851,82.735713,82.735713,71.387765,97.027161,1.6802605823800887,True,0.315102193711056
a100,2,timing,3391488,81.7774,82.735713,82.735713,71.387765,97.027161,1.171855549332701,True,0.3135266711829919
a100,2,timing,3407872,81.92468,82.735713,82.735713,71.387765,97.027161,0.989973961448487,True,0.3129630289675834
a100,2,timing,3424256,82.42214,84.617732,84.617732,73.011648,99.167316,2.6638376533295594,True,0.3173378900377981
a100,2,timing,3440640,82.54428,84.617732,84.617732,73.011648,99.167316,2.511926931823738,True,0.31686832812643106
a100,2,timing,3457024,82.72623,84.617732,84.617732,73.011648,99.167316,2.2864598084549437,True,0.31617140053402654
a100,2,timing,3473408,82.88774,84.617732,84.617732,73.011648,99.167316,2.087150644956659,True,0.31555532820655985
a100,2,timing,3489792,82.87182,84.617732,84.617732,73.011648,99.167316,2.106761984954586,True,0.3156159476164515
a100,2,timing,3506176,83.03172,84.617732,84.617732,73.011648,99.167316,1.9101278403000688,True,0.31500814387561765
a100,2,timing,3522560,83.51656,84.617732,84.617732,73.011648,99.167316,1.3185073714721884,True,0.31317942214095024
a100,2,timing,3538944,83.96592,84.617732,84.617732,73.011648,99.167316,0.7762816152076857,True,0.3115033813718709
a100,2,timing,3555328,84.08024,86.499752,86.499752,74.635532,101.307472,2.87762261382698,True,0.31722007453832196
a100,2,timing,3571712,84.06251,86.499752,86.499752,74.635532,101.307472,2.8993209933893205,True,0.3172869808431844
a100,2,timing,3588096,84.1137,86.499752,86.499752,74.635532,101.307472,2.8366984213035407,True,0.3170938860138123
a100,2,timing,3604480,84.43031,86.499752,86.499752,74.635532,101.307472,2.451065263173846,True,0.31590479769646707
a100,2,timing,3620864,84.58571,86.499752,86.499752,74.635532,101.307472,2.2628432154793154,True,0.3153244206379541
a100,2,timing,3637248,84.69362,86.499752,86.499752,74.635532,101.307472,2.1325478825913846,True,0.31492265887324217
a100,2,timing,3653632,85.07015,86.499752,86.499752,74.635532,101.307472,1.6804978009325344,True,0.3135287759572541
a100,2,timing,3670016,85.26282,86.499752,86.499752,74.635532,101.307472,1.4507284652325536,True,0.31282028907793574
a100,2,timing,3686400,85.36923,88.381771,88.381771,76.259415,103.447627,3.5288370294542792,True,0.31847788717316533
a100,2,timing,3702784,85.57232,88.381771,88.381771,76.259415,103.447627,3.2831305730638194,True,0.3177220390892756
a100,2,timing,3719168,85.83834,88.381771,88.381771,76.259415,103.447627,2.9630477476614736,True,0.31673739263830125
a100,2,timing,3735552,86.1291,88.381771,88.381771,76.259415,103.447627,2.615458654508185,True,0.31566813074791217
a100,2,timing,3751936,86.40642,88.381771,88.381771,76.259415,103.447627,2.286116008509542,True,0.31465499901511945
a100,2,timing,3768320,86.62015,88.381771,88.381771,76.259415,103.447627,2.033731181486065,True,0.31387860676759394
a100,2,timing,3784704,86.8092,88.381771,88.381771,76.259415,103.447627,1.8115257369034632,True,0.3131950530588924
a100,2,timing,3801088,86.99746,88.381771,88.381771,76.259415,103.447627,1.5912085249385477,True,0.31251730797657773
a100,2,timing,3817472,86.95566,90.263791,90.263791,77.883299,105.587783,3.8043883514885524,True,0.31860472337280865
a100,2,timing,3833856,87.20376,90.263791,90.263791,77.883299,105.587783,3.509058554355904,True,0.3176982735606813
a100,2,timing,3850240,87.54462,90.263791,90.263791,77.883299,105.587783,3.1060400970385205,True,0.31646129710769205
a100,2,timing,3866624,87.71524,90.263791,90.263791,77.883299,105.587783,2.9054825592451206,True,0.3158457298868475
a100,2,timing,3883008,88.02846,90.263791,90.263791,77.883299,105.587783,2.5393276219986216,True,0.3147218978952943
a100,2,timing,3899392,88.2064,90.263791,90.263791,77.883299,105.587783,2.3324736073572883,True,0.3140870050245787
a100,2,timing,3915776,88.55335,90.263791,90.263791,77.883299,105.587783,1.931537316205434,True,0.3128564193223633
a100,2,timing,3932160,88.75847,90.263791,90.263791,77.883299,105.587783,1.6959744799566634,True,0.312133411042349
a100,2,timing,3948544,88.58171,92.14581,92.14581,79.507182,107.727938,4.02351681853963,True,0.3185844572203449
a100,2,timing,3964928,88.81246,92.14581,92.14581,79.507182,107.727938,3.753245884642764,True,0.3177567201719218
a100,2,timing,3981312,89.22307,92.14581,92.14581,79.507182,107.727938,3.2757671306311353,True,0.31629438440080576
a100,2,timing,3997696,89.3515,92.14581,92.14581,79.507182,107.727938,3.127322988422132,True,0.3158397564674348
a100,2,timing,4014080,89.79026,92.14581,92.14581,79.507182,107.727938,2.62339144579824,True,0.3142964058685207
a100,2,timing,4030464,89.96169,92.14581,92.14581,79.507182,107.727938,2.427833447770933,True,0.3136974861188135
a100,2,timing,4046848,90.25156,92.14581,92.14581,79.507182,107.727938,2.098855687369827,True,0.3126899523952827
a100,2,timing,4063232,90.47957,92.14581,92.14581,79.507182,107.727938,1.8415648969154041,True,0.31190196858804703
a100,2,timing,4079616,90.25934,94.027829,94.027829,81.131066,109.868092,4.175178989786543,True,0.3183828510157508
a100,2,timing,4096000,90.55775,94.027829,94.027829,81.131066,109.868092,3.831896220919795,True,0.3173337014225729
a100,2,timing,4112384,91.03607,94.027829,94.027829,81.131066,109.868092,3.2863446324078005,True,0.31566637268063086
a100,2,timing,4128768,91.33886,94.027829,94.027829,81.131066,109.868092,2.9439485012184408,True,0.3146199328522384
a100,2,timing,4145152,91.54883,94.027829,94.027829,81.131066,109.868092,2.7078434535973805,True,0.31389834255664434
a100,2,timing,4161536,91.78901,94.027829,94.027829,81.131066,109.868092,2.4390926539026747,True,0.3130769794771727
a100,2,timing,4177920,92.07575,94.027829,94.027829,81.131066,109.868092,2.1200793911534843,True,0.3121020029703804
a100,2,timing,4194304,92.26175,94.027829,94.027829,81.131066,109.868092,1.9142049657631777,True,0.311472804276962
a100,2,legacy,270336,20.47999948,21.092707,20.579338,19.16066,22.511385,2.991736013462054,True,0.16360962329477557
a100,2,legacy,335872,22.83519879,22.748633,22.110812,20.586558,24.272887,-0.37908927702398065,True,0.1614318768976217
a100,2,legacy,401408,24.6271994,24.404559,23.642285,22.012456,26.034388,-0.9040427065369006,True,0.16331260143205728
a100,2,legacy,466944,26.47039853,26.060485,25.173758,23.438354,27.795889,-1.5485733225188425,True,0.16461916865593937
a100,2,legacy,532480,29.84960005,30.047171,29.035991,27.034336,32.048826,0.661888097894292,True,0.1679918656062529
a100,2,legacy,598016,48.58880118,46.156805,43.213305,37.286211,52.083899,-5.005260720449822,True,0.30454935377353964
a100,2,legacy,663552,48.89599979,48.038824,45.095324,38.910094,54.224054,-1.7530591330199297,True,0.3131945366854314
a100,2,legacy,729088,49.10080135,48.038824,45.095324,38.910094,54.224054,-2.1628513604696864,True,0.3118881887657828
a100,2,legacy,794624,49.51040074,49.920844,46.977344,40.533978,56.36421,0.8290041160349482,True,0.3197354851383899
a100,2,legacy,860160,49.92000014,49.920844,46.977344,40.533978,56.36421,0.0016904246747495577,True,0.31711201834143266
a100,2,legacy,925696,52.78720334,51.802863,48.859363,42.157861,58.504365,-1.8647328854682899,True,0.30966793021242106
a100,2,legacy,991232,51.55839771,51.802863,48.859363,42.157861,58.504365,0.4741522251623165,True,0.31704833210574185
a100,2,legacy,1056768,53.2479994,53.684882,50.741382,43.781744,60.64452,0.8204676324421678,True,0.3166837475587862
a100,2,legacy,1122304,53.50400135,53.684882,50.741382,43.781744,60.64452,0.33806938815053034,True,0.3151685028132947
a100,2,legacy,1187840,55.96160144,55.566902,52.623402,45.405628,62.784676,-0.7053040474961914,True,0.31055308555873234
a100,2,legacy,1253376,55.6543991,55.566902,52.623402,45.405628,62.784676,-0.15721506550234743,True,0.3122672831086231
a100,2,legacy,1318912,57.13919923,57.448921,54.505421,47.029511,64.924831,0.542047795863021,True,0.31318814826169905
a100,2,legacy,1384448,57.2928004,57.448921,54.505421,47.029511,64.924831,0.2724960185398917,True,0.31234849536173137
a100,2,legacy,1449984,59.03360248,59.330941,56.387441,48.653395,67.064987,0.503676732418179,True,0.31188325337654377
a100,2,legacy,1515520,59.49439853,59.330941,56.387441,48.653395,67.064987,-0.2747444028996737,True,0.3094676550216063
a100,2,legacy,1581056,60.97919866,61.21296,58.26946,50.277279,69.205141,0.38334603460987715,True,0.31039866734778765
a100,2,legacy,1646592,61.44000217,61.21296,58.26946,50.277279,69.205141,-0.36953476884944436,True,0.3080706596921658
a100,2,legacy,1712128,62.66880035,63.09498,60.15148,51.901163,71.345297,0.6800507551123047,True,0.310268169988992
a100,2,legacy,1777664,63.43679875,63.09498,60.15148,51.901163,71.345297,-0.5388335425737467,True,0.30651190449612653
a100,2,legacy,1843200,64.76800144,64.976999,62.033499,53.525046,73.485452,0.32268644292445803,True,0.30818313914612583
a100,2,legacy,1908736,65.48479944,64.976999,62.033499,53.525046,73.485452,-0.7754478052044322,True,0.30480975998542353
a100,2,legacy,1974272,66.66240096,66.859018,63.915518,55.148929,75.625607,0.2949444321964645,True,0.30716982444551905
a100,2,legacy,2039808,67.43039936,66.859018,63.915518,55.148929,75.625607,-0.8473646388322376,True,0.30367131433818634
a100,2,legacy,2105344,73.16480577,68.741038,65.797538,56.772813,77.765763,-6.0463056293848405,True,0.28692688758025525
a100,2,legacy,2170880,73.42080027,68.741038,65.797538,56.772813,77.765763,-6.373891666653709,True,0.28592646665249977
a100,2,legacy,2236416,75.41760057,70.623057,67.679557,58.396696,79.905918,-6.35732711431184,True,0.2852016218685701
a100,2,legacy,2301952,75.57119429,70.623057,67.679557,58.396696,79.905918,-6.547649982891379,True,0.2846219674319243
a100,2,legacy,2367488,76.13439858,72.505077,69.561577,60.02058,82.046074,-4.766993169567635,True,0.2892975371291099
a100,2,legacy,2433024,76.90240443,72.505077,69.561577,60.02058,82.046074,-5.71806234485509,True,0.2864083920815322
a100,2,legacy,2498560,77.61920244,74.387096,71.443596,61.644463,84.186229,-4.164055205924633,True,0.2904148109151842
a100,2,legacy,2564096,78.540802,74.387096,71.443596,61.644463,84.186229,-5.28859636549166,True,0.287007076907618
a100,2,legacy,2629632,78.59200239,76.269116,73.325616,63.268347,86.326385,-2.955626933225408,True,0.2933891146528911
a100,2,legacy,2695168,80.23039997,76.269116,73.325616,63.268347,86.326385,-4.9373852947027785,True,0.2873977695315234
a100,2,legacy,2760704,79.76959646,78.151135,75.207635,64.89223,88.46654,-2.0289202049700417,True,0.2955300145190179
a100,2,legacy,2826240,80.99840581,78.151135,75.207635,64.89223,88.46654,-3.515218332418668,True,0.2910465923897176
a100,2,legacy,2891776,81.04959875,80.033155,77.089655,66.516115,90.606695,-1.2541009032447592,True,0.29723256341228954
a100,2,legacy,2957312,82.48320222,80.033155,77.089655,66.516115,90.606695,-2.9703589992362445,True,0.29206649780333904
a100,2,legacy,3022848,82.8415975,81.915174,78.971674,68.139998,92.74685,-1.1183071403228273,True,0.2970349769027571
a100,2,legacy,3088384,83.81439745,81.915174,78.971674,68.139998,92.74685,-2.2659871188992264,True,0.293587411574239
a100,2,legacy,3153920,84.78720486,83.797193,80.853693,69.763881,94.887005,-1.1676429971181346,True,0.2963079634655148
a100,2,legacy,3219456,85.45280248,83.797193,80.853693,69.763881,94.887005,-1.9374548662549618,True,0.2940000008294637
a100,2,legacy,3284992,85.96479893,85.679213,82.735713,71.387765,97.027161,-0.3322126423311422,True,0.2982545916367212
a100,2,legacy,3350528,86.8351981,85.679213,82.735713,71.387765,97.027161,-1.3312402404710988,True,0.2952650141993515
a100,2,legacy,3416064,87.91039884,87.561232,84.617732,73.011648,99.167316,-0.3971849116911619,True,0.2975264399335081
a100,2,legacy,3481600,88.72960508,87.561232,84.617732,73.011648,99.167316,-1.3167793082664692,True,0.2947794930048166
a100,2,legacy,3547136,89.54880387,89.443252,86.499752,74.635532,101.307472,-0.11787077597734674,True,0.29784808782840083
a100,2,legacy,3612672,90.47039598,89.443252,86.499752,74.635532,101.307472,-1.1353371109672938,True,0.29481400751132203
a100,2,legacy,3678208,90.8799991,91.325271,88.381771,76.259415,103.447627,0.4899558807323956,True,0.2991660681035372
a100,2,legacy,3743744,92.10880101,91.325271,88.381771,76.259415,103.447627,-0.8506570505840472,True,0.2951749637588731
a100,2,legacy,3809280,92.77439862,93.207291,90.263791,77.883299,105.587783,0.4666075840309203,True,0.29862208122174294
a100,2,legacy,3874816,93.54239702,93.207291,90.263791,77.883299,105.587783,-0.35823971875378335,True,0.29617034502629425
a100,2,legacy,3940352,94.20800209,95.08931,92.14581,79.507182,107.727938,0.9354915617020287,True,0.2995579502157342
a100,2,legacy,4005888,95.53919733,95.08931,92.14581,79.507182,107.727938,-0.4708929345994539,True,0.2953840600368795
a100,2,legacy,4071424,95.84639966,96.971329,94.027829,81.131066,109.868092,1.173679286849083,True,0.2998237398790155
a100,2,legacy,4136960,96.81919962,96.971329,94.027829,81.131066,109.868092,0.15712728528749498,True,0.29681123282146793
a100,2,timing,270336,20.34574,20.579338,20.579338,19.16066,22.511385,1.14814206806928,True,0.16468926664746528
a100,2,timing,335872,21.9259,22.110812,22.110812,20.586558,24.272887,0.8433496458526202,True,0.1681266903525055
a100,2,timing,401408,23.92976,23.642285,23.642285,22.012456,26.034388,-1.2013283877481462,True,0.16807239186686368
a100,2,timing,466944,25.95246,25.173758,25.173758,23.438354,27.795889,-3.000493980146779,True,0.16790450693306144
a100,2,timing,532480,29.40622,29.035991,29.035991,27.034336,32.048826,-1.259015949686837,True,0.1705248073366791
a100,2,timing,598016,47.13293,43.213305,43.213305,37.286211,52.083899,-8.316107231186354,True,0.313956463135222
a100,2,timing,663552,47.41876,45.095324,45.095324,38.910094,54.224054,-4.899824457661905,True,0.3229515069563186
a100,2,timing,729088,47.68588,45.095324,45.095324,38.910094,54.224054,-5.432543134361789,True,0.3211424430040926
a100,2,timing,794624,45.38414,46.977344,46.977344,40.533978,56.36421,3.510486262381529,True,0.34880537562240904
a100,2,timing,860160,45.74594,46.977344,46.977344,40.533978,56.36421,2.6918323243549036,True,0.34604670928174175
a100,2,timing,925696,46.67333,48.859363,48.859363,42.157861,58.504365,4.683687664882696,True,0.3502322204136709
a100,2,timing,991232,47.1713,48.859363,48.859363,42.157861,58.504365,3.5785806199956305,True,0.34653494815703617
a100,2,timing,1056768,49.12767,50.741382,50.741382,43.781744,60.64452,3.284731394751672,True,0.34324396007382396
a100,2,timing,1122304,49.2553,50.741382,50.741382,43.781744,60.64452,3.0171006977929293,True,0.3423545486475567
a100,2,timing,1187840,51.12051,52.623402,52.623402,45.405628,62.784676,2.9399002474740588,True,0.3399623360565065
a100,2,timing,1253376,51.28633,52.623402,52.623402,45.405628,62.784676,2.6070728788743613,True,0.3388631629519991
a100,2,timing,1318912,53.12958,54.505421,54.505421,47.029511,64.924831,2.589595099377795,True,0.33682404415769895
a100,2,timing,1384448,53.1917,54.505421,54.505421,47.029511,64.924831,2.469785699648619,True,0.3364306837344924
a100,2,timing,1449984,54.65693,56.387441,56.387441,48.653395,67.064987,3.166132821583645,True,0.3368574122256775
a100,2,timing,1515520,55.04828,56.387441,56.387441,48.653395,67.064987,2.432702711147372,True,0.33446262081213074
a100,2,timing,1581056,56.51963,58.26946,58.26946,50.277279,69.205141,3.0959686041823087,True,0.3348900550127451
a100,2,timing,1646592,56.96678,58.26946,58.26946,50.277279,69.205141,2.2867362346967735,True,0.3322613986607633
a100,2,timing,1712128,58.29555,60.15148,60.15148,51.901163,71.345297,3.18365638543594,True,0.33354405267640497
a100,2,timing,1777664,58.75194,60.15148,60.15148,51.901163,71.345297,2.382117084133739,True,0.330953054486371
a100,2,timing,1843200,60.15955,62.033499,62.033499,53.525046,73.485452,3.1149651219133156,True,0.3317911453792457
a100,2,timing,1908736,60.9138,62.033499,62.033499,53.525046,73.485452,1.8381696758370092,True,0.32768282392495623
a100,2,timing,1974272,61.98878,63.915518,63.915518,55.148929,75.625607,3.1082044202192627,True,0.3303287788532054
a100,2,timing,2039808,62.90213,63.915518,63.915518,55.148929,75.625607,1.6110551423298425,True,0.3255323468378575
a100,2,timing,2105344,67.84016,65.797538,65.797538,56.772813,77.765763,-3.0109333468553157,True,0.30944723597350005
a100,2,timing,2170880,68.30926,65.797538,65.797538,56.772813,77.765763,-3.67698610700804,True,0.30732216979074284
a100,2,timing,2236416,69.5728,67.679557,67.679557,58.396696,79.905918,-2.7212401973184974,True,0.30916136766092495
a100,2,timing,2301952,70.31995,67.679557,67.679557,58.396696,79.905918,-3.7548277551391895,True,0.30587652579388924
a100,2,timing,2367488,70.92942,69.561577,69.561577,60.02058,82.046074,-1.9284564853342956,True,0.3105269153476794
a100,2,timing,2433024,71.85672,69.561577,69.561577,60.02058,82.046074,-3.1940547801235564,True,0.3065196129185969
a100,2,timing,2498560,72.16661,71.443596,71.443596,61.644463,84.186229,-1.0018677612818494,True,0.31235727991102813
a100,2,timing,2564096,73.13026,71.443596,71.443596,61.644463,84.186229,-2.306383157943104,True,0.30824129436979986
a100,2,timing,2629632,73.22906,73.325616,73.325616,63.268347,86.326385,0.13185475820665093,True,0.3148755152667534
a100,2,timing,2695168,74.24802,73.325616,73.325616,63.268347,86.326385,-1.242328078243704,True,0.3105542477765737
a100,2,timing,2760704,74.1353,75.207635,75.207635,64.89223,88.46654,1.446456681230135,True,0.31799035007614457
a100,2,timing,2826240,75.91082,75.207635,75.207635,64.89223,88.46654,-0.9263303966417391,True,0.3105526985481121
a100,2,timing,2891776,75.55874,77.089655,77.089655,66.516115,90.606695,2.0261256341754796,True,0.318832473913673
a100,2,timing,2957312,77.18097,77.089655,77.089655,66.516115,90.606695,-0.11831284317882496,True,0.312131086199098
a100,2,timing,3022848,76.82248,78.971674,78.971674,68.139998,92.74685,2.79761080350438,True,0.32030796194030703
a100,2,timing,3088384,78.55393,78.971674,78.971674,68.139998,92.74685,0.5317926168684428,True,0.31324787951411215
a100,2,timing,3153920,78.97885,80.853693,80.853693,69.763881,94.887005,2.373854519279539,True,0.31809938989995423
a100,2,timing,3219456,80.18649,80.853693,80.853693,69.763881,94.887005,0.8320641045642452,True,0.3133086882840239
a100,2,timing,3284992,80.50269,82.735713,82.735713,71.387765,97.027161,2.77384892355772,True,0.318491170916152
a100,2,timing,3350528,81.61454,82.735713,82.735713,71.387765,97.027161,1.3737417376854744,True,0.3141523066845687
a100,2,timing,3416064,82.16149,84.617732,84.617732,73.011648,99.167316,2.989529522894485,True,0.3183446161942779
a100,2,timing,3481600,83.42091,84.617732,84.617732,73.011648,99.167316,1.4346786674947598,True,0.3135385121068567
a100,2,timing,3547136,83.74043,86.499752,86.499752,74.635532,101.307472,3.295089361255976,True,0.31850732077683386
a100,2,timing,3612672,84.68125,86.499752,86.499752,74.635532,101.307472,2.1474671193445927,True,0.3149686618938667
a100,2,timing,3678208,85.19463,88.381771,88.381771,76.259415,103.447627,3.7410116107083224,True,0.3191305836999351
a100,2,timing,3743744,86.24607,88.381771,88.381771,76.259415,103.447627,2.4762879050604925,True,0.3152400103564139
a100,2,timing,3809280,86.59735,90.263791,90.263791,77.883299,105.587783,4.233895148061695,True,0.3199229999532318
a100,2,timing,3874816,87.89936,90.263791,90.263791,77.883299,105.587783,2.6899297105234865,True,0.3151841378594793
a100,2,timing,3940352,88.31725,92.14581,92.14581,79.507182,107.727938,4.335008166581278,True,0.3195384367153642
a100,2,timing,4005888,89.7383,92.14581,92.14581,79.507182,107.727938,2.682812132612278,True,0.3144783888261757
a100,2,timing,4071424,90.09318,94.027829,94.027829,81.131066,109.868092,4.3673105999810335,True,0.31897004856527433
a100,2,timing,4136960,91.38057,94.027829,94.027829,81.131066,109.868092,2.8969604807674187,True,0.31447632686029425
a100,4,legacy,262144,19.2512013,18.528766,17.358388,14.783114,21.10404,-3.7526764628449505,True,0.3283393021296806
a100,4,legacy,278528,18.84160005,18.567211,17.358388,14.783114,21.142485,-1.4562937822257815,True,0.33751756661451904
a100,4,legacy,294912,18.99519935,18.605657,17.358388,14.783114,21.180931,-2.0507410468424525,True,0.33681231147489904
a100,4,legacy,311296,19.35360022,18.644103,17.358388,14.783114,21.219377,-3.665970217090697,True,0.332561535158134
a100,4,legacy,327680,19.20000091,18.682549,17.358388,14.783114,21.257823,-2.6950619035152945,True,0.3372244111003013
a100,4,legacy,344064,18.94399896,18.720995,17.358388,14.783114,21.296269,-1.1771746845577136,True,0.343810988047056
a100,4,legacy,360448,18.68800074,18.759441,17.358388,14.783114,21.334715,0.38227877339007676,True,0.3505779505871317
a100,4,legacy,376832,18.63680035,18.797887,17.358388,14.891038,21.373161,0.8643471356390764,True,0.34781308369813596
a100,4,legacy,393216,18.63680035,18.836333,17.358388,15.054878,21.411607,1.0706379112978892,True,0.34108478282861465
a100,4,legacy,409600,22.27200009,21.420681,19.904291,16.95131,24.373662,-3.822373772269505,True,0.33325933773377603
a100,4,legacy,425984,22.4255994,21.459127,19.904291,16.95131,24.412108,-4.309683691219412,True,0.3326911297630689
a100,4,legacy,442368,22.63039909,21.497573,19.904291,16.95131,24.450554,-5.005771597287367,True,0.33137922005599063
a100,4,legacy,458752,24.11520109,21.536019,19.904291,16.95131,24.489,-10.695254335115312,True,0.3125700661532406
a100,4,legacy,475136,23.14240113,21.574465,19.904291,16.95131,24.527446,-6.7751661601243685,True,0.3273703518248541
a100,4,legacy,491520,22.52800018,21.612911,19.904291,16.95131,24.565892,-4.0620080463795505,True,0.33800523522545534
a100,4,legacy,507904,22.98879996,22.881279,21.134213,17.998762,26.01673,-0.46771019012338266,True,0.3487771442594257
a100,4,legacy,524288,22.83519879,22.919725,21.134213,17.998762,26.055176,0.37015753958322684,True,0.3528068257294116
a100,4,legacy,540672,22.93759957,22.95817,21.134213,17.998762,26.093621,0.08967995947972707,True,0.35290785224916194
a100,4,legacy,557056,22.98879996,22.996616,21.134213,17.998762,26.132067,0.03399933886760742,True,0.35379423954933575
a100,4,legacy,573440,23.09120074,23.035062,21.134213,17.998762,26.170513,-0.24311745687072284,True,0.353890258545299
a100,4,legacy,589824,23.29600044,23.073508,21.134213,17.998762,26.208959,-0.9550671179503145,True,0.35242946621441595
a100,4,legacy,606208,24.47360009,24.341876,22.364135,19.046214,27.659797,-0.5382293145086647,True,0.3519540634938928
a100,4,legacy,622592,23.96159992,24.380322,22.364135,19.046214,27.698243,1.7474712932273873,True,0.3610789358342646
a100,4,legacy,638976,23.75680022,24.418768,22.364135,19.046214,27.736689,2.7864349317662462,True,0.3658099962756685
a100,4,legacy,655360,24.0640007,24.457214,22.364135,19.046214,27.775135,1.634031285579196,True,0.3627377304722236
a100,4,legacy,671744,24.11520109,24.495659,22.364135,19.046214,27.81358,1.5776684116383555,True,0.3635618034981105
a100,4,legacy,688128,24.93439987,24.534105,22.364135,19.046214,27.852026,-1.605392037053266,True,0.35315917150245013
a100,4,legacy,704512,26.47039853,25.802474,23.594058,20.093667,29.302865,-2.5232885301784025,True,0.3479055288707812
a100,4,legacy,720896,24.47360009,25.84092,23.594058,20.093667,29.341311,5.586917760246846,True,0.3778620213614841
a100,4,legacy,737280,24.7807987,25.879366,23.594058,20.093667,29.379757,4.43313919498487,True,0.37472924551055736
a100,4,legacy,753664,25.24160221,25.917812,23.594058,20.093667,29.418203,2.6789495546843956,True,0.36941141542536016
a100,4,legacy,770048,25.34399927,25.956258,23.594058,20.093667,29.456649,2.4157936696468374,True,0.3694358534441356
a100,4,legacy,786432,25.54880083,25.994704,23.594058,20.093667,29.495095,1.7452998008282483,True,0.3679792277749734
a100,4,legacy,802816,27.64799818,28.579051,26.13996,22.261861,32.45715,3.3675234421619127,True,0.36875324331347303
a100,4,legacy,819200,27.69919857,28.617497,26.13996,22.261861,32.495596,3.3152527055225978,True,0.3694596063542354
a100,4,legacy,835584,27.90400013,28.655943,26.13996,22.261861,32.534042,2.6947493782139675,True,0.36812575086523985
a100,4,legacy,851968,28.10879983,28.694389,26.13996,22.261861,32.572488,2.0832948170736776,True,0.36681135666972375
a100,4,legacy,868352,28.41599844,28.732835,26.13996,22.261861,32.610934,1.1149935859864346,True,0.3641988164467256
a100,4,legacy,884736,28.46719883,28.771281,26.13996,22.261861,32.64938,1.068184375343395,True,0.36489431440135833
a100,4,legacy,901120,28.67200039,30.03965,27.369883,23.309314,34.100219,4.769983228923924,True,0.37635689359726604
a100,4,legacy,917504,28.87680009,30.078096,27.369883,23.309314,34.138665,4.160072813663329,True,0.3750190798927957
a100,4,legacy,933888,28.97920087,30.116541,27.369883,23.309314,34.17711,3.9246773404900903,True,0.3750205552165731
a100,4,legacy,950272,29.23519909,30.154987,27.369883,23.309314,34.215556,3.1461660554061854,True,0.37305174377042355
a100,4,legacy,966656,29.69599888,30.193433,27.369883,23.309314,34.254002,1.67508802115095,True,0.3685576647624119
a100,4,legacy,983040,29.79839966,30.231879,27.369883,23.309314,34.292448,1.4547067793774238,True,0.36858133743146126
a100,4,legacy,999424,30.31040169,31.500247,28.599805,24.356766,35.743286,3.925534614054804,True,0.3756637776185143
a100,4,legacy,1015808,30.61760031,31.538693,28.599805,24.356766,35.781732,3.0083764915409317,True,0.37315027579965165
a100,4,legacy,1032192,30.72000109,31.577139,28.599805,24.356766,35.820178,2.7901623684480237,True,0.37315792946802917
a100,4,legacy,1048576,30.8224,31.615585,28.599805,24.356766,35.858624,2.5734044071843876,True,0.3731655549210963
a100,4,legacy,1064960,31.28319979,31.65403,28.599805,24.356766,35.897069,1.1853973138596263,True,0.368897781475953
a100,4,legacy,1081344,31.64159879,31.692476,28.599805,24.356766,35.935515,0.1607921595165429,True,0.3659343852011468
a100,4,legacy,1097728,32.05119818,32.960844,29.829727,25.404218,37.386353,2.8381023851009157,True,0.3738435902679255
a100,4,legacy,1114112,32.71679953,32.99929,29.829727,25.404218,37.424799,0.8634416387243604,True,0.3674131080265845
a100,4,legacy,1130496,32.25599974,33.037736,29.829727,25.404218,37.463245,2.42353753193576,True,0.37385376665432724
a100,4,legacy,1146880,32.92160109,33.076182,29.829727,25.404218,37.501691,0.46954250365105477,True,0.3674630819724813
a100,4,legacy,1163264,33.28000009,33.114628,29.829727,25.404218,37.540137,-0.4969113267811909,True,0.36466102665806815
a100,4,legacy,1179648,32.8704007,33.153074,29.829727,25.404218,37.578583,0.8599630487619914,True,0.37037470614101764
a100,4,legacy,1196032,34.45760161,35.737422,32.37563,27.572413,40.540639,3.7141888297547165,True,0.37635312366710016
a100,4,legacy,1212416,34.71359983,35.775868,32.37563,27.572413,40.579085,3.0600922266839525,True,0.374685197262643
a100,4,legacy,1228800,34.81600061,35.814314,32.37563,27.572413,40.617531,2.8673982436490775,True,0.37468743599036824
a100,4,legacy,1245184,35.32800078,35.85276,32.37563,27.572413,40.655977,1.4853917810630168,True,0.3703454401927807
a100,4,legacy,1261568,35.48159823,35.891206,32.37563,27.572413,40.694423,1.1544231106638048,True,0.3698257872979697
a100,4,legacy,1277952,35.94239801,35.929652,32.37563,27.572413,40.732869,-0.03546232501362434,True,0.36615408900481433
a100,4,legacy,1294336,35.9935984,37.19802,33.605552,28.619865,42.183707,3.3462105861579827,True,0.37684039948614856
a100,4,legacy,1310720,36.30080074,37.236466,33.605552,28.619865,42.222153,2.5775333902455344,True,0.3747104119665212
a100,4,legacy,1327104,36.19839996,37.274911,33.605552,28.619865,42.260598,2.9739188505281122,True,0.3768324847251066
a100,4,legacy,1343488,36.65919974,37.313357,33.605552,28.619865,42.299044,1.7844286417584732,True,0.3731445066181906
a100,4,legacy,1359872,37.06879914,37.351803,33.605552,28.619865,42.33749,0.7634557001190201,True,0.3700585214048021
a100,4,legacy,1376256,37.32480109,37.390249,33.605552,28.619865,42.375936,0.17534697597498816,True,0.3685504168349206
a100,4,legacy,1392640,37.68320009,38.658618,34.835475,29.667318,43.826775,2.588468887117812,True,0.37574985580265247
a100,4,legacy,1409024,37.73440048,38.697064,34.835475,29.667318,43.865221,2.551156259949683,True,0.37625887305471245
a100,4,legacy,1425408,37.88799793,38.73551,34.835475,29.667318,43.903667,2.2368879758857263,True,0.3757482521589654
a100,4,legacy,1441792,38.09279948,38.773956,34.835475,29.667318,43.942113,1.7881503310294367,True,0.3747373570560165
a100,4,legacy,1458176,38.5024026,38.812401,34.835475,29.667318,43.980558,0.8051404044068677,True,0.3717492684469514
a100,4,legacy,1474560,44.85119879,45.885979,41.234161,34.057767,53.062373,2.307140584680911,True,0.4237257088485505
a100,4,legacy,1490944,45.00479996,45.885979,41.234161,34.057767,53.062373,1.9579667963932401,True,0.42227953500273707
a100,4,legacy,1507328,46.64320126,45.885979,41.234161,34.057767,53.062373,-1.623435440846066,True,0.4074464334912162
a100,4,legacy,1523712,45.56800053,45.885979,41.234161,34.057767,53.062373,0.6978108898823665,True,0.41706034451716156
a100,4,legacy,1540096,45.67039758,45.885979,41.234161,34.057767,53.062373,0.47203753727427245,True,0.41612525852681664
a100,4,legacy,1556480,45.92639953,45.885979,41.234161,34.057767,53.062373,-0.08801153674935502,True,0.41380570204694206
a100,4,legacy,1572864,46.89919949,45.885979,41.234161,34.057767,53.062373,-2.1604217151212635,True,0.4052223962597106
a100,4,legacy,1589248,49.2031984,48.510547,43.858729,36.225555,56.143721,-1.407736534460735,True,0.4048144561269009
a100,4,legacy,1605632,47.46240005,48.510547,43.858729,36.225555,56.143721,2.208373257348595,True,0.41966200569328355
a100,4,legacy,1622016,47.5647971,48.510547,43.858729,36.225555,56.143721,1.988340028049862,True,0.41875856125537847
a100,4,legacy,1638400,46.89919949,48.510547,43.858729,36.225555,56.143721,3.4357676197513287,True,0.4247016199977361
a100,4,legacy,1654784,47.66719788,48.510547,43.858729,36.225555,56.143721,1.7692441710609685,True,0.41785896561704916
a100,4,legacy,1671168,48.076801,48.510547,43.858729,36.225555,56.143721,0.9021939708509397,True,0.41429890478777903
a100,4,legacy,1687552,48.58880118,48.510547,43.858729,36.225555,56.143721,-0.16105394267724726,True,0.4099332668491246
a100,4,legacy,1703936,48.58880118,48.510547,43.858729,36.225555,56.143721,-0.16105394267724726,True,0.4099332668491246
a100,4,legacy,1720320,47.30879888,48.510547,43.858729,36.225555,56.143721,2.54022116065189,True,0.4210245550837794
a100,4,legacy,1736704,48.076801,48.510547,43.858729,36.225555,56.143721,0.9021939708509397,True,0.41429890478777903
a100,4,legacy,1753088,47.71839827,48.510547,43.858729,36.225555,56.143721,1.6600488673527147,True,0.4174106156560229
a100,4,legacy,1769472,49.86879975,48.510547,43.858729,36.225555,56.143721,-2.723652377456709,True,0.3994113774514896
a100,4,legacy,1785856,49.15199801,48.510547,43.858729,36.225555,56.143721,-1.3050354735721914,True,0.4052361410811345
a100,4,legacy,1802240,49.40799996,48.510547,43.858729,36.225555,56.143721,-1.816412242403187,True,0.40313645596108844
a100,4,legacy,1818624,48.8447994,48.510547,43.858729,36.225555,56.143721,-0.6843152272215103,True,0.4077847845557945
a100,4,legacy,1835008,48.74239862,48.510547,43.858729,36.225555,56.143721,-0.475667235434063,True,0.40864148182947996
a100,4,legacy,1851392,47.82079905,48.510547,43.858729,36.225555,56.143721,1.442359734053844,True,0.41651679594843577
a100,4,legacy,1867776,47.76959866,48.510547,43.858729,36.225555,56.143721,1.5510876389682515,True,0.41696322679550857
a100,4,legacy,1884160,48.02560061,48.510547,43.858729,36.225555,56.143721,1.0097664242412874,True,0.41474059141391756
a100,4,legacy,1900544,49.25439879,48.510547,43.858729,36.225555,56.143721,-1.5102240779985454,True,0.4043936478632632
a100,4,legacy,1916928,49.04960096,48.510547,43.858729,36.225555,56.143721,-1.098997646157407,True,0.4060821211622758
a100,4,legacy,1933312,48.38399962,48.510547,43.858729,36.225555,56.143721,0.2615479931255882,True,0.4116684473469331
a100,4,legacy,1949696,48.53760079,48.510547,43.858729,36.225555,56.143721,-0.05573779824232794,True,0.41036568919376126
a100,4,legacy,1966080,48.8447994,48.510547,43.858729,36.225555,56.143721,-0.6843152272215103,True,0.4077847845557945
a100,4,legacy,1982464,51.25120282,51.135114,46.483296,38.393343,59.225067,-0.2265094546321511,True,0.40646312386390937
a100,4,legacy,1998848,50.1248017,51.135114,46.483296,38.393343,59.225067,2.0155936098197103,True,0.4155971354196899
a100,4,legacy,2015232,51.66079849,51.135114,46.483296,38.393343,59.225067,-1.0175694247191114,True,0.4032404571530656
a100,4,legacy,2031616,50.32960325,51.135114,46.483296,38.393343,59.225067,1.600471090540534,True,0.4139059848440192
a100,4,legacy,2048000,51.09760165,51.135114,46.483296,38.393343,59.225067,0.07341313249289438,True,0.4076849661690531
a100,4,legacy,2064384,51.55839771,51.135114,46.483296,38.393343,59.225067,-0.8209791785633858,True,0.4040413380798214
a100,4,legacy,2080768,51.14880204,51.135114,46.483296,38.393343,59.225067,-0.026761213272008533,True,0.4072768700175798
a100,4,legacy,2097152,51.09760165,51.135114,46.483296,38.393343,59.225067,0.07341313249289438,True,0.4076849661690531
a100,4,legacy,2113536,51.45599693,51.135114,46.483296,38.393343,59.225067,-0.623606477659977,True,0.404845406616826
a100,4,legacy,2129920,51.25120282,51.135114,46.483296,38.393343,59.225067,-0.2265094546321511,True,0.40646312386390937
a100,4,legacy,2146304,50.8415997,51.135114,46.483296,38.393343,59.225067,0.5773112996678487,True,0.40973777620927215
a100,4,legacy,2162688,51.40479654,51.135114,46.483296,38.393343,59.225067,-0.5246252454090494,True,0.4052486421921747
a100,4,legacy,2179072,51.35359615,51.135114,46.483296,38.393343,59.225067,-0.42544664128647547,True,0.40565268183268216
a100,4,legacy,2195456,51.6095981,51.135114,46.483296,38.393343,59.225067,-0.9193718173906906,True,0.4036405003510384
a100,4,legacy,2211840,51.91680044,51.135114,46.483296,38.393343,59.225067,-1.5056521846013915,True,0.4012520768508283
a100,4,legacy,2228224,52.01920122,51.135114,46.483296,38.393343,59.225067,-1.6995401683716937,True,0.40046220455978004
a100,4,legacy,2244608,51.96800083,51.135114,46.483296,38.393343,59.225067,-1.6026916885345965,True,0.40085675160269585
a100,4,legacy,2260992,51.91680044,51.135114,46.483296,38.393343,59.225067,-1.5056521846013915,True,0.4012520768508283
a100,4,legacy,2277376,52.68480256,51.135114,46.483296,38.393343,59.225067,-2.9414337431276194,True,0.39540290534971306
a100,4,legacy,2293760,52.88959667,51.135114,46.483296,38.393343,59.225067,-3.3172547730831448,True,0.39387186349666675
a100,4,legacy,2310144,53.96480113,51.135114,46.483296,38.393343,59.225067,-5.243579278988431,True,0.38602428923654963
a100,4,legacy,2326528,52.73600295,51.135114,46.483296,38.393343,59.225067,-3.035666073361376,True,0.39501901613117985
a100,4,legacy,2342912,52.01920122,51.135114,46.483296,38.393343,59.225067,-1.6995401683716937,True,0.40046220455978004
a100,4,legacy,2359296,52.17279866,51.135114,46.483296,38.393343,59.225067,-1.9889380800949263,True,0.3992832382973415
a100,4,legacy,2375680,53.60640213,53.759681,49.107863,40.56113,62.306414,0.2859338883222984,True,0.4056471454149426
a100,4,legacy,2392064,54.1184023,53.759681,49.107863,40.56113,62.306414,-0.662845325720185,True,0.40180942296591043
a100,4,legacy,2408448,54.1184023,53.759681,49.107863,40.56113,62.306414,-0.662845325720185,True,0.40180942296591043
a100,4,legacy,2424832,54.32320386,53.759681,49.107863,40.56113,62.306414,-1.0373520336766084,True,0.4002945786489553
a100,4,legacy,2441216,55.09120226,53.759681,49.107863,40.56113,62.306414,-2.4169399203088027,True,0.3947142757454137
a100,4,legacy,2457600,55.96160144,53.759681,49.107863,40.56113,62.306414,-3.934698763688571,True,0.38857508435162463
a100,4,legacy,2473984,54.73279953,53.759681,49.107863,40.56113,62.306414,-1.7779440086316378,True,0.39729895394956055
a100,4,legacy,2490368,54.52799797,53.759681,49.107863,40.56113,62.306414,-1.4090320543635348,True,0.3987911680154429
a100,4,legacy,2506752,55.24479598,53.759681,49.107863,40.56113,62.306414,-2.688244120835648,True,0.3936168758388091
a100,4,legacy,2523136,55.44959754,53.759681,49.107863,40.56113,62.306414,-3.047662408696361,True,0.392163062758273
a100,4,legacy,2539520,54.98880148,53.759681,49.107863,40.56113,62.306414,-2.235219620938711,True,0.3954493172197795
a100,4,legacy,2555904,55.24479598,53.759681,49.107863,40.56113,62.306414,-2.688244120835648,True,0.3936168758388091
a100,4,legacy,2572288,55.34719676,53.759681,49.107863,40.56113,62.306414,-2.868285754170874,True,0.39288862441025274
a100,4,legacy,2588672,55.14240265,53.759681,49.107863,40.56113,62.306414,-2.5075469757391833,True,0.3943477787506236
a100,4,legacy,2605056,56.06399849,53.759681,49.107863,40.56113,62.306414,-4.110155451026232,True,0.38786537859725884
a100,4,legacy,2621440,55.04000187,53.759681,49.107863,40.56113,62.306414,-2.326164292334165,True,0.39508145460024857
a100,4,legacy,2637824,55.80800027,53.759681,49.107863,40.56113,62.306414,-3.6702968393244717,True,0.38964456520204926
a100,4,legacy,2654208,57.2928004,53.759681,49.107863,40.56113,62.306414,-6.1667772832413315,True,0.37954653722948406
a100,4,legacy,2670592,55.80800027,53.759681,49.107863,40.56113,62.306414,-3.6702968393244717,True,0.38964456520204926
a100,4,legacy,2686976,56.16639927,53.759681,49.107863,40.56113,62.306414,-4.284978744018386,True,0.3871582348632904
a100,4,legacy,2703360,55.80800027,53.759681,49.107863,40.56113,62.306414,-3.6702968393244717,True,0.38964456520204926
a100,4,legacy,2719744,55.75679988,53.759681,49.107863,40.56113,62.306414,-3.5818391376445713,True,0.390002368263607
a100,4,legacy,2736128,56.26880005,53.759681,49.107863,40.56113,62.306414,-4.4591657326447764,True,0.3864536649204766
a100,4,legacy,2752512,56.57600239,53.759681,49.107863,40.56113,62.306414,-4.97794342305421,True,0.38435525808453996
a100,4,legacy,2768896,59.28959697,56.461442,51.809624,42.792677,65.478389,-4.770069480200756,True,0.382625505305404
a100,4,legacy,2785280,58.72640014,56.461442,51.809624,42.792677,65.478389,-3.8567971723117433,True,0.3862949533075194
a100,4,legacy,2801664,59.54559892,56.461442,51.809624,42.792677,65.478389,-5.1794876127513545,True,0.3809804991713735
a100,4,legacy,2818048,59.44319814,56.461442,51.809624,42.792677,65.478389,-5.016143534164163,True,0.38163680134724326
a100,4,legacy,2834432,59.28959697,56.461442,51.809624,42.792677,65.478389,-4.770069480200756,True,0.382625505305404
a100,4,legacy,2850816,59.69920009,56.461442,51.809624,42.792677,65.478389,-5.423453053171379,True,0.3800002674374192
a100,4,legacy,2867200,59.69920009,56.461442,51.809624,42.792677,65.478389,-5.423453053171379,True,0.3800002674374192
a100,4,legacy,2883584,60.51840261,56.461442,51.809624,42.792677,65.478389,-6.703680921891408,True,0.3748564241887547
a100,4,legacy,2899968,59.69920009,56.461442,51.809624,42.792677,65.478389,-5.423453053171379,True,0.3800002674374192
a100,4,legacy,2916352,60.00639871,56.461442,51.809624,42.792677,65.478389,-5.9076311630233524,True,0.37805488227407075
a100,4,legacy,2932736,60.10879949,56.461442,51.809624,42.792677,65.478389,-6.067926029044701,True,0.37741083156675104
a100,4,legacy,2949120,60.36480144,56.461442,51.809624,42.792677,65.478389,-6.466283905331438,True,0.37581026457195615
a100,4,legacy,2965504,59.34079736,56.461442,51.809624,42.792677,65.478389,-4.8522357098303885,True,0.38229536860405944
a100,4,legacy,2981888,59.49439853,56.461442,51.809624,42.792677,65.478389,-5.097885859742968,True,0.38130836785518135
a100,4,legacy,2998272,59.6479997,56.461442,51.809624,42.792677,65.478389,-5.342270849025644,True,0.3803264504107084
a100,4,legacy,3014656,60.00639871,56.461442,51.809624,42.792677,65.478389,-5.9076311630233524,True,0.37805488227407075
a100,4,legacy,3031040,60.15999988,56.461442,51.809624,42.792677,65.478389,-6.147868828752401,True,0.3770896284117479
a100,4,legacy,3047424,60.36480144,56.461442,51.809624,42.792677,65.478389,-6.466283905331438,True,0.37581026457195615
a100,4,legacy,3063808,60.46720222,56.461442,51.809624,42.792677,65.478389,-6.6246825930951765,True,0.3751738325425039
a100,4,legacy,3080192,60.67199633,56.461442,51.809624,42.792677,65.478389,-6.939864492176007,True,0.37390745932621927
a100,4,legacy,3096576,60.36480144,56.461442,51.809624,42.792677,65.478389,-6.466283905331438,True,0.37581026457195615
a100,4,legacy,3112960,60.72319672,56.461442,51.809624,42.792677,65.478389,-7.018330638374204,True,0.373592189235455
a100,4,legacy,3129344,60.67199633,56.461442,51.809624,42.792677,65.478389,-6.939864492176007,True,0.37390745932621927
a100,4,legacy,3145728,61.286401,56.461442,51.809624,42.792677,65.478389,-7.872805257401227,True,0.3701589851882476
a100,4,legacy,3162112,62.36159801,59.086009,54.434191,44.960464,68.559736,-5.252573882848132,True,0.37842635136155006
a100,4,legacy,3178496,62.25919724,59.086009,54.434191,44.960464,68.559736,-5.096738121707267,True,0.37904876783149477
a100,4,legacy,3194880,62.66880035,59.086009,54.434191,44.960464,68.559736,-5.717025585283919,True,0.3765713061076651
a100,4,legacy,3211264,62.87360191,59.086009,54.434191,44.960464,68.559736,-6.02413858111982,True,0.3753446801692867
a100,4,legacy,3227648,63.43679875,59.086009,54.434191,44.960464,68.559736,-6.858463597991693,True,0.3720123408654823
a100,4,legacy,3244032,62.25919724,59.086009,54.434191,44.960464,68.559736,-5.096738121707267,True,0.37904876783149477
a100,4,legacy,3260416,62.36159801,59.086009,54.434191,44.960464,68.559736,-5.252573882848132,True,0.37842635136155006
a100,4,legacy,3276800,62.51519918,59.086009,54.434191,44.960464,68.559736,-5.485370317906746,True,0.3774965497918454
a100,4,legacy,3293184,62.82240152,59.086009,54.434191,44.960464,68.559736,-5.9475480554663225,True,0.3756505868768323
a100,4,legacy,3309568,60.15999988,59.086009,54.434191,44.960464,68.559736,-1.785224205688618,True,0.3922751337611871
a100,4,legacy,3325952,59.34079736,59.086009,54.434191,44.960464,68.559736,-0.42936457097854097,True,0.3976905105745616
a100,4,legacy,3342336,58.98240209,59.086009,54.434191,44.960464,68.559736,0.17565732545430368,True,0.4001070007964472
a100,4,legacy,3358720,59.95519832,59.086009,54.434191,44.960464,68.559736,-1.4497313733512485,True,0.3936151103035831
a100,4,legacy,3375104,59.90399793,59.086009,54.434191,44.960464,68.559736,-1.3654997300110883,True,0.3939515360490064
a100,4,legacy,3391488,61.18400022,59.086009,54.434191,44.960464,68.559736,-3.4289866835385485,True,0.3857098573997096
a100,4,legacy,3407872,59.69920009,59.086009,54.434191,44.960464,68.559736,-1.0271345161670054,True,0.39530298503870626
a100,4,legacy,3424256,59.28959697,59.086009,54.434191,44.960464,68.559736,-0.34337890693204587,True,0.39803394197368247
a100,4,legacy,3440640,62.4127984,59.086009,54.434191,44.960464,68.559736,-5.330300011031063,True,0.3781159089959985
a100,4,legacy,3457024,61.23520061,59.086009,54.434191,44.960464,68.559736,-3.509732292195722,True,0.38538735506561117
a100,4,legacy,3473408,60.62080339,59.086009,54.434191,44.960464,68.559736,-2.5317948693718284,True,0.3892932900967283
a100,4,legacy,3489792,61.95200235,59.086009,54.434191,44.960464,68.559736,-4.626151280484003,True,0.38092831716197145
a100,4,legacy,3506176,59.90399793,59.086009,54.434191,44.960464,68.559736,-1.3654997300110883,True,0.3939515360490064
a100,4,legacy,3522560,60.569603,59.086009,54.434191,44.960464,68.559736,-2.4494035399241443,True,0.38962236552879503
a100,4,legacy,3538944,59.6479997,59.086009,54.434191,44.960464,68.559736,-0.9421786192773229,True,0.3956423034920314
a100,4,legacy,3555328,65.28000534,69.345031,64.693213,53.434006,80.604238,6.227060857038835,True,0.41621062771806444
a100,4,legacy,3571712,65.689601,69.345031,64.693213,53.434006,80.604238,5.564701176979292,True,0.41361542141198276
a100,4,legacy,3588096,63.99999559,69.345031,64.693213,53.434006,80.604238,8.351618403603723,True,0.42453490425310825
a100,4,legacy,3604480,65.53599983,69.345031,64.693213,53.434006,80.604238,5.81212033062839,True,0.4145848399426182
a100,4,legacy,3620864,64.61440027,69.345031,64.693213,53.434006,80.604238,7.321325757466468,True,0.4204980915471708
a100,4,legacy,3637248,64.87040222,69.345031,64.693213,53.434006,80.604238,6.897797187729537,True,0.4188386547667069
a100,4,legacy,3653632,65.89440256,69.345031,64.693213,53.434006,80.604238,5.236603271208096,True,0.41232989365462724
a100,4,legacy,3670016,65.07520378,69.345031,64.693213,53.434006,80.604238,6.561373567780171,True,0.41752050584204875
a100,4,legacy,3686400,64.20479715,69.345031,64.693213,53.434006,80.604238,8.005996558155925,True,0.4231807155549902
a100,4,legacy,3702784,65.79200178,69.345031,64.693213,53.434006,80.604238,5.400396893046144,True,0.41297165711500555
a100,4,legacy,3719168,65.07520378,69.345031,64.693213,53.434006,80.604238,6.561373567780171,True,0.41752050584204875
a100,4,legacy,3735552,65.22880495,69.345031,64.693213,53.434006,80.604238,6.310442224344337,True,0.4165373261219007
a100,4,legacy,3751936,66.09920412,69.345031,64.693213,53.434006,80.604238,4.910538520414498,True,0.411052332047353
a100,4,legacy,3768320,67.32799858,69.345031,64.693213,53.434006,80.604238,2.995830059619764,True,0.4035502699180339
a100,4,legacy,3784704,65.43359905,69.345031,64.693213,53.434006,80.604238,5.977711767025307,True,0.41523364746050906
a100,4,legacy,3801088,66.20159745,69.345031,64.693213,53.434006,80.604238,4.748274469319469,True,0.410416561632381
a100,4,legacy,3817472,65.22880495,69.345031,64.693213,53.434006,80.604238,6.310442224344337,True,0.4165373261219007
a100,4,legacy,3833856,65.58720022,69.345031,64.693213,53.434006,80.604238,5.729518514885612,True,0.4142611959172299
a100,4,legacy,3850240,67.89119542,69.345031,64.693213,53.434006,80.604238,2.1414199160966874,True,0.40020258638715833
a100,4,legacy,3866624,66.96959585,69.345031,64.693213,53.434006,80.604238,3.5470352177733755,True,0.40570995920083636
a100,4,legacy,3883008,65.99680334,69.345031,64.693213,53.434006,80.604238,5.0733179344319534,True,0.41169012171734076
a100,4,legacy,3899392,66.15039706,69.345031,64.693213,53.434006,80.604238,4.829349606325706,True,0.4107342239435985
a100,4,legacy,3915776,66.66240096,69.345031,64.693213,53.434006,80.604238,4.024202551014744,True,0.4075795592226446
a100,4,legacy,3932160,66.81600213,69.345031,64.693213,53.434006,80.604238,3.785064639275215,True,0.4066425876115195
a100,4,legacy,3948544,66.96959585,71.969598,67.31778,55.601793,83.685585,7.466077832094298,True,0.41935137346360435
a100,4,legacy,3964928,67.17439741,71.969598,67.31778,55.601793,83.685585,7.138434842567198,True,0.41807285339070677
a100,4,legacy,3981312,68.09599698,71.969598,67.31778,55.601793,83.685585,5.688441599786986,True,0.4124147269368609
a100,4,legacy,3997696,68.30079854,71.969598,67.31778,55.601793,83.685585,5.37153230770997,True,0.41117809162293867
a100,4,legacy,4014080,67.9935962,71.969598,67.31778,55.601793,83.685585,5.847612160864046,True,0.4130358382191292
a100,4,legacy,4030464,68.19839776,71.969598,67.31778,55.601793,83.685585,5.529749032039422,True,0.41179548086790707
a100,4,legacy,4046848,68.30079854,71.969598,67.31778,55.601793,83.685585,5.37153230770997,True,0.41117809162293867
a100,4,legacy,4063232,66.86720252,71.969598,67.31778,55.601793,83.685585,7.630639966542452,True,0.4199935236052402
a100,4,legacy,4079616,67.43039936,71.969598,67.31778,55.601793,83.685585,6.7316798996932325,True,0.4164856246819061
a100,4,legacy,4096000,67.58400053,71.969598,67.31778,55.601793,83.685585,6.4891060541070855,True,0.41553905924130413
a100,4,legacy,4112384,68.76160204,71.969598,67.31778,55.601793,83.685585,4.6653886250844545,True,0.40842259585026963
a100,4,legacy,4128768,68.30079854,71.969598,67.31778,55.601793,83.685585,5.37153230770997,True,0.41117809162293867
a100,4,legacy,4145152,68.60800087,71.969598,67.31778,55.601793,83.685585,4.899715903936075,True,0.40933698174960387
a100,4,legacy,4161536,68.65920126,71.969598,67.31778,55.601793,83.685585,4.8214903163002365,True,0.40903173186725184
a100,4,legacy,4177920,69.17120516,71.969598,67.31778,55.601793,83.685585,4.045603706812728,True,0.4060040870336052
a100,4,legacy,4194304,70.29759884,71.969598,67.31778,55.601793,83.685585,2.37845842189508,True,0.39949859544875455
a100,4,timing,262144,18.18878,17.358388,17.358388,14.783114,21.10404,-4.565407905313057,True,0.34751786540933477
a100,4,timing,278528,18.26172,17.358388,17.358388,14.783114,21.142485,-4.946587725581164,True,0.348235051243804
a100,4,timing,294912,18.36291,17.358388,17.358388,14.783114,21.180931,-5.470385685057543,True,0.3484097564057113
a100,4,timing,311296,18.41,17.358388,17.358388,14.783114,21.219377,-5.712178164041282,True,0.34960689842476916
a100,4,timing,327680,18.23245,17.358388,17.358388,14.783114,21.257823,-4.793990933747249,True,0.3551200743728901
a100,4,timing,344064,18.25089,17.358388,17.358388,14.783114,21.296269,-4.890183437629614,True,0.35686780206335145
a100,4,timing,360448,18.15707,17.358388,17.358388,14.783114,21.334715,-4.398738342695163,True,0.3608291976623982
a100,4,timing,376832,17.759,17.358388,17.358388,14.891038,21.373161,-2.2558252153837444,True,0.36500495523396587
a100,4,timing,393216,17.05305,17.358388,17.358388,15.054878,21.411607,1.7905184116624229,True,0.37276199858676307
a100,4,timing,409600,20.15011,19.904291,19.904291,16.95131,24.373662,-1.2199387497140224,True,0.36835292710560885
a100,4,timing,425984,20.26714,19.904291,19.904291,16.95131,24.412108,-1.7903315415988663,True,0.368122882656359
a100,4,timing,442368,20.32265,19.904291,19.904291,16.95131,24.450554,-2.0585848794325567,True,0.36900915973064535
a100,4,timing,458752,20.34408,19.904291,19.904291,16.95131,24.489,-2.1617541810688867,True,0.3705102418000716
a100,4,timing,475136,20.23347,19.904291,19.904291,16.95131,24.527446,-1.6269033438159664,True,0.3744358234153608
a100,4,timing,491520,20.22676,19.904291,19.904291,16.95131,24.565892,-1.5942691760815864,True,0.37646078759030116
a100,4,timing,507904,20.74135,21.134213,21.134213,17.998762,26.01673,1.8941052535153213,True,0.386569244528442
a100,4,timing,524288,20.73254,21.134213,21.134213,17.998762,26.055176,1.937403714161401,True,0.3885878913051657
a100,4,timing,540672,20.73113,21.134213,21.134213,17.998762,26.093621,1.9443368499449942,True,0.3904687781129152
a100,4,timing,557056,20.78533,21.134213,21.134213,17.998762,26.132067,1.678505946261133,True,0.39130025840340277
a100,4,timing,573440,20.83057,21.134213,21.134213,17.998762,26.170513,1.4576797466415936,True,0.3922960821523367
a100,4,timing,589824,20.85872,21.134213,21.134213,17.998762,26.208959,1.3207569783764361,True,0.3936098188191797
a100,4,timing,606208,21.2872,22.364135,22.364135,19.046214,27.659797,5.059073057987895,True,0.40463673005374123
a100,4,timing,622592,21.40352,22.364135,22.364135,19.046214,27.698243,4.4881169078730965,True,0.4042339297461352
a100,4,timing,638976,21.45964,22.364135,22.364135,19.046214,27.736689,4.214865673422286,True,0.40496834988844177
a100,4,timing,655360,21.56413,22.364135,22.364135,19.046214,27.775135,3.7098876699407812,True,0.40478892494155805
a100,4,timing,671744,21.67249,22.364135,22.364135,19.046214,27.81358,3.1913499556349922,True,0.40453893392037554
a100,4,timing,688128,21.86666,22.364135,22.364135,19.046214,27.852026,2.275038803365481,True,0.402704939849067
a100,4,timing,704512,22.22235,23.594058,23.594058,20.093667,29.302865,6.172650507259592,True,0.414411527133719
a100,4,timing,720896,22.42715,23.594058,23.594058,20.093667,29.341311,5.2031042731689015,True,0.4123414700485795
a100,4,timing,737280,22.46753,23.594058,23.594058,20.093667,29.379757,5.014026909054969,True,0.41331156562381355
a100,4,timing,753664,22.58735,23.594058,23.594058,20.093667,29.418203,4.456954888466336,True,0.4128211587459352
a100,4,timing,770048,22.7172,23.594058,23.594058,20.093667,29.456649,3.8598859014315146,True,0.41215387459722147
a100,4,timing,786432,22.94243,23.594058,23.594058,20.093667,29.495095,2.840274548075339,True,0.4097834449097153
a100,4,timing,802816,25.03788,26.13996,26.13996,22.261861,32.45715,4.4016506189821225,True,0.40719457877424126
a100,4,timing,819200,25.22113,26.13996,26.13996,22.261861,32.495596,3.643096086495734,True,0.405760368389521
a100,4,timing,835584,25.32143,26.13996,26.13996,22.261861,32.534042,3.232558350772452,True,0.40567144114688625
a100,4,timing,851968,25.32755,26.13996,26.13996,22.261861,32.572488,3.2076138434234736,True,0.4070913688848704
a100,4,timing,868352,25.61039,26.13996,26.13996,22.261861,32.610934,2.067793579090371,True,0.4040966576455884
a100,4,timing,884736,25.8744,26.13996,26.13996,22.261861,32.64938,1.0263426398293252,True,0.40145931886343256
a100,4,timing,901120,26.28172,27.369883,27.369883,23.309314,34.100219,4.140379701176333,True,0.4105859509955969
a100,4,timing,917504,26.33789,27.369883,27.369883,23.309314,34.138665,3.918282747782764,True,0.4111700291860889
a100,4,timing,933888,26.35282,27.369883,27.369883,23.309314,34.17711,3.8594085946020096,True,0.4123959409277641
a100,4,timing,950272,26.4983,27.369883,27.369883,23.309314,34.215556,3.289203458335055,True,0.41158270530562335
a100,4,timing,966656,26.66092,27.369883,27.369883,23.309314,34.254002,2.6591843042175656,True,0.41051426582428513
a100,4,timing,983040,26.94306,27.369883,27.369883,23.309314,34.292448,1.5841667575991814,True,0.4076424132967822
a100,4,timing,999424,27.70913,28.599805,28.599805,24.356766,35.743286,3.2143737461262756,True,0.4109302601705647
a100,4,timing,1015808,27.81838,28.599805,28.599805,24.356766,35.781732,2.8090241056452525,True,0.41069846626582857
a100,4,timing,1032192,27.85405,28.599805,28.599805,24.356766,35.820178,2.6773664870997305,True,0.41155279034826175
a100,4,timing,1048576,27.98096,28.599805,28.599805,24.356766,35.858624,2.2116646462451595,True,0.41106016376850546
a100,4,timing,1064960,28.21073,28.599805,28.599805,24.356766,35.897069,1.379173810815959,True,0.40907495126854215
a100,4,timing,1081344,28.42822,28.599805,28.599805,24.356766,35.935515,0.6035727878847208,True,0.4072977133285165
a100,4,timing,1097728,28.90124,29.829727,29.829727,25.404218,37.386353,3.2126199429505453,True,0.41458895881283986
a100,4,timing,1114112,28.94933,29.829727,29.829727,25.404218,37.424799,3.0411653741209133,True,0.4152282971661175
a100,4,timing,1130496,28.96746,29.829727,29.829727,25.404218,37.463245,2.9766745168544384,True,0.4162956296478877
a100,4,timing,1146880,29.21404,29.829727,29.829727,25.404218,37.501691,2.1075037892739346,True,0.4140979131951623
a100,4,timing,1163264,29.47363,29.829727,29.829727,25.404218,37.540137,1.2081884722037861,True,0.411755151978226
a100,4,timing,1179648,29.73674,29.829727,29.829727,25.404218,37.578583,0.31270071971574165,True,0.4094048305227809
a100,4,timing,1196032,31.28115,32.37563,32.37563,27.572413,40.540639,3.498848347966743,True,0.4145699886353283
a100,4,timing,1212416,31.37574,32.37563,32.37563,27.572413,40.579085,3.186825235038282,True,0.41454550554026776
a100,4,timing,1228800,31.55254,32.37563,32.37563,27.572413,40.617531,2.608633092613144,True,0.4134411365931237
a100,4,timing,1245184,31.83318,32.37563,32.37563,27.572413,40.655977,1.7040396215521003,True,0.41100399017628775
a100,4,timing,1261568,32.1535,32.37563,32.37563,27.572413,40.694423,0.690842365527855,True,0.40810518295053416
a100,4,timing,1277952,32.33234,32.37563,32.37563,27.572413,40.732869,0.13389071128162566,True,0.407036917216632
a100,4,timing,1294336,32.54377,33.605552,33.605552,28.619865,42.183707,3.262627532089857,True,0.41678766780861587
a100,4,timing,1310720,32.61159,33.605552,33.605552,28.619865,42.222153,3.047879603539716,True,0.4170998102208448
a100,4,timing,1327104,32.77791,33.605552,33.605552,28.619865,42.260598,2.524999305934994,True,0.4161562772001021
a100,4,timing,1343488,33.0819,33.605552,33.605552,28.619865,42.299044,1.5828957828903478,True,0.4134943579419562
a100,4,timing,1359872,33.43418,33.605552,33.605552,28.619865,42.33749,0.5125652849868212,True,0.41028746629945767
a100,4,timing,1376256,33.66402,33.605552,33.605552,28.619865,42.375936,-0.1736809804651962,True,0.4086282921647504
a100,4,timing,1392640,33.99846,34.835475,34.835475,29.667318,43.826775,2.4619203340386697,True,0.41647348144592433
a100,4,timing,1409024,34.21779,34.835475,34.835475,29.667318,43.865221,1.8051574926376102,True,0.4149275274645148
a100,4,timing,1425408,34.37609,34.835475,34.835475,29.667318,43.903667,1.3363503528178944,True,0.41413520269466364
a100,4,timing,1441792,34.5394,34.835475,34.835475,29.667318,43.942113,0.8572094477611092,True,0.41329018454286987
a100,4,timing,1458176,34.87645,34.835475,34.835475,29.667318,43.980558,-0.11748615469751034,True,0.4103984207108235
a100,4,timing,1474560,40.35291,41.234161,41.234161,34.057767,53.062373,2.1838598505039553,True,0.4709599877679206
a100,4,timing,1490944,40.30773,41.234161,41.234161,34.057767,53.062373,2.298395369821127,True,0.471487875898742
a100,4,timing,1507328,40.38277,41.234161,41.234161,34.057767,53.062373,2.1083026251047077,True,0.4706117485254231
a100,4,timing,1523712,40.36975,41.234161,41.234161,34.057767,53.062373,2.141234463924091,True,0.47076352962304696
a100,4,timing,1540096,40.45069,41.234161,41.234161,34.057767,53.062373,1.9368544764007734,True,0.469821553105769
a100,4,timing,1556480,40.47114,41.234161,41.234161,34.057767,53.062373,1.8853459526961602,True,0.4695841530532622
a100,4,timing,1572864,40.52605,41.234161,41.234161,34.057767,53.062373,1.7472983426709554,True,0.46894789894401256
a100,4,timing,1589248,42.27503,43.858729,43.858729,36.225555,56.143721,3.746180665040333,True,0.4711567561276716
a100,4,timing,1605632,42.29385,43.858729,43.858729,36.225555,56.143721,3.700015486885211,True,0.47094709987385874
a100,4,timing,1622016,42.39937,43.858729,43.858729,36.225555,56.143721,3.4419355759295556,True,0.46977504618582777
a100,4,timing,1638400,42.54483,43.858729,43.858729,36.225555,56.143721,3.088269479511374,True,0.46816889384679644
a100,4,timing,1654784,42.55697,43.858729,43.858729,36.225555,56.143721,3.0588620383453113,True,0.4680353418018247
a100,4,timing,1671168,42.6267,43.858729,43.858729,36.225555,56.143721,2.8902753438572626,True,0.46726971592921807
a100,4,timing,1687552,42.60547,43.858729,43.858729,36.225555,56.143721,2.9415448298070634,True,0.4675025530759313
a100,4,timing,1703936,42.64323,43.858729,43.858729,36.225555,56.143721,2.8503914923893037,True,0.4670885859255971
a100,4,timing,1720320,42.66047,43.858729,43.858729,36.225555,56.143721,2.808827469552022,True,0.4668998255293484
a100,4,timing,1736704,42.78069,43.858729,43.858729,36.225555,56.143721,2.519919617939781,True,0.4655877686872278
a100,4,timing,1753088,42.76547,43.858729,43.858729,36.225555,56.143721,2.5564059041090825,True,0.4657534688616774
a100,4,timing,1769472,42.8318,43.858729,43.858729,36.225555,56.143721,2.3975854388561757,True,0.46503219570506027
a100,4,timing,1785856,42.95323,43.858729,43.858729,36.225555,56.143721,2.1081045593078773,True,0.46371753649259906
a100,4,timing,1802240,43.01686,43.858729,43.858729,36.225555,56.143721,1.9570675311959107,True,0.46303161132634973
a100,4,timing,1818624,43.2517,43.858729,43.858729,36.225555,56.143721,1.4034800944240367,True,0.46051752879077584
a100,4,timing,1835008,43.10722,43.858729,43.858729,36.225555,56.143721,1.7433483300477226,True,0.46206101901259233
a100,4,timing,1851392,43.11936,43.858729,43.858729,36.225555,56.143721,1.7147030939234753,True,0.461930928473892
a100,4,timing,1867776,43.09651,43.858729,43.858729,36.225555,56.143721,1.7686327732802543,True,0.4621758467216951
a100,4,timing,1884160,43.21924,43.858729,43.858729,36.225555,56.143721,1.479639623464002,True,0.46086340250314445
a100,4,timing,1900544,43.27887,43.858729,43.858729,36.225555,56.143721,1.3398201015876854,True,0.46022842093612887
a100,4,timing,1916928,43.24339,43.858729,43.858729,36.225555,56.143721,1.4229666083070747,True,0.4606060255683007
a100,4,timing,1933312,43.42675,43.858729,43.858729,36.225555,56.143721,0.9947302066122932,True,0.45866121687669464
a100,4,timing,1949696,43.47293,43.858729,43.858729,36.225555,56.143721,0.8874465098165585,True,0.4581739947134918
a100,4,timing,1966080,43.59677,43.858729,43.858729,36.225555,56.143721,0.60086790833358,True,0.45687251601437445
a100,4,timing,1982464,45.38642,46.483296,46.483296,38.393343,59.225067,2.416749327221668,True,0.4589858376139823
a100,4,timing,1998848,45.36357,46.483296,46.483296,38.393343,59.225067,2.468337478730187,True,0.4592170325219113
a100,4,timing,2015232,45.3762,46.483296,46.483296,38.393343,59.225067,2.439816467663669,True,0.4590892141695426
a100,4,timing,2031616,45.41669,46.483296,46.483296,38.393343,59.225067,2.3484890686661597,True,0.45867992581581796
a100,4,timing,2048000,45.46436,46.483296,46.483296,38.393343,59.225067,2.241175285432373,True,0.45819899367328604
a100,4,timing,2064384,45.48892,46.483296,46.483296,38.393343,59.225067,2.185974078962527,True,0.4579516066769666
a100,4,timing,2080768,45.56978,46.483296,46.483296,38.393343,59.225067,2.004653083688357,True,0.4571390074738127
a100,4,timing,2097152,45.75784,46.483296,46.483296,38.393343,59.225067,1.585424486820175,True,0.45526021333174815
a100,4,timing,2113536,45.66215,46.483296,46.483296,38.393343,59.225067,1.798307788836051,True,0.45621426060752723
a100,4,timing,2129920,45.92124,46.483296,46.483296,38.393343,59.225067,1.2239564959482863,True,0.4536402762643169
a100,4,timing,2146304,46.03899,46.483296,46.483296,38.393343,59.225067,0.965064611539046,True,0.45248003920155505
a100,4,timing,2162688,46.2089,46.483296,46.483296,38.393343,59.225067,0.5938163427391618,True,0.45081627132435526
a100,4,timing,2179072,46.23276,46.483296,46.483296,38.393343,59.225067,0.5419014568890157,True,0.45058361213996306
a100,4,timing,2195456,46.22333,46.483296,46.483296,38.393343,59.225067,0.5624129633239328,True,0.45067553549257483
a100,4,timing,2211840,46.25739,46.483296,46.483296,38.393343,59.225067,0.4883673722188009,True,0.4503436964342346
a100,4,timing,2228224,46.35028,46.483296,46.483296,38.393343,59.225067,0.2869799276293383,True,0.44944116842444104
a100,4,timing,2244608,46.42573,46.483296,46.483296,38.393343,59.225067,0.12399589624114693,True,0.44871074725157795
a100,4,timing,2260992,46.55927,46.483296,46.483296,38.393343,59.225067,-0.1631769570270336,True,0.4474237675977308
a100,4,timing,2277376,46.56789,46.483296,46.483296,38.393343,59.225067,-0.18165736089824636,True,0.4473409467338975
a100,4,timing,2293760,46.67651,46.483296,46.483296,38.393343,59.225067,-0.41394268766024034,True,0.44629994830376135
a100,4,timing,2310144,46.79874,46.483296,46.483296,38.393343,59.225067,-0.6740437883584027,True,0.4451342920770944
a100,4,timing,2326528,46.80536,46.483296,46.483296,38.393343,59.225067,-0.6880921330377543,True,0.4450713337104981
a100,4,timing,2342912,47.0409,46.483296,46.483296,38.393343,59.225067,-1.1853599739800935,True,0.4428428027524984
a100,4,timing,2359296,47.07247,46.483296,46.483296,38.393343,59.225067,-1.2516317924255893,True,0.4425458022491703
a100,4,timing,2375680,48.54913,49.107863,49.107863,40.56113,62.306414,1.150860993801528,True,0.4479026503667522
a100,4,timing,2392064,48.65593,49.107863,49.107863,40.56113,62.306414,0.9288343681849165,True,0.44691950189832974
a100,4,timing,2408448,48.55071,49.107863,49.107863,40.56113,62.306414,1.1475692116551972,True,0.4478880741393895
a100,4,timing,2424832,48.7428,49.107863,49.107863,40.56113,62.306414,0.7489577947922488,True,0.4461229966271942
a100,4,timing,2441216,48.69761,49.107863,49.107863,40.56113,62.306414,0.8424499682838649,True,0.4465369861067104
a100,4,timing,2457600,48.93096,49.107863,49.107863,40.56113,62.306414,0.36153592735559403,True,0.44440746717415724
a100,4,timing,2473984,48.97065,49.107863,49.107863,40.56113,62.306414,0.2801943613164104,True,0.44404728138180727
a100,4,timing,2490368,49.19536,49.107863,49.107863,40.56113,62.306414,-0.1778562043249554,True,0.44201900341820854
a100,4,timing,2506752,49.3701,49.107863,49.107863,40.56113,62.306414,-0.5311656245379326,True,0.44045452612006053
a100,4,timing,2523136,49.43803,49.107863,49.107863,40.56113,62.306414,-0.6678401222702468,True,0.4398493224750258
a100,4,timing,2539520,49.57901,49.107863,49.107863,40.56113,62.306414,-0.95029529633609,True,0.4385985924285297
a100,4,timing,2555904,49.54254,49.107863,49.107863,40.56113,62.306414,-0.8773813373315176,True,0.43892146022388034
a100,4,timing,2572288,49.64251,49.107863,49.107863,40.56113,62.306414,-1.076994293801825,True,0.43803756095330393
a100,4,timing,2588672,49.58993,49.107863,49.107863,40.56113,62.306414,-0.9721066353592378,True,0.43850201038799613
a100,4,timing,2605056,49.72257,49.107863,49.107863,40.56113,62.306414,-1.2362735876283115,True,0.4373322617877555
a100,4,timing,2621440,49.74081,49.107863,49.107863,40.56113,62.306414,-1.2724903354006445,True,0.43717189165194537
a100,4,timing,2637824,49.88208,49.107863,49.107863,40.56113,62.306414,-1.552094459573461,True,0.4359337862414719
a100,4,timing,2654208,50.04439,49.107863,49.107863,40.56113,62.306414,-1.8713925776695395,True,0.43451991322104233
a100,4,timing,2670592,50.00351,49.107863,49.107863,40.56113,62.306414,-1.7911682599881518,True,0.43487515176434616
a100,4,timing,2686976,50.22264,49.107863,49.107863,40.56113,62.306414,-2.219670252300554,True,0.4329777168225326
a100,4,timing,2703360,50.16502,49.107863,49.107863,40.56113,62.306414,-2.107358872776288,True,0.433475038981346
a100,4,timing,2719744,50.40301,49.107863,49.107863,40.56113,62.306414,-2.569582649925073,True,0.4314282817633312
a100,4,timing,2736128,50.37755,49.107863,49.107863,40.56113,62.306414,-2.5203428908313286,True,0.43164631864788977
a100,4,timing,2752512,50.6172,49.107863,49.107863,40.56113,62.306414,-2.981865847972631,True,0.42960266470685854
a100,4,timing,2768896,53.24867,51.809624,51.809624,42.792677,65.478389,-2.702501301910454,True,0.42603340139763113
a100,4,timing,2785280,53.53142,51.809624,51.809624,42.792677,65.478389,-3.216421309204953,True,0.42378311653230943
a100,4,timing,2801664,53.471,51.809624,51.809624,42.792677,65.478389,-3.107059901628917,True,0.42426197378017994
a100,4,timing,2818048,53.60345,51.809624,51.809624,42.792677,65.478389,-3.3464749004028627,True,0.42321365509123016
a100,4,timing,2834432,53.74483,51.809624,51.809624,42.792677,65.478389,-3.600729595758323,True,0.4221003583042313
a100,4,timing,2850816,53.76546,51.809624,51.809624,42.792677,65.478389,-3.6377183418499492,True,0.4219383968815667
a100,4,timing,2867200,54.13469,51.809624,51.809624,42.792677,65.478389,-4.294965021504693,True,0.41906053216523453
a100,4,timing,2883584,54.22146,51.809624,51.809624,42.792677,65.478389,-4.44812072563151,True,0.41838991425166344
a100,4,timing,2899968,54.31922,51.809624,51.809624,42.792677,65.478389,-4.620088432786773,True,0.41763692483065845
a100,4,timing,2916352,54.29188,51.809624,51.809624,42.792677,65.478389,-4.572057552621134,True,0.4178472360876065
a100,4,timing,2932736,54.42606,51.809624,51.809624,42.792677,65.478389,-4.807322080635634,True,0.4168170909303374
a100,4,timing,2949120,54.41103,51.809624,51.809624,42.792677,65.478389,-4.781026935163702,True,0.4169322286308493
a100,4,timing,2965504,54.50661,51.809624,51.809624,42.792677,65.478389,-4.947998050144742,True,0.41620111762591727
a100,4,timing,2981888,54.52514,51.809624,51.809624,42.792677,65.478389,-4.9803008300391305,True,0.41605967449143644
a100,4,timing,2998272,54.53908,51.809624,51.809624,42.792677,65.478389,-5.004587536130057,True,0.4159533310792921
a100,4,timing,3014656,54.715,51.809624,51.809624,42.792677,65.478389,-5.310017362697616,True,0.4146159554052819
a100,4,timing,3031040,54.78135,51.809624,51.809624,42.792677,65.478389,-5.424703845378032,True,0.41411378142378746
a100,4,timing,3047424,54.90899,51.809624,51.809624,42.792677,65.478389,-5.644551101741269,True,0.41315114337379
a100,4,timing,3063808,54.97763,51.809624,51.809624,42.792677,65.478389,-5.762354615868304,True,0.41263532094781097
a100,4,timing,3080192,55.1388,51.809624,51.809624,42.792677,65.478389,-6.0378100357642905,True,0.41142919323597904
a100,4,timing,3096576,55.20934,51.809624,51.809624,42.792677,65.478389,-6.157863868685986,True,0.4109035174120901
a100,4,timing,3112960,55.45973,51.809624,51.809624,42.792677,65.478389,-6.581543040328541,True,0.409048367166591
a100,4,timing,3129344,55.44482,51.809624,51.809624,42.792677,65.478389,-6.556421321234341,True,0.40915836682308643
a100,4,timing,3145728,55.77565,51.809624,51.809624,42.792677,65.478389,-7.11067643317469,True,0.40673146794344844
a100,4,timing,3162112,56.64102,54.434191,54.434191,44.960464,68.559736,-3.8961674772099775,True,0.416646310394834
a100,4,timing,3178496,56.77898,54.434191,54.434191,44.960464,68.559736,-4.129677919539942,True,0.4156339546782982
a100,4,timing,3194880,56.88247,54.434191,54.434191,44.960464,68.559736,-4.304101070153954,True,0.4148777646259032
a100,4,timing,3211264,57.01113,54.434191,54.434191,44.960464,68.559736,-4.520063012257436,True,0.413941488267291
a100,4,timing,3227648,57.37751,54.434191,54.434191,44.960464,68.559736,-5.129743343689885,True,0.4112982944014127
a100,4,timing,3244032,57.37443,54.434191,54.434191,44.960464,68.559736,-5.124650475830439,True,0.4113203739017538
a100,4,timing,3260416,57.42703,54.434191,54.434191,44.960464,68.559736,-5.211551076209231,True,0.41094362706899523
a100,4,timing,3276800,57.52152,54.434191,54.434191,44.960464,68.559736,-5.367259071039843,True,0.41026857426577046
a100,4,timing,3293184,57.52904,54.434191,54.434191,44.960464,68.559736,-5.3796291403437335,True,0.4102149453562931
a100,4,timing,3309568,57.55679,54.434191,54.434191,44.960464,68.559736,-5.425248697851293,True,0.4100171673924137
a100,4,timing,3325952,57.63764,54.434191,54.434191,44.960464,68.559736,-5.557911462023779,True,0.4094420243438142
a100,4,timing,3342336,57.70136,54.434191,54.434191,44.960464,68.559736,-5.66220449569993,True,0.4089898747620507
a100,4,timing,3358720,57.68481,54.434191,54.434191,44.960464,68.559736,-5.635138609280332,True,0.40910721557373597
a100,4,timing,3375104,57.81618,54.434191,54.434191,44.960464,68.559736,-5.849554571056059,True,0.40817764162212034
a100,4,timing,3391488,57.9688,54.434191,54.434191,44.960464,68.559736,-6.0974334469576785,True,0.40710299333434535
a100,4,timing,3407872,58.1309,54.434191,54.434191,44.960464,68.559736,-6.359283960853867,True,0.4059677727336064
a100,4,timing,3424256,58.27345,54.434191,54.434191,44.960464,68.559736,-6.588350269290732,True,0.40497468401132936
a100,4,timing,3440640,58.43209,54.434191,54.434191,44.960464,68.559736,-6.84195790361084,True,0.40387519939813893
a100,4,timing,3457024,58.45992,54.434191,54.434191,44.960464,68.559736,-6.88630603668291,True,0.4036829335380548
a100,4,timing,3473408,58.55903,54.434191,54.434191,44.960464,68.559736,-7.043899121962916,True,0.40299970815773417
a100,4,timing,3489792,58.86682,54.434191,54.434191,44.960464,68.559736,-7.5299277249900705,True,0.4008925911065011
a100,4,timing,3506176,59.03804,54.434191,54.434191,44.960464,68.559736,-7.798106102438362,True,0.39972993683394636
a100,4,timing,3522560,59.19574,54.434191,54.434191,44.960464,68.559736,-8.043735917483252,True,0.39866503907206835
a100,4,timing,3538944,59.24435,54.434191,54.434191,44.960464,68.559736,-8.11918604896501,True,0.3983379343346665
a100,4,timing,3555328,63.44655,64.693213,64.693213,53.434006,80.604238,1.9649027409685882,True,0.4282381311513392
a100,4,timing,3571712,63.53021,64.693213,64.693213,53.434006,80.604238,1.8306298688450795,True,0.4276742041306018
a100,4,timing,3588096,63.91283,64.693213,64.693213,53.434006,80.604238,1.2210114933105087,True,0.42511389340763034
a100,4,timing,3604480,64.06449,64.693213,64.693213,53.434006,80.604238,0.9813907829438584,True,0.42410752040639044
a100,4,timing,3620864,64.05,64.693213,64.693213,53.434006,80.604238,1.004235753317717,True,0.4242034660421546
a100,4,timing,3637248,63.98379,64.693213,64.693213,53.434006,80.604238,1.1087542641659676,True,0.42464242896521137
a100,4,timing,3653632,64.05471,64.693213,64.693213,53.434006,80.604238,0.9968088217088278,True,0.4241722739826626
a100,4,timing,3670016,64.1524,64.693213,64.693213,53.434006,80.604238,0.8430128880603016,True,0.423526352872223
a100,4,timing,3686400,64.21912,64.693213,64.693213,53.434006,80.604238,0.7382427538714209,True,0.42308633316682004
a100,4,timing,3702784,64.22323,64.693213,64.693213,53.434006,80.604238,0.7317959560738441,True,0.42305925753033596
a100,4,timing,3719168,64.37953,64.693213,64.693213,53.434006,80.604238,0.48724027652888857,True,0.4220321583584099
a100,4,timing,3735552,64.30216,64.693213,64.693213,53.434006,80.604238,0.6081490886153729,True,0.4225399582222432
a100,4,timing,3751936,64.45319,64.693213,64.693213,53.434006,80.604238,0.37239894565341825,True,0.42154984105519056
a100,4,timing,3768320,64.60182,64.693213,64.693213,53.434006,80.604238,0.14147124647572173,True,0.4205799774681271
a100,4,timing,3784704,64.71949,64.693213,64.693213,53.434006,80.604238,-0.04060137062265046,True,0.41981529829731357
a100,4,timing,3801088,64.74021,64.693213,64.693213,53.434006,80.604238,-0.07259321525217022,True,0.41968093708685833
a100,4,timing,3817472,64.92325,64.693213,64.693213,53.434006,80.604238,-0.35432144878759786,True,0.4184977184598738
a100,4,timing,3833856,65.03681,64.693213,64.693213,53.434006,80.604238,-0.5283115823177642,True,0.4177669845738129
a100,4,timing,3850240,65.05705,64.693213,64.693213,53.434006,80.604238,-0.5592583739963741,True,0.41763701243754514
a100,4,timing,3866624,65.32237,64.693213,64.693213,53.434006,80.604238,-0.9631570318100913,True,0.4159406953544398
a100,4,timing,3883008,65.47327,64.693213,64.693213,53.434006,80.604238,-1.191412923166968,True,0.4149820529813159
a100,4,timing,3899392,65.70351,64.693213,64.693213,53.434006,80.604238,-1.5376606211753296,True,0.41352786175350453
a100,4,timing,3915776,65.73246,64.693213,64.693213,53.434006,80.604238,-1.5810255694066577,True,0.41334573512082157
a100,4,timing,3932160,65.7612,64.693213,64.693213,53.434006,80.604238,-1.6240381866511,True,0.413165088228317
a100,4,timing,3948544,66.09726,67.31778,67.31778,55.601793,83.685585,1.8465515817145617,True,0.42488587272755324
a100,4,timing,3964928,66.28217,67.31778,67.31778,55.601793,83.685585,1.562426215074142,True,0.4237005517471743
a100,4,timing,3981312,66.31308,67.31778,67.31778,55.601793,83.685585,1.515085711597175,True,0.4235030555057916
a100,4,timing,3997696,66.42225,67.31778,67.31778,55.601793,83.685585,1.348237977484934,True,0.4228069961496336
a100,4,timing,4014080,66.37865,67.31778,67.31778,55.601793,83.685585,1.4148073213299917,True,0.42308471172583356
a100,4,timing,4030464,66.46838,67.31778,67.31778,55.601793,83.685585,1.2779008605294795,True,0.42251356208771756
a100,4,timing,4046848,66.39223,67.31778,67.31778,55.601793,83.685585,1.3940637330603245,True,0.42299817312959664
a100,4,timing,4063232,66.48355,67.31778,67.31778,55.601793,83.685585,1.2547915988240899,True,0.42241715431862475
a100,4,timing,4079616,66.52319,67.31778,67.31778,55.601793,83.685585,1.1944556477222479,True,0.4221654433589249
a100,4,timing,4096000,66.60931,67.31778,67.31778,55.601793,83.685585,1.0636200855405953,True,0.421619620440446
a100,4,timing,4112384,66.77453,67.31778,67.31778,55.601793,83.685585,0.8135587026969704,True,0.4205764084000292
a100,4,timing,4128768,66.95891,67.31778,67.31778,55.601793,83.685585,0.5359555584163456,True,0.41941829698243294
a100,4,timing,4145152,67.10775,67.31778,67.31778,55.601793,83.685585,0.31297428389418513,True,0.4184880583837188
a100,4,timing,4161536,67.20791,67.31778,67.31778,55.601793,83.685585,0.16347778111236444,True,0.41786438530821746
a100,4,timing,4177920,67.51298,67.31778,67.31778,55.601793,83.685585,-0.2891295866365273,True,0.41597618709765144
a100,4,timing,4194304,67.60102,67.31778,67.31778,55.601793,83.685585,-0.4189877608355652,True,0.4154344416696671
a100,4,legacy,270336,22.4255994,21.093891,19.904291,16.95131,24.046872,-5.938340270182474,True,0.31640456397343836
a100,4,legacy,335872,22.63039909,21.247675,19.904291,16.95131,24.200656,-6.110029630944524,True,0.3203366397194191
a100,4,legacy,401408,22.78400026,21.401458,19.904291,16.95131,24.354439,-6.068040046625233,True,0.3249266553510828
a100,4,legacy,466944,23.14240113,21.555242,19.904291,16.95131,24.508223,-6.858230142517618,True,0.3265397120009215
a100,4,legacy,532480,23.50080013,22.938947,21.134213,17.998762,26.074398,-2.3907829813963,True,0.3436323850816904
a100,4,legacy,598016,23.70559983,24.322653,22.364135,19.046214,27.640574,2.602984840818512,True,0.362545561455215
a100,4,legacy,663552,24.2176,24.476436,22.364135,19.046214,27.794357,1.068792943974639,True,0.3612307990882664
a100,4,legacy,729088,25.13920143,25.860143,23.594058,20.093667,29.360534,2.867798215498052,True,0.3686221706685295
a100,4,legacy,794624,27.64799818,28.559828,26.13996,22.261861,32.437927,3.2979958044832225,True,0.3680579669366862
a100,4,legacy,860160,28.67200039,28.713612,26.13996,22.261861,32.591711,0.14512977620673162,True,0.3602765715503675
a100,4,legacy,925696,29.69599888,30.097318,27.369883,23.309314,34.157887,1.3514248893317538,True,0.36532103344421996
a100,4,legacy,991232,30.72000109,31.481024,28.599805,24.356766,35.724063,2.4772880305910183,True,0.3700291860894592
a100,4,legacy,1056768,32.05119818,31.634807,28.599805,24.356766,35.877846,-1.2991438811789213,True,0.359458636625609
a100,4,legacy,1122304,33.48479792,33.018513,29.829727,25.404218,37.444022,-1.392527203281979,True,0.35956030043140247
a100,4,legacy,1187840,35.53279862,35.718199,32.37563,27.572413,40.521416,0.5217725234162751,True,0.3644239548503089
a100,4,legacy,1253376,36.71040013,35.871983,32.37563,27.572413,40.6752,-2.2838681328205768,True,0.35692302327405884
a100,4,legacy,1318912,37.2736007,37.255688,33.605552,28.619865,42.241375,-0.04805733726712669,True,0.36544658268016483
a100,4,legacy,1384448,38.29760104,38.639395,34.835475,29.667318,43.807552,0.8924683288726198,True,0.3692198366480241
a100,4,legacy,1449984,39.6288,38.793178,34.835475,29.667318,43.961335,-2.108623021640832,True,0.36069769965277776
a100,4,legacy,1515520,45.10720074,45.885979,41.234161,34.057767,53.062373,1.7265054076153197,True,0.42132089086049546
a100,4,legacy,1581056,47.15520144,48.510547,43.858729,36.225555,56.143721,2.8742228187160546,True,0.42239594767384797
a100,4,legacy,1646592,48.58880118,48.510547,43.858729,36.225555,56.143721,-0.16105394267724726,True,0.4099332668491246
a100,4,legacy,1712128,48.74239862,48.510547,43.858729,36.225555,56.143721,-0.475667235434063,True,0.40864148182947996
a100,4,legacy,1777664,48.8447994,48.510547,43.858729,36.225555,56.143721,-0.6843152272215103,True,0.4077847845557945
a100,4,legacy,1843200,50.68799853,48.510547,43.858729,36.225555,56.143721,-4.295793073603537,True,0.3929562535046893
a100,4,legacy,1908736,48.79359901,48.510547,43.858729,36.225555,56.143721,-0.5801007012046555,True,0.4082126837152938
a100,4,legacy,1974272,50.27840286,51.135114,46.483296,38.393343,59.225067,1.7039346742686146,True,0.4143274808868899
a100,4,legacy,2039808,50.17600209,51.135114,46.483296,38.393343,59.225067,1.9114952767254278,True,0.41517305349745537
a100,4,legacy,2105344,51.55839771,51.135114,46.483296,38.393343,59.225067,-0.8209791785633858,True,0.4040413380798214
a100,4,legacy,2170880,51.76319927,51.135114,46.483296,38.393343,59.225067,-1.2133818598110024,True,0.40244274491884585
a100,4,legacy,2236416,53.50400135,51.135114,46.483296,38.393343,59.225067,-4.4274956829934435,True,0.38934889866886563
a100,4,legacy,2301952,53.91360074,51.135114,46.483296,38.393343,59.225067,-5.1535914905764475,True,0.3863908867905453
a100,4,legacy,2367488,53.50400135,53.759681,49.107863,40.56113,62.306414,0.47787014718292387,True,0.4064235094820623
a100,4,legacy,2433024,53.81119996,53.759681,49.107863,40.56113,62.306414,-0.09574021772102981,True,0.4041033096486258
a100,4,legacy,2498560,56.37120083,53.759681,49.107863,40.56113,62.306414,-4.632719884530445,True,0.3857516547426013
a100,4,legacy,2564096,56.06399849,53.759681,49.107863,40.56113,62.306414,-4.110155451026232,True,0.38786537859725884
a100,4,legacy,2629632,55.70559949,53.759681,49.107863,40.56113,62.306414,-3.493218828655309,True,0.3903608290563969
a100,4,legacy,2695168,56.67840317,53.759681,49.107863,40.56113,62.306414,-5.149619620097001,True,0.3836608440569092
a100,4,legacy,2760704,60.92799827,56.461442,51.809624,42.792677,65.478389,-7.330876439115297,True,0.37233640763100684
a100,4,legacy,2826240,61.23520061,56.461442,51.809624,42.792677,65.478389,-7.795775244378678,True,0.37046848502191915
a100,4,legacy,2891776,60.15999988,56.461442,51.809624,42.792677,65.478389,-6.147868828752401,True,0.3770896284117479
a100,4,legacy,2957312,61.38880178,56.461442,51.809624,42.792677,65.478389,-8.026479809230125,True,0.3695415343224834
a100,4,legacy,3022848,61.23520061,56.461442,51.809624,42.792677,65.478389,-7.795775244378678,True,0.37046848502191915
a100,4,legacy,3088384,62.00320274,56.461442,51.809624,42.792677,65.478389,-8.937862070187641,True,0.36587968036310503
a100,4,legacy,3153920,63.38559836,59.086009,54.434191,44.960464,68.559736,-6.783227533138336,True,0.37231283778323554
a100,4,legacy,3219456,63.38559836,59.086009,54.434191,44.960464,68.559736,-6.783227533138336,True,0.37231283778323554
a100,4,legacy,3284992,66.09920412,59.086009,54.434191,44.960464,68.559736,-10.610105240099221,True,0.35702808096080296
a100,4,legacy,3350528,65.28000534,59.086009,54.434191,44.960464,68.559736,-9.488351460358512,True,0.361508426310432
a100,4,legacy,3416064,66.4575994,59.086009,54.434191,44.960464,68.559736,-11.09217074729305,True,0.3551026852167639
a100,4,legacy,3481600,66.50879979,59.086009,54.434191,44.960464,68.559736,-11.160614555423177,True,0.3548293169402268
a100,4,legacy,3547136,70.86079568,69.345031,64.693213,53.434006,80.604238,-2.1390737508015456,True,0.3834310882239871
a100,4,legacy,3612672,71.47520036,69.345031,64.693213,53.434006,80.604238,-2.9802915546524478,True,0.3801350938948246
a100,4,legacy,3678208,72.85760343,69.345031,64.693213,53.434006,80.604238,-4.821147367789546,True,0.3729223954793486
a100,4,legacy,3743744,72.55040109,69.345031,64.693213,53.434006,80.604238,-4.418128696523227,True,0.37450147196698297
a100,4,legacy,3809280,74.44480062,69.345031,64.693213,53.434006,80.604238,-6.850404027584844,True,0.36497151948447254
a100,4,legacy,3874816,73.62560183,69.345031,64.693213,53.434006,80.604238,-5.813970580347505,True,0.36903239260081716
a100,4,legacy,3940352,73.72800261,71.969598,67.31778,55.601793,83.685585,-2.384988807172028,True,0.38091079380727577
a100,4,legacy,4005888,74.39360023,71.969598,67.31778,55.601793,83.685585,-3.258347791350069,True,0.3775027947723239
a100,4,legacy,4071424,75.36640018,71.969598,67.31778,55.601793,83.685585,-4.507051115466975,True,0.3726301366779703
a100,4,legacy,4136960,75.46880096,71.969598,67.31778,55.601793,83.685585,-4.636621909303473,True,0.3721245288484838
a100,4,timing,270336,21.71538,19.904291,19.904291,16.95131,24.046872,-8.340121149157875,True,0.3267528360083959
a100,4,timing,335872,21.98852,19.904291,19.904291,16.95131,24.200656,-9.478714347304862,True,0.32968776434248415
a100,4,timing,401408,22.31444,19.904291,19.904291,16.95131,24.354439,-10.800849136254376,True,0.3317640505430564
a100,4,timing,466944,22.40903,19.904291,19.904291,16.95131,24.508223,-11.177364660585487,True,0.3372262431707218
a100,4,timing,532480,22.90498,21.134213,21.134213,17.998762,26.074398,-7.7309257637422135,True,0.3525711875758023
a100,4,timing,598016,23.59432,22.364135,22.364135,19.046214,27.640574,-5.213903176696766,True,0.3642554648745969
a100,4,timing,663552,24.056,22.364135,22.364135,19.046214,27.794357,-7.033027103425338,True,0.3636574243431992
a100,4,timing,729088,24.59324,23.594058,23.594058,20.093667,29.360534,-4.062831900148167,True,0.3768054554828888
a100,4,timing,794624,25.79557,26.13996,26.13996,22.261861,32.437927,1.3350742007251615,True,0.3944888986752376
a100,4,timing,860160,26.10736,26.13996,26.13996,22.261861,32.591711,0.1248690024575394,True,0.39566811810922287
a100,4,timing,925696,26.67134,27.369883,27.369883,23.309314,34.157887,2.6190772567107556,True,0.4067502045266567
a100,4,timing,991232,27.76746,28.599805,28.599805,24.356766,35.724063,2.9975554119822334,True,0.4093747501571984
a100,4,timing,1056768,28.79154,28.599805,28.599805,24.356766,35.877846,-0.6659421482838379,True,0.4001550455446287
a100,4,timing,1122304,29.76221,29.829727,29.829727,25.404218,37.444022,0.22685479337722914,True,0.40453326550682894
a100,4,timing,1187840,31.53704,32.37563,32.37563,27.572413,40.521416,2.659063754873636,True,0.4105966507953822
a100,4,timing,1253376,32.78124,32.37563,32.37563,27.572413,40.6752,-1.2373235423675188,True,0.39970382450450326
a100,4,timing,1318912,33.66373,33.605552,33.605552,28.619865,42.241375,-0.1728210153776777,True,0.4046346022856053
a100,4,timing,1384448,34.72429,34.835475,34.835475,29.667318,43.807552,0.320193731822882,True,0.4072144887627652
a100,4,timing,1449984,35.99534,34.835475,34.835475,29.667318,43.961335,-3.222264326437807,True,0.397107431128585
a100,4,timing,1515520,40.62667,41.234161,41.234161,34.057767,53.062373,1.4953009931653272,True,0.4677864565321253
a100,4,timing,1581056,42.41401,43.858729,43.858729,36.225555,56.143721,3.406230629926288,True,0.4696128944186131
a100,4,timing,1646592,42.58816,43.858729,43.858729,36.225555,56.143721,2.983385523112525,True,0.46769256995371483
a100,4,timing,1712128,42.70366,43.858729,43.858729,36.225555,56.143721,2.704847781197217,True,0.4664276083127301
a100,4,timing,1777664,42.98782,43.858729,43.858729,36.225555,56.143721,2.0259436277531684,True,0.46334440778806646
a100,4,timing,1843200,43.41033,43.858729,43.858729,36.225555,56.143721,1.0329315626027347,True,0.4588347059328966
a100,4,timing,1908736,43.71263,43.858729,43.858729,36.225555,56.143721,0.33422605777782,True,0.4556615788160081
a100,4,timing,1974272,45.33284,46.483296,46.483296,38.393343,59.225067,2.5377982054510584,True,0.459528324278823
a100,4,timing,2039808,45.3638,46.483296,46.483296,38.393343,59.225067,2.4678179517588994,True,0.45921470423553584
a100,4,timing,2105344,45.76879,46.483296,46.483296,38.393343,59.225067,1.5611205802032346,True,0.4551512941460764
a100,4,timing,2170880,46.35873,46.483296,46.483296,38.393343,59.225067,0.268700199509353,True,0.44935924689912776
a100,4,timing,2236416,46.76441,46.483296,46.483296,38.393343,59.225067,-0.6011280800933827,True,0.4454610675083894
a100,4,timing,2301952,47.35184,46.483296,46.483296,38.393343,59.225067,-1.834234952643865,True,0.43993483674552036
a100,4,timing,2367488,48.43363,49.107863,49.107863,40.56113,62.306414,1.3920761256176695,True,0.4489707667998455
a100,4,timing,2433024,48.60355,49.107863,49.107863,40.56113,62.306414,1.037605277803788,True,0.4474011466240635
a100,4,timing,2498560,49.34237,49.107863,49.107863,40.56113,62.306414,-0.47526497004501955,True,0.44070205788655875
a100,4,timing,2564096,49.93341,49.107863,49.107863,40.56113,62.306414,-1.6532958594255853,True,0.43548565980172393
a100,4,timing,2629632,50.39189,49.107863,49.107863,40.56113,62.306414,-2.5480826379006616,True,0.431523485227484
a100,4,timing,2695168,50.86182,49.107863,49.107863,40.56113,62.306414,-3.448474710499938,True,0.42753649004302247
a100,4,timing,2760704,53.3405,51.809624,51.809624,42.792677,65.478389,-2.870006842830497,True,0.42529995031917583
a100,4,timing,2826240,53.76801,51.809624,51.809624,42.792677,65.478389,-3.6422884164766356,True,0.42191838604404364
a100,4,timing,2891776,54.44873,51.809624,51.809624,42.792677,65.478389,-4.846956026338911,True,0.4166435470579387
a100,4,timing,2957312,54.88758,51.809624,51.809624,42.792677,65.478389,-5.607745868919711,True,0.41331230125285173
a100,4,timing,3022848,55.45378,51.809624,51.809624,42.792677,65.478389,-6.5715195609749255,True,0.4090922566504934
a100,4,timing,3088384,56.02949,51.809624,51.809624,42.792677,65.478389,-7.531508853641178,True,0.40488878267498063
a100,4,timing,3153920,56.90286,54.434191,54.434191,44.960464,68.559736,-4.338391778550321,True,0.4147291014898021
a100,4,timing,3219456,57.39452,54.434191,54.434191,44.960464,68.559736,-5.157860018691684,True,0.4111763980254561
a100,4,timing,3284992,58.19847,54.434191,54.434191,44.960464,68.559736,-6.468003368473429,True,0.4054964331536551
a100,4,timing,3350528,58.84461,54.434191,54.434191,44.960464,68.559736,-7.495026307422215,True,0.4010439018968772
a100,4,timing,3416064,59.16914,54.434191,54.434191,44.960464,68.559736,-8.002396181523007,True,0.3988442623975944
a100,4,timing,3481600,59.96258,54.434191,54.434191,44.960464,68.559736,-9.219731706007316,True,0.39356665440346295
a100,4,timing,3547136,63.7045,64.693213,64.693213,53.434006,80.604238,1.5520300763682382,True,0.4265041245123971
a100,4,timing,3612672,64.49521,64.693213,64.693213,53.434006,80.604238,0.3070041945750779,True,0.42127519237475153
a100,4,timing,3678208,64.96423,64.693213,64.693213,53.434006,80.604238,-0.4171788074760485,True,0.41823372646762685
a100,4,timing,3743744,65.39355,64.693213,64.693213,53.434006,80.604238,-1.0709573038931275,True,0.41548794949960655
a100,4,timing,3809280,66.02855,64.693213,64.693213,53.434006,80.604238,-2.022363053557885,True,0.41149218027656226
a100,4,timing,3874816,66.52944,64.693213,64.693213,53.434006,80.604238,-2.760021728726403,True,0.40839411845342455
a100,4,timing,3940352,66.58625,67.31778,67.31778,55.601793,83.685585,1.0986202106290532,True,0.4217656347969738
a100,4,timing,4005888,67.21667,67.31778,67.31778,55.601793,83.685585,0.15042399452398492,True,0.41780992721002097
a100,4,timing,4071424,67.71523,67.31778,67.31778,55.601793,83.685585,-0.5869432917823603,True,0.4147337607802558
a100,4,timing,4136960,68.08583,67.31778,67.31778,55.601793,83.685585,-1.1280614483219153,True,0.41247631115020555
gh200,2,legacy,262144,11.008,11.300807,11.300807,10.057028,12.544586,2.6599473110465066,True,0.22597728924418606
gh200,2,legacy,278528,11.37119997,12.331856,12.331856,10.974599,13.689113,8.448149997664679,True,0.23871834170197961
gh200,2,legacy,294912,11.49920002,12.331856,12.331856,10.974599,13.689113,7.240990491093324,True,0.23606111688454656
gh200,2,legacy,311296,11.82880066,12.446309,12.446309,11.076455,13.816163,5.22037996707605,True,0.23161333754355448
gh200,2,legacy,327680,11.98880002,12.446309,12.446309,11.076455,13.816163,3.816136554423899,True,0.22852228708707747
gh200,2,legacy,344064,12.69440074,13.477359,13.477359,11.994027,14.960691,6.167744945477427,True,0.233698625146759
gh200,2,legacy,360448,12.74240017,13.477359,13.477359,11.994027,14.960691,5.767820977168392,True,0.232818304277129
gh200,2,legacy,376832,13.22400011,13.591812,13.591812,12.095883,15.087741,2.781396604207975,True,0.2262445534719524
gh200,2,legacy,393216,13.35359924,13.591812,13.591812,12.095883,15.087741,1.783884297549121,True,0.22404880858173784
gh200,2,legacy,409600,14.22560029,14.622862,14.622862,13.013455,16.232269,2.7925831030080284,True,0.22626911584621784
gh200,2,legacy,425984,14.38399963,14.622862,14.622862,13.013455,16.232269,1.6606116250296399,True,0.2237773973023941
gh200,2,legacy,442368,14.82080109,14.737315,14.737315,13.115311,16.359319,-0.5633034914444002,True,0.21888209552915605
gh200,2,legacy,458752,14.808001,14.737315,14.737315,13.115311,16.359319,-0.47735004880131715,True,0.21907129800977188
gh200,2,legacy,475136,15.80480114,15.768364,15.768364,14.032882,17.503846,-0.2305447545795647,True,0.21961453163845374
gh200,2,legacy,491520,15.88479988,15.768364,15.768364,14.032882,17.503846,-0.7330018689539752,True,0.21850851293192372
gh200,2,legacy,507904,16.32479951,15.882818,15.882818,14.134739,17.630897,-2.7074238169311426,True,0.2141623851403735
gh200,2,legacy,524288,16.21760055,15.882818,15.882818,14.134739,17.630897,-2.0643161666723864,True,0.21557800669840765
gh200,2,legacy,540672,18.12480018,18.282698,18.282698,16.270485,20.294911,0.8711699904655257,True,0.22203974444037153
gh200,2,legacy,557056,18.01120117,18.282698,18.282698,16.270485,20.294911,1.50737770034024,True,0.2234401782543635
gh200,2,legacy,573440,18.73760112,18.397152,18.397152,16.372343,20.421961,-1.8169301279266525,True,0.21612254279858423
gh200,2,legacy,589824,18.77919957,18.397152,18.397152,16.372343,20.421961,-2.0344188184161283,True,0.21564380233060168
gh200,2,legacy,606208,19.28799972,19.428201,19.428201,17.289913,21.566489,0.7268834614023056,True,0.2217221102282347
gh200,2,legacy,622592,19.8144,19.428201,19.428201,17.289913,21.566489,-1.9490824854651145,True,0.21583171834625323
gh200,2,legacy,638976,19.8800005,19.542654,19.542654,17.391769,21.693539,-1.6969139412244982,True,0.216386815483229
gh200,2,legacy,655360,19.48640123,19.542654,19.542654,17.391769,21.693539,0.2886770591246979,True,0.22075754005194528
gh200,2,legacy,671744,20.56960016,20.573704,20.573704,18.309341,22.838067,0.019950995488859924,True,0.22016597137394234
gh200,2,legacy,688128,20.52479982,20.573704,20.573704,18.309341,22.838067,0.23826873065211363,True,0.22064653685864793
gh200,2,legacy,704512,20.61760053,20.688157,20.688157,18.411197,22.965117,0.34221474946773967,True,0.22087536293923915
gh200,2,legacy,720896,20.64159885,20.688157,20.688157,18.411197,22.965117,0.2255549598571882,True,0.22061856899229487
gh200,2,legacy,737280,21.48159966,21.719206,21.719206,19.328768,24.109644,1.1060923942384004,True,0.22255679631262618
gh200,2,legacy,753664,21.55200019,21.719206,21.719206,19.328768,24.109644,0.7758250210000428,True,0.22182980502284413
gh200,2,legacy,770048,21.66240104,21.83366,21.83366,19.430625,24.236695,0.790581615047059,True,0.22186229454091946
gh200,2,legacy,786432,21.64160088,21.83366,21.83366,19.430625,24.236695,0.8874533869511092,True,0.22207553067118574
gh200,2,legacy,802816,22.55360037,22.864709,22.864709,20.348196,25.381222,1.3794189171402849,True,0.22315842780892547
gh200,2,legacy,819200,22.43519947,22.864709,22.864709,20.348196,25.381222,1.9144448908258394,True,0.2243361378056872
gh200,2,legacy,835584,22.64800109,22.979163,22.979163,20.450053,25.508273,1.4622125311810397,True,0.22334068158595272
gh200,2,legacy,851968,22.75200002,22.979163,22.979163,20.450053,25.508273,0.9984308183909718,True,0.2223197958664559
gh200,2,legacy,868352,23.61280099,24.010212,24.010212,21.367624,26.6528,1.6830320560796919,True,0.22382672865613307
gh200,2,legacy,884736,23.59199896,24.010212,24.010212,21.367624,26.6528,1.772690142573663,True,0.22402408583354735
gh200,2,legacy,901120,28.48320082,27.998007,27.966474,26.806983,29.157498,-1.703438539320734,True,0.08252285320228277
gh200,2,legacy,917504,28.52160111,27.998007,27.966474,26.806983,29.157498,-1.8357809155967075,True,0.08241174788661786
gh200,2,legacy,933888,28.76799926,29.116324,29.084791,27.878935,30.32218,1.2108062741934322,True,0.08492926386428166
gh200,2,legacy,950272,29.02399935,29.116324,29.084791,27.878935,30.32218,0.3180976159992799,True,0.08418016313110205
gh200,2,legacy,966656,29.13760021,29.116324,29.084791,27.878935,30.32218,-0.07301977460962839,True,0.08385196386768601
gh200,2,legacy,983040,29.2928014,29.116324,29.084791,27.878935,30.32218,-0.6024599613746684,True,0.08340769346833452
gh200,2,legacy,999424,29.3279998,29.116324,29.084791,27.878935,30.32218,-0.7217532782443636,True,0.0833075905844762
gh200,2,legacy,1015808,29.41600047,29.116324,29.084791,27.878935,30.32218,-1.0187532812478195,True,0.08305836826769673
gh200,2,legacy,1032192,29.42880057,29.116324,29.084791,27.878935,30.32218,-1.0618053197809951,True,0.08302224190851554
gh200,2,legacy,1048576,29.44799885,29.116324,29.084791,27.878935,30.32218,-1.126306923908349,True,0.08296811652449518
gh200,2,legacy,1064960,30.06719984,30.234642,30.203109,28.950888,31.486863,0.5568930957689178,True,0.08434357085112586
gh200,2,legacy,1081344,30.10079823,30.234642,30.203109,28.950888,31.486863,0.4446518958643564,True,0.08424942689634447
gh200,2,legacy,1097728,30.32160178,30.234642,30.203109,28.950888,31.486863,-0.28679151131573155,True,0.08363591799667781
gh200,2,legacy,1114112,30.30239977,30.234642,30.203109,28.950888,31.486863,-0.2236052936872679,True,0.08368891636465926
gh200,2,legacy,1130496,30.51519953,30.234642,30.203109,28.950888,31.486863,-0.9194025741964484,True,0.08310530617723279
gh200,2,legacy,1146880,30.41760065,30.234642,30.203109,28.950888,31.486863,-0.6014894208955401,True,0.08337196050340019
gh200,2,legacy,1163264,30.47679923,30.234642,30.203109,28.950888,31.486863,-0.7945625397618228,True,0.0832100175895013
gh200,2,legacy,1179648,30.45920096,30.234642,30.203109,28.950888,31.486863,-0.7372450784079998,True,0.08325809345196952
gh200,2,legacy,1196032,31.08480014,31.35296,31.321427,30.02284,32.651547,0.8626719772759195,True,0.08456567158742556
gh200,2,legacy,1212416,31.18880093,31.35296,31.321427,30.02284,32.651547,0.5263397921851487,True,0.08428368265583078
gh200,2,legacy,1228800,31.33920208,31.35296,31.321427,30.02284,32.651547,0.04390003282432886,True,0.08387919364665586
gh200,2,legacy,1245184,31.46240115,31.35296,31.321427,30.02284,32.651547,-0.3478474178694513,True,0.08355074323372168
gh200,2,legacy,1261568,31.48639947,31.35296,31.321427,30.02284,32.651547,-0.42380034632775176,True,0.08348706248564915
gh200,2,legacy,1277952,31.47520125,31.35296,31.321427,30.02284,32.651547,-0.3883732117519023,True,0.0835167654408564
gh200,2,legacy,1294336,31.54719993,31.35296,31.321427,30.02284,32.651547,-0.6157121089383488,True,0.08332615908330473
gh200,2,legacy,1310720,31.63360059,31.35296,31.321427,30.02284,32.651547,-0.8871598071852671,True,0.08309857085415012
gh200,2,legacy,1327104,32.31520206,32.471278,32.439745,31.094793,33.81623,0.48297992910646403,True,0.08421537934211512
gh200,2,legacy,1343488,32.25599974,32.471278,32.439745,31.094793,33.81623,0.6674053253201029,True,0.08436994735665261
gh200,2,legacy,1359872,32.3759988,32.471278,32.439745,31.094793,33.81623,0.2942896081402191,True,0.08405723686893639
gh200,2,legacy,1376256,32.44800121,32.471278,32.439745,31.094793,33.81623,0.07173566670364284,True,0.0838707130953044
gh200,2,legacy,1392640,32.46239945,32.471278,32.439745,31.094793,33.81623,0.027350257992098115,True,0.08383351342194147
gh200,2,legacy,1409024,32.52159804,32.471278,32.439745,31.094793,33.81623,-0.15472806698523245,True,0.08368091250167853
gh200,2,legacy,1425408,32.66239911,32.471278,32.439745,31.094793,33.81623,-0.5851410649791777,True,0.08332018082427993
gh200,2,legacy,1441792,32.77119994,32.471278,32.439745,31.094793,33.81623,-0.9151997502353293,True,0.08304355668948996
gh200,2,legacy,1458176,33.17280114,33.589596,33.558063,32.166745,34.980914,1.2564355305450192,True,0.084833625840739
gh200,2,legacy,1474560,33.12479705,33.589596,33.558063,32.166745,34.980914,1.403175238472909,True,0.084956565794265
gh200,2,legacy,1490944,33.37759897,33.589596,33.558063,32.166745,34.980914,0.6351476335686668,True,0.08431310480209775
gh200,2,legacy,1507328,33.38400275,33.589596,33.558063,32.166745,34.980914,0.6158436168952175,True,0.084296931709305
gh200,2,legacy,1523712,33.32639858,33.589596,33.558063,32.166745,34.980914,0.7897565630087255,True,0.08444263766589087
gh200,2,legacy,1540096,33.50720182,33.589596,33.558063,32.166745,34.980914,0.2458999126295769,True,0.08398698927823511
gh200,2,legacy,1556480,33.6048007,33.589596,33.558063,32.166745,34.980914,-0.04524561873088251,True,0.08374306472229727
gh200,2,legacy,1572864,33.5040018,33.589596,33.558063,32.166745,34.980914,0.25547455647523254,True,0.08399501100790892
gh200,2,legacy,1589248,34.02239829,34.707914,34.676381,33.238698,36.145597,2.0148953173635853,True,0.08544074333685076
gh200,2,legacy,1605632,34.04799849,34.707914,34.676381,33.238698,36.145597,1.9381917859101927,True,0.085376501671714
gh200,2,legacy,1622016,34.20799971,34.707914,34.676381,33.238698,36.145597,1.4613958554666961,True,0.08497716980365351
gh200,2,legacy,1638400,34.24319997,34.707914,34.676381,33.238698,36.145597,1.3570987244390986,True,0.0848898176147876
gh200,2,legacy,1654784,34.46559981,34.707914,34.676381,33.238698,36.145597,0.7030609980264835,True,0.08434204006386041
gh200,2,legacy,1671168,34.46080163,34.707914,34.676381,33.238698,36.145597,0.7170824772250173,True,0.0843537835019307
gh200,2,legacy,1687552,34.48799998,34.707914,34.676381,33.238698,36.145597,0.6376537350021305,True,0.08428725938546003
gh200,2,legacy,1703936,34.52799842,34.707914,34.676381,33.238698,36.145597,0.521071559988795,True,0.08418961807864911
gh200,2,legacy,1720320,34.99839827,35.826232,35.794699,34.31065,37.310281,2.3653474756574866,True,0.08570766515824324
gh200,2,legacy,1736704,35.05279869,35.826232,35.794699,34.31065,37.310281,2.206480905676278,True,0.08557465058719395
gh200,2,legacy,1753088,35.19519791,35.826232,35.794699,34.31065,37.310281,1.7929550832862517,True,0.08522841689001318
gh200,2,legacy,1769472,35.24959832,35.826232,35.794699,34.31065,37.310281,1.6358588678522024,True,0.085096884587705
gh200,2,legacy,1785856,35.34720093,35.826232,35.794699,34.31065,37.310281,1.3552164171320102,True,0.084861910450571
gh200,2,legacy,1802240,35.33760086,35.826232,35.794699,34.31065,37.310281,1.382751313355568,True,0.08488496465518118
gh200,2,legacy,1818624,35.60639918,35.826232,35.794699,34.31065,37.310281,0.6173969428604265,True,0.08424415467669315
gh200,2,legacy,1835008,35.63199937,35.826232,35.794699,34.31065,37.310281,0.5451073008368112,True,0.08418362856521344
gh200,2,legacy,1851392,36.05280071,36.94455,36.913017,35.382603,38.474964,2.473453580411178,True,0.08577311440723297
gh200,2,legacy,1867776,35.97600013,36.94455,36.913017,35.382603,38.474964,2.692211103235831,True,0.08595622050327138
gh200,2,legacy,1884160,36.15199775,36.94455,36.913017,35.382603,38.474964,2.1922778804111864,True,0.08553776257081118
gh200,2,legacy,1900544,36.21920198,36.94455,36.913017,35.382603,38.474964,2.002661517502591,True,0.08537904843148064
gh200,2,legacy,1916928,36.34240106,36.94455,36.913017,35.382603,38.474964,1.6568771529593462,True,0.08508961735617365
gh200,2,legacy,1933312,36.47040203,36.94455,36.913017,35.382603,38.474964,1.3000897813245205,True,0.08479097645965818
gh200,2,legacy,1949696,36.58559918,36.94455,36.913017,35.382603,38.474964,0.9811259841173481,True,0.08452399494089685
gh200,2,legacy,1966080,36.70879826,36.94455,36.913017,35.382603,38.474964,0.6422213506697139,True,0.08424032239076626
gh200,2,legacy,1982464,36.94080189,38.062867,38.031334,36.454554,39.639647,3.0374681993672326,True,0.0862215446617637
gh200,2,legacy,1998848,36.99199855,38.062867,38.031334,36.454554,39.639647,2.8948650842764545,True,0.08610221466393306
gh200,2,legacy,2015232,37.09600121,38.062867,38.031334,36.454554,39.639647,2.6063881778701337,True,0.08586081777303241
gh200,2,legacy,2031616,37.18239814,38.062867,38.031334,36.454554,39.639647,2.3679722235366407,True,0.0856613117854157
gh200,2,legacy,2048000,37.37119958,38.062867,38.031334,36.454554,39.639647,1.850803366692455,True,0.08522854593365985
gh200,2,legacy,2064384,37.53279895,38.062867,38.031334,36.454554,39.639647,1.412279565683705,True,0.0848615901053124
gh200,2,legacy,2080768,37.47040033,38.062867,38.031334,36.454554,39.639647,1.5811591677221903,True,0.08500290821419149
gh200,2,legacy,2097152,37.7632007,38.062867,38.031334,36.454554,39.639647,0.7935405221094038,True,0.08434383052705595
gh200,2,legacy,2113536,39.18879852,39.181185,39.149652,37.526507,40.80433,-0.019427796430426802,True,0.08364183449837492
gh200,2,legacy,2129920,39.24959898,39.181185,39.149652,37.526507,40.80433,-0.17430491464349718,True,0.08351226726342466
gh200,2,legacy,2146304,39.41439837,39.181185,39.149652,37.526507,40.80433,-0.591695876747178,True,0.08316308596745936
gh200,2,legacy,2162688,39.70880061,39.181185,39.149652,37.526507,40.80433,-1.3287120283031917,True,0.08254651235108156
gh200,2,legacy,2179072,39.60160166,39.181185,39.149652,37.526507,40.80433,-1.061615294273921,True,0.0827699603703352
gh200,2,legacy,2195456,39.97760266,39.181185,39.149652,37.526507,40.80433,-1.9921596269124597,True,0.08199148477904251
gh200,2,legacy,2211840,40.00479728,39.181185,39.149652,37.526507,40.80433,-2.058783785942986,True,0.08193574828183706
gh200,2,legacy,2228224,40.19039869,39.181185,39.149652,37.526507,40.80433,-2.5110815590170144,True,0.08155736461543421
gh200,2,legacy,2244608,40.36960006,40.299503,40.26797,38.598459,41.969014,-0.1736382324715069,True,0.08349240505208017
gh200,2,legacy,2260992,40.38720205,40.299503,40.26797,38.598459,41.969014,-0.21714564403699788,True,0.08345601648332061
gh200,2,legacy,2277376,40.39680213,40.299503,40.26797,38.598459,41.969014,-0.2408584958949911,True,0.08343618361555691
gh200,2,legacy,2293760,40.58400169,40.299503,40.26797,38.598459,41.969014,-0.7010119213308075,True,0.08305132218714927
gh200,2,legacy,2310144,40.7776013,40.299503,40.26797,38.598459,41.969014,-1.172453221273706,True,0.08265701984780552
gh200,2,legacy,2326528,41.08319804,40.299503,40.26797,38.598459,41.969014,-1.907580415811272,True,0.0820421768704158
gh200,2,legacy,2342912,41.07039794,40.299503,40.26797,38.598459,41.969014,-1.8770086940141262,True,0.0820677463345757
gh200,2,legacy,2359296,41.23199731,40.299503,40.26797,38.598459,41.969014,-2.261579285109816,True,0.08174610059897679
gh200,2,legacy,2375680,41.39680043,41.417821,41.386288,39.670412,43.133697,0.05077824803283448,True,0.08366069271117338
gh200,2,legacy,2392064,41.45120084,41.417821,41.386288,39.670412,43.133697,-0.08052804098207522,True,0.08355089671269461
gh200,2,legacy,2408448,41.51520133,41.417821,41.386288,39.670412,43.133697,-0.23456547693442298,True,0.08342209333084306
gh200,2,legacy,2424832,41.71039909,41.417821,41.386288,39.670412,43.133697,-0.7014511881526131,True,0.0830316917497516
gh200,2,legacy,2441216,42.00480133,41.417821,41.386288,39.670412,43.133697,-1.3974124657525122,True,0.08244974122818927
gh200,2,legacy,2457600,42.05920175,41.417821,41.386288,39.670412,43.133697,-1.5249475104457955,True,0.08234309867756823
gh200,2,legacy,2473984,42.24000126,41.417821,41.386288,39.670412,43.133697,-1.9464494211049566,True,0.08199064622849872
gh200,2,legacy,2490368,42.27039963,41.417821,41.386288,39.670412,43.133697,-2.016963732216326,True,0.08193168340764986
gh200,2,legacy,2506752,42.2927998,42.536139,42.504606,40.742365,44.29838,0.575367914043845,True,0.08408086049673165
gh200,2,legacy,2523136,42.35040024,42.536139,42.504606,40.742365,44.29838,0.4385761620844475,True,0.08396650279213512
gh200,2,legacy,2539520,42.50559956,42.536139,42.504606,40.742365,44.29838,0.071848039590372,True,0.08365991861802595
gh200,2,legacy,2555904,42.80159995,42.536139,42.504606,40.742365,44.29838,-0.6202126796898022,True,0.0830813568687635
gh200,2,legacy,2572288,42.97919944,42.536139,42.504606,40.742365,44.29838,-1.0308717839626724,True,0.08273804645813104
gh200,2,legacy,2588672,43.02879795,42.536139,42.504606,40.742365,44.29838,-1.144951691591456,True,0.08264267582218156
gh200,2,legacy,2605056,43.26879978,42.536139,42.504606,40.742365,44.29838,-1.6932773354592978,True,0.08218427638576851
gh200,2,legacy,2621440,43.2847999,42.536139,42.504606,40.742365,44.29838,-1.7296161741064298,True,0.08215389716980069
gh200,2,legacy,2637824,43.12000051,43.654457,43.622924,41.814317,45.463064,1.2394630883087565,True,0.08461843591940162
gh200,2,legacy,2654208,43.29920188,43.654457,43.622924,41.814317,45.463064,0.8204657466540866,True,0.08426822762489221
gh200,2,legacy,2670592,43.48320141,43.654457,43.622924,41.814317,45.463064,0.39384310365109254,True,0.0839116459157693
gh200,2,legacy,2686976,43.67680103,43.654457,43.622924,41.814317,45.463064,-0.05115766144286882,True,0.08353970331970532
gh200,2,legacy,2703360,43.96640137,43.654457,43.622924,41.814317,45.463064,-0.709506259961612,True,0.08298943935151544
gh200,2,legacy,2719744,44.10719872,43.654457,43.622924,41.814317,45.463064,-1.0264576602882491,True,0.08272452356729491
gh200,2,legacy,2736128,44.24479976,43.654457,43.622924,41.814317,45.463064,-1.33426473439191,True,0.08246725083607882
gh200,2,legacy,2752512,44.15199906,43.654457,43.622924,41.814317,45.463064,-1.1268845592333654,True,0.08264058429249296
gh200,2,legacy,2768896,44.37919706,44.772775,44.741242,42.88627,46.627747,0.8868523228752645,True,0.084307000754015
gh200,2,legacy,2785280,44.5520021,44.772775,44.741242,42.88627,46.627747,0.49553979528116354,True,0.08397999693935192
gh200,2,legacy,2801664,44.54880208,44.772775,44.741242,42.88627,46.627747,0.5027585693500702,True,0.08398602937248723
gh200,2,legacy,2818048,44.94560137,44.772775,44.741242,42.88627,46.627747,-0.384523434400752,True,0.08324456422775416
gh200,2,legacy,2834432,44.97919977,44.772775,44.741242,42.88627,46.627747,-0.45893384287748473,True,0.08318238250417855
gh200,2,legacy,2850816,45.1936014,44.772775,44.741242,42.88627,46.627747,-0.931163675749902,True,0.08278775941941197
gh200,2,legacy,2867200,45.40799931,44.772775,44.741242,42.88627,46.627747,-1.3989260034632522,True,0.08239686964530127
gh200,2,legacy,2883584,45.28320208,44.772775,44.741242,42.88627,46.627747,-1.1271885744701837,True,0.08262394945900874
gh200,2,legacy,2899968,45.27679831,45.891093,45.85956,43.958222,47.792431,1.3567538185762729,True,0.08468374847859246
gh200,2,legacy,2916352,45.47519982,45.891093,45.85956,43.958222,47.792431,0.9145494283613775,True,0.08431428592236145
gh200,2,legacy,2932736,45.57920247,45.891093,45.85956,43.958222,47.792431,0.6842825523445395,True,0.08412189753701059
gh200,2,legacy,2949120,45.91520131,45.891093,45.85956,43.958222,47.792431,-0.05250616203821279,True,0.08350630925285601
gh200,2,legacy,2965504,46.09439895,45.891093,45.85956,43.958222,47.792431,-0.4410643258859426,True,0.0831816682143764
gh200,2,legacy,2981888,46.31520063,45.891093,45.85956,43.958222,47.792431,-0.9156985702989506,True,0.08278511045715835
gh200,2,legacy,2998272,46.38879746,45.891093,45.85956,43.958222,47.792431,-1.072897956514518,True,0.08265377008977547
gh200,2,legacy,3014656,46.49440199,45.891093,45.85956,43.958222,47.792431,-1.2975949021341582,True,0.08246603539119957
gh200,2,legacy,3031040,46.15519941,47.00941,46.977877,45.030174,48.957113,1.8507353470883725,True,0.08508118370623241
gh200,2,legacy,3047424,46.4511998,47.00941,46.977877,45.030174,48.957113,1.2017132009580545,True,0.08453902196084934
gh200,2,legacy,3063808,46.46559805,47.00941,46.977877,45.030174,48.957113,1.170353923810108,True,0.08451282593574624
gh200,2,legacy,3080192,46.90400138,47.00941,46.977877,45.030174,48.957113,0.2247326814316386,True,0.08372289963462388
gh200,2,legacy,3096576,47.09280282,47.00941,46.977877,45.030174,48.957113,-0.17708187877190085,True,0.08338724316345544
gh200,2,legacy,3112960,47.33439907,47.00941,46.977877,45.030174,48.957113,-0.6865811679987566,True,0.08296163207211495
gh200,2,legacy,3129344,47.36319929,47.00941,46.977877,45.030174,48.957113,-0.7469708450938528,True,0.08291118545340986
gh200,2,legacy,3145728,47.55679891,47.00941,46.977877,45.030174,48.957113,-1.151021352458803,True,0.08257366118000561
gh200,2,legacy,3162112,47.48960212,48.127728,48.096195,46.102126,50.121797,1.343717048602655,True,0.08464318125561082
gh200,2,legacy,3178496,47.43840173,48.127728,48.096195,46.102126,50.121797,1.4530975852081962,True,0.08473453686062875
gh200,2,legacy,3194880,47.62719944,48.127728,48.096195,46.102126,50.121797,1.0509300691311063,True,0.08439864294485588
gh200,2,legacy,3211264,48.01280051,48.127728,48.096195,46.102126,50.121797,0.23936843670693264,True,0.08372081939196177
gh200,2,legacy,3227648,48.38880152,48.127728,48.096195,46.102126,50.121797,-0.5395329328255816,True,0.08307027398350823
gh200,2,legacy,3244032,48.52960259,48.127728,48.096195,46.102126,50.121797,-0.8281019595301919,True,0.08282925854472775
gh200,2,legacy,3260416,48.59359935,48.127728,48.096195,46.102126,50.121797,-0.9587092872962888,True,0.08272017413338614
gh200,2,legacy,3276800,48.5823974,48.127728,48.096195,46.102126,50.121797,-0.9358727117900534,True,0.08273924744603073
gh200,2,legacy,3293184,48.54720086,49.246046,49.214513,47.174079,51.28648,1.4395168570384254,True,0.08470933292033266
gh200,2,legacy,3309568,48.63680154,49.246046,49.214513,47.174079,51.28648,1.252640882437439,True,0.08455327796623034
gh200,2,legacy,3325952,48.94239828,49.246046,49.214513,47.174079,51.28648,0.6204185546095031,True,0.08402532659868665
gh200,2,legacy,3342336,49.25920069,49.246046,49.214513,47.174079,51.28648,-0.026705041526731144,True,0.08348493159441074
gh200,2,legacy,3358720,49.64799806,49.246046,49.214513,47.174079,51.28648,-0.8096037618963825,True,0.08283115454182323
gh200,2,legacy,3375104,49.76960272,49.246046,49.214513,47.174079,51.28648,-1.0519608182237072,True,0.08262876887195696
gh200,2,legacy,3391488,49.96480048,49.246046,49.214513,47.174079,51.28648,-1.4385216654426713,True,0.08230596260753846
gh200,2,legacy,3407872,49.88319799,49.246046,49.214513,47.174079,51.28648,-1.277287775590752,True,0.08244060456637936
gh200,2,legacy,3424256,49.62239787,50.364364,50.332831,48.246031,52.451164,1.4952242572875862,True,0.08474264002752434
gh200,2,legacy,3440640,49.81439933,50.364364,50.332831,48.246031,52.451164,1.1040275048921355,True,0.08441601337281447
gh200,2,legacy,3457024,49.95999858,50.364364,50.332831,48.246031,52.451164,0.8093783656788922,True,0.08416999838913927
gh200,2,legacy,3473408,50.40479824,50.364364,50.332831,48.246031,52.451164,-0.08021902956037996,True,0.0834272360337098
gh200,2,legacy,3489792,50.77279732,50.364364,50.332831,48.246031,52.451164,-0.8044333610886412,True,0.08282255896788158
gh200,2,legacy,3506176,50.87199807,50.364364,50.332831,48.246031,52.451164,-0.9978654058397485,True,0.08266105440194677
gh200,2,legacy,3522560,51.02559924,50.364364,50.332831,48.246031,52.451164,-1.2958892200165217,True,0.08241222175992617
gh200,2,legacy,3538944,51.15360022,50.364364,50.332831,48.246031,52.451164,-1.542875216222661,True,0.08220600274300693
gh200,2,legacy,3555328,50.68160221,51.482682,51.451149,49.317984,53.615847,1.5806125991848274,True,0.08480124567080059
gh200,2,legacy,3571712,50.94720051,51.482682,51.451149,49.317984,53.615847,1.0510518431623872,True,0.08435915922713767
gh200,2,legacy,3588096,51.27520114,51.482682,51.451149,49.317984,53.615847,0.40464172813969856,True,0.08381952492522197
gh200,2,legacy,3604480,51.6015999,51.482682,51.451149,49.317984,53.615847,-0.23045390110084663,True,0.08328933615099016
gh200,2,legacy,3620864,51.83039978,51.482682,51.451149,49.317984,53.615847,-0.6708761295994847,True,0.0829216640859952
gh200,2,legacy,3637248,52.04799771,51.482682,51.451149,49.317984,53.615847,-1.0861430504009117,True,0.0825749921053015
gh200,2,legacy,3653632,52.12960392,51.482682,51.451149,49.317984,53.615847,-1.2409875988944608,True,0.08244572520818799
gh200,2,legacy,3670016,51.99999735,51.482682,51.451149,49.317984,53.615847,-0.9948372622369028,True,0.08265121575049465
gh200,2,legacy,3686400,51.95840076,52.601,52.569467,50.389936,54.780531,1.2367571568805857,True,0.08450211969149143
gh200,2,legacy,3702784,52.10400373,52.601,52.569467,50.389936,54.780531,0.9538542807101758,True,0.08426598122385785
gh200,2,legacy,3719168,52.41759866,52.601,52.569467,50.389936,54.780531,0.3498850475574189,True,0.0837618493071197
gh200,2,legacy,3735552,52.68960074,52.601,52.569467,50.389936,54.780531,-0.16815602842998878,True,0.08332944145213123
gh200,2,legacy,3751936,53.17439884,52.601,52.569467,50.389936,54.780531,-1.0783362905998128,True,0.08256971579897225
gh200,2,legacy,3768320,53.23519558,52.601,52.569467,50.389936,54.780531,-1.191308819457526,True,0.08247541785400161
gh200,2,legacy,3784704,53.30880359,52.601,52.569467,50.389936,54.780531,-1.327742403381893,True,0.08236153701306506
gh200,2,legacy,3801088,53.55839804,52.601,52.569467,50.389936,54.780531,-1.7875778123254693,True,0.08197771331250221
gh200,2,legacy,3817472,53.40160057,53.719318,53.687785,51.461889,55.945214,0.5949586278477303,True,0.0839548806055571
gh200,2,legacy,3833856,53.3536002,53.719318,53.687785,51.461889,55.945214,0.6854603974784768,True,0.08403041187837217
gh200,2,legacy,3850240,53.62240225,53.719318,53.687785,51.461889,55.945214,0.1807374267720263,True,0.08360917847540111
gh200,2,legacy,3866624,54.12160233,53.719318,53.687785,51.461889,55.945214,-0.74329715433612,True,0.08283799457125202
gh200,2,legacy,3883008,54.30240184,53.719318,53.687785,51.461889,55.945214,-1.0737717306097072,True,0.08256218598230608
gh200,2,legacy,3899392,54.43040282,53.719318,53.687785,51.461889,55.945214,-1.3064110922558103,True,0.08236802903748931
gh200,2,legacy,3915776,54.64320257,53.719318,53.687785,51.461889,55.945214,-1.6907584595109881,True,0.08204725911254362
gh200,2,legacy,3932160,54.59200218,53.719318,53.687785,51.461889,55.945214,-1.5985568309486053,True,0.08212420905937177
gh200,2,legacy,3948544,54.5231998,54.837636,54.806103,52.533841,57.109898,0.5767016630597643,True,0.08392862151865123
gh200,2,legacy,3964928,54.60960418,54.837636,54.806103,52.533841,57.109898,0.4175672455862811,True,0.08379582801803051
gh200,2,legacy,3981312,54.95039746,54.837636,54.806103,52.533841,57.109898,-0.20520590425588958,True,0.08327614014677592
gh200,2,legacy,3997696,55.26400357,54.837636,54.806103,52.533841,57.109898,-0.7715104633343128,True,0.08280357383452594
gh200,2,legacy,4014080,55.36799878,54.837636,54.806103,52.533841,57.109898,-0.9578868510443206,True,0.08264804762372883
gh200,2,legacy,4030464,55.7728,54.837636,54.806103,52.533841,57.109898,-1.6767384818406117,True,0.08204818477824316
gh200,2,legacy,4046848,55.83199859,54.837636,54.806103,52.533841,57.109898,-1.7809904984810943,True,0.08196118920270234
gh200,2,legacy,4063232,55.90559915,54.837636,54.806103,52.533841,57.109898,-1.9102972980122312,True,0.08185328606750117
gh200,2,legacy,4079616,55.45120314,55.955953,55.92442,53.605793,58.27458,0.9102595280496173,True,0.08419631560044813
gh200,2,legacy,4096000,55.70559949,55.955953,55.92442,53.605793,58.27458,0.4494225217788861,True,0.08381180783878142
gh200,2,legacy,4112384,56.00320175,55.955953,55.92442,53.605793,58.27458,-0.08436794419526272,True,0.08336643002736893
gh200,2,legacy,4128768,56.49279803,55.955953,55.92442,53.605793,58.27458,-0.9502893266410961,True,0.08264393272786173
gh200,2,legacy,4145152,56.55679852,55.955953,55.92442,53.605793,58.27458,-1.0623754097175975,True,0.08255041166004104
gh200,2,legacy,4161536,56.71200156,55.955953,55.92442,53.605793,58.27458,-1.3331367950399575,True,0.08232449695961674
gh200,2,legacy,4177920,56.85439706,55.955953,55.92442,53.605793,58.27458,-1.5802543100612687,True,0.08211830995363299
gh200,2,legacy,4194304,57.00640008,55.955953,55.92442,53.605793,58.27458,-1.842682713740651,True,0.08189934802843281
gh200,2,timing,262144,10.80954,11.300807,11.300807,10.057028,12.544586,4.544753985831029,True,0.2301261663308522
gh200,2,timing,278528,11.59319,12.331856,12.331856,10.974599,13.689113,6.371550884614163,True,0.23414728819246472
gh200,2,timing,294912,11.66678,12.331856,12.331856,10.974599,13.689113,5.700596051352647,True,0.23267036834499322
gh200,2,timing,311296,11.98326,12.446309,12.446309,11.076455,13.816163,3.864132130989395,True,0.2286279359706791
gh200,2,timing,327680,12.11414,12.446309,12.446309,11.076455,13.816163,2.7419940664380693,True,0.2261578618044698
gh200,2,timing,344064,12.99538,13.477359,13.477359,11.994027,14.960691,3.708848837048251,True,0.22828605242786282
gh200,2,timing,360448,13.04754,13.477359,13.477359,11.994027,14.960691,3.2942531695629995,True,0.227373435912057
gh200,2,timing,376832,13.52212,13.591812,13.591812,12.095883,15.087741,0.5153925567884299,True,0.22125657811053295
gh200,2,timing,393216,13.53653,13.591812,13.591812,12.095883,15.087741,0.40839121990643434,True,0.2210210445365245
gh200,2,timing,409600,14.39309,14.622862,14.622862,13.013455,16.232269,1.5964049415379211,True,0.22363606425027566
gh200,2,timing,425984,14.50573,14.622862,14.622862,13.013455,16.232269,0.8074877996488317,True,0.22189948385913705
gh200,2,timing,442368,14.83051,14.737315,14.737315,13.115311,16.359319,-0.628400506793092,True,0.21873880264400888
gh200,2,timing,458752,14.92619,14.737315,14.737315,13.115311,16.359319,-1.2653932450277017,True,0.217336641165629
gh200,2,timing,475136,15.81576,15.768364,15.768364,14.032882,17.503846,-0.29967576645067995,True,0.21946235906462921
gh200,2,timing,491520,15.95655,15.768364,15.768364,14.032882,17.503846,-1.1793652136583455,True,0.21752596895945553
gh200,2,timing,507904,16.18279,15.882818,15.882818,14.134739,17.630897,-1.853648227530602,True,0.21604173322399908
gh200,2,timing,524288,16.22791,15.882818,15.882818,14.134739,17.630897,-2.1265338543287604,True,0.21544105186681461
gh200,2,timing,540672,18.49726,18.282698,18.282698,16.270485,20.294911,-1.1599663950228267,True,0.21756876423859534
gh200,2,timing,557056,18.68606,18.282698,18.282698,16.270485,20.294911,-2.1586251997478323,True,0.21537049543884584
gh200,2,timing,573440,18.65534,18.397152,18.397152,16.372343,20.421961,-1.3839897852303995,True,0.2170755397650217
gh200,2,timing,589824,18.52575,18.397152,18.397152,16.372343,20.421961,-0.6941581312497447,True,0.2185940110386894
gh200,2,timing,606208,19.5865,19.428201,19.428201,17.289913,21.566489,-0.808204630740561,True,0.2183430424016542
gh200,2,timing,622592,19.7865,19.428201,19.428201,17.289913,21.566489,-1.8108255628837888,True,0.2161360523589316
gh200,2,timing,638976,19.70273,19.542654,19.542654,17.391769,21.693539,-0.8124559388470565,True,0.21833370299445812
gh200,2,timing,655360,19.59035,19.542654,19.542654,17.391769,21.693539,-0.24346680891357275,True,0.2195861738049601
gh200,2,timing,671744,20.39672,20.573704,20.573704,18.309341,22.838067,0.8677081413089871,True,0.22203207182331278
gh200,2,timing,688128,20.4508,20.573704,20.573704,18.309341,22.838067,0.6009740450251266,True,0.22144493124963327
gh200,2,timing,704512,20.51831,20.688157,20.688157,18.411197,22.965117,0.827782600028959,True,0.2219442049564511
gh200,2,timing,720896,20.58168,20.688157,20.688157,18.411197,22.965117,0.5173387206486524,True,0.2212608494544663
gh200,2,timing,737280,21.45748,21.719206,21.719206,19.328768,24.109644,1.21974248607013,True,0.22280696521679152
gh200,2,timing,753664,21.49204,21.719206,21.719206,19.328768,24.109644,1.0569773739486754,True,0.22244868332647807
gh200,2,timing,770048,21.59124,21.83366,21.83366,19.430625,24.236695,1.1227701604910045,True,0.2225935147772893
gh200,2,timing,786432,21.58516,21.83366,21.83366,19.430625,24.236695,1.1512539170430047,True,0.222656213806152
gh200,2,timing,802816,22.5448,22.864709,22.864709,20.348196,25.381222,1.4189924062311565,True,0.2232455377736773
gh200,2,timing,819200,22.548,22.864709,22.864709,20.348196,25.381222,1.404599077523505,True,0.22321385488735143
gh200,2,timing,835584,22.56432,22.979163,22.979163,20.450053,25.508273,1.8384910336318505,True,0.2241689534628121
gh200,2,timing,851968,22.71919,22.979163,22.979163,20.450053,25.508273,1.1442881546393169,True,0.22264085999544878
gh200,2,timing,868352,23.52781,24.010212,24.010212,21.367624,26.6528,2.050348077445374,True,0.22463527204614453
gh200,2,timing,884736,23.6238,24.010212,24.010212,21.367624,26.6528,1.6356894318441562,True,0.22372251712256283
gh200,2,timing,901120,28.36348,27.966474,27.966474,26.806983,29.157498,-1.3997083573665803,True,0.0828711780077762
gh200,2,timing,917504,28.50012,27.966474,27.966474,26.806983,29.157498,-1.8724342213295997,True,0.08247386326794413
gh200,2,timing,933888,28.57571,29.084791,29.084791,27.878935,30.32218,1.7815165397465194,True,0.0855007627107078
gh200,2,timing,950272,28.8793,29.084791,29.084791,27.878935,30.32218,0.7115511802571417,True,0.0846019467230854
gh200,2,timing,966656,29.06841,29.084791,29.084791,27.878935,30.32218,0.05635327147235358,True,0.08405155287131288
gh200,2,timing,983040,29.21145,29.084791,29.084791,27.878935,30.32218,-0.43359367645221525,True,0.08363997678992313
gh200,2,timing,999424,29.26785,29.084791,29.084791,27.878935,30.32218,-0.6254610434316188,True,0.08347880011685177
gh200,2,timing,1015808,29.29953,29.084791,29.084791,27.878935,30.32218,-0.7329093674881437,True,0.08338853899704193
gh200,2,timing,1032192,29.34105,29.084791,29.084791,27.878935,30.32218,-0.8733804686608004,True,0.08327053735295771
gh200,2,timing,1048576,29.42584,29.084791,29.084791,27.878935,30.32218,-1.1590119432444368,True,0.08303059487851494
gh200,2,timing,1064960,29.87382,30.203109,30.203109,28.950888,31.486863,1.1022661313484505,True,0.08488954542807046
gh200,2,timing,1081344,30.06614,30.203109,30.203109,28.950888,31.486863,0.45555897764062436,True,0.08434654398602548
gh200,2,timing,1097728,30.23093,30.203109,30.203109,28.950888,31.486863,-0.09202826376826234,True,0.08388676762507802
gh200,2,timing,1114112,30.29397,30.203109,30.203109,28.950888,31.486863,-0.2999309763626279,True,0.08371220411190741
gh200,2,timing,1130496,30.29525,30.203109,30.203109,28.950888,31.486863,-0.3041433888150813,True,0.08370866720030368
gh200,2,timing,1146880,30.38421,30.203109,30.203109,28.950888,31.486863,-0.5960365597789119,True,0.08346358190652316
gh200,2,timing,1163264,30.36565,30.203109,30.203109,28.950888,31.486863,-0.535279172354286,True,0.08351459626255325
gh200,2,timing,1179648,30.46549,30.203109,30.203109,28.950888,31.486863,-0.8612400457041702,True,0.08324090635010302
gh200,2,timing,1196032,31.06749,31.321427,31.321427,30.02284,32.651547,0.8173721147089807,True,0.08461278976833983
gh200,2,timing,1212416,31.23357,31.321427,31.321427,30.02284,32.651547,0.28129029118348914,True,0.08416287347235682
gh200,2,timing,1228800,31.24402,31.321427,31.321427,30.02284,32.651547,0.2477498094035191,True,0.08413472402078861
gh200,2,timing,1245184,31.20242,31.321427,31.321427,30.02284,32.651547,0.38140310911782827,True,0.08424689495237869
gh200,2,timing,1261568,31.26322,31.321427,31.321427,30.02284,32.651547,0.18618363687425976,True,0.08408305350504522
gh200,2,timing,1277952,31.35698,31.321427,31.321427,30.02284,32.651547,-0.11338145446404546,True,0.08383163812331416
gh200,2,timing,1294336,31.36188,31.321427,31.321427,30.02284,32.651547,-0.1289878030271141,True,0.08381854021506364
gh200,2,timing,1310720,31.54385,31.321427,31.321427,30.02284,32.651547,-0.7051231856605944,True,0.08333500825041966
gh200,2,timing,1327104,32.04698,32.439745,32.439745,31.094793,33.81623,1.2255913037671595,True,0.0849202327333184
gh200,2,timing,1343488,32.18638,32.439745,32.439745,31.094793,33.81623,0.787180788892683,True,0.0845524411257184
gh200,2,timing,1359872,32.17327,32.439745,32.439745,31.094793,33.81623,0.8282496619087754,True,0.08458689464888088
gh200,2,timing,1376256,32.29528,32.439745,32.439745,31.094793,33.81623,0.4473254295983775,True,0.08426732946734011
gh200,2,timing,1392640,32.25134,32.439745,32.439745,31.094793,33.81623,0.5841772775952769,True,0.08438213730034162
gh200,2,timing,1409024,32.26734,32.439745,32.439745,31.094793,33.81623,0.5343018668412247,True,0.08434029579134816
gh200,2,timing,1425408,32.42253,32.439745,32.439745,31.094793,33.81623,0.05309579480687887,True,0.08393660210970581
gh200,2,timing,1441792,32.5164,32.439745,32.439745,31.094793,33.81623,-0.23574257912929442,True,0.08369428965076085
gh200,2,timing,1458176,33.09813,33.558063,33.558063,32.166745,34.980914,1.3896041860975261,True,0.08502501500840079
gh200,2,timing,1474560,33.13355,33.558063,33.558063,32.166745,34.980914,1.2812179799629009,True,0.0849341226641878
gh200,2,timing,1490944,33.19221,33.558063,33.558063,32.166745,34.980914,1.102225492065756,True,0.08478402010592244
gh200,2,timing,1507328,33.15051,33.558063,33.558063,32.166745,34.980914,1.2294019006042545,True,0.0848906698569645
gh200,2,timing,1523712,33.30325,33.558063,33.558063,32.166745,34.980914,0.765129529400288,True,0.08450133245253842
gh200,2,timing,1540096,33.34027,33.558063,33.558063,32.166745,34.980914,0.6532430601192019,True,0.08440750479825149
gh200,2,timing,1556480,33.3553,33.558063,33.558063,32.166745,34.980914,0.6078884015433772,True,0.08436947051892803
gh200,2,timing,1572864,33.54698,33.558063,33.558063,32.166745,34.980914,0.03303725104317756,True,0.08388740208507592
gh200,2,timing,1589248,34.06119,34.676381,34.676381,33.238698,36.145597,1.8061347827248442,True,0.0853434363273861
gh200,2,timing,1605632,33.9444,34.676381,34.676381,33.238698,36.145597,2.156411661422797,True,0.08563707121056786
gh200,2,timing,1622016,34.00488,34.676381,34.676381,33.238698,36.145597,1.9747195108466675,True,0.08548475983447082
gh200,2,timing,1638400,34.16327,34.676381,34.676381,33.238698,36.145597,1.5019376072606727,True,0.08508842976682267
gh200,2,timing,1654784,34.24295,34.676381,34.676381,33.238698,36.145597,1.2657525125609803,True,0.08489043730169275
gh200,2,timing,1671168,34.32423,34.676381,34.676381,33.238698,36.145597,1.0259545516388968,True,0.08468941619375002
gh200,2,timing,1687552,34.45927,34.676381,34.676381,33.238698,36.145597,0.6300510718886487,True,0.08435753282063142
gh200,2,timing,1703936,34.60198,34.676381,34.676381,33.238698,36.145597,0.21501948732414178,True,0.08400961447870903
gh200,2,timing,1720320,34.937,35.794699,35.794699,34.31065,37.310281,2.454987549016807,True,0.08585828777513811
gh200,2,timing,1736704,34.93348,35.794699,35.794699,34.31065,37.310281,2.465311214342236,True,0.08586693910827092
gh200,2,timing,1753088,35.00655,35.794699,35.794699,34.31065,37.310281,2.251432946120091,True,0.08568770701483008
gh200,2,timing,1769472,35.06436,35.794699,35.794699,34.31065,37.310281,2.082852788415357,True,0.08554643518375923
gh200,2,timing,1785856,35.17646,35.794699,35.794699,34.31065,37.310281,1.757536147753358,True,0.08527381663760367
gh200,2,timing,1802240,35.39459,35.794699,35.794699,34.31065,37.310281,1.1304241693433914,True,0.08474829062859607
gh200,2,timing,1818624,35.45933,35.794699,35.794699,34.31065,37.310281,0.9457849316385936,True,0.08459356113045566
gh200,2,timing,1835008,35.49475,35.794699,35.794699,34.31065,37.310281,0.8450517330027774,True,0.08450914571873305
gh200,2,timing,1851392,35.92908,36.913017,36.913017,35.382603,38.474964,2.738553283301437,True,0.08606847155563126
gh200,2,timing,1867776,36.02241,36.913017,36.913017,35.382603,38.474964,2.4723692834543787,True,0.08584547785670087
gh200,2,timing,1884160,36.00641,36.913017,36.913017,35.382603,38.474964,2.517904450901942,True,0.08588362461017358
gh200,2,timing,1900544,36.17259,36.913017,36.913017,35.382603,38.474964,2.046928350997268,True,0.0854890678273245
gh200,2,timing,1916928,36.34655,36.913017,36.913017,35.382603,38.474964,1.5585165579676818,True,0.08507990442008939
gh200,2,timing,1933312,36.5763,36.913017,36.913017,35.382603,38.474964,0.9205879216869883,True,0.08454548437102714
gh200,2,timing,1949696,36.63945,36.913017,36.913017,35.382603,38.474964,0.7466460331691627,True,0.08439976582617915
gh200,2,timing,1966080,36.68447,36.913017,36.913017,35.382603,38.474964,0.6230075015394743,True,0.08429618855063191
gh200,2,timing,1982464,36.85886,38.031334,38.031334,36.454554,39.639647,3.1809828084753633,True,0.08641322601946995
gh200,2,timing,1998848,36.97832,38.031334,38.031334,36.454554,39.639647,2.8476523541361543,True,0.0861340645004965
gh200,2,timing,2015232,37.09388,38.031334,38.031334,36.454554,39.639647,2.5272470822680138,True,0.085865727715731
gh200,2,timing,2031616,37.1846,38.031334,38.031334,36.454554,39.639647,2.2771093409637233,True,0.08565623941093893
gh200,2,timing,2048000,37.39803,38.031334,38.031334,36.454554,39.639647,1.693415401827325,True,0.08516740052885138
gh200,2,timing,2064384,37.54396,38.031334,38.031334,36.454554,39.639647,1.2981422311338475,True,0.08483636249346099
gh200,2,timing,2080768,37.63626,38.031334,38.031334,36.454554,39.639647,1.0497164170935047,True,0.08462830791369812
gh200,2,timing,2097152,37.76905,38.031334,38.031334,36.454554,39.639647,0.6944416129079256,True,0.08433076818188437
gh200,2,timing,2113536,39.09122,39.149652,39.149652,37.526507,40.80433,0.1494760204465262,True,0.0838506191415873
gh200,2,timing,2129920,39.16066,39.149652,39.149652,37.526507,40.80433,-0.028109842888246472,True,0.0837019345434934
gh200,2,timing,2146304,39.27941,39.149652,39.149652,37.526507,40.80433,-0.33034610244909723,True,0.08344888581574927
gh200,2,timing,2162688,39.34709,39.149652,39.149652,37.526507,40.80433,-0.5017855195898813,True,0.08330534735859754
gh200,2,timing,2179072,39.58596,39.149652,39.149652,37.526507,40.80433,-1.102178651218766,True,0.08280266538944615
gh200,2,timing,2195456,39.68979,39.149652,39.149652,37.526507,40.80433,-1.3608991128448933,True,0.08258605046789111
gh200,2,timing,2211840,39.78292,39.149652,39.149652,37.526507,40.80433,-1.5918087460648933,True,0.08239272029303027
gh200,2,timing,2228224,39.91683,39.149652,39.149652,37.526507,40.80433,-1.9219411962322686,True,0.08211631534868877
gh200,2,timing,2244608,40.08531,40.26797,40.26797,38.598459,41.969014,0.45567815242042453,True,0.08408454368944633
gh200,2,timing,2260992,40.15134,40.26797,40.26797,38.598459,41.969014,0.2904759841141136,True,0.08394626430898695
gh200,2,timing,2277376,40.27761,40.26797,40.26797,38.598459,41.969014,-0.0239338928004873,True,0.08368309341095462
gh200,2,timing,2293760,40.48209,40.26797,40.26797,38.598459,41.969014,-0.5289252605287897,True,0.08326039984595657
gh200,2,timing,2310144,40.57921,40.26797,40.26797,38.598459,41.969014,-0.766993738912114,True,0.08306112908555884
gh200,2,timing,2326528,40.72832,40.26797,40.26797,38.598459,41.969014,-1.1302945959961064,True,0.08275703490838807
gh200,2,timing,2342912,40.89616,40.26797,40.26797,38.598459,41.969014,-1.536061087397933,True,0.08241739566746609
gh200,2,timing,2359296,40.97504,40.26797,40.26797,38.598459,41.969014,-1.725611494216972,True,0.08225873605004412
gh200,2,timing,2375680,41.05629,41.386288,41.386288,39.670412,43.133697,0.8037696538094385,True,0.08435455322436586
gh200,2,timing,2392064,41.14075,41.386288,41.386288,39.670412,43.133697,0.5968243165231479,True,0.08418137734484665
gh200,2,timing,2408448,41.29018,41.386288,41.386288,39.670412,43.133697,0.2327623662575551,True,0.0838767232305599
gh200,2,timing,2424832,41.39098,41.386288,41.386288,39.670412,43.133697,-0.01133580311458715,True,0.08367245713921245
gh200,2,timing,2441216,41.64621,41.386288,41.386288,39.670412,43.133697,-0.6241192175710619,True,0.08315966807063596
gh200,2,timing,2457600,41.93132,41.386288,41.386288,39.670412,43.133697,-1.299820754509995,True,0.08259422789456664
gh200,2,timing,2473984,41.99932,41.386288,41.386288,39.670412,43.133697,-1.459623632001661,True,0.08246050174145676
gh200,2,timing,2490368,42.12344,41.386288,41.386288,39.670412,43.133697,-1.7499805334037277,True,0.08221752544426571
gh200,2,timing,2506752,41.93464,42.504606,42.504606,40.742365,44.29838,1.3591770431318873,True,0.0847989871857729
gh200,2,timing,2523136,42.10488,42.504606,42.504606,40.742365,44.29838,0.9493578891567989,True,0.0844561248007357
gh200,2,timing,2539520,42.24312,42.504606,42.504606,40.742365,44.29838,0.6190025736735327,True,0.08417974335229027
gh200,2,timing,2555904,42.43671,42.504606,42.504606,40.742365,44.29838,0.159993552751847,True,0.08379572780265011
gh200,2,timing,2572288,42.65558,42.504606,42.504606,40.742365,44.29838,-0.3539372808903263,True,0.08336576363514457
gh200,2,timing,2588672,42.84712,42.504606,42.504606,40.742365,44.29838,-0.7993862831387477,True,0.08299309265126804
gh200,2,timing,2605056,42.97769,42.504606,42.504606,40.742365,44.29838,-1.1007664674392736,True,0.08274095234062138
gh200,2,timing,2621440,43.11336,42.504606,42.504606,40.742365,44.29838,-1.4119845913192597,True,0.08248058142534008
gh200,2,timing,2637824,43.00104,43.622924,43.622924,41.814317,45.463064,1.4462068824381946,True,0.08485252914813222
gh200,2,timing,2654208,43.07221,43.622924,43.622924,41.814317,45.463064,1.278583104976505,True,0.08471232379299785
gh200,2,timing,2670592,43.33319,43.622924,43.622924,41.814317,45.463064,0.6686191346632953,True,0.08420213236089935
gh200,2,timing,2686976,43.57523,43.622924,43.622924,41.814317,45.463064,0.1094520900979834,True,0.08373442894047833
gh200,2,timing,2703360,43.80978,43.622924,43.622924,41.814317,45.463064,-0.42651663623967107,True,0.08328612926154845
gh200,2,timing,2719744,43.96274,43.622924,43.622924,41.814317,45.463064,-0.7729636505822923,True,0.08299635100087029
gh200,2,timing,2736128,44.1578,43.622924,43.622924,41.814317,45.463064,-1.2112831708101401,True,0.08262972793028638
gh200,2,timing,2752512,44.18321,43.622924,43.622924,41.814317,45.463064,-1.2680970893694687,True,0.0825822071325284
gh200,2,timing,2768896,43.99109,44.741242,44.741242,42.88627,46.627747,1.7052362194253323,True,0.085050790966989
gh200,2,timing,2785280,44.19857,44.741242,44.741242,42.88627,46.627747,1.2278044289668166,True,0.08465153963125957
gh200,2,timing,2801664,44.39428,44.741242,44.741242,42.88627,46.627747,0.7815466316831721,True,0.08427835748209003
gh200,2,timing,2818048,44.55491,44.741242,44.741242,42.88627,46.627747,0.41820755557580025,True,0.08397451593999404
gh200,2,timing,2834432,44.76464,44.741242,44.741242,42.88627,46.627747,-0.05226893369409957,True,0.0835810809603294
gh200,2,timing,2850816,45.03586,44.741242,44.741242,42.88627,46.627747,-0.6541853536270903,True,0.08307772961369007
gh200,2,timing,2867200,45.09729,44.741242,44.741242,42.88627,46.627747,-0.7895108553086061,True,0.0829645639460819
gh200,2,timing,2883584,45.28941,44.741242,44.741242,42.88627,46.627747,-1.2103668385169963,True,0.08261262401077868
gh200,2,timing,2899968,45.05697,45.85956,45.85956,43.958222,47.792431,1.7812782350877132,True,0.08509691175416367
gh200,2,timing,2916352,45.23568,45.85956,45.85956,43.958222,47.792431,1.3791767914177466,True,0.0847607242778267
gh200,2,timing,2932736,45.39712,45.85956,45.85956,43.958222,47.792431,1.0186549278897061,True,0.08445930050188205
gh200,2,timing,2949120,45.62573,45.85956,45.85956,43.958222,47.792431,0.5124959096544757,True,0.08403611295643927
gh200,2,timing,2965504,45.86542,45.85956,45.85956,43.958222,47.792431,-0.012776510059209212,True,0.08359694514952659
gh200,2,timing,2981888,46.14381,45.85956,45.85956,43.958222,47.792431,-0.6160089511464295,True,0.08309259681851151
gh200,2,timing,2998272,46.29949,45.85956,45.85956,43.958222,47.792431,-0.9501832525585008,True,0.08281320161409986
gh200,2,timing,3014656,46.31901,45.85956,45.85956,43.958222,47.792431,-0.9919253455546673,True,0.08277830204056606
gh200,2,timing,3031040,46.13981,46.977877,46.977877,45.030174,48.957113,1.8163642199653607,True,0.08510956156949931
gh200,2,timing,3047424,46.32781,46.977877,46.977877,45.030174,48.957113,1.40318957446941,True,0.08476418375917187
gh200,2,timing,3063808,46.43978,46.977877,46.977877,45.030174,48.957113,1.1586984262199396,True,0.08455981057619136
gh200,2,timing,3080192,46.80876,46.977877,46.977877,45.030174,48.957113,0.36129348438198594,True,0.08389324989595964
gh200,2,timing,3096576,46.97195,46.977877,46.977877,45.030174,48.957113,0.01261816892847989,True,0.08360178787552996
gh200,2,timing,3112960,47.30217,46.977877,46.977877,45.030174,48.957113,-0.6855774269975301,True,0.08301815751793205
gh200,2,timing,3129344,47.37785,46.977877,46.977877,45.030174,48.957113,-0.8442193978831836,True,0.08288554672700428
gh200,2,timing,3145728,47.49638,46.977877,46.977877,45.030174,48.957113,-1.0916684597857773,True,0.08267870098731735
gh200,2,timing,3162112,47.30873,48.096195,48.096195,46.102126,50.121797,1.6645236513429973,True,0.08496679154143431
gh200,2,timing,3178496,47.43756,48.096195,48.096195,46.102126,50.121797,1.3884251213595267,True,0.08473604038656288
gh200,2,timing,3194880,47.65784,48.096195,48.096195,46.102126,50.121797,0.9197961972258861,True,0.08434438069371167
gh200,2,timing,3211264,47.87911,48.096195,48.096195,46.102126,50.121797,0.4534023293248257,True,0.0839545889637464
gh200,2,timing,3227648,48.15174,48.096195,48.096195,46.102126,50.121797,-0.11535408689280491,True,0.08347924706355367
gh200,2,timing,3244032,48.44167,48.096195,48.096195,46.102126,50.121797,-0.7131773120125695,True,0.0829796123874342
gh200,2,timing,3260416,48.45478,48.096195,48.096195,46.102126,50.121797,-0.7400405078714645,True,0.08295716129554194
gh200,2,timing,3276800,48.72995,48.096195,48.096195,46.102126,50.121797,-1.300545147286214,True,0.08248871587186114
gh200,2,timing,3293184,48.434,49.214513,49.214513,47.174079,51.28648,1.6114981211545532,True,0.08490731717388611
gh200,2,timing,3309568,48.65639,49.214513,49.214513,47.174079,51.28648,1.147070302585118,True,0.0845192378637215
gh200,2,timing,3325952,48.81701,49.214513,49.214513,47.174079,51.28648,0.8142715008559565,True,0.08424114873073955
gh200,2,timing,3342336,49.1018,49.214513,49.214513,47.174079,51.28648,0.229549629545156,True,0.08375255082298409
gh200,2,timing,3358720,49.43107,49.214513,49.214513,47.174079,51.28648,-0.4380989527436929,True,0.0831946587439843
gh200,2,timing,3375104,49.62513,49.214513,49.214513,47.174079,51.28648,-0.827437630893868,True,0.08286932447330617
gh200,2,timing,3391488,49.76064,49.214513,49.214513,47.174079,51.28648,-1.0975079902509344,True,0.08264365168936734
gh200,2,timing,3407872,49.90719,49.214513,49.214513,47.174079,51.28648,-1.3879302761786394,True,0.08240097268549883
gh200,2,timing,3424256,49.47218,50.332831,50.332831,48.246031,52.451164,1.7396666166722419,True,0.08499995350922478
gh200,2,timing,3440640,49.71332,50.332831,50.332831,48.246031,52.451164,1.246167023244471,True,0.08458765176013189
gh200,2,timing,3457024,49.93699,50.332831,50.332831,48.246031,52.451164,0.792680936516188,True,0.08420877990443557
gh200,2,timing,3473408,50.26018,50.332831,50.332831,48.246031,52.451164,0.1445498205537632,True,0.08366728889550336
gh200,2,timing,3489792,50.62209,50.332831,50.332831,48.246031,52.451164,-0.5714086478847524,True,0.08306913049224163
gh200,2,timing,3506176,50.86782,50.332831,50.332831,48.246031,52.451164,-1.0517238599963563,True,0.08266784383525773
gh200,2,timing,3522560,50.86369,50.332831,50.332831,48.246031,52.451164,-1.04368951603786,True,0.08267455625024453
gh200,2,timing,3538944,51.02432,50.332831,50.332831,48.246031,52.451164,-1.3552145329913223,True,0.0824142879317157
gh200,2,timing,3555328,50.58527,51.451149,51.451149,49.317984,53.615847,1.7117216138215818,True,0.08496273717625705
gh200,2,timing,3571712,50.78814,51.451149,51.451149,49.317984,53.615847,1.3054406008961905,True,0.08462335891804662
gh200,2,timing,3588096,50.98796,51.451149,51.451149,49.317984,53.615847,0.9084281857913101,True,0.08429172298715226
gh200,2,timing,3604480,51.32669,51.451149,51.451149,49.317984,53.615847,0.24248397860839876,True,0.08373544056708118
gh200,2,timing,3620864,51.58138,51.451149,51.451149,49.317984,53.615847,-0.25247676584069234,True,0.08332198556921122
gh200,2,timing,3637248,51.83579,51.451149,51.451149,49.317984,53.615847,-0.7420374995731671,True,0.08291304135617496
gh200,2,timing,3653632,51.90523,51.451149,51.451149,49.317984,53.615847,-0.8748270646329881,True,0.08280211839924416
gh200,2,timing,3670016,52.00602,51.451149,51.451149,49.317984,53.615847,-1.0669360970133823,True,0.08264164417888545
gh200,2,timing,3686400,51.82141,52.569467,52.569467,50.389936,54.780531,1.443528842615427,True,0.08472550245159288
gh200,2,timing,3702784,52.01979,52.569467,52.569467,50.389936,54.780531,1.0566690100056064,True,0.08440239762598042
gh200,2,timing,3719168,52.24922,52.569467,52.569467,50.389936,54.780531,0.6129220685016978,True,0.08403178076151184
gh200,2,timing,3735552,52.6783,52.569467,52.569467,50.389936,54.780531,-0.20659930179979247,True,0.08334731758617875
gh200,2,timing,3751936,52.87992,52.569467,52.569467,50.389936,54.780531,-0.5870905250991321,True,0.08302953181472286
gh200,2,timing,3768320,53.07221,52.569467,52.569467,50.389936,54.780531,-0.9472810723352154,True,0.08272870114133178
gh200,2,timing,3784704,53.18967,52.569467,52.569467,50.389936,54.780531,-1.166021522600158,True,0.08254600940370564
gh200,2,timing,3801088,53.31796,52.569467,52.569467,50.389936,54.780531,-1.4038290287175292,True,0.08234739288599939
gh200,2,timing,3817472,53.05303,53.687785,53.687785,51.461889,55.945214,1.1964538123458768,True,0.08450648341857195
gh200,2,timing,3833856,53.30934,53.687785,53.687785,51.461889,55.945214,0.7099037429463495,True,0.08410017831772068
gh200,2,timing,3850240,53.49123,53.687785,53.687785,51.461889,55.945214,0.3674527581437159,True,0.0838142065531116
gh200,2,timing,3866624,53.96916,53.687785,53.687785,51.461889,55.945214,-0.5213625707718994,True,0.08307198036804724
gh200,2,timing,3883008,54.11252,53.687785,53.687785,51.461889,55.945214,-0.7849107748077566,True,0.08285189822983664
gh200,2,timing,3899392,54.30833,53.687785,53.687785,51.461889,55.945214,-1.1426331835281966,True,0.0825531737028187
gh200,2,timing,3915776,54.44243,53.687785,53.687785,51.461889,55.945214,-1.3861339400170092,True,0.08234983265809406
gh200,2,timing,3932160,54.52722,53.687785,53.687785,51.461889,55.945214,-1.5394788144343363,True,0.0822217784071882
gh200,2,timing,3948544,54.25632,54.806103,54.806103,52.533841,57.109898,1.013306836880945,True,0.08434145552075777
gh200,2,timing,3964928,54.45744,54.806103,54.806103,52.533841,57.109898,0.6402486051492629,True,0.08402996909145931
gh200,2,timing,3981312,54.69999,54.806103,54.806103,52.533841,57.109898,0.19399089469669395,True,0.0836573644711818
gh200,2,timing,3997696,54.95503,54.806103,54.806103,52.533841,57.109898,-0.2709979414077246,True,0.08326912022429976
gh200,2,timing,4014080,55.19485,54.806103,54.806103,52.533841,57.109898,-0.70431752237754,True,0.08290731834582393
gh200,2,timing,4030464,55.41709,54.806103,54.806103,52.533841,57.109898,-1.1025245100383274,True,0.08257483386442702
gh200,2,timing,4046848,55.51181,54.806103,54.806103,52.533841,57.109898,-1.2712736262788016,True,0.08243393612998748
gh200,2,timing,4063232,55.59739,54.806103,54.806103,52.533841,57.109898,-1.423244868149387,True,0.08230704714735709
gh200,2,timing,4079616,55.26205,55.92442,55.92442,53.605793,58.27458,1.1985983147566825,True,0.08448450609414598
gh200,2,timing,4096000,55.5646,55.92442,55.92442,53.605793,58.27458,0.6475705755103034,True,0.08402448681354675
gh200,2,timing,4112384,55.83579,55.92442,55.92442,53.605793,58.27458,0.1587333142416325,True,0.08361638655063357
gh200,2,timing,4128768,56.1233,55.92442,55.92442,53.605793,58.27458,-0.35436262657398965,True,0.08318803420326318
gh200,2,timing,4145152,56.26058,55.92442,55.92442,53.605793,58.27458,-0.5975053936521757,True,0.08298504921207708
gh200,2,timing,4161536,56.50601,55.92442,55.92442,53.605793,58.27458,-1.0292533484491329,True,0.0826246093114697
gh200,2,timing,4177920,56.56393,55.92442,55.92442,53.605793,58.27458,-1.1305968308779057,True,0.08254000385051039
gh200,2,timing,4194304,56.71177,55.92442,55.92442,53.605793,58.27458,-1.3883361425679364,True,0.08232483309901983
gh200,2,legacy,270336,11.45919971,12.331856,12.331856,10.974599,13.689113,7.6153336365930135,True,0.23688512886560031
gh200,2,legacy,335872,12.30560057,13.477359,13.477359,11.994027,14.960691,9.522155569201951,True,0.24108242284675427
gh200,2,legacy,401408,13.86560034,14.622862,14.622862,13.013455,16.232269,5.461441563517622,True,0.23214386114348368
gh200,2,legacy,466944,15.24640061,15.768364,15.768364,14.032882,17.503846,3.423518792085578,True,0.22765792981481944
gh200,2,legacy,532480,18.05119962,18.282698,18.282698,16.270485,20.294911,1.2824542682665419,True,0.22294507205721104
gh200,2,legacy,598016,19.456001,19.428201,19.428201,17.289913,21.566489,-0.14288650581381068,True,0.2198075544917992
gh200,2,legacy,663552,20.53119987,20.573704,20.573704,18.309341,22.838067,0.2070221432216801,True,0.22057775622833098
gh200,2,legacy,729088,21.91999927,21.719206,21.719206,19.328768,24.109644,-0.9160277221122559,True,0.21810566419786195
gh200,2,legacy,794624,22.69760147,22.864709,22.864709,20.348196,25.381222,0.7362343118979764,True,0.22174263684435025
gh200,2,legacy,860160,23.77440035,24.010212,24.010212,21.367624,26.6528,0.9918721251785279,True,0.22230533356017956
gh200,2,legacy,925696,28.37119997,29.116324,29.084791,27.878935,30.32218,2.626339494938179,True,0.08611708361237849
gh200,2,legacy,991232,29.34400178,29.116324,29.084791,27.878935,30.32218,-0.7758920603500474,True,0.08326216097987164
gh200,2,legacy,1056768,29.87680212,30.234642,30.203109,28.950888,31.486863,1.1977181445415042,True,0.08488107227186736
gh200,2,legacy,1122304,30.2720014,30.234642,30.203109,28.950888,31.486863,-0.12341238858426529,True,0.08377295463523597
gh200,2,legacy,1187840,31.03039786,31.35296,31.321427,30.02284,32.651547,1.039503719724455,True,0.08471393154093448
gh200,2,legacy,1253376,31.45120293,31.35296,31.321427,30.02284,32.651547,-0.3123662081181977,True,0.08358049152684667
gh200,2,legacy,1318912,32.04480186,32.471278,32.439745,31.094793,33.81623,1.330874635653001,True,0.08492600490680643
gh200,2,legacy,1384448,32.37760067,32.471278,32.439745,31.094793,33.81623,0.2893275846928445,True,0.08405307816775913
gh200,2,legacy,1449984,33.07360038,33.589596,33.558063,32.166745,34.980914,1.5601434802121616,True,0.08508807531283354
gh200,2,legacy,1515520,33.41279924,33.589596,33.558063,32.166745,34.980914,0.5291288488883827,True,0.08422428123385212
gh200,2,legacy,1581056,34.02560204,34.707914,34.676381,33.238698,36.145597,2.0052898967015675,True,0.08543269848929322
gh200,2,legacy,1646592,34.20960158,34.707914,34.676381,33.238698,36.145597,1.4566449095722023,True,0.08497319073424883
gh200,2,legacy,1712128,35.00000015,35.826232,35.794699,34.31065,37.310281,2.360662418454318,True,0.08570374248984111
gh200,2,legacy,1777664,35.10399908,35.826232,35.794699,34.31065,37.310281,2.057409238058816,True,0.08544983701611925
gh200,2,legacy,1843200,36.00800037,36.94455,36.913017,35.382603,38.474964,2.6009487346603244,True,0.08587983137704018
gh200,2,legacy,1908736,36.13119945,36.94455,36.913017,35.382603,38.474964,2.25110309754748,True,0.08558700090428357
gh200,2,legacy,1974272,36.79839894,38.062867,38.031334,36.454554,39.639647,3.4362040100215374,True,0.0865552059803828
gh200,2,legacy,2039808,37.13119775,38.062867,38.031334,36.454554,39.639647,2.5091279206041817,True,0.08577943058677659
gh200,2,legacy,2105344,39.18240219,39.181185,39.149652,37.526507,40.80433,-0.0031064710991790534,True,0.08365548860698886
gh200,2,legacy,2170880,39.5231992,39.181185,39.149652,37.526507,40.80433,-0.8653504952099156,True,0.08293415174751338
gh200,2,legacy,2236416,40.04479945,40.299503,40.26797,38.598459,41.969014,0.6360465116525882,True,0.08416960619838988
gh200,2,legacy,2301952,40.43199867,40.299503,40.26797,38.598459,41.969014,-0.3277000256193374,True,0.08336355141653945
gh200,2,legacy,2367488,40.8032015,41.417821,41.386288,39.670412,43.133697,1.5063021464136739,True,0.08487777607352698
gh200,2,legacy,2433024,41.48159921,41.417821,41.386288,39.670412,43.133697,-0.15375060560496312,True,0.08348966929811866
gh200,2,legacy,2498560,41.73599929,42.536139,42.504606,40.742365,44.29838,1.9171452070436468,True,0.08520258435149115
gh200,2,legacy,2564096,42.44000092,42.536139,42.504606,40.742365,44.29838,0.2265270450422907,True,0.08378923004038427
gh200,2,legacy,2629632,42.86719859,43.654457,43.622924,41.814317,45.463064,1.8365053838242718,True,0.0851174585700866
gh200,2,legacy,2695168,43.71840134,43.654457,43.622924,41.814317,45.463064,-0.14626413144135375,True,0.08346021099041405
gh200,2,legacy,2760704,43.9343974,44.772775,44.741242,42.88627,46.627747,1.908248774569521,True,0.0851605398370617
gh200,2,legacy,2826240,44.63040084,44.772775,44.741242,42.88627,46.627747,0.3190071281465867,True,0.08383247583666559
gh200,2,legacy,2891776,44.94079947,45.891093,45.85956,43.958222,47.792431,2.1145452266249976,True,0.08531688455074117
gh200,2,legacy,2957312,45.64800113,45.891093,45.85956,43.958222,47.792431,0.5325356291236316,True,0.08399511271217848
gh200,2,legacy,3022848,46.01280019,47.00941,46.977877,45.030174,48.957113,2.1659403598231597,True,0.08534449074571743
gh200,2,legacy,3088384,46.64000124,47.00941,46.977877,45.030174,48.957113,0.7920427748256298,True,0.0841968030788157
gh200,2,legacy,3153920,47.30080068,48.127728,48.096195,46.102126,50.121797,1.7482311252918104,True,0.08498103503984913
gh200,2,legacy,3219456,48.15519974,48.127728,48.096195,46.102126,50.121797,-0.05704833569027956,True,0.08347324944560597
gh200,2,legacy,3284992,48.2367985,49.246046,49.214513,47.174079,51.28648,2.0922771232423365,True,0.08525443495177235
gh200,2,legacy,3350528,49.23520237,49.246046,49.214513,47.174079,51.28648,0.022024140204623954,True,0.08352562398536556
gh200,2,legacy,3416064,49.47200045,50.364364,50.332831,48.246031,52.451164,1.8037749472085363,True,0.08500026200173597
gh200,2,legacy,3481600,50.44320226,50.364364,50.332831,48.246031,52.451164,-0.1562911481980067,True,0.08336372021596553
gh200,2,legacy,3547136,50.38719624,51.482682,51.451149,49.317984,53.615847,2.1741351806559672,True,0.0852967285484349
gh200,2,legacy,3612672,51.48640275,51.482682,51.451149,49.317984,53.615847,-0.00722666529660021,True,0.08347569009373063
gh200,2,legacy,3678208,51.65600032,52.601,52.569467,50.389936,54.780531,1.8294093118822463,True,0.08499680526562302
gh200,2,legacy,3743744,52.68640071,52.601,52.569467,50.389936,54.780531,-0.1620925112536531,True,0.08333450265784914
gh200,2,legacy,3809280,52.8944023,53.719318,53.687785,51.461889,55.945214,1.559551983064944,True,0.08475991418850005
gh200,2,legacy,3874816,53.99360135,53.719318,53.687785,51.461889,55.945214,-0.5079923234274197,True,0.08303437607241584
gh200,2,legacy,3940352,53.97760123,54.837636,54.806103,52.533841,57.109898,1.5933178770493495,True,0.08477696110468673
gh200,2,legacy,4005888,55.05599827,54.837636,54.806103,52.533841,57.109898,-0.39661849182923703,True,0.08311641135918685
gh200,2,legacy,4071424,54.96320128,55.955953,55.92442,53.605793,58.27458,1.8062116050020505,True,0.08494386955766489
gh200,2,legacy,4136960,56.44000322,55.955953,55.92442,53.605793,58.27458,-0.8576367689300035,True,0.08272123907933399
gh200,2,timing,270336,11.39357,12.331856,12.331856,10.974599,13.689113,8.235223902604716,True,0.23824964431692613
gh200,2,timing,335872,12.62841,13.477359,13.477359,11.994027,14.960691,6.7225327654075295,True,0.23491983551373452
gh200,2,timing,401408,14.09175,14.622862,14.622862,13.013455,16.232269,3.7689570138556228,True,0.22841832987386237
gh200,2,timing,466944,15.57522,15.768364,15.768364,14.032882,17.503846,1.2400723713693829,True,0.2228516836359294
gh200,2,timing,532480,18.34634,18.282698,18.282698,16.270485,20.294911,-0.3468920776569018,True,0.21935852055505348
gh200,2,timing,598016,19.54854,19.428201,19.428201,17.289913,21.566489,-0.6155907295378626,True,0.2187670281258856
gh200,2,timing,663552,20.70305,20.573704,20.573704,18.309341,22.838067,-0.6247678482156016,True,0.21874680300728636
gh200,2,timing,729088,21.83582,21.719206,21.719206,19.328768,24.109644,-0.5340490991407654,True,0.2189464833470875
gh200,2,timing,794624,22.76125,22.864709,22.864709,20.348196,25.381222,0.4545400626064122,True,0.22112256576418254
gh200,2,timing,860160,23.70744,24.010212,24.010212,21.367624,26.6528,1.277118069264338,True,0.22293322265077967
gh200,2,timing,925696,28.68105,29.084791,29.084791,27.878935,30.32218,1.407692535663796,True,0.08518673479527424
gh200,2,timing,991232,29.45799,29.084791,29.084791,27.878935,30.32218,-1.2668854867558865,True,0.08293997655644529
gh200,2,timing,1056768,29.99686,30.203109,30.203109,28.950888,31.486863,0.6875686321835106,True,0.08454134866115987
gh200,2,timing,1122304,30.4522,30.203109,30.203109,28.950888,31.486863,-0.8179737424553912,True,0.08327723448552157
gh200,2,timing,1187840,31.28705,31.321427,31.321427,30.02284,32.651547,0.1098761308592433,True,0.08401901106048669
gh200,2,timing,1253376,31.53571,31.321427,31.321427,30.02284,32.651547,-0.6794931840760854,True,0.08335651868944761
gh200,2,timing,1318912,32.3827,32.439745,32.439745,31.094793,33.81623,0.17615887495483484,True,0.08403984226145442
gh200,2,timing,1384448,32.51646,32.439745,32.439745,31.094793,33.81623,-0.23592666606390145,True,0.08369413521644115
gh200,2,timing,1449984,33.28732,33.558063,33.558063,32.166745,34.980914,0.8133517507567412,True,0.08454177146132522
gh200,2,timing,1515520,33.34812,33.558063,33.558063,32.166745,34.980914,0.6295497317390097,True,0.08438763564482796
gh200,2,timing,1581056,34.28056,34.676381,34.676381,33.238698,36.145597,1.1546514992753831,True,0.08479730202773816
gh200,2,timing,1646592,34.45112,34.676381,34.676381,33.238698,36.145597,0.6538568267156375,True,0.08437748903373823
gh200,2,timing,1712128,35.06615,35.794699,35.794699,34.31065,37.310281,2.077641828372956,True,0.0855420683479652
gh200,2,timing,1777664,35.34549,35.794699,35.794699,34.31065,37.310281,1.270908961794004,True,0.0848660182671113
gh200,2,timing,1843200,35.99987,36.913017,36.913017,35.382603,38.474964,2.536528604131072,True,0.08589922685831922
gh200,2,timing,1908736,36.28629,36.913017,36.913017,35.382603,38.474964,1.727172990129322,True,0.08522119511253423
gh200,2,timing,1974272,37.05169,38.031334,38.031334,36.454554,39.639647,2.6439927571454858,True,0.08596350125999651
gh200,2,timing,2039808,37.45614,38.031334,38.031334,36.454554,39.639647,1.5356467591161271,True,0.0850352705858105
gh200,2,timing,2105344,39.18382,39.149652,39.149652,37.526507,40.80433,-0.08719925724444133,True,0.08365246165381528
gh200,2,timing,2170880,39.49704,39.149652,39.149652,37.526507,40.80433,-0.879529200162843,True,0.08298907968799688
gh200,2,timing,2236416,40.5767,40.26797,40.26797,38.598459,41.969014,-0.7608553677356689,True,0.08306626709416981
gh200,2,timing,2301952,40.91012,40.26797,40.26797,38.598459,41.969014,-1.5696605143177278,True,0.08238927189653807
gh200,2,timing,2367488,41.70658,41.386288,41.386288,39.670412,43.133697,-0.7679651508227248,True,0.083039294998535
gh200,2,timing,2433024,42.1664,41.386288,41.386288,39.670412,43.133697,-1.8500796842984002,True,0.08213376052971086
gh200,2,timing,2498560,42.5536,42.504606,42.504606,40.742365,44.29838,-0.11513479470597332,True,0.0835655502707174
gh200,2,timing,2564096,43.05406,42.504606,42.504606,40.742365,44.29838,-1.2761955550765758,True,0.08259418507801587
gh200,2,timing,2629632,43.67968,43.622924,43.622924,41.814317,45.463064,-0.12993684935420635,True,0.08353419713697537
gh200,2,timing,2695168,44.19707,43.622924,43.622924,41.814317,45.463064,-1.2990589647684736,True,0.08255630972822406
gh200,2,timing,2760704,44.62397,44.741242,44.741242,42.88627,46.627747,0.26280046351769837,True,0.08384455708445483
gh200,2,timing,2826240,45.24215,44.741242,44.741242,42.88627,46.627747,-1.1071710782975641,True,0.08269892124932171
gh200,2,timing,2891776,45.73497,45.85956,45.85956,43.958222,47.792431,0.27241736465553057,True,0.08383538898134185
gh200,2,timing,2957312,46.2914,45.85956,45.85956,43.958222,47.792431,-0.932873060654893,True,0.08282767425482919
gh200,2,timing,3022848,46.74679,46.977877,46.977877,45.030174,48.957113,0.4943376860742754,True,0.08400446319415729
gh200,2,timing,3088384,47.43376,46.977877,46.977877,45.030174,48.957113,-0.9610939550227515,True,0.08278784983522285
gh200,2,timing,3153920,47.8328,48.096195,48.096195,46.102126,50.121797,0.5506577076817676,True,0.08403587078322824
gh200,2,timing,3219456,48.55761,48.096195,48.096195,46.102126,50.121797,-0.950242402787127,True,0.08278148368504958
gh200,2,timing,3284992,49.05904,49.214513,49.214513,47.174079,51.28648,0.3169099925314445,True,0.08382554978654291
gh200,2,timing,3350528,49.64461,49.214513,49.214513,47.174079,51.28648,-0.8663518557200822,True,0.08283680746006465
gh200,2,timing,3416064,50.10632,50.332831,50.332831,48.246031,52.451164,0.4520607380466224,True,0.08392420357352126
gh200,2,timing,3481600,50.89611,50.332831,50.332831,48.246031,52.451164,-1.1067230874815426,True,0.0826218938932661
gh200,2,timing,3547136,51.22117,51.451149,51.451149,49.317984,53.615847,0.4489920866704189,True,0.08390794275101486
gh200,2,timing,3612672,51.93795,51.451149,51.451149,49.317984,53.615847,-0.9372741896821135,True,0.0827499545130295
gh200,2,timing,3678208,52.39137,52.569467,52.569467,50.389936,54.780531,0.3399357565950334,True,0.08380378295127613
gh200,2,timing,3743744,53.17311,52.569467,52.569467,50.389936,54.780531,-1.1352411021285036,True,0.08257171717057739
gh200,2,timing,3809280,53.4947,53.687785,53.687785,51.461889,55.945214,0.36094229895671237,True,0.08380876984075059
gh200,2,timing,3874816,54.31744,53.687785,53.687785,51.461889,55.945214,-1.1592133208045197,True,0.0825393280684804
gh200,2,timing,3940352,54.69888,54.806103,54.806103,52.533841,57.109898,0.1960241233458504,True,0.08365906212339265
gh200,2,timing,4005888,55.60663,54.806103,54.806103,52.533841,57.109898,-1.4396250950651002,True,0.08229337041284465
gh200,2,timing,4071424,55.66904,55.92442,55.92442,53.605793,58.27458,0.45874690851503974,True,0.08386684950917063
gh200,2,timing,4136960,56.64918,55.92442,55.92442,53.605793,58.27458,-1.2793830378480364,True,0.08241579136714777
gh200,4,legacy,262144,11.84159983,11.366635,11.277385,10.170566,12.473454,-4.010985312953275,True,0.19447439814388662
gh200,4,legacy,278528,11.54400036,11.366635,11.277385,10.170566,12.473454,-1.5364289195153757,True,0.19948786626683718
gh200,4,legacy,294912,11.6063999,11.366635,11.277385,10.170566,12.473454,-2.0657990597067077,True,0.19841535875392333
gh200,4,legacy,311296,11.45119965,11.366635,11.277385,10.193326,12.473454,-0.7384785226410839,True,0.1991169545279913
gh200,4,legacy,327680,11.67519949,11.366635,11.277385,10.302553,12.473454,-2.642905504649329,True,0.1859412339685855
gh200,4,legacy,344064,11.54719945,11.366635,11.277385,10.411779,12.473454,-1.5637077265518329,True,0.1785432917242977
gh200,4,legacy,360448,11.62880007,11.366635,11.277385,10.521006,12.473454,-2.254446446941105,True,0.167897632451084
gh200,4,legacy,376832,11.56480052,11.366635,11.277385,10.630233,12.473454,-1.7135230275463487,True,0.1593819968457182
gh200,4,legacy,393216,11.52000017,11.366635,11.277385,10.739459,12.473454,-1.3312948588263818,True,0.15052039708433443
gh200,4,legacy,409600,13.74879945,13.220474,13.131224,11.84246,14.509238,-3.8427024259198084,True,0.19396442647216008
gh200,4,legacy,425984,13.84000015,13.220474,13.131224,11.84246,14.509238,-4.476344965935574,True,0.19268626958793783
gh200,4,legacy,442368,13.74399941,13.220474,13.131224,11.84246,14.509238,-3.809119852108611,True,0.19403216781715504
gh200,4,legacy,458752,13.7904007,13.220474,13.131224,11.84246,14.509238,-4.132778389825898,True,0.1933792975283162
gh200,4,legacy,475136,13.83520104,13.220474,13.131224,11.84246,14.509238,-4.4432100279765745,True,0.1927531079808581
gh200,4,legacy,491520,13.80479895,13.220474,13.131224,11.84246,14.509238,-4.232766823453094,True,0.19317760509652332
gh200,4,legacy,507904,13.94880004,13.655649,13.566399,12.234924,14.987124,-2.101621925609032,True,0.19730729468540004
gh200,4,legacy,524288,13.80479895,13.655649,13.566399,12.234924,14.987124,-1.0804210227197908,True,0.1993654532723202
gh200,4,legacy,540672,14.18079995,13.655649,13.566399,12.234924,14.987124,-3.703253355604952,True,0.19407931919947857
gh200,4,legacy,557056,13.97279929,13.655649,13.566399,12.234924,14.987124,-2.269769166633462,True,0.19696840574885266
gh200,4,legacy,573440,14.24639951,13.655649,13.566399,12.234924,14.987124,-4.1466653352331795,True,0.19318565354482328
gh200,4,legacy,589824,14.26880062,13.655649,13.566399,12.234924,14.987124,-4.297148977893572,True,0.19288236434829376
gh200,4,legacy,606208,14.28479981,14.090825,14.001575,12.62739,15.46501,-1.357910594338252,True,0.19864611599341692
gh200,4,legacy,622592,14.23839945,14.090825,14.001575,12.62739,15.46501,-1.0364539253040816,True,0.1992934676376143
gh200,4,legacy,638976,14.33759928,14.090825,14.001575,12.62739,15.46501,-1.7211687618040261,True,0.19791458420506228
gh200,4,legacy,655360,14.41760082,14.090825,14.001575,12.62739,15.46501,-2.266506224438525,True,0.19681637988365389
gh200,4,legacy,671744,14.37759958,14.090825,14.001575,12.62739,15.46501,-1.9945928971267124,True,0.19736396080659244
gh200,4,legacy,688128,14.36959952,14.090825,14.001575,12.705539,15.46501,-1.940029849906355,True,0.19203534490709315
gh200,4,legacy,704512,14.54399992,14.526,14.43675,13.019855,15.942895,-0.12376182686337778,True,0.20097909901528657
gh200,4,legacy,720896,14.56640102,14.526,14.43675,13.019855,15.942895,-0.27735759810902927,True,0.20067002109763415
gh200,4,legacy,737280,14.50079959,14.526,14.43675,13.033219,15.942895,0.17378634773614898,True,0.20065624532915843
gh200,4,legacy,753664,14.64159973,14.526,14.43675,13.142446,15.942895,-0.7895293692747218,True,0.1912666000738978
gh200,4,legacy,770048,14.58079927,14.526,14.43675,13.251673,15.942895,-0.37583172901055617,True,0.1845730093505361
gh200,4,legacy,786432,14.5855993,14.526,14.43675,13.360899,15.942895,-0.408617423077029,True,0.1770236482500928
gh200,4,legacy,802816,16.66720025,16.379839,16.290589,14.691749,17.978679,-1.7241123025446337,True,0.19720948633829488
gh200,4,legacy,819200,16.79040119,16.379839,16.290589,14.691749,17.978679,-2.4452196546948746,True,0.1957624456262322
gh200,4,legacy,835584,16.58399962,16.379839,16.290589,14.691749,17.978679,-1.2310698545469512,True,0.19819887091869096
gh200,4,legacy,851968,16.95200056,16.379839,16.290589,14.691749,17.978679,-3.3751860612255546,True,0.19389628901711176
gh200,4,legacy,868352,16.87039994,16.379839,16.290589,14.691749,17.978679,-2.907820453247645,True,0.19483414807533012
gh200,4,legacy,884736,16.83519967,16.379839,16.290589,14.691749,17.978679,-2.704813004454265,True,0.19524152159936928
gh200,4,legacy,901120,16.84319973,16.815015,16.725765,15.084214,18.456566,-0.16733596022017183,True,0.20022038888450566
gh200,4,legacy,917504,16.92000031,16.815015,16.725765,15.084214,18.456566,-0.6204805441874073,True,0.1993115802726602
gh200,4,legacy,933888,16.95040055,16.815015,16.725765,15.084214,18.456566,-0.798715933588956,True,0.1989541185208157
gh200,4,legacy,950272,16.98399894,16.815015,16.725765,15.084214,18.456566,-0.9949596711408937,True,0.19856053994784342
gh200,4,legacy,966656,16.97440073,16.815015,16.725765,15.084214,18.456566,-0.9389770663202679,True,0.19867281641582876
gh200,4,legacy,983040,17.17280038,16.815015,16.725765,15.084214,18.456566,-2.083442258006396,True,0.19637752290695407
gh200,4,legacy,999424,17.16800034,17.25019,17.16094,15.476679,18.934451,0.47873752546769843,True,0.20140796432439959
gh200,4,legacy,1015808,17.1360001,17.25019,17.16094,15.476679,18.934451,0.6663742958311403,True,0.20178407912124136
gh200,4,legacy,1032192,17.17280038,17.25019,17.16094,15.476679,18.934451,0.4506523006587049,True,0.20135166795667367
gh200,4,legacy,1048576,17.08799973,17.25019,17.16094,15.476679,18.934451,0.9491471943041674,True,0.20235089271036638
gh200,4,legacy,1064960,17.27360114,17.25019,17.16094,15.476679,18.934451,-0.13553132210392116,True,0.2001766725985662
gh200,4,legacy,1081344,17.26880111,17.25019,17.16094,15.476679,18.934451,-0.10777302883651085,True,0.20023231363743468
gh200,4,legacy,1097728,17.37600006,17.685365,17.596115,15.869144,19.412336,1.780415164202065,True,0.20391298272129496
gh200,4,legacy,1114112,17.35039987,17.685365,17.596115,15.869144,19.412336,1.9305902602231972,True,0.2042138525075964
gh200,4,legacy,1130496,17.41440035,17.685365,17.596115,15.869144,19.412336,1.555980364262144,True,0.2034633365943031
gh200,4,legacy,1146880,17.47359894,17.685365,17.596115,15.869144,19.412336,1.2119201128923285,True,0.2027740256696083
gh200,4,legacy,1163264,17.56159961,17.685365,17.596115,15.873113,19.412336,0.7047500953701658,True,0.201531926396083
gh200,4,legacy,1179648,17.34559983,17.685365,17.596115,15.982339,19.412336,1.9587974663888952,True,0.19774450198416688
gh200,4,legacy,1196032,19.61600035,19.539204,19.449954,17.541038,21.44812,-0.39149851462967344,True,0.19917832026343738
gh200,4,legacy,1212416,19.50239949,19.539204,19.449954,17.541038,21.44812,0.18871785504586125,True,0.20033852767724225
gh200,4,legacy,1228800,19.39840056,19.539204,19.449954,17.541038,21.44812,0.7258507708637563,True,0.20141258491468125
gh200,4,legacy,1245184,19.39360052,19.539204,19.449954,17.541038,21.44812,0.7507810622882749,True,0.20146243581591522
gh200,4,legacy,1261568,19.4032006,19.539204,19.449954,17.541038,21.44812,0.700932814146138,True,0.20136275867807085
gh200,4,legacy,1277952,19.42719892,19.539204,19.449954,17.541038,21.44812,0.5765374641049981,True,0.20111401628660527
gh200,4,legacy,1294336,20.00319958,19.97438,19.88513,17.933503,21.926007,-0.14407485104941387,True,0.1995932692683757
gh200,4,legacy,1310720,20.12960054,19.97438,19.88513,17.933503,21.926007,-0.7711059128647668,True,0.19833995175743316
gh200,4,legacy,1327104,19.70559917,19.97438,19.88513,17.933503,21.926007,1.363982021968635,True,0.20260759216488217
gh200,4,legacy,1343488,19.69760098,19.97438,19.88513,17.933503,21.926007,1.4051407594307008,True,0.20268986076293236
gh200,4,legacy,1359872,19.61760037,19.97438,19.88513,17.933503,21.926007,1.8186711079383633,True,0.20351643038388592
gh200,4,legacy,1376256,19.75839958,19.97438,19.88513,17.933503,21.926007,1.0931068537485267,True,0.20206616349845075
gh200,4,legacy,1392640,20.67040093,20.409555,20.320305,18.325968,22.403892,-1.2619297075240565,True,0.19728325608244504
gh200,4,legacy,1409024,20.94880119,20.409555,20.320305,18.325968,22.403892,-2.5741147911481077,True,0.19466144926453424
gh200,4,legacy,1425408,20.29919997,20.409555,20.320305,18.325968,22.403892,0.5436422625674675,True,0.20089087284359614
gh200,4,legacy,1441792,20.11680044,20.409555,20.320305,18.325968,22.403892,1.4552739680107951,True,0.2027123553848805
gh200,4,legacy,1458176,20.20799927,20.409555,20.320305,18.325968,22.403892,0.9974056674636911,True,0.20179751322803766
gh200,4,legacy,1474560,20.36640048,20.409555,20.320305,18.325968,22.403892,0.21189075625993592,True,0.20022801790648084
gh200,4,legacy,1490944,21.50239982,20.84473,20.75548,18.718433,22.881777,-3.0585879971791963,True,0.19362229494623917
gh200,4,legacy,1507328,21.41119912,20.84473,20.75548,18.718433,22.881777,-2.645667423039677,True,0.19444702637467232
gh200,4,legacy,1523712,20.46399936,20.84473,20.75548,18.718433,22.881777,1.8604898939949877,True,0.2034472307567547
gh200,4,legacy,1540096,20.62879875,20.84473,20.75548,18.718433,22.881777,1.0467466022470173,True,0.20182193110008406
gh200,4,legacy,1556480,20.47519945,20.84473,20.75548,18.718433,22.881777,1.8047714304438633,True,0.20333594357245685
gh200,4,legacy,1572864,20.5343999,20.84473,20.75548,18.718433,22.881777,1.511269389469727,True,0.2027497282742604
gh200,4,legacy,1589248,23.11359905,22.69857,22.60932,20.390328,24.917562,-1.795605474950912,True,0.19586884717548997
gh200,4,legacy,1605632,22.39679918,22.69857,22.60932,20.390328,24.917562,1.3473836934229322,True,0.20213754490609315
gh200,4,legacy,1622016,22.65439928,22.69857,22.60932,20.390328,24.917562,0.19497634633371952,True,0.19983906631312803
gh200,4,legacy,1638400,22.50880003,22.69857,22.60932,20.390328,24.917562,0.8430923449809447,True,0.20113173487551747
gh200,4,legacy,1654784,22.41120115,22.69857,22.60932,20.390328,24.917562,1.2822554582265333,True,0.2020076465200974
gh200,4,legacy,1671168,22.52000012,22.69857,22.60932,20.390328,24.917562,0.7929390721513219,True,0.20103170407976004
gh200,4,legacy,1687552,23.72960001,23.133745,23.044495,20.782793,25.395447,-2.511020032992106,True,0.19438397604916058
gh200,4,legacy,1703936,22.74719998,23.133745,23.044495,20.782793,25.395447,1.6993081361216467,True,0.20277897956915925
gh200,4,legacy,1720320,22.7760002,23.133745,23.044495,20.782793,25.395447,1.570709504999046,True,0.20252256583664766
gh200,4,legacy,1736704,22.84799889,23.133745,23.044495,20.782793,25.395447,1.2506395478033117,True,0.20188437605443177
gh200,4,legacy,1753088,22.83680066,23.133745,23.044495,20.782793,25.395447,1.3002887069033076,True,0.20198337186869328
gh200,4,legacy,1769472,22.86400087,23.133745,23.044495,20.782793,25.395447,1.1797765908674984,True,0.20174308189658496
gh200,4,legacy,1785856,24.36639927,23.56892,23.47967,21.175257,25.873333,-3.272864657445962,True,0.1928096124479208
gh200,4,legacy,1802240,23.40799943,23.56892,23.47967,21.175257,25.873333,0.6874597313675679,True,0.2007038668148156
gh200,4,legacy,1818624,23.25120009,23.56892,23.47967,21.175257,25.873333,1.36646671470797,True,0.20205735539734887
gh200,4,legacy,1835008,23.32320064,23.56892,23.47967,21.175257,25.873333,1.0535404801113923,True,0.20143358849053747
gh200,4,legacy,1851392,23.31360057,23.56892,23.47967,21.175257,25.873333,1.0951522877532316,True,0.2015165347752203
gh200,4,legacy,1867776,23.37120101,23.56892,23.47967,21.175257,25.873333,0.845994135754502,True,0.20101987903787233
gh200,4,legacy,1884160,25.77120066,24.004096,23.914846,21.567723,26.351219,-6.856896903304777,True,0.1856140139960402
gh200,4,legacy,1900544,23.8992013,24.004096,23.914846,21.567723,26.351219,0.43890462565374655,True,0.2001529649444812
gh200,4,legacy,1916928,23.87199923,24.004096,23.914846,21.567723,26.351219,0.5533544498191656,True,0.2003810386349447
gh200,4,legacy,1933312,23.90079945,24.004096,23.914846,21.567723,26.351219,0.4321886814543374,True,0.20013958152349587
gh200,4,legacy,1949696,23.77760038,24.004096,23.914846,21.567723,26.351219,0.9525587796088697,True,0.2011765663293564
gh200,4,legacy,1966080,23.83999899,24.004096,23.914846,21.567723,26.351219,0.6883264133896505,True,0.20065000850069245
gh200,4,legacy,1982464,25.63999966,25.857935,25.768685,23.239617,28.387003,0.8499818365442113,True,0.20075608690550192
gh200,4,legacy,1998848,25.68640187,25.857935,25.768685,23.239617,28.387003,0.6677974239760687,True,0.20039342318364187
gh200,4,legacy,2015232,25.71680024,25.857935,25.768685,23.239617,28.387003,0.5488037340682705,True,0.20015654949147746
gh200,4,legacy,2031616,25.6240014,25.857935,25.768685,23.239617,28.387003,0.9129471870853001,True,0.20088142830026537
gh200,4,legacy,2048000,25.71680024,25.857935,25.768685,23.239617,28.387003,0.5488037340682705,True,0.20015654949147746
gh200,4,legacy,2064384,25.48160031,25.857935,25.768685,23.239617,28.387003,1.4768879717978578,True,0.2020040318260529
gh200,4,legacy,2080768,26.04480088,26.29311,26.20386,23.632082,28.864888,0.9533922764242808,True,0.20091556944934494
gh200,4,legacy,2097152,25.87040141,26.29311,26.20386,23.632082,28.864888,1.6339467768621718,True,0.20226999639740031
gh200,4,legacy,2113536,26.01760067,26.29311,26.20386,23.632082,28.864888,1.0589344247937449,True,0.2011256174760868
gh200,4,legacy,2129920,26.02719888,26.29311,26.20386,23.632082,28.864888,1.0216663008032478,True,0.20105144714673961
gh200,4,legacy,2146304,26.00960061,26.29311,26.20386,23.632082,28.864888,1.0900182369236289,True,0.20118747990263738
gh200,4,legacy,2162688,25.99200048,26.29311,26.20386,23.632082,28.864888,1.1584699693726774,True,0.20132371127133805
gh200,4,legacy,2179072,26.48960054,26.728285,26.639035,24.024546,29.342774,0.9010496766064024,True,0.20076663640017273
gh200,4,legacy,2195456,26.76000074,26.728285,26.639035,24.024546,29.342774,-0.1185192044953487,True,0.19873796161935384
gh200,4,legacy,2211840,26.5183989,26.728285,26.639035,24.024546,29.342774,0.7914735003099915,True,0.20054860853609074
gh200,4,legacy,2228224,26.43680014,26.728285,26.639035,24.024546,29.342774,1.1025723932412301,True,0.20116761377460712
gh200,4,legacy,2244608,26.54879913,26.728285,26.639035,24.024546,29.342774,0.6760602207320998,True,0.20031896636674731
gh200,4,legacy,2260992,26.77280083,26.728285,26.639035,24.024546,29.342774,-0.16627259240699077,True,0.19864294489655004
gh200,4,legacy,2277376,27.96160057,27.163461,27.074211,24.417012,29.82066,-2.854413029761693,True,0.19325245657781026
gh200,4,legacy,2293760,27.88160183,27.163461,27.074211,24.417012,29.82066,-2.575679956907273,True,0.19380694240406918
gh200,4,legacy,2310144,27.72960067,27.163461,27.074211,24.417012,29.82066,-2.041643789744496,True,0.19486930462168822
gh200,4,legacy,2326528,27.56479941,27.163461,27.074211,24.417012,29.82066,-1.455981609118484,True,0.19603436686136944
gh200,4,legacy,2342912,27.48799883,27.163461,27.074211,24.417012,29.82066,-1.1806528078202705,True,0.19658208054427512
gh200,4,legacy,2359296,27.69599855,27.163461,27.074211,24.417012,29.82066,-1.9227959917697102,True,0.19510572945202587
gh200,4,legacy,2375680,28.85279991,29.0173,28.92805,26.088906,31.856444,0.5701356211983644,True,0.19989526208862132
gh200,4,legacy,2392064,29.12000194,29.0173,28.92805,26.088906,31.856444,-0.3526852100202871,True,0.19806104449730677
gh200,4,legacy,2408448,28.94560061,29.0173,28.92805,26.088906,31.856444,0.24770392905659744,True,0.1992543902511892
gh200,4,legacy,2424832,29.01920117,29.0173,28.92805,26.088906,31.856444,-0.0065514208639316784,True,0.19874902710838474
gh200,4,legacy,2441216,29.02239934,29.0173,28.92805,26.088906,31.856444,-0.017570359846064143,True,0.1987271256395027
gh200,4,legacy,2457600,28.99360098,29.0173,28.92805,26.088906,31.856444,0.08173879476491841,True,0.19892451454989982
gh200,4,legacy,2473984,29.76160124,29.452475,29.363225,26.481371,32.334329,-1.03867475915419,True,0.1966613944189785
gh200,4,legacy,2490368,30.2799996,30.378558,30.195753,28.615126,31.959185,0.3254900967700092,True,0.11043788124752815
gh200,4,legacy,2506752,30.48320115,30.378558,30.195753,28.615126,31.959185,-0.3432813682692881,True,0.10970170040688132
gh200,4,legacy,2523136,30.38400039,30.378558,30.195753,28.615126,31.959185,-0.017912025836441803,True,0.11005986562258598
gh200,4,legacy,2539520,30.27519956,30.378558,30.195753,28.615126,31.959185,0.34139639540660127,True,0.1104553908347549
gh200,4,legacy,2555904,30.39999865,30.378558,30.195753,28.615126,31.959185,-0.07052845707939959,True,0.1100019456744285
gh200,4,legacy,2572288,30.54239973,30.378558,30.195753,28.615126,31.959185,-0.536440264839666,True,0.1094890718988046
gh200,4,legacy,2588672,30.47519922,30.378558,30.195753,28.615126,31.959185,-0.31711431745645724,True,0.1097305049873272
gh200,4,legacy,2605056,30.43839894,30.378558,30.195753,28.615126,31.959185,-0.19659687133333215,True,0.10986317008958948
gh200,4,legacy,2621440,30.60160019,30.378558,30.195753,28.615126,31.959185,-0.7288579310074206,True,0.10927725933406492
gh200,4,legacy,2637824,30.48959933,30.378558,30.195753,28.615126,31.959185,-0.36419412665336104,True,0.10967867972963617
gh200,4,legacy,2654208,30.2543994,30.378558,30.195753,28.615126,31.959185,0.4103819691095856,True,0.11053132986669038
gh200,4,legacy,2670592,30.37920035,30.378558,30.195753,28.615126,31.959185,-0.0021144401189054918,True,0.11007725553908465
gh200,4,legacy,2686976,30.36800027,30.378558,30.195753,28.615126,31.959185,0.034765970449601724,True,0.11011785334128621
gh200,4,legacy,2703360,30.28959967,30.378558,30.195753,28.615126,31.959185,0.29369265678378387,True,0.11040287875815295
gh200,4,legacy,2719744,30.24159931,30.378558,30.195753,28.615126,31.959185,0.45288176923470314,True,0.11057811346948898
gh200,4,legacy,2736128,30.31679988,30.378558,30.195753,28.615126,31.959185,0.20370923133197216,True,0.11030382537855113
gh200,4,legacy,2752512,30.27360141,30.378558,30.195753,28.615126,31.959185,0.3466934395368382,True,0.11046122179885039
gh200,4,legacy,2768896,32.47680143,31.809879,31.627074,29.971523,33.46543,-2.0535348329714043,True,0.10758162276327345
gh200,4,legacy,2785280,32.45120123,31.809879,31.627074,29.971523,33.46543,-1.9762665346487185,True,0.10766649207333517
gh200,4,legacy,2801664,32.47839957,31.809879,31.627074,29.971523,33.46543,-2.0583544104725737,True,0.10757632907587263
gh200,4,legacy,2818048,32.39200264,31.809879,31.627074,29.971523,33.46543,-1.797121488503317,True,0.1078632599172942
gh200,4,legacy,2834432,32.40799904,31.809879,31.627074,29.971523,33.46543,-1.8455938586697695,True,0.10781001923900328
gh200,4,legacy,2850816,32.42399916,31.809879,31.627074,29.971523,33.46543,-1.8940296567661274,True,0.10775681873043819
gh200,4,legacy,2867200,32.63520077,31.809879,31.627074,29.971523,33.46543,-2.5289311863485597,True,0.107059460875503
gh200,4,legacy,2883584,32.54719824,31.809879,31.627074,29.971523,33.46543,-2.2653846717099135,True,0.10734893290157439
gh200,4,legacy,2899968,32.50399977,31.809879,31.627074,29.971523,33.46543,-2.1354934005403448,True,0.10749160179433512
gh200,4,legacy,2916352,32.53279999,31.809879,31.627074,29.971523,33.46543,-2.2221296360049436,True,0.10739644300748673
gh200,4,legacy,2932736,32.61920065,31.809879,31.627074,29.971523,33.46543,-2.4811204256165675,True,0.10711197486073282
gh200,4,legacy,2949120,32.51520172,31.809879,31.627074,29.971523,33.46543,-2.169209116627302,True,0.10745456940686635
gh200,4,legacy,2965504,32.5823985,31.809879,31.627074,29.971523,33.46543,-2.370971860773219,True,0.10723295892412588
gh200,4,legacy,2981888,32.59360045,31.809879,31.627074,29.971523,33.46543,-2.4045255485114603,True,0.10719610450400549
gh200,4,legacy,2998272,32.50399977,31.809879,31.627074,29.971523,33.46543,-2.1354934005403448,True,0.10749160179433512
gh200,4,legacy,3014656,32.61440247,31.809879,31.627074,29.971523,33.46543,-2.466773600221661,True,0.10712773300733723
gh200,4,legacy,3031040,32.4943997,31.809879,31.627074,29.971523,33.46543,-2.106580537938063,True,0.10752335886358903
gh200,4,legacy,3047424,32.52159804,31.809879,31.627074,29.971523,33.46543,-2.188450392642516,True,0.10743343533434804
gh200,4,legacy,3063808,32.4815996,31.809879,31.627074,29.971523,33.46543,-2.068003448943445,True,0.10756573084534912
gh200,4,legacy,3080192,32.48479962,31.809879,31.627074,29.971523,33.46543,-2.077650556244981,True,0.10755513473596733
gh200,4,legacy,3096576,32.55200014,31.809879,31.627074,29.971523,33.46543,-2.2798019685680626,True,0.10733309735111105
gh200,4,legacy,3112960,32.42079914,31.809879,31.627074,29.971523,33.46543,-1.8843463338516608,True,0.10776745461802334
gh200,4,legacy,3129344,32.56959841,31.809879,31.627074,29.971523,33.46543,-2.332602939822359,True,0.10727510226000359
gh200,4,legacy,3145728,32.46400133,31.809879,31.627074,29.971523,33.46543,-2.014915916712734,True,0.10762404068691553
gh200,4,legacy,3162112,33.89599919,33.200306,33.017501,31.289166,34.928641,-2.0524345250906184,True,0.1073718163491613
gh200,4,legacy,3178496,34.2207998,33.200306,33.017501,31.289166,34.928641,-2.982086350886526,True,0.10635271592921682
gh200,4,legacy,3194880,34.02560204,33.200306,33.017501,31.289166,34.928641,-2.425514878560542,True,0.10696283920917804
gh200,4,legacy,3211264,34.14880112,33.200306,33.017501,31.289166,34.928641,-2.7775356349025615,True,0.10657694796402269
gh200,4,legacy,3227648,34.15519744,33.200306,33.017501,31.289166,34.928641,-2.7957427026368387,True,0.10655698906128178
gh200,4,legacy,3244032,34.17120129,33.200306,33.017501,31.289166,34.928641,-2.841267656235791,True,0.10650708381929408
gh200,4,legacy,3260416,34.0944007,33.200306,33.017501,31.289166,34.928641,-2.622409198117981,True,0.10674700024863612
gh200,4,legacy,3276800,34.0944007,33.200306,33.017501,31.289166,34.928641,-2.622409198117981,True,0.10674700024863612
gh200,4,legacy,3293184,34.07359868,33.200306,33.017501,31.289166,34.928641,-2.5629599274249792,True,0.10681216956799584
gh200,4,legacy,3309568,34.33439881,33.200306,33.017501,31.289166,34.928641,-3.3030804362582655,True,0.10600083665772506
gh200,4,legacy,3325952,34.35359895,33.200306,33.017501,31.289166,34.928641,-3.357124101258091,True,0.10594159305687535
gh200,4,legacy,3342336,34.44159776,33.200306,33.017501,31.289166,34.928641,-3.604048129966886,True,0.10567091066335013
gh200,4,legacy,3358720,34.19680148,33.200306,33.017501,31.289166,34.928641,-2.9140020027393465,True,0.10642735116992001
gh200,4,legacy,3375104,34.31519866,33.200306,33.017501,31.289166,34.928641,-3.2489762657256227,True,0.10606014658578697
gh200,4,legacy,3391488,34.63999927,33.200306,33.017501,31.289166,34.928641,-4.156158488279305,True,0.1050656777337744
gh200,4,legacy,3407872,34.13759917,33.200306,33.017501,31.289166,34.928641,-2.7456329466299723,True,0.10661192024301339
gh200,4,legacy,3424256,34.14719924,33.200306,33.017501,31.289166,34.928641,-2.7729748297799284,True,0.10658194759752718
gh200,4,legacy,3440640,34.37759727,33.200306,33.017501,31.289166,34.928641,-3.4245885794566,True,0.10586763732833733
gh200,4,legacy,3457024,34.14719924,33.200306,33.017501,31.289166,34.928641,-2.7729748297799284,True,0.10658194759752718
gh200,4,legacy,3473408,34.20960158,33.200306,33.017501,31.289166,34.928641,-2.9503283680160197,True,0.10638752957964148
gh200,4,legacy,3489792,34.47999805,33.200306,33.017501,31.289166,34.928641,-3.7114040672052706,True,0.10555322522705306
gh200,4,legacy,3506176,34.26880017,33.200306,33.017501,31.289166,34.928641,-3.1179795169350433,True,0.10620374748883424
gh200,4,legacy,3522560,34.29279849,33.200306,33.017501,31.289166,34.928641,-3.185778175317422,True,0.10612942542619536
gh200,4,legacy,3538944,34.20000151,33.200306,33.017501,31.289166,34.928641,-2.923086157489463,True,0.10641739296227301
gh200,4,legacy,3555328,39.13279995,39.21555,39.032745,36.989536,41.258759,0.21145956871406746,True,0.10909577146165848
gh200,4,legacy,3571712,39.01439905,39.21555,39.032745,36.989536,41.258759,0.5155813107417195,True,0.10942685531382033
gh200,4,legacy,3588096,39.1440019,39.21555,39.032745,36.989536,41.258759,0.1827817712220181,True,0.10906455121544432
gh200,4,legacy,3604480,39.27680105,39.21555,39.032745,36.989536,41.258759,-0.15594714529330034,True,0.10869579206731246
gh200,4,legacy,3620864,39.29919749,39.21555,39.032745,36.989536,41.258759,-0.21284783237948135,True,0.10863384681293654
gh200,4,legacy,3637248,39.43520039,39.21555,39.032745,36.989536,41.258759,-0.5569906779418821,True,0.10825919376036927
gh200,4,legacy,3653632,39.35360163,39.21555,39.032745,36.989536,41.258759,-0.3507979556685914,True,0.10848366663206474
gh200,4,legacy,3670016,39.20320049,39.21555,39.032745,36.989536,41.258759,0.031501280113976904,True,0.10889985885435549
gh200,4,legacy,3686400,39.36640173,39.21555,39.032745,36.989536,41.258759,-0.38319918349315474,True,0.10844839285238886
gh200,4,legacy,3702784,39.2735973,39.21555,39.032745,36.989536,41.258759,-0.14780235066472747,True,0.1087046589439873
gh200,4,legacy,3719168,39.36640173,39.21555,39.032745,36.989536,41.258759,-0.38319918349315474,True,0.10844839285238886
gh200,4,legacy,3735552,39.4096002,39.21555,39.032745,36.989536,41.258759,-0.49239322148719733,True,0.10832951814619017
gh200,4,legacy,3751936,39.46080059,39.21555,39.032745,36.989536,41.258759,-0.6215043443952517,True,0.10818896059300658
gh200,4,legacy,3768320,39.54559937,39.21555,39.032745,36.989536,41.258759,-0.8346045457851337,True,0.10795696785515684
gh200,4,legacy,3784704,38.95200044,39.21555,39.032745,36.989536,41.258759,0.6766008344191832,True,0.10960215012772269
gh200,4,legacy,3801088,39.08959776,39.21555,39.032745,36.989536,41.258759,0.3222142135442585,True,0.10921634513130381
gh200,4,legacy,3817472,39.09280151,39.21555,39.032745,36.989536,41.258759,0.31399256450987956,True,0.109207394586646
gh200,4,legacy,3833856,39.28960115,39.21555,39.032745,36.989536,41.258759,-0.18847518893687631,True,0.10866038022887894
gh200,4,legacy,3850240,39.02400285,39.21555,39.032745,36.989536,41.258759,0.4908444444724491,True,0.10939992538464054
gh200,4,legacy,3866624,39.42880034,39.21555,39.032745,36.989536,41.258759,-0.5408491715728547,True,0.10827676630244641
gh200,4,legacy,3883008,39.31520134,39.21555,39.032745,36.989536,41.258759,-0.2534677086814652,True,0.10858962575517614
gh200,4,legacy,3899392,39.28480297,39.21555,39.032745,36.989536,41.258759,-0.17628437656384,True,0.10867365182562351
gh200,4,legacy,3915776,39.21439871,39.21555,39.032745,36.989536,41.258759,0.0029358858936401333,True,0.10886876097659792
gh200,4,legacy,3932160,39.19520229,39.21555,39.032745,36.989536,41.258759,0.051913777225709445,True,0.10892208103462757
gh200,4,legacy,3948544,40.02080113,40.605977,40.423172,38.30718,42.721969,1.4621793004572003,True,0.11031235945675832
gh200,4,legacy,3964928,39.95519876,40.605977,40.423172,38.30718,42.721969,1.628769872749336,True,0.11049348112415695
gh200,4,legacy,3981312,40.19359872,40.605977,40.423172,38.30718,42.721969,1.0259799896813027,True,0.10983811205248556
gh200,4,legacy,3997696,40.33280164,40.605977,40.423172,38.30718,42.721969,0.6773032095273024,True,0.10945902145368545
gh200,4,legacy,4014080,40.14559835,40.605977,40.423172,38.30718,42.721969,1.1467724206930319,True,0.10996944077182996
gh200,4,legacy,4030464,40.33919796,40.605977,40.423172,38.30718,42.721969,0.6613394749804824,True,0.10944166526011911
gh200,4,legacy,4046848,40.35840183,40.605977,40.423172,38.30718,42.721969,0.6134414614405559,True,0.10938958927551766
gh200,4,legacy,4063232,40.2752012,40.605977,40.423172,38.30718,42.721969,0.821289006993231,True,0.10961556661323396
gh200,4,legacy,4079616,40.54719955,40.605977,40.423172,38.30718,42.721969,0.14496056608672703,True,0.10888024448041073
gh200,4,legacy,4096000,40.30720145,40.605977,40.423172,38.30718,42.721969,0.7412460782488806,True,0.10952854182834863
gh200,4,legacy,4112384,40.52479938,40.605977,40.423172,38.30718,42.721969,0.2003159083868722,True,0.10894042826967847
gh200,4,legacy,4128768,40.68639874,40.605977,40.423172,38.30718,42.721969,-0.19766246827084277,True,0.10850773567383074
gh200,4,legacy,4145152,40.59360176,40.605977,40.423172,38.30718,42.721969,0.030485691004122906,True,0.10875578437462605
gh200,4,legacy,4161536,40.37440196,40.605977,40.423172,38.30718,42.721969,0.5735689663698862,True,0.10934623884643169
gh200,4,legacy,4177920,40.36960006,40.605977,40.423172,38.30718,42.721969,0.5855320331355163,True,0.10935924540838762
gh200,4,legacy,4194304,40.32799974,40.605977,40.423172,38.30718,42.721969,0.6892909685383808,True,0.10947205486170239
gh200,4,timing,262144,11.16029,11.277385,11.277385,10.170566,12.473454,1.0492110868086657,True,0.2063466092726981
gh200,4,timing,278528,11.26364,11.277385,11.277385,10.170566,12.473454,0.12202982339635238,True,0.20445326732743588
gh200,4,timing,294912,11.30936,11.277385,11.277385,10.170566,12.473454,-0.2827304109162654,True,0.20362673042506385
gh200,4,timing,311296,11.40632,11.277385,11.277385,10.193326,12.473454,-1.1303821039564066,True,0.1999004060906585
gh200,4,timing,327680,11.46104,11.277385,11.277385,10.302553,12.473454,-1.6024287499214696,True,0.18941570747506334
gh200,4,timing,344064,11.39448,11.277385,11.277385,10.411779,12.473454,-1.0276467201662531,True,0.18093629546938517
gh200,4,timing,360448,11.54587,11.277385,11.277385,10.521006,12.473454,-2.325376952971059,True,0.16910358422535504
gh200,4,timing,376832,11.57655,11.277385,11.277385,10.630233,12.473454,-2.584232780923501,True,0.1592202340075411
gh200,4,timing,393216,11.58043,11.277385,11.277385,10.739459,12.473454,-2.616871739650428,True,0.14973494075781296
gh200,4,timing,409600,13.64884,13.131224,13.131224,11.84246,14.509238,-3.792380890976821,True,0.19538495579111484
gh200,4,timing,425984,13.56048,13.131224,13.131224,11.84246,14.509238,-3.1654926669262395,True,0.19665808289972037
gh200,4,timing,442368,13.64752,13.131224,13.131224,11.84246,14.509238,-3.7830756064105464,True,0.19540385359391305
gh200,4,timing,458752,13.6626,13.131224,13.131224,11.84246,14.509238,-3.889274369446516,True,0.1951881779456326
gh200,4,timing,475136,13.71572,13.131224,13.131224,11.84246,14.509238,-4.261504317673448,True,0.1944322281294748
gh200,4,timing,491520,13.7618,13.131224,13.131224,11.84246,14.509238,-4.582075019256204,True,0.19378119141391387
gh200,4,timing,507904,13.80147,13.566399,13.566399,12.234924,14.987124,-1.7032316122847835,True,0.19941354073153078
gh200,4,timing,524288,13.82644,13.566399,13.566399,12.234924,14.987124,-1.8807516613097763,True,0.1990534078186431
gh200,4,timing,540672,13.91348,13.566399,13.566399,12.234924,14.987124,-2.494566420478561,True,0.19780816876870488
gh200,4,timing,557056,13.92692,13.566399,13.566399,12.234924,14.987124,-2.5886628199199846,True,0.19761727646888186
gh200,4,timing,573440,13.96339,13.566399,13.566399,12.234924,14.987124,-2.84308466640264,True,0.19710113375047178
gh200,4,timing,589824,14.03634,13.566399,13.566399,12.234924,14.987124,-3.3480308969432215,True,0.19607675505153052
gh200,4,timing,606208,14.07182,14.001575,14.001575,12.62739,15.46501,-0.4991891596111908,True,0.20165266468729703
gh200,4,timing,622592,14.04079,14.001575,14.001575,12.62739,15.46501,-0.2792934015821036,True,0.2020983149808522
gh200,4,timing,638976,14.15763,14.001575,14.001575,12.62739,15.46501,-1.1022678230749094,True,0.2004304392755002
gh200,4,timing,655360,14.1179,14.001575,14.001575,12.62739,15.46501,-0.8239539874910551,True,0.20099448218219423
gh200,4,timing,671744,14.2341,14.001575,14.001575,12.62739,15.46501,-1.6335771141132938,True,0.19935366479088948
gh200,4,timing,688128,14.24302,14.001575,14.001575,12.705539,15.46501,-1.6951812185898807,True,0.1937419873032545
gh200,4,timing,704512,14.32653,14.43675,14.43675,13.019855,15.942895,0.7693419132197343,True,0.2040298662690826
gh200,4,timing,720896,14.38194,14.43675,14.43675,13.019855,15.942895,0.38110296663731447,True,0.20324379047611102
gh200,4,timing,737280,14.35442,14.43675,14.43675,13.033219,15.942895,0.5735515611219322,True,0.202702442871255
gh200,4,timing,753664,14.44013,14.43675,14.43675,13.142446,15.942895,-0.02340699148830616,True,0.19393516540363556
gh200,4,timing,770048,14.50801,14.43675,14.43675,13.251673,15.942895,-0.4911769429439272,True,0.1854990450103081
gh200,4,timing,786432,14.46385,14.43675,14.43675,13.360899,15.942895,-0.1873636687327318,True,0.17851374288311894
gh200,4,timing,802816,16.45126,16.290589,16.290589,14.691749,17.978679,-0.9766485971287375,True,0.19979807017821125
gh200,4,timing,819200,16.43622,16.290589,16.290589,14.691749,17.978679,-0.8860370571822318,True,0.19998089585074916
gh200,4,timing,835584,16.49125,16.290589,16.290589,14.691749,17.978679,-1.2167725308875887,True,0.1993135753808838
gh200,4,timing,851968,16.46438,16.290589,16.290589,14.691749,17.978679,-1.0555575126424355,True,0.19963885673192677
gh200,4,timing,868352,16.5303,16.290589,16.290589,14.691749,17.978679,-1.4501309716097088,True,0.1988427312268985
gh200,4,timing,884736,16.56747,16.290589,16.290589,14.691749,17.978679,-1.6712328436387702,True,0.19839661698497116
gh200,4,timing,901120,16.61292,16.725765,16.725765,15.084214,18.456566,0.679260479193311,True,0.20299574066449488
gh200,4,timing,917504,16.65157,16.725765,16.725765,15.084214,18.456566,0.4455736005673838,True,0.20252456675256447
gh200,4,timing,933888,16.64906,16.725765,16.725765,15.084214,18.456566,0.46071670112308727,True,0.2025550992068021
gh200,4,timing,950272,16.67141,16.725765,16.725765,15.084214,18.456566,0.32603720981008166,True,0.20228355010164106
gh200,4,timing,966656,16.65861,16.725765,16.725765,15.084214,18.456566,0.4031248705624213,True,0.20243897900244978
gh200,4,timing,983040,16.76555,16.725765,16.725765,15.084214,18.456566,-0.23730208671950415,True,0.20114771063281547
gh200,4,timing,999424,16.77643,17.16094,17.16094,15.476679,18.934451,2.291965573128474,True,0.20610892782314233
gh200,4,timing,1015808,16.86725,17.16094,17.16094,15.476679,18.934451,1.7411848404452313,True,0.20499915516755843
gh200,4,timing,1032192,16.85061,17.16094,17.16094,15.476679,18.934451,1.8416543970811716,True,0.20520159210853495
gh200,4,timing,1048576,16.88586,17.16094,17.16094,15.476679,18.934451,1.6290553161047105,True,0.2047732244611764
gh200,4,timing,1064960,16.89225,17.16094,17.16094,15.476679,18.934451,1.5906110790451233,True,0.20469576284982757
gh200,4,timing,1081344,16.95882,17.16094,17.16094,15.476679,18.934451,1.1918282050284112,True,0.20389225193733998
gh200,4,timing,1097728,17.03978,17.596115,17.596115,15.869144,19.412336,3.2649189132723633,True,0.207936487442913
gh200,4,timing,1114112,17.08203,17.596115,17.596115,15.869144,19.412336,3.009507652193566,True,0.20742218577066074
gh200,4,timing,1130496,17.25129,17.596115,17.596115,15.869144,19.412336,1.9988360290737583,True,0.20538707540131781
gh200,4,timing,1146880,17.17,17.596115,17.596115,15.869144,19.412336,2.4817414094350676,True,0.20635946418171228
gh200,4,timing,1163264,17.18019,17.596115,17.596115,15.873113,19.412336,2.4209569277173326,True,0.2060060453347722
gh200,4,timing,1179648,17.19907,17.596115,17.596115,15.982339,19.412336,2.3085259842537953,True,0.19942921332374366
gh200,4,timing,1196032,19.1446,19.449954,19.449954,17.541038,21.44812,1.594987620530075,True,0.2040827178421069
gh200,4,timing,1212416,19.22556,19.449954,19.449954,17.541038,21.44812,1.1671649616448176,True,0.20322331313106093
gh200,4,timing,1228800,19.10973,19.449954,19.449954,17.541038,21.44812,1.7803705232883882,True,0.20445511265726937
gh200,4,timing,1245184,19.0918,19.449954,19.449954,17.541038,21.44812,1.875957217234614,True,0.20464712599126325
gh200,4,timing,1261568,19.18595,19.449954,19.449954,17.541038,21.44812,1.3760277703215085,True,0.2036428740823363
gh200,4,timing,1277952,19.19874,19.449954,19.449954,17.541038,21.44812,1.308492119795357,True,0.20350720932727878
gh200,4,timing,1294336,19.71747,19.88513,19.88513,17.933503,21.926007,0.850311931500336,True,0.2024856130122171
gh200,4,timing,1310720,20.11585,19.88513,19.88513,17.933503,21.926007,-1.1469562558877655,True,0.19847553048963876
gh200,4,timing,1327104,19.52417,19.88513,19.88513,17.933503,21.926007,1.8487853773041296,True,0.2044903317272898
gh200,4,timing,1343488,19.45762,19.88513,19.88513,17.933503,21.926007,2.1971340790908567,True,0.20518974057464376
gh200,4,timing,1359872,19.47459,19.88513,19.88513,17.933503,21.926007,2.1080803241557255,True,0.2050109398965524
gh200,4,timing,1376256,19.50619,19.88513,19.88513,17.933503,21.926007,1.9426653795538762,True,0.20467882246609923
gh200,4,timing,1392640,20.70679,20.320305,20.320305,18.325968,22.403892,-1.8664650580799802,True,0.19693656042293373
gh200,4,timing,1409024,20.97343,20.320305,20.320305,18.325968,22.403892,-3.114059073790032,True,0.19443286100556753
gh200,4,timing,1425408,19.98329,20.320305,20.320305,18.325968,22.403892,1.6864840574299933,True,0.20406669772595004
gh200,4,timing,1441792,20.00321,20.320305,20.320305,18.325968,22.403892,1.5852205720981782,True,0.20386347991147422
gh200,4,timing,1458176,20.04025,20.320305,20.320305,18.325968,22.403892,1.3974626065044182,True,0.20348668305036116
gh200,4,timing,1474560,20.01376,20.320305,20.320305,18.325968,22.403892,1.531671210207386,True,0.20375601586108757
gh200,4,timing,1490944,21.41213,20.75548,20.75548,18.718433,22.881777,-3.0667196584366008,True,0.19443857290236888
gh200,4,timing,1507328,21.52477,20.75548,20.75548,18.718433,22.881777,-3.573975471050328,True,0.19342106791384994
gh200,4,timing,1523712,20.40767,20.75548,20.75548,18.718433,22.881777,1.7043101931773608,True,0.2040087868923792
gh200,4,timing,1540096,20.34046,20.75548,20.75548,18.718433,22.881777,2.04036683536164,True,0.2046828832779593
gh200,4,timing,1556480,20.3603,20.75548,20.75548,18.718433,22.881777,1.9409340726806557,True,0.20448343099070249
gh200,4,timing,1572864,20.39064,20.75548,20.75548,18.718433,22.881777,1.7892523236151536,True,0.2041791724045935
gh200,4,timing,1589248,23.36182,22.60932,22.60932,20.390328,24.917562,-3.221067536690203,True,0.19378772715481926
gh200,4,timing,1605632,22.04154,22.60932,22.60932,20.390328,24.917562,2.5759543117223282,True,0.2053955395131193
gh200,4,timing,1622016,22.15474,22.60932,22.60932,20.390328,24.917562,2.0518408250333797,True,0.20434606770379612
gh200,4,timing,1638400,22.08817,22.60932,22.60932,20.390328,24.917562,2.359407773482358,True,0.2049619321111708
gh200,4,timing,1654784,22.12409,22.60932,22.60932,20.390328,24.917562,2.1932201505237003,True,0.20462916214859006
gh200,4,timing,1671168,22.14258,22.60932,22.60932,20.390328,24.917562,2.107884447069863,True,0.2044582880585731
gh200,4,timing,1687552,24.01141,23.044495,23.044495,20.782793,25.395447,-4.026898045554173,True,0.19210258789467174
gh200,4,timing,1703936,22.67832,23.044495,23.044495,20.782793,25.395447,1.6146478222372806,True,0.20339487228330846
gh200,4,timing,1720320,22.63767,23.044495,23.044495,20.782793,25.395447,1.7971151624703419,True,0.20376010428635102
gh200,4,timing,1736704,22.59768,23.044495,23.044495,20.782793,25.395447,1.9772604975377917,True,0.20412068849545617
gh200,4,timing,1753088,22.70327,23.044495,23.044495,20.782793,25.395447,1.5029773244118472,True,0.20317134932544959
gh200,4,timing,1769472,22.6716,23.044495,23.044495,20.782793,25.395447,1.644767021295368,True,0.2034551597593465
gh200,4,timing,1785856,24.51187,23.47967,23.47967,21.175257,25.873333,-4.211021027771444,True,0.19166534417814715
gh200,4,timing,1802240,23.13422,23.47967,23.47967,21.175257,25.873333,1.493242478026069,True,0.20307907506715162
gh200,4,timing,1818624,23.13494,23.47967,23.47967,21.175257,25.873333,1.4900838299126695,True,0.20307275488935783
gh200,4,timing,1835008,23.20526,23.47967,23.47967,21.175257,25.873333,1.1825336152234467,True,0.20245737388850632
gh200,4,timing,1851392,23.22894,23.47967,23.47967,21.175257,25.873333,1.0793863172404716,True,0.20225098519346987
gh200,4,timing,1867776,23.25652,23.47967,23.47967,21.175257,25.873333,0.9595158690982153,True,0.20201113494194317
gh200,4,timing,1884160,25.75117,23.914846,23.914846,21.567723,26.351219,-7.131031327896942,True,0.1857583946671161
gh200,4,timing,1900544,24.26675,23.914846,23.914846,21.567723,26.351219,-1.4501488662470252,True,0.19712141098416558
gh200,4,timing,1916928,24.32339,23.914846,23.914846,21.567723,26.351219,-1.6796342943972808,True,0.19666238957645296
gh200,4,timing,1933312,24.25523,23.914846,23.914846,21.567723,26.351219,-1.40334270175958,True,0.1972150336236762
gh200,4,timing,1949696,23.89332,23.914846,23.914846,21.567723,26.351219,0.09009212616748474,True,0.20020223225570996
gh200,4,timing,1966080,23.98612,23.914846,23.914846,21.567723,26.351219,-0.2971468499282093,True,0.19942766900190612
gh200,4,timing,1982464,25.35182,25.768685,25.768685,23.239617,28.387003,1.644319816092099,True,0.20303812507346614
gh200,4,timing,1998848,25.41807,25.768685,25.768685,23.239617,28.387003,1.379392691892023,True,0.20250892376958596
gh200,4,timing,2015232,25.44301,25.768685,25.768685,23.239617,28.387003,1.2800175765367294,True,0.20231041846070885
gh200,4,timing,2031616,25.41806,25.768685,25.768685,23.239617,28.387003,1.37943257667974,True,0.20250900344086056
gh200,4,timing,2048000,25.41231,25.768685,25.768685,23.239617,28.387003,1.402371527814661,True,0.2025548248073473
gh200,4,timing,2064384,25.4107,25.768685,25.768685,23.239617,28.387003,1.4087962944743682,True,0.2025676585060624
gh200,4,timing,2080768,25.94892,26.20386,26.20386,23.632082,28.864888,0.9824686345327738,True,0.20165794954086722
gh200,4,timing,2097152,26.00077,26.20386,26.20386,23.632082,28.864888,0.7810922522679231,True,0.20125580896258072
gh200,4,timing,2113536,25.9418,26.20386,26.20386,23.632082,28.864888,1.0101843357052998,True,0.2017132966871998
gh200,4,timing,2129920,25.96844,26.20386,26.20386,23.632082,28.864888,0.9065619652162349,True,0.20150636695927826
gh200,4,timing,2146304,26.0702,26.20386,26.20386,23.632082,28.864888,0.5126926529140485,True,0.2007198257013755
gh200,4,timing,2162688,26.11405,26.20386,26.20386,23.632082,28.864888,0.34391448281672066,True,0.20038278244852867
gh200,4,timing,2179072,27.25481,26.639035,26.639035,24.024546,29.342774,-2.259325968517112,True,0.1951298871648711
gh200,4,timing,2195456,27.12682,26.639035,26.639035,24.024546,29.342774,-1.7981650632105106,True,0.19605055070959293
gh200,4,timing,2211840,27.16201,26.639035,26.639035,24.024546,29.342774,-1.9253913830382996,True,0.19579655555682365
gh200,4,timing,2228224,27.13322,26.639035,26.639035,24.024546,29.342774,-1.8213282463341973,True,0.1960043076347002
gh200,4,timing,2244608,27.17161,26.639035,26.639035,24.024546,29.342774,-1.9600421174895466,True,0.19572737868679846
gh200,4,timing,2260992,27.26729,26.639035,26.639035,24.024546,29.342774,-2.304061019631942,True,0.19504057792321863
gh200,4,timing,2277376,28.51781,27.074211,27.074211,24.417012,29.82066,-5.0620962829894705,True,0.18948327378575003
gh200,4,timing,2293760,28.49957,27.074211,27.074211,24.417012,29.82066,-5.001335107863037,True,0.1896045449106776
gh200,4,timing,2310144,28.34566,27.074211,27.074211,24.417012,29.82066,-4.485515595685552,True,0.19063405120925037
gh200,4,timing,2326528,28.42597,27.074211,27.074211,24.417012,29.82066,-4.755366307640518,True,0.19009546551973425
gh200,4,timing,2342912,28.49733,27.074211,27.074211,24.417012,29.82066,-4.99386784656668,True,0.18961944855886498
gh200,4,timing,2359296,28.3223,27.074211,27.074211,24.417012,29.82066,-4.406736034855929,True,0.1907912846061231
gh200,4,timing,2375680,29.14307,28.92805,28.92805,26.088906,31.856444,-0.7378083365959687,True,0.1979042702090068
gh200,4,timing,2392064,29.10275,28.92805,28.92805,26.088906,31.856444,-0.600286914466841,True,0.19817845392617536
gh200,4,timing,2408448,29.26115,28.92805,28.92805,26.088906,31.856444,-1.1383694762509333,True,0.197105650324748
gh200,4,timing,2424832,29.33091,28.92805,28.92805,26.088906,31.856444,-1.373499833452152,True,0.1966368585222893
gh200,4,timing,2441216,29.48546,28.92805,28.92805,26.088906,31.856444,-1.8904571948343385,True,0.19560617334781277
gh200,4,timing,2457600,29.44546,28.92805,28.92805,26.088906,31.856444,-1.7571809032699726,True,0.19587189332413213
gh200,4,timing,2473984,30.24672,29.363225,29.363225,26.481371,32.334329,-2.9209613472138463,True,0.19350719681340656
gh200,4,timing,2490368,30.12799,30.195753,30.195753,28.615126,31.959185,0.22491709536547333,True,0.11099509127558792
gh200,4,timing,2506752,30.10527,30.195753,30.195753,28.615126,31.959185,0.3005553512723802,True,0.11107885762193795
gh200,4,timing,2523136,30.22014,30.195753,30.195753,28.615126,31.959185,-0.08069783925553908,True,0.11065663494609886
gh200,4,timing,2539520,30.11969,30.195753,30.195753,28.615126,31.959185,0.2525357996712385,True,0.111025677887123
gh200,4,timing,2555904,30.10368,30.195753,30.195753,28.615126,31.959185,0.30585297212832874,True,0.11108472452537364
gh200,4,timing,2572288,30.12706,30.195753,30.195753,28.615126,31.959185,0.22801096422950806,True,0.11099851761174173
gh200,4,timing,2588672,30.1475,30.195753,30.195753,28.615126,31.959185,0.1600563894186946,True,0.11092326063521021
gh200,4,timing,2605056,30.14273,30.195753,30.195753,28.615126,31.959185,0.17590642917877375,True,0.11094081392096868
gh200,4,timing,2621440,30.20959,30.195753,30.195753,28.615126,31.959185,-0.045803335960536984,True,0.11069527921431573
gh200,4,timing,2637824,30.22814,30.195753,30.195753,28.615126,31.959185,-0.10714188831996152,True,0.11062734921831115
gh200,4,timing,2654208,30.13314,30.195753,30.195753,28.615126,31.959185,0.20778783757684494,True,0.11097612130697299
gh200,4,timing,2670592,30.09185,30.195753,30.195753,28.615126,31.959185,0.3452861821390263,True,0.11112839522993767
gh200,4,timing,2686976,30.15906,30.195753,30.195753,28.615126,31.959185,0.12166493252774302,True,0.11088074363060388
gh200,4,timing,2703360,30.0176,30.195753,30.195753,28.615126,31.959185,0.5934951495122798,True,0.11140327674431
gh200,4,timing,2719744,30.14934,30.195753,30.195753,28.615126,31.959185,0.15394366841861018,True,0.11091649104093157
gh200,4,timing,2736128,30.09313,30.195753,30.195753,28.615126,31.959185,0.3410180330194912,True,0.11112366842531833
gh200,4,timing,2752512,30.15874,30.195753,30.195753,28.615126,31.959185,0.12272727574162978,True,0.11088192013326817
gh200,4,timing,2768896,32.14523,31.627074,31.627074,29.971523,33.46543,-1.6119218932326707,True,0.10869130505521349
gh200,4,timing,2785280,32.17976,31.627074,31.627074,29.971523,33.46543,-1.7174957178052286,True,0.10857467551032077
gh200,4,timing,2801664,32.2012,31.627074,31.627074,29.971523,33.46543,-1.7829335552712267,True,0.10850238500428555
gh200,4,timing,2818048,32.23834,31.627074,31.627074,29.971523,33.46543,-1.8960839795101103,True,0.10837738543609876
gh200,4,timing,2834432,32.20536,31.627074,31.627074,29.971523,33.46543,-1.7956203563630369,True,0.10848836963784911
gh200,4,timing,2850816,32.18427,31.627074,31.627074,29.971523,33.46543,-1.7312681008455288,True,0.10855946087949177
gh200,4,timing,2867200,32.22427,31.627074,31.627074,29.971523,33.46543,-1.8532491193749223,True,0.10842470597472031
gh200,4,timing,2883584,32.21304,31.627074,31.627074,29.971523,33.46543,-1.819033534245762,True,0.10846250462545602
gh200,4,timing,2899968,32.18393,31.627074,31.627074,29.971523,33.46543,-1.7302299625931217,True,0.10856060773187116
gh200,4,timing,2916352,32.23032,31.627074,31.627074,29.971523,33.46543,-1.8716723879874553,True,0.10840435341628628
gh200,4,timing,2932736,32.24058,31.627074,31.627074,29.971523,33.46543,-1.9029000098633508,True,0.10836985562914811
gh200,4,timing,2949120,32.31194,31.627074,31.627074,29.971523,33.46543,-2.11954466367541,True,0.10813052388683564
gh200,4,timing,2965504,32.31863,31.627074,31.627074,29.971523,33.46543,-2.139806049947046,True,0.10810814072254919
gh200,4,timing,2981888,32.31064,31.627074,31.627074,29.971523,33.46543,-2.1156064999022006,True,0.10813487445621628
gh200,4,timing,2998272,32.34519,31.627074,31.627074,29.971523,33.46543,-2.2201631834594338,True,0.10801936856762936
gh200,4,timing,3014656,32.38682,31.627074,31.627074,29.971523,33.46543,-2.3458493300669847,True,0.10788052053273522
gh200,4,timing,3031040,32.28826,31.627074,31.627074,29.971523,33.46543,-2.0477597739859577,True,0.10820982611017131
gh200,4,timing,3047424,32.326,31.627074,31.627074,29.971523,33.46543,-2.162117181216361,True,0.10808349316339788
gh200,4,timing,3063808,32.30075,31.627074,31.627074,29.971523,33.46543,-2.0856357824508676,True,0.1081679837155484
gh200,4,timing,3080192,32.29785,31.627074,31.627074,29.971523,33.46543,-2.076844124299282,True,0.10817769603859081
gh200,4,timing,3096576,32.37306,31.627074,31.627074,29.971523,33.46543,-2.3043419435790247,True,0.1079263745842994
gh200,4,timing,3112960,32.33114,31.627074,31.627074,29.971523,33.46543,-2.1776714337941594,True,0.108066310065157
gh200,4,timing,3129344,32.34683,31.627074,31.627074,29.971523,33.46543,-2.225120668702296,True,0.10801389193315081
gh200,4,timing,3145728,32.40378,31.627074,31.627074,29.971523,33.46543,-2.396961095279615,True,0.10782405632923074
gh200,4,timing,3162112,33.78322,33.017501,33.017501,31.289166,34.928641,-2.2665660644544783,True,0.10773025780254221
gh200,4,timing,3178496,33.7103,33.017501,33.017501,31.289166,34.928641,-2.0551552492858227,True,0.10796329311812711
gh200,4,timing,3194880,33.77939,33.017501,33.017501,31.289166,34.928641,-2.255484779328465,True,0.10774247255501061
gh200,4,timing,3211264,33.7727,33.017501,33.017501,31.289166,34.928641,-2.2361226671246293,True,0.10776381515247523
gh200,4,timing,3227648,33.89652,33.017501,33.017501,31.289166,34.928641,-2.5932426101558548,True,0.10737016661297384
gh200,4,timing,3244032,33.76916,33.017501,33.017501,31.289166,34.928641,-2.2258741407840787,True,0.10777511196606608
gh200,4,timing,3260416,33.91336,33.017501,33.017501,31.289166,34.928641,-2.6416108577858366,True,0.10731685094016045
gh200,4,timing,3276800,33.82709,33.017501,33.017501,31.289166,34.928641,-2.393315534975071,True,0.1075905435554758
gh200,4,timing,3293184,33.99765,33.017501,33.017501,31.289166,34.928641,-2.8829904419864327,True,0.10705078145107089
gh200,4,timing,3309568,33.86612,33.017501,33.017501,31.289166,34.928641,-2.5058052118164142,True,0.10746654768836819
gh200,4,timing,3325952,34.02229,33.017501,33.017501,31.289166,34.928641,-2.9533255991880614,True,0.10697325194747326
gh200,4,timing,3342336,34.04756,33.017501,33.017501,31.289166,34.928641,-3.025353358654781,True,0.10689385671102422
gh200,4,timing,3358720,33.99573,33.017501,33.017501,31.289166,34.928641,-2.877505498484667,True,0.10705682743097442
gh200,4,timing,3375104,34.00468,33.017501,33.017501,31.289166,34.928641,-2.9030680482804105,True,0.10702865017403487
gh200,4,timing,3391488,34.22803,33.017501,33.017501,31.289166,34.928641,-3.536659866197378,True,0.10633025038250814
gh200,4,timing,3407872,33.96821,33.017501,33.017501,31.289166,34.928641,-2.798819837724742,True,0.1071435615830213
gh200,4,timing,3424256,33.89013,33.017501,33.017501,31.289166,34.928641,-2.57487652009597,True,0.10739041130854322
gh200,4,timing,3440640,33.93204,33.017501,33.017501,31.289166,34.928641,-2.6952078330686913,True,0.10725777171074889
gh200,4,timing,3457024,33.96277,33.017501,33.017501,31.289166,34.928641,-2.7832506005841084,True,0.10716072334500396
gh200,4,timing,3473408,34.02293,33.017501,33.017501,31.289166,34.928641,-2.9551511289592103,True,0.1069712396904088
gh200,4,timing,3489792,34.01064,33.017501,33.017501,31.289166,34.928641,-2.920083244537597,True,0.10700989455064651
gh200,4,timing,3506176,34.06005,33.017501,33.017501,31.289166,34.928641,-3.0609144731143956,True,0.10685465816990873
gh200,4,timing,3522560,34.06485,33.017501,33.017501,31.289166,34.928641,-3.0745739376512704,True,0.10683960152473884
gh200,4,timing,3538944,34.10613,33.017501,33.017501,31.289166,34.928641,-3.1918866197953255,True,0.10671028932335624
gh200,4,timing,3555328,38.96964,39.032745,39.032745,36.989536,41.258759,0.16193375150501677,True,0.10955253884819054
gh200,4,timing,3571712,38.96932,39.032745,39.032745,36.989536,41.258759,0.16275624003703193,True,0.10955343844850257
gh200,4,timing,3588096,38.9863,39.032745,39.032745,36.989536,41.258759,0.11913159237988413,True,0.10950572380554195
gh200,4,timing,3604480,38.9623,39.032745,39.032745,36.989536,41.258759,0.18080298134350858,True,0.1095731771481663
gh200,4,timing,3620864,38.96038,39.032745,39.032745,36.989536,41.258759,0.18573997481543536,True,0.10957857700566576
gh200,4,timing,3637248,39.06757,39.032745,39.032745,36.989536,41.258759,-0.08914043028527274,True,0.10927792539950655
gh200,4,timing,3653632,39.04677,39.032745,39.032745,36.989536,41.258759,-0.035918463934403455,True,0.10933613715039682
gh200,4,timing,3670016,39.12548,39.032745,39.032745,36.989536,41.258759,-0.23701945637472077,True,0.10911618208901207
gh200,4,timing,3686400,39.04164,39.032745,39.032745,36.989536,41.258759,-0.02278336668234404,True,0.10935050371859378
gh200,4,timing,3702784,39.20068,39.032745,39.032745,36.989536,41.258759,-0.4283981808478887,True,0.10890686079935348
gh200,4,timing,3719168,39.06565,39.032745,39.032745,36.989536,41.258759,-0.08423000769217648,True,0.10928329619499484
gh200,4,timing,3735552,39.17891,39.032745,39.032745,36.989536,41.258759,-0.3730706137562323,True,0.10896737555996326
gh200,4,timing,3751936,39.08484,39.032745,39.032745,36.989536,41.258759,-0.13328697264719525,True,0.10922963993200432
gh200,4,timing,3768320,39.27523,39.032745,39.032745,36.989536,41.258759,-0.6173993124928834,True,0.10870014001191082
gh200,4,timing,3784704,39.15013,39.032745,39.032745,36.989536,41.258759,-0.29983297628897176,True,0.10904747953582786
gh200,4,timing,3801088,39.09221,39.032745,39.032745,36.989536,41.258759,-0.1521147052059746,True,0.10920904701985383
gh200,4,timing,3817472,39.16437,39.032745,39.032745,36.989536,41.258759,-0.33608353715379735,True,0.10900783033149773
gh200,4,timing,3833856,39.14774,39.032745,39.032745,36.989536,41.258759,-0.29374620348454616,True,0.10905413696933718
gh200,4,timing,3850240,39.21858,39.032745,39.032745,36.989536,41.258759,-0.4738442850302116,True,0.10885715393061146
gh200,4,timing,3866624,39.14773,39.032745,39.032745,36.989536,41.258759,-0.2937207342545767,True,0.10905416482641522
gh200,4,timing,3883008,39.1935,39.032745,39.032745,36.989536,41.258759,-0.4101572964904876,True,0.10892681184380062
gh200,4,timing,3899392,39.22657,39.032745,39.032745,36.989536,41.258759,-0.4941166153451637,True,0.10883498098355272
gh200,4,timing,3915776,39.20629,39.032745,39.032745,36.989536,41.258759,-0.4426458101493447,True,0.10889127739452012
gh200,4,timing,3932160,39.24161,39.032745,39.032745,36.989536,41.258759,-0.5322539008975391,True,0.10879326816611246
gh200,4,timing,3948544,40.0157,40.423172,40.423172,38.30718,42.721969,1.0182803249724426,True,0.11032642187941233
gh200,4,timing,3964928,40.1565,40.423172,40.423172,38.30718,42.721969,0.664081780035608,True,0.1099395863683339
gh200,4,timing,3981312,40.03266,40.423172,40.423172,38.30718,42.721969,0.9754835177077981,True,0.110279681639941
gh200,4,timing,3997696,40.17267,40.423172,40.423172,38.30718,42.721969,0.6235632334121721,True,0.10989533431559316
gh200,4,timing,4014080,40.13314,40.423172,40.423172,38.30718,42.721969,0.7226745776682364,True,0.11000357809032635
gh200,4,timing,4030464,40.31409,40.423172,40.423172,38.30718,42.721969,0.27058033556008887,True,0.10950982646513911
gh200,4,timing,4046848,40.22146,40.423172,40.423172,38.30718,42.721969,0.5015034262803919,True,0.10976202753455494
gh200,4,timing,4063232,40.35506,40.423172,40.423172,38.30718,42.721969,0.16878180827881728,True,0.1093986479018988
gh200,4,timing,4079616,40.2224,40.423172,40.423172,38.30718,42.721969,0.4991546998687202,True,0.10975946238911652
gh200,4,timing,4096000,40.28641,40.423172,40.423172,38.30718,42.721969,0.33947427929170715,True,0.10958506851317851
gh200,4,timing,4112384,40.23744,40.423172,40.423172,38.30718,42.721969,0.4615900017496122,True,0.10971843636175661
gh200,4,timing,4128768,40.41663,40.423172,40.423172,38.30718,42.721969,0.016186406437146417,True,0.10923199188056995
gh200,4,timing,4145152,40.31906,40.423172,40.423172,38.30718,42.721969,0.25822030573132704,True,0.10949632754335047
gh200,4,timing,4161536,40.08354,40.423172,40.423172,38.30718,42.721969,0.8473103922457925,True,0.11013969824022529
gh200,4,timing,4177920,40.04483,40.423172,40.423172,38.30718,42.721969,0.9447961197487809,True,0.11024616660877322
gh200,4,timing,4194304,40.11218,40.423172,40.423172,38.30718,42.721969,0.7753056552897375,True,0.1100610587607056
gh200,4,legacy,270336,13.94239999,13.220474,13.131224,11.84246,14.509238,-5.177917650603858,True,0.19127108689412947
gh200,4,legacy,335872,13.65599968,13.220474,13.131224,11.84246,14.509238,-3.1892625234742344,True,0.19528251775705957
gh200,4,legacy,401408,13.97279929,13.220474,13.131224,11.84246,14.509238,-5.384213101367741,True,0.19085495645160735
gh200,4,legacy,466944,13.93440086,13.220474,13.131224,11.84246,14.509238,-5.1234844409377756,True,0.1913808872583274
gh200,4,legacy,532480,14.09920026,13.655649,13.566399,12.234924,14.987124,-3.1459320516098566,True,0.19520256108483702
gh200,4,legacy,598016,14.09440022,14.090825,14.001575,12.62739,15.46501,-0.025366244353752787,True,0.20132960294212504
gh200,4,legacy,663552,14.37759958,14.090825,14.001575,12.62739,15.46501,-1.9945928971267124,True,0.19736396080659244
gh200,4,legacy,729088,14.77439981,14.526,14.43675,13.019855,15.942895,-1.6812852853208438,True,0.19784492348863814
gh200,4,legacy,794624,16.58080146,16.379839,16.290589,14.691749,17.978679,-1.2120189755893795,True,0.1982371001745292
gh200,4,legacy,860160,16.764801,16.379839,16.290589,14.691749,17.978679,-2.2962515331974354,True,0.1960613788377208
gh200,4,legacy,925696,16.95359871,16.815015,16.725765,15.084214,18.456566,-0.8174294577248498,True,0.1989165874270006
gh200,4,legacy,991232,17.15840027,17.25019,17.16094,15.476679,18.934451,0.5349550573224837,True,0.20152065143541498
gh200,4,legacy,1056768,17.08479971,17.25019,17.16094,15.476679,18.934451,0.9680551882806032,True,0.20238879347096547
gh200,4,legacy,1122304,17.26880111,17.685365,17.596115,15.869144,19.412336,2.4122339897630685,True,0.20517880641686306
gh200,4,legacy,1187840,19.46240105,19.539204,19.449954,17.541038,21.44812,0.39462217330066274,True,0.20075025635133542
gh200,4,legacy,1253376,19.31999996,19.539204,19.449954,17.541038,21.44812,1.1345964826803279,True,0.2022299176029605
gh200,4,legacy,1318912,19.77919973,19.97438,19.88513,17.933503,21.926007,0.9867955865977995,True,0.20185366721103437
gh200,4,legacy,1384448,20.47039941,20.409555,20.320305,18.325968,22.403892,-0.29723118138220705,True,0.199210768599263
gh200,4,legacy,1449984,20.14080063,20.409555,20.320305,18.325968,22.403892,1.3343777883371821,True,0.20247079919583114
gh200,4,legacy,1515520,20.4559993,20.84473,20.75548,18.718433,22.881777,1.9003261307307673,True,0.2035267961707449
gh200,4,legacy,1581056,22.64160104,22.69857,22.60932,20.390328,24.917562,0.251611888661718,True,0.1999520260074329
gh200,4,legacy,1646592,22.11200073,22.69857,22.60932,20.390328,24.917562,2.652719114666935,True,0.20474103882683803
gh200,4,legacy,1712128,22.65439928,23.133745,23.044495,20.782793,25.395447,2.115905674988161,True,0.20360963638846927
gh200,4,legacy,1777664,23.63039926,23.56892,23.47967,21.175257,25.873333,-0.26017021262975115,True,0.19881492260490904
gh200,4,legacy,1843200,23.34080078,23.56892,23.47967,21.175257,25.873333,0.9773410182030817,True,0.20128169741398225
gh200,4,legacy,1908736,23.76960032,24.004096,23.914846,21.567723,26.351219,0.9865360664171208,True,0.20124427569676526
gh200,4,legacy,1974272,26.21280029,25.857935,25.768685,23.239617,28.387003,-1.3537862650080057,True,0.19636917624416084
gh200,4,legacy,2039808,25.44960007,25.857935,25.768685,23.239617,28.387003,1.6044846633222587,True,0.20225803100409978
gh200,4,legacy,2105344,26.06239915,26.29311,26.20386,23.632082,28.864888,0.8852249122276223,True,0.20077990402506746
gh200,4,legacy,2170880,26.73600055,26.728285,26.639035,24.024546,29.342774,-0.028858280375820833,True,0.19891636335263316
gh200,4,legacy,2236416,26.90880001,26.728285,26.639035,24.024546,29.342774,-0.6708400595081043,True,0.1976389879156116
gh200,4,legacy,2301952,28.1840004,27.163461,27.074211,24.417012,29.82066,-3.6209884527251046,True,0.19172750224627447
gh200,4,legacy,2367488,28.91359851,29.0173,28.92805,26.088906,31.856444,0.3586599224725706,True,0.19947492865702104
gh200,4,legacy,2433024,28.93280052,29.0173,28.92805,26.088906,31.856444,0.2920542722492092,True,0.19934254190198938
gh200,4,legacy,2498560,30.35680018,30.378558,30.195753,28.615126,31.959185,0.07167362788893517,True,0.11015848113672962
gh200,4,legacy,2564096,30.31040169,30.378558,30.195753,28.615126,31.959185,0.2248611242340992,True,0.1103271092940768
gh200,4,legacy,2629632,30.33119999,30.378558,30.195753,28.615126,31.959185,0.1561362887574802,True,0.11025145728169392
gh200,4,legacy,2695168,30.28959967,30.378558,30.195753,28.615126,31.959185,0.29369265678378387,True,0.11040287875815295
gh200,4,legacy,2760704,32.22719952,31.809879,31.627074,29.971523,33.46543,-1.2949326228020919,True,0.10841484994163712
gh200,4,legacy,2826240,32.10879862,31.809879,31.627074,29.971523,33.46543,-0.9309585934299314,True,0.10881462870503375
gh200,4,legacy,2891776,32.32000023,31.809879,31.627074,29.971523,33.46543,-1.578345378619439,True,0.10810355739901553
gh200,4,legacy,2957312,32.53119811,31.809879,31.627074,29.971523,33.46543,-2.217314922004876,True,0.10740173135295569
gh200,4,legacy,3022848,32.5792022,31.809879,31.627074,29.971523,33.46543,-2.361393613254281,True,0.1072434793998731
gh200,4,legacy,3088384,32.63039887,31.809879,31.627074,29.971523,33.46543,-2.514587312490313,True,0.10707521578022315
gh200,4,legacy,3153920,33.90879929,33.200306,33.017501,31.289166,34.928641,-2.089408368431789,True,0.10733128498222327
gh200,4,legacy,3219456,34.1200009,33.200306,33.017501,31.289166,34.928641,-2.695471499826363,True,0.10666690808909093
gh200,4,legacy,3284992,34.31360051,33.200306,33.017501,31.289166,34.928641,-3.2444701035542756,True,0.1060650863187426
gh200,4,legacy,3350528,34.17760134,33.200306,33.017501,31.289166,34.928641,-2.8594614650625516,True,0.10648713945119706
gh200,4,legacy,3416064,34.16959941,33.200306,33.017501,31.289166,34.928641,-2.8367128287618337,True,0.10651207689999666
gh200,4,legacy,3481600,34.43200141,33.200306,33.017501,31.289166,34.928641,-3.5771821548609695,True,0.10570036161020244
gh200,4,legacy,3547136,38.99360076,39.21555,39.032745,36.989536,41.258759,0.5691940104892268,True,0.10948522108220919
gh200,4,legacy,3612672,39.31520134,39.21555,39.032745,36.989536,41.258759,-0.2534677086814652,True,0.10858962575517614
gh200,4,legacy,3678208,39.26400095,39.21555,39.032745,36.989536,41.258759,-0.12339789330614304,True,0.10873122699432901
gh200,4,legacy,3743744,39.1648002,39.21555,39.032745,36.989536,41.258759,0.1295801325190915,True,0.10900663295098335
gh200,4,legacy,3809280,39.44320232,39.21555,39.032745,36.989536,41.258759,-0.5771649019597147,True,0.10823723097744666
gh200,4,legacy,3874816,39.43999857,39.21555,39.032745,36.989536,41.258759,-0.5690886869623935,True,0.10824602319451859
gh200,4,legacy,3940352,40.15040025,40.605977,40.423172,38.30718,42.721969,1.1346754880731336,True,0.10995628866738383
gh200,4,legacy,4005888,40.21280259,40.605977,40.423172,38.30718,42.721969,0.9777344146059797,True,0.10978565818980884
gh200,4,legacy,4071424,40.43520242,40.605977,40.423172,38.30718,42.721969,0.42234135055432276,True,0.10918182019082372
gh200,4,legacy,4136960,40.17920047,40.605977,40.423172,38.30718,42.721969,1.0621827338716194,True,0.10987747263155036
gh200,4,timing,270336,13.12888,13.131224,13.131224,11.84246,14.509238,0.017853769704645472,True,0.2031230386750431
gh200,4,timing,335872,13.38104,13.131224,13.131224,11.84246,14.509238,-1.8669400883638332,True,0.1992952715185068
gh200,4,timing,401408,13.43096,13.131224,13.131224,11.84246,14.509238,-2.231679641663742,True,0.19855453370421772
gh200,4,timing,466944,13.62871,13.131224,13.131224,11.84246,14.509238,-3.6502794468441957,True,0.19567354503837853
gh200,4,timing,532480,13.72726,13.566399,13.566399,12.234924,14.987124,-1.1718361858083837,True,0.2004915766147068
gh200,4,timing,598016,13.91478,14.001575,14.001575,12.62739,15.46501,0.6237612093040745,True,0.20392848467600638
gh200,4,timing,663552,14.10486,14.001575,14.001575,12.62739,15.46501,-0.7322653326583883,True,0.2011803023922251
gh200,4,timing,729088,14.27285,14.43675,14.43675,13.019855,15.942895,1.1483340748343895,True,0.2047972198965168
gh200,4,timing,794624,16.31695,16.290589,16.290589,14.691749,17.978679,-0.16155592803801522,True,0.20144267157771523
gh200,4,timing,860160,16.45742,16.290589,16.290589,14.691749,17.978679,-1.0137129635143238,True,0.19972328590994218
gh200,4,timing,925696,16.61165,16.725765,16.725765,15.084214,18.456566,0.6869576471933758,True,0.20301126016982057
gh200,4,timing,991232,16.75181,17.16094,17.16094,15.476679,18.934451,2.4423032496190045,True,0.20641184445143543
gh200,4,timing,1056768,16.82157,17.16094,17.16094,15.476679,18.934451,2.0174692374136383,True,0.2055558428850577
gh200,4,timing,1122304,17.08844,17.596115,17.596115,15.869144,19.412336,2.9708680254019626,True,0.2073443801774767
gh200,4,timing,1187840,19.23942,19.449954,19.449954,17.541038,21.44812,1.0942845470393703,True,0.20307691188195903
gh200,4,timing,1253376,19.34726,19.449954,19.449954,17.541038,21.44812,0.5307935077111692,True,0.20194497825531885
gh200,4,timing,1318912,20.00099,19.88513,19.88513,17.933503,21.926007,-0.5792713260693638,True,0.19961531904170743
gh200,4,timing,1384448,20.2986,20.320305,20.320305,18.325968,22.403892,0.10692855664922174,True,0.20089681061748102
gh200,4,timing,1449984,20.13892,20.320305,20.320305,18.325968,22.403892,0.9006689534493351,True,0.2024897064986603
gh200,4,timing,1515520,20.63938,20.75548,20.75548,18.718433,22.881777,0.562516897309906,True,0.20171846247319444
gh200,4,timing,1581056,22.39517,22.60932,22.60932,20.390328,24.917562,0.9562329734491781,True,0.20215224979314736
gh200,4,timing,1646592,22.37308,22.60932,22.60932,20.390328,24.917562,1.0559118369039888,True,0.20235184426998876
gh200,4,timing,1712128,22.81403,23.044495,23.044495,20.782793,25.395447,1.0101897823400874,True,0.20218497126548882
gh200,4,timing,1777664,23.90521,23.47967,23.47967,21.175257,25.873333,-1.78011404208539,True,0.19652937581389163
gh200,4,timing,1843200,23.23418,23.47967,23.47967,21.175257,25.873333,1.0565899033234682,True,0.20220537156895574
gh200,4,timing,1908736,23.52409,23.914846,23.914846,21.567723,26.351219,1.6610886967359795,True,0.2033445714584496
gh200,4,timing,1974272,26.07505,25.768685,25.768685,23.239617,28.387003,-1.1749354267777012,True,0.19740656297878623
gh200,4,timing,2039808,25.47123,25.768685,25.768685,23.239617,28.387003,1.167807758007755,True,0.20208627537814233
gh200,4,timing,2105344,26.17008,26.20386,26.20386,23.632082,28.864888,0.12907870361877904,True,0.19995376399307913
gh200,4,timing,2170880,26.53392,26.639035,26.639035,24.024546,29.342774,0.3961533011330509,True,0.20043129699644832
gh200,4,timing,2236416,26.59247,26.639035,26.639035,24.024546,29.342774,0.17510596044669757,True,0.19998999716837135
gh200,4,timing,2301952,27.71084,27.074211,27.074211,24.417012,29.82066,-2.2974005840313727,True,0.1950012341740633
gh200,4,timing,2367488,28.96521,28.92805,28.92805,26.088906,31.856444,-0.1282918370003161,True,0.19911949542226692
gh200,4,timing,2433024,29.03881,28.92805,28.92805,26.088906,31.856444,-0.38142058851585725,True,0.19861481927117536
gh200,4,timing,2498560,30.21893,30.195753,30.195753,28.615126,31.959185,-0.07669695783404373,True,0.1106610657624211
gh200,4,timing,2564096,30.4346,30.195753,30.195753,28.615126,31.959185,-0.7847877087262534,True,0.10987688354701557
gh200,4,timing,2629632,30.23237,30.195753,30.195753,28.615126,31.959185,-0.1211185229606504,True,0.11061187065387199
gh200,4,timing,2695168,30.30372,30.195753,30.195753,28.615126,31.959185,-0.35628299099912386,True,0.11035143540133027
gh200,4,timing,2760704,32.20863,31.627074,31.627074,29.971523,33.46543,-1.8055906134473942,True,0.10847735529266535
gh200,4,timing,2826240,32.30878,31.627074,31.627074,29.971523,33.46543,-2.1099713452504276,True,0.10814109972583304
gh200,4,timing,2891776,32.41182,31.627074,31.627074,29.971523,33.46543,-2.42117227604004,True,0.10779730974687629
gh200,4,timing,2957312,32.40959,31.627074,31.627074,29.971523,33.46543,-2.4144581896901496,True,0.10780472693421916
gh200,4,timing,3022848,32.4659,31.627074,31.627074,29.971523,33.46543,-2.583713989139358,True,0.10761774662030008
gh200,4,timing,3088384,32.38015,31.627074,31.627074,29.971523,33.46543,-2.32573351266131,True,0.10790274288414353
gh200,4,timing,3153920,33.83738,33.017501,33.017501,31.289166,34.928641,-2.42299787985949,True,0.10755782510348023
gh200,4,timing,3219456,33.96697,33.017501,33.017501,31.289166,34.928641,-2.795271406310307,True,0.10714747297153676
gh200,4,timing,3284992,34.08985,33.017501,33.017501,31.289166,34.928641,-3.145654791675523,True,0.10676125004950154
gh200,4,timing,3350528,34.10392,33.017501,33.017501,31.289166,34.928641,-3.1856132667447024,True,0.10671720435656663
gh200,4,timing,3416064,33.99193,33.017501,33.017501,31.289166,34.928641,-2.8666480544058515,True,0.10706879544644861
gh200,4,timing,3481600,34.39544,33.017501,33.017501,31.289166,34.928641,-4.00616767804104,True,0.10581271819752851
gh200,4,timing,3547136,38.87499,39.032745,39.032745,36.989536,41.258759,0.4058007474728509,True,0.10981926940688602
gh200,4,timing,3612672,39.4257,39.032745,39.032745,36.989536,41.258759,-0.996697585585038,True,0.10828528092082068
gh200,4,timing,3678208,39.18409,39.032745,39.032745,36.989536,41.258759,-0.38624094626160677,True,0.10895297045305888
gh200,4,timing,3743744,39.08778,39.032745,39.032745,36.989536,41.258759,-0.1407984797294759,True,0.10922142418935023
gh200,4,timing,3809280,39.14794,39.032745,39.032745,36.989536,41.258759,-0.2942555853513662,True,0.10905357983076504
gh200,4,timing,3874816,39.4916,39.032745,39.032745,36.989536,41.258759,-1.1619053165736526,True,0.10810458426602113
gh200,4,timing,3940352,39.86472,40.423172,40.423172,38.30718,42.721969,1.4008677346786902,True,0.11074426209440327
gh200,4,timing,4005888,40.18406,40.423172,40.423172,38.30718,42.721969,0.5950419146298236,True,0.10986418495293905
gh200,4,timing,4071424,40.2551,40.423172,40.423172,38.30718,42.721969,0.4175172835243268,True,0.10967030264488227
gh200,4,timing,4136960,40.48326,40.423172,40.423172,38.30718,42.721969,-0.1484267818352536,True,0.10905221071623185
